Dakota version 6.24 released May 15 2026.
Repository revision 1ab1c9924 (2026-05-11) built May 11 2026 11:08:44.
Running MPI Dakota executable in serial mode.
Start time: Sat Sep  5 22:21:58 2026

------------------
Begin Dakota input
------------------
# Sobol convergence study: 40 base samples, seed 11.
# Wall repulsion fixed at defaults (strength 5, range 0.02). Cost 40*(5+2)=280 evals.
# Run:  HERMES_WIDTHS=2.4,3.6,5.0 dakota -i dakota.in -o dakota.out

environment
  tabular_data
    tabular_data_file = 'sobol_samples.dat'

method
  sampling
    sample_type lhs
    samples = 40
    seed = 11
    variance_based_decomp

variables
  uniform_uncertain = 5
    descriptors  'desired_speed' 'radius' 'time_gap' 'strength_neighbor' 'range_neighbor'
    lower_bounds  0.8   0.12  0.10   2.0   0.02
    upper_bounds  1.6   0.25  1.00  10.0   0.30

interface
  fork
    analysis_drivers = 'python3 driver.py'
    parameters_file  = 'params.in'
    results_file     = 'results.out'
    work_directory named 'runs/run' directory_tag
    link_files = '../driver.py' '../observables.py' '../scenario.py' '../exp_observables.json'
  asynchronous evaluation_concurrency = 2

responses
  response_functions = 9
    descriptors 'flow_2.4' 'density_2.4' 'speed_2.4' 'flow_3.6' 'density_3.6' 'speed_3.6' 'flow_5.0' 'density_5.0' 'speed_5.0'
  no_gradients
  no_hessians

----------------
End Dakota input
----------------

Using Dakota parser: standard
Writing new restart file 'dakota.rst'.

>>>>> Executing environment.

>>>>> Running random_sampling iterator.

NonD lhs Samples = 40 Seed (user-specified) = 11

NonD lhs Samples = 40 Seed not reset from previous LHS execution

---------------------
Begin Evaluation    1
---------------------
Parameters for evaluation 1:
                      1.0779268150e+00 desired_speed
                      2.2945644803e-01 radius
                      1.0143294478e-01 time_gap
                      2.8800656857e+00 strength_neighbor
                      1.0955710685e-01 range_neighbor

(Asynchronous job 1 added to queue)

---------------------
Begin Evaluation    2
---------------------
Parameters for evaluation 2:
                      8.0360539388e-01 desired_speed
                      2.2226094453e-01 radius
                      4.9306691785e-01 time_gap
                      3.7613133580e+00 strength_neighbor
                      1.8935112658e-01 range_neighbor

(Asynchronous job 2 added to queue)

---------------------
Begin Evaluation    3
---------------------
Parameters for evaluation 3:
                      9.3449867851e-01 desired_speed
                      1.6131635929e-01 radius
                      3.8777727524e-01 time_gap
                      7.9947700439e+00 strength_neighbor
                      2.6197802770e-01 range_neighbor

(Asynchronous job 3 added to queue)

---------------------
Begin Evaluation    4
---------------------
Parameters for evaluation 4:
                      1.2145992893e+00 desired_speed
                      1.6744851603e-01 radius
                      6.3423788210e-01 time_gap
                      5.3284429721e+00 strength_neighbor
                      2.5175047852e-01 range_neighbor

(Asynchronous job 4 added to queue)

---------------------
Begin Evaluation    5
---------------------
Parameters for evaluation 5:
                      1.2421747214e+00 desired_speed
                      1.2246668366e-01 radius
                      8.4970231314e-01 time_gap
                      7.7223263982e+00 strength_neighbor
                      8.5865350833e-02 range_neighbor

(Asynchronous job 5 added to queue)

---------------------
Begin Evaluation    6
---------------------
Parameters for evaluation 6:
                      9.0388231243e-01 desired_speed
                      2.0645670818e-01 radius
                      5.4602956305e-01 time_gap
                      2.7003545212e+00 strength_neighbor
                      2.1259181313e-01 range_neighbor

(Asynchronous job 6 added to queue)

---------------------
Begin Evaluation    7
---------------------
Parameters for evaluation 7:
                      1.1418562498e+00 desired_speed
                      2.2058458279e-01 radius
                      6.6842283468e-01 time_gap
                      5.7914888113e+00 strength_neighbor
                      1.2723446683e-01 range_neighbor

(Asynchronous job 7 added to queue)

---------------------
Begin Evaluation    8
---------------------
Parameters for evaluation 8:
                      1.4823347452e+00 desired_speed
                      1.4341303048e-01 radius
                      5.1764092086e-01 time_gap
                      4.9621933152e+00 strength_neighbor
                      1.7887246324e-01 range_neighbor

(Asynchronous job 8 added to queue)

---------------------
Begin Evaluation    9
---------------------
Parameters for evaluation 9:
                      1.5197715822e+00 desired_speed
                      1.5205801377e-01 radius
                      5.7364030880e-01 time_gap
                      3.4743832674e+00 strength_neighbor
                      2.4623209172e-01 range_neighbor

(Asynchronous job 9 added to queue)

---------------------
Begin Evaluation   10
---------------------
Parameters for evaluation 10:
                      1.4794014198e+00 desired_speed
                      1.9425593175e-01 radius
                      4.5973577783e-01 time_gap
                      8.8150003988e+00 strength_neighbor
                      1.2383126186e-01 range_neighbor

(Asynchronous job 10 added to queue)

---------------------
Begin Evaluation   11
---------------------
Parameters for evaluation 11:
                      1.1388361330e+00 desired_speed
                      1.7032009528e-01 radius
                      5.6386041366e-01 time_gap
                      9.7519298928e+00 strength_neighbor
                      2.9002890979e-01 range_neighbor

(Asynchronous job 11 added to queue)

---------------------
Begin Evaluation   12
---------------------
Parameters for evaluation 12:
                      9.5852565920e-01 desired_speed
                      1.8630544857e-01 radius
                      1.5320385204e-01 time_gap
                      2.5865809257e+00 strength_neighbor
                      4.3998232211e-02 range_neighbor

(Asynchronous job 12 added to queue)

---------------------
Begin Evaluation   13
---------------------
Parameters for evaluation 13:
                      1.5805029854e+00 desired_speed
                      1.3108546491e-01 radius
                      2.2322019630e-01 time_gap
                      7.0549547644e+00 strength_neighbor
                      2.3306571442e-01 range_neighbor

(Asynchronous job 13 added to queue)

---------------------
Begin Evaluation   14
---------------------
Parameters for evaluation 14:
                      1.5263273462e+00 desired_speed
                      1.4053609610e-01 radius
                      6.4379838923e-01 time_gap
                      3.1441131068e+00 strength_neighbor
                      1.1618291159e-01 range_neighbor

(Asynchronous job 14 added to queue)

---------------------
Begin Evaluation   15
---------------------
Parameters for evaluation 15:
                      1.2342752387e+00 desired_speed
                      2.3532676615e-01 radius
                      3.6828662170e-01 time_gap
                      6.5476505238e+00 strength_neighbor
                      2.8502228682e-01 range_neighbor

(Asynchronous job 15 added to queue)

---------------------
Begin Evaluation   16
---------------------
Parameters for evaluation 16:
                      1.2978780833e+00 desired_speed
                      1.5277284773e-01 radius
                      2.8158360848e-01 time_gap
                      8.6580922872e+00 strength_neighbor
                      2.9725059443e-02 range_neighbor

(Asynchronous job 16 added to queue)

---------------------
Begin Evaluation   17
---------------------
Parameters for evaluation 17:
                      1.1770159017e+00 desired_speed
                      1.3686653379e-01 radius
                      9.9889992880e-01 time_gap
                      3.8317139504e+00 strength_neighbor
                      1.0346823193e-01 range_neighbor

(Asynchronous job 17 added to queue)

---------------------
Begin Evaluation   18
---------------------
Parameters for evaluation 18:
                      1.0245142544e+00 desired_speed
                      2.0416740499e-01 radius
                      7.2948557387e-01 time_gap
                      6.0667748843e+00 strength_neighbor
                      2.0737342565e-01 range_neighbor

(Asynchronous job 18 added to queue)

---------------------
Begin Evaluation   19
---------------------
Parameters for evaluation 19:
                      1.2703579706e+00 desired_speed
                      2.4163824460e-01 radius
                      9.7077619615e-01 time_gap
                      7.2668728308e+00 strength_neighbor
                      2.3169314178e-02 range_neighbor

(Asynchronous job 19 added to queue)

---------------------
Begin Evaluation   20
---------------------
Parameters for evaluation 20:
                      1.1977941638e+00 desired_speed
                      1.3412002961e-01 radius
                      4.7783398113e-01 time_gap
                      8.0731340338e+00 strength_neighbor
                      6.4930644028e-02 range_neighbor

(Asynchronous job 20 added to queue)

---------------------
Begin Evaluation   21
---------------------
Parameters for evaluation 21:
                      8.2136613696e-01 desired_speed
                      1.7779575492e-01 radius
                      8.2046649211e-01 time_gap
                      9.0221046971e+00 strength_neighbor
                      2.2325846874e-01 range_neighbor

(Asynchronous job 21 added to queue)

---------------------
Begin Evaluation   22
---------------------
Parameters for evaluation 22:
                      1.1165236270e+00 desired_speed
                      2.3159867566e-01 radius
                      8.1986279069e-01 time_gap
                      6.2568960181e+00 strength_neighbor
                      1.9637413064e-01 range_neighbor

(Asynchronous job 22 added to queue)

---------------------
Begin Evaluation   23
---------------------
Parameters for evaluation 23:
                      8.7329440636e-01 desired_speed
                      1.2915939490e-01 radius
                      9.1674892021e-01 time_gap
                      4.2108855227e+00 strength_neighbor
                      2.1833858026e-01 range_neighbor

(Asynchronous job 23 added to queue)

---------------------
Begin Evaluation   24
---------------------
Parameters for evaluation 24:
                      1.3517533170e+00 desired_speed
                      1.5625422086e-01 radius
                      4.0774444280e-01 time_gap
                      5.4456130721e+00 strength_neighbor
                      5.3179660620e-02 range_neighbor

(Asynchronous job 24 added to queue)

---------------------
Begin Evaluation   25
---------------------
Parameters for evaluation 25:
                      1.4404096722e+00 desired_speed
                      2.3777959270e-01 radius
                      7.6747348055e-01 time_gap
                      5.0080386229e+00 strength_neighbor
                      3.8359838061e-02 range_neighbor

(Asynchronous job 25 added to queue)

---------------------
Begin Evaluation   26
---------------------
Parameters for evaluation 26:
                      1.3947367243e+00 desired_speed
                      1.7218093945e-01 radius
                      1.9157551301e-01 time_gap
                      3.2716875857e+00 strength_neighbor
                      1.8460757979e-01 range_neighbor

(Asynchronous job 26 added to queue)

---------------------
Begin Evaluation   27
---------------------
Parameters for evaluation 27:
                      1.5631582462e+00 desired_speed
                      2.4804424451e-01 radius
                      7.7641497146e-01 time_gap
                      8.2179169529e+00 strength_neighbor
                      1.5212706202e-01 range_neighbor

(Asynchronous job 27 added to queue)

---------------------
Begin Evaluation   28
---------------------
Parameters for evaluation 28:
                      1.5555620640e+00 desired_speed
                      2.0797455161e-01 radius
                      8.8233733140e-01 time_gap
                      7.4192326762e+00 strength_neighbor
                      2.9797999817e-01 range_neighbor

(Asynchronous job 28 added to queue)

---------------------
Begin Evaluation   29
---------------------
Parameters for evaluation 29:
                      8.8926437058e-01 desired_speed
                      1.9618803559e-01 radius
                      3.0263499288e-01 time_gap
                      9.2038686726e+00 strength_neighbor
                      1.3916952135e-01 range_neighbor

(Asynchronous job 29 added to queue)

---------------------
Begin Evaluation   30
---------------------
Parameters for evaluation 30:
                      8.4038950481e-01 desired_speed
                      1.9026916701e-01 radius
                      9.0525288185e-01 time_gap
                      6.9899666617e+00 strength_neighbor
                      1.6880430266e-01 range_neighbor

(Asynchronous job 30 added to queue)

---------------------
Begin Evaluation   31
---------------------
Parameters for evaluation 31:
                      1.3157077743e+00 desired_speed
                      2.0033300983e-01 radius
                      4.3537150705e-01 time_gap
                      5.8914823355e+00 strength_neighbor
                      7.1769853131e-02 range_neighbor

(Asynchronous job 31 added to queue)

---------------------
Begin Evaluation   32
---------------------
Parameters for evaluation 32:
                      1.0897474321e+00 desired_speed
                      2.4608841619e-01 radius
                      2.5833121143e-01 time_gap
                      4.5305229480e+00 strength_neighbor
                      7.8573323354e-02 range_neighbor

(Asynchronous job 32 added to queue)

---------------------
Begin Evaluation   33
---------------------
Parameters for evaluation 33:
                      1.3633017323e+00 desired_speed
                      1.8189594068e-01 radius
                      6.0313337962e-01 time_gap
                      6.7457579569e+00 strength_neighbor
                      9.1183201652e-02 range_neighbor

(Asynchronous job 33 added to queue)

---------------------
Begin Evaluation   34
---------------------
Parameters for evaluation 34:
                      1.0097085420e+00 desired_speed
                      2.1279524743e-01 radius
                      9.3733308065e-01 time_gap
                      4.7301561186e+00 strength_neighbor
                      1.5903045032e-01 range_neighbor

(Asynchronous job 34 added to queue)

---------------------
Begin Evaluation   35
---------------------
Parameters for evaluation 35:
                      1.4334502048e+00 desired_speed
                      1.6476819949e-01 radius
                      6.9481542089e-01 time_gap
                      9.4279101970e+00 strength_neighbor
                      1.3713949095e-01 range_neighbor

(Asynchronous job 35 added to queue)

---------------------
Begin Evaluation   36
---------------------
Parameters for evaluation 36:
                      1.4126466803e+00 desired_speed
                      1.8005934117e-01 radius
                      7.4648856996e-01 time_gap
                      2.1469335451e+00 strength_neighbor
                      2.6646502918e-01 range_neighbor

(Asynchronous job 36 added to queue)

---------------------
Begin Evaluation   37
---------------------
Parameters for evaluation 37:
                      1.3371430850e+00 desired_speed
                      2.2720668831e-01 radius
                      3.3153093244e-01 time_gap
                      4.1528982204e+00 strength_neighbor
                      2.7661084644e-01 range_neighbor

(Asynchronous job 37 added to queue)

---------------------
Begin Evaluation   38
---------------------
Parameters for evaluation 38:
                      9.6840407208e-01 desired_speed
                      1.4636289899e-01 radius
                      1.7191422450e-01 time_gap
                      9.9222524924e+00 strength_neighbor
                      1.6453639510e-01 range_neighbor

(Asynchronous job 38 added to queue)

---------------------
Begin Evaluation   39
---------------------
Parameters for evaluation 39:
                      9.8210350308e-01 desired_speed
                      1.2624415588e-01 radius
                      2.4218577349e-01 time_gap
                      2.2669480676e+00 strength_neighbor
                      5.8842894961e-02 range_neighbor

(Asynchronous job 39 added to queue)

---------------------
Begin Evaluation   40
---------------------
Parameters for evaluation 40:
                      1.0402556162e+00 desired_speed
                      2.1589588249e-01 radius
                      1.2346757954e-01 time_gap
                      8.4923080591e+00 strength_neighbor
                      2.4116100950e-01 range_neighbor

(Asynchronous job 40 added to queue)

---------------------
Begin Evaluation   41
---------------------
Parameters for evaluation 41:
                      9.6317226993e-01 desired_speed
                      1.7385952880e-01 radius
                      2.4888262628e-01 time_gap
                      8.2761740937e+00 strength_neighbor
                      2.6954113849e-01 range_neighbor

(Asynchronous job 41 added to queue)

---------------------
Begin Evaluation   42
---------------------
Parameters for evaluation 42:
                      9.3273452886e-01 desired_speed
                      1.3920245580e-01 radius
                      6.2528940365e-01 time_gap
                      2.1800280073e+00 strength_neighbor
                      8.5117118724e-02 range_neighbor

(Asynchronous job 42 added to queue)

---------------------
Begin Evaluation   43
---------------------
Parameters for evaluation 43:
                      1.1119930021e+00 desired_speed
                      1.7646659061e-01 radius
                      7.8471573247e-01 time_gap
                      8.6629294244e+00 strength_neighbor
                      2.0414741321e-02 range_neighbor

(Asynchronous job 43 added to queue)

---------------------
Begin Evaluation   44
---------------------
Parameters for evaluation 44:
                      1.3958656414e+00 desired_speed
                      1.4347682505e-01 radius
                      2.6426487422e-01 time_gap
                      5.7987329369e+00 strength_neighbor
                      3.8191276692e-02 range_neighbor

(Asynchronous job 44 added to queue)

---------------------
Begin Evaluation   45
---------------------
Parameters for evaluation 45:
                      1.2484086659e+00 desired_speed
                      2.3937928296e-01 radius
                      7.0293282789e-01 time_gap
                      8.0632978369e+00 strength_neighbor
                      5.2327475561e-02 range_neighbor

(Asynchronous job 45 added to queue)

---------------------
Begin Evaluation   46
---------------------
Parameters for evaluation 46:
                      1.4850545643e+00 desired_speed
                      1.6385405169e-01 radius
                      8.0978016996e-01 time_gap
                      5.3623050177e+00 strength_neighbor
                      1.6723131092e-01 range_neighbor

(Asynchronous job 46 added to queue)

---------------------
Begin Evaluation   47
---------------------
Parameters for evaluation 47:
                      1.5180567367e+00 desired_speed
                      2.4430799263e-01 radius
                      1.1496525844e-01 time_gap
                      5.9064480354e+00 strength_neighbor
                      1.5910785945e-01 range_neighbor

(Asynchronous job 47 added to queue)

---------------------
Begin Evaluation   48
---------------------
Parameters for evaluation 48:
                      1.5793141644e+00 desired_speed
                      1.5001143766e-01 radius
                      5.2292506293e-01 time_gap
                      7.6238627885e+00 strength_neighbor
                      1.3788252967e-01 range_neighbor

(Asynchronous job 48 added to queue)

---------------------
Begin Evaluation   49
---------------------
Parameters for evaluation 49:
                      1.0012786290e+00 desired_speed
                      2.1382907458e-01 radius
                      6.4383495561e-01 time_gap
                      4.7719742360e+00 strength_neighbor
                      2.8864239364e-01 range_neighbor

(Asynchronous job 49 added to queue)

---------------------
Begin Evaluation   50
---------------------
Parameters for evaluation 50:
                      1.4011611799e+00 desired_speed
                      2.1824137894e-01 radius
                      4.0241696460e-01 time_gap
                      4.5625813899e+00 strength_neighbor
                      1.1150798474e-01 range_neighbor

(Asynchronous job 50 added to queue)

---------------------
Begin Evaluation   51
---------------------
Parameters for evaluation 51:
                      8.1003069770e-01 desired_speed
                      2.2507261160e-01 radius
                      1.3957502734e-01 time_gap
                      7.2359588720e+00 strength_neighbor
                      1.8162758719e-01 range_neighbor

(Asynchronous job 51 added to queue)

---------------------
Begin Evaluation   52
---------------------
Parameters for evaluation 52:
                      1.3610808474e+00 desired_speed
                      2.1570471553e-01 radius
                      3.1584735679e-01 time_gap
                      7.5113842204e+00 strength_neighbor
                      2.2386892045e-01 range_neighbor

(Asynchronous job 52 added to queue)

---------------------
Begin Evaluation   53
---------------------
Parameters for evaluation 53:
                      1.0487259174e+00 desired_speed
                      1.4241530008e-01 radius
                      1.7726482144e-01 time_gap
                      3.8556553129e+00 strength_neighbor
                      2.8480508227e-02 range_neighbor

(Asynchronous job 53 added to queue)

---------------------
Begin Evaluation   54
---------------------
Parameters for evaluation 54:
                      1.2930866543e+00 desired_speed
                      1.2822819971e-01 radius
                      4.4313328482e-01 time_gap
                      6.1180041264e+00 strength_neighbor
                      1.9957201585e-01 range_neighbor

(Asynchronous job 54 added to queue)

---------------------
Begin Evaluation   55
---------------------
Parameters for evaluation 55:
                      1.0720745309e+00 desired_speed
                      1.2049617555e-01 radius
                      4.8993584738e-01 time_gap
                      9.7722463852e+00 strength_neighbor
                      2.3767455993e-01 range_neighbor

(Asynchronous job 55 added to queue)

---------------------
Begin Evaluation   56
---------------------
Parameters for evaluation 56:
                      1.4514280521e+00 desired_speed
                      2.2814047527e-01 radius
                      5.7889048577e-01 time_gap
                      6.5172838169e+00 strength_neighbor
                      2.5119583421e-01 range_neighbor

(Asynchronous job 56 added to queue)

---------------------
Begin Evaluation   57
---------------------
Parameters for evaluation 57:
                      1.5508877437e+00 desired_speed
                      1.8977919015e-01 radius
                      9.3083834594e-01 time_gap
                      4.1900156049e+00 strength_neighbor
                      9.8463702097e-02 range_neighbor

(Asynchronous job 57 added to queue)

---------------------
Begin Evaluation   58
---------------------
Parameters for evaluation 58:
                      1.1580529486e+00 desired_speed
                      2.3683883660e-01 radius
                      4.2147733967e-01 time_gap
                      8.9171278639e+00 strength_neighbor
                      4.5669238661e-02 range_neighbor

(Asynchronous job 58 added to queue)

---------------------
Begin Evaluation   59
---------------------
Parameters for evaluation 59:
                      8.2055465313e-01 desired_speed
                      1.9494408911e-01 radius
                      7.5171181533e-01 time_gap
                      9.3951571272e+00 strength_neighbor
                      2.0699476489e-01 range_neighbor

(Asynchronous job 59 added to queue)

---------------------
Begin Evaluation   60
---------------------
Parameters for evaluation 60:
                      1.3444375418e+00 desired_speed
                      2.4311977200e-01 radius
                      2.0373632805e-01 time_gap
                      3.4346690049e+00 strength_neighbor
                      2.1792030671e-01 range_neighbor

(Asynchronous job 60 added to queue)

---------------------
Begin Evaluation   61
---------------------
Parameters for evaluation 61:
                      1.4754507550e+00 desired_speed
                      1.8392155583e-01 radius
                      5.7145000344e-01 time_gap
                      4.2968295755e+00 strength_neighbor
                      2.5918112577e-01 range_neighbor

(Asynchronous job 61 added to queue)

---------------------
Begin Evaluation   62
---------------------
Parameters for evaluation 62:
                      9.0130893161e-01 desired_speed
                      1.5499862940e-01 radius
                      8.3458743543e-01 time_gap
                      2.6621675499e+00 strength_neighbor
                      2.8095899750e-01 range_neighbor

(Asynchronous job 62 added to queue)

---------------------
Begin Evaluation   63
---------------------
Parameters for evaluation 63:
                      1.2670394318e+00 desired_speed
                      1.5731767355e-01 radius
                      2.3359384404e-01 time_gap
                      2.2989127270e+00 strength_neighbor
                      1.4293739317e-01 range_neighbor

(Asynchronous job 63 added to queue)

---------------------
Begin Evaluation   64
---------------------
Parameters for evaluation 64:
                      9.9375872494e-01 desired_speed
                      2.0910138104e-01 radius
                      9.9502509767e-01 time_gap
                      2.9964845968e+00 strength_neighbor
                      6.0351940314e-02 range_neighbor

(Asynchronous job 64 added to queue)

---------------------
Begin Evaluation   65
---------------------
Parameters for evaluation 65:
                      1.0313661167e+00 desired_speed
                      2.4980730422e-01 radius
                      4.7974483708e-01 time_gap
                      3.1678576815e+00 strength_neighbor
                      1.1851909887e-01 range_neighbor

(Asynchronous job 65 added to queue)

---------------------
Begin Evaluation   66
---------------------
Parameters for evaluation 66:
                      1.2072591744e+00 desired_speed
                      1.6936023856e-01 radius
                      3.4497142941e-01 time_gap
                      6.3356699121e+00 strength_neighbor
                      2.3577828164e-01 range_neighbor

(Asynchronous job 66 added to queue)

---------------------
Begin Evaluation   67
---------------------
Parameters for evaluation 67:
                      1.4245936745e+00 desired_speed
                      2.0504236466e-01 radius
                      7.1480813204e-01 time_gap
                      4.9906417307e+00 strength_neighbor
                      1.7805625510e-01 range_neighbor

(Asynchronous job 67 added to queue)

---------------------
Begin Evaluation   68
---------------------
Parameters for evaluation 68:
                      1.1317377194e+00 desired_speed
                      1.6005513283e-01 radius
                      5.4196568354e-01 time_gap
                      3.3215431696e+00 strength_neighbor
                      9.6889254579e-02 range_neighbor

(Asynchronous job 68 added to queue)

---------------------
Begin Evaluation   69
---------------------
Parameters for evaluation 69:
                      1.1906205881e+00 desired_speed
                      1.9469836616e-01 radius
                      9.0418551914e-01 time_gap
                      9.8350429740e+00 strength_neighbor
                      1.4790329624e-01 range_neighbor

(Asynchronous job 69 added to queue)

---------------------
Begin Evaluation   70
---------------------
Parameters for evaluation 70:
                      9.5149311891e-01 desired_speed
                      2.0259974943e-01 radius
                      9.4379882015e-01 time_gap
                      6.6210388124e+00 strength_neighbor
                      2.4955335754e-01 range_neighbor

(Asynchronous job 70 added to queue)

---------------------
Begin Evaluation   71
---------------------
Parameters for evaluation 71:
                      8.5436762357e-01 desired_speed
                      1.3432479347e-01 radius
                      1.5647338868e-01 time_gap
                      7.1510567270e+00 strength_neighbor
                      7.4760760656e-02 range_neighbor

(Asynchronous job 71 added to queue)

---------------------
Begin Evaluation   72
---------------------
Parameters for evaluation 72:
                      1.2372278537e+00 desired_speed
                      1.4840373917e-01 radius
                      5.9741900513e-01 time_gap
                      2.5012986591e+00 strength_neighbor
                      1.9183736342e-01 range_neighbor

(Asynchronous job 72 added to queue)

---------------------
Begin Evaluation   73
---------------------
Parameters for evaluation 73:
                      8.6845319952e-01 desired_speed
                      1.3098336587e-01 radius
                      3.6071727002e-01 time_gap
                      6.9944702849e+00 strength_neighbor
                      2.1369924741e-01 range_neighbor

(Asynchronous job 73 added to queue)

---------------------
Begin Evaluation   74
---------------------
Parameters for evaluation 74:
                      1.0904868165e+00 desired_speed
                      2.3153259621e-01 radius
                      6.7046730912e-01 time_gap
                      5.0230424044e+00 strength_neighbor
                      1.6441172731e-01 range_neighbor

(Asynchronous job 74 added to queue)

---------------------
Begin Evaluation   75
---------------------
Parameters for evaluation 75:
                      1.5828644532e+00 desired_speed
                      1.2527636396e-01 radius
                      7.7114192886e-01 time_gap
                      8.4055902525e+00 strength_neighbor
                      8.0854150599e-02 range_neighbor

(Asynchronous job 75 added to queue)

---------------------
Begin Evaluation   76
---------------------
Parameters for evaluation 76:
                      1.3363342177e+00 desired_speed
                      1.8011261973e-01 radius
                      8.4291332269e-01 time_gap
                      3.6207001362e+00 strength_neighbor
                      2.7587465267e-01 range_neighbor

(Asynchronous job 76 added to queue)

---------------------
Begin Evaluation   77
---------------------
Parameters for evaluation 77:
                      8.9027141656e-01 desired_speed
                      1.9856103044e-01 radius
                      8.7611449057e-01 time_gap
                      5.4677376928e+00 strength_neighbor
                      1.2763432583e-01 range_neighbor

(Asynchronous job 77 added to queue)

---------------------
Begin Evaluation   78
---------------------
Parameters for evaluation 78:
                      1.5283667281e+00 desired_speed
                      1.6601755693e-01 radius
                      2.8653349546e-01 time_gap
                      9.1781009231e+00 strength_neighbor
                      2.9468695066e-01 range_neighbor

(Asynchronous job 78 added to queue)

---------------------
Begin Evaluation   79
---------------------
Parameters for evaluation 79:
                      1.3028125177e+00 desired_speed
                      2.2082747937e-01 radius
                      9.6285927316e-01 time_gap
                      9.5987552933e+00 strength_neighbor
                      1.1062772576e-01 range_neighbor

(Asynchronous job 79 added to queue)

---------------------
Begin Evaluation   80
---------------------
Parameters for evaluation 80:
                      1.1621594958e+00 desired_speed
                      1.8670368172e-01 radius
                      3.8951887070e-01 time_gap
                      7.9034288800e+00 strength_neighbor
                      6.2998263891e-02 range_neighbor

(Asynchronous job 80 added to queue)

---------------------
Begin Evaluation   81
---------------------
Parameters for evaluation 81:
                      1.0779268150e+00 desired_speed
                      1.7385952880e-01 radius
                      2.4888262628e-01 time_gap
                      8.2761740937e+00 strength_neighbor
                      2.6954113849e-01 range_neighbor

(Asynchronous job 81 added to queue)

---------------------
Begin Evaluation   82
---------------------
Parameters for evaluation 82:
                      8.0360539388e-01 desired_speed
                      1.3920245580e-01 radius
                      6.2528940365e-01 time_gap
                      2.1800280073e+00 strength_neighbor
                      8.5117118724e-02 range_neighbor

(Asynchronous job 82 added to queue)

---------------------
Begin Evaluation   83
---------------------
Parameters for evaluation 83:
                      9.3449867851e-01 desired_speed
                      1.7646659061e-01 radius
                      7.8471573247e-01 time_gap
                      8.6629294244e+00 strength_neighbor
                      2.0414741321e-02 range_neighbor

(Asynchronous job 83 added to queue)

---------------------
Begin Evaluation   84
---------------------
Parameters for evaluation 84:
                      1.2145992893e+00 desired_speed
                      1.4347682505e-01 radius
                      2.6426487422e-01 time_gap
                      5.7987329369e+00 strength_neighbor
                      3.8191276692e-02 range_neighbor

(Asynchronous job 84 added to queue)

---------------------
Begin Evaluation   85
---------------------
Parameters for evaluation 85:
                      1.2421747214e+00 desired_speed
                      2.3937928296e-01 radius
                      7.0293282789e-01 time_gap
                      8.0632978369e+00 strength_neighbor
                      5.2327475561e-02 range_neighbor

(Asynchronous job 85 added to queue)

---------------------
Begin Evaluation   86
---------------------
Parameters for evaluation 86:
                      9.0388231243e-01 desired_speed
                      1.6385405169e-01 radius
                      8.0978016996e-01 time_gap
                      5.3623050177e+00 strength_neighbor
                      1.6723131092e-01 range_neighbor

(Asynchronous job 86 added to queue)

---------------------
Begin Evaluation   87
---------------------
Parameters for evaluation 87:
                      1.1418562498e+00 desired_speed
                      2.4430799263e-01 radius
                      1.1496525844e-01 time_gap
                      5.9064480354e+00 strength_neighbor
                      1.5910785945e-01 range_neighbor

(Asynchronous job 87 added to queue)

---------------------
Begin Evaluation   88
---------------------
Parameters for evaluation 88:
                      1.4823347452e+00 desired_speed
                      1.5001143766e-01 radius
                      5.2292506293e-01 time_gap
                      7.6238627885e+00 strength_neighbor
                      1.3788252967e-01 range_neighbor

(Asynchronous job 88 added to queue)

---------------------
Begin Evaluation   89
---------------------
Parameters for evaluation 89:
                      1.5197715822e+00 desired_speed
                      2.1382907458e-01 radius
                      6.4383495561e-01 time_gap
                      4.7719742360e+00 strength_neighbor
                      2.8864239364e-01 range_neighbor

(Asynchronous job 89 added to queue)

---------------------
Begin Evaluation   90
---------------------
Parameters for evaluation 90:
                      1.4794014198e+00 desired_speed
                      2.1824137894e-01 radius
                      4.0241696460e-01 time_gap
                      4.5625813899e+00 strength_neighbor
                      1.1150798474e-01 range_neighbor

(Asynchronous job 90 added to queue)

---------------------
Begin Evaluation   91
---------------------
Parameters for evaluation 91:
                      1.1388361330e+00 desired_speed
                      2.2507261160e-01 radius
                      1.3957502734e-01 time_gap
                      7.2359588720e+00 strength_neighbor
                      1.8162758719e-01 range_neighbor

(Asynchronous job 91 added to queue)

---------------------
Begin Evaluation   92
---------------------
Parameters for evaluation 92:
                      9.5852565920e-01 desired_speed
                      2.1570471553e-01 radius
                      3.1584735679e-01 time_gap
                      7.5113842204e+00 strength_neighbor
                      2.2386892045e-01 range_neighbor

(Asynchronous job 92 added to queue)

---------------------
Begin Evaluation   93
---------------------
Parameters for evaluation 93:
                      1.5805029854e+00 desired_speed
                      1.4241530008e-01 radius
                      1.7726482144e-01 time_gap
                      3.8556553129e+00 strength_neighbor
                      2.8480508227e-02 range_neighbor

(Asynchronous job 93 added to queue)

---------------------
Begin Evaluation   94
---------------------
Parameters for evaluation 94:
                      1.5263273462e+00 desired_speed
                      1.2822819971e-01 radius
                      4.4313328482e-01 time_gap
                      6.1180041264e+00 strength_neighbor
                      1.9957201585e-01 range_neighbor

(Asynchronous job 94 added to queue)

---------------------
Begin Evaluation   95
---------------------
Parameters for evaluation 95:
                      1.2342752387e+00 desired_speed
                      1.2049617555e-01 radius
                      4.8993584738e-01 time_gap
                      9.7722463852e+00 strength_neighbor
                      2.3767455993e-01 range_neighbor

(Asynchronous job 95 added to queue)

---------------------
Begin Evaluation   96
---------------------
Parameters for evaluation 96:
                      1.2978780833e+00 desired_speed
                      2.2814047527e-01 radius
                      5.7889048577e-01 time_gap
                      6.5172838169e+00 strength_neighbor
                      2.5119583421e-01 range_neighbor

(Asynchronous job 96 added to queue)

---------------------
Begin Evaluation   97
---------------------
Parameters for evaluation 97:
                      1.1770159017e+00 desired_speed
                      1.8977919015e-01 radius
                      9.3083834594e-01 time_gap
                      4.1900156049e+00 strength_neighbor
                      9.8463702097e-02 range_neighbor

(Asynchronous job 97 added to queue)

---------------------
Begin Evaluation   98
---------------------
Parameters for evaluation 98:
                      1.0245142544e+00 desired_speed
                      2.3683883660e-01 radius
                      4.2147733967e-01 time_gap
                      8.9171278639e+00 strength_neighbor
                      4.5669238661e-02 range_neighbor

(Asynchronous job 98 added to queue)

---------------------
Begin Evaluation   99
---------------------
Parameters for evaluation 99:
                      1.2703579706e+00 desired_speed
                      1.9494408911e-01 radius
                      7.5171181533e-01 time_gap
                      9.3951571272e+00 strength_neighbor
                      2.0699476489e-01 range_neighbor

(Asynchronous job 99 added to queue)

---------------------
Begin Evaluation  100
---------------------
Parameters for evaluation 100:
                      1.1977941638e+00 desired_speed
                      2.4311977200e-01 radius
                      2.0373632805e-01 time_gap
                      3.4346690049e+00 strength_neighbor
                      2.1792030671e-01 range_neighbor

(Asynchronous job 100 added to queue)

---------------------
Begin Evaluation  101
---------------------
Parameters for evaluation 101:
                      8.2136613696e-01 desired_speed
                      1.8392155583e-01 radius
                      5.7145000344e-01 time_gap
                      4.2968295755e+00 strength_neighbor
                      2.5918112577e-01 range_neighbor

(Asynchronous job 101 added to queue)

---------------------
Begin Evaluation  102
---------------------
Parameters for evaluation 102:
                      1.1165236270e+00 desired_speed
                      1.5499862940e-01 radius
                      8.3458743543e-01 time_gap
                      2.6621675499e+00 strength_neighbor
                      2.8095899750e-01 range_neighbor

(Asynchronous job 102 added to queue)

---------------------
Begin Evaluation  103
---------------------
Parameters for evaluation 103:
                      8.7329440636e-01 desired_speed
                      1.5731767355e-01 radius
                      2.3359384404e-01 time_gap
                      2.2989127270e+00 strength_neighbor
                      1.4293739317e-01 range_neighbor

(Asynchronous job 103 added to queue)

---------------------
Begin Evaluation  104
---------------------
Parameters for evaluation 104:
                      1.3517533170e+00 desired_speed
                      2.0910138104e-01 radius
                      9.9502509767e-01 time_gap
                      2.9964845968e+00 strength_neighbor
                      6.0351940314e-02 range_neighbor

(Asynchronous job 104 added to queue)

---------------------
Begin Evaluation  105
---------------------
Parameters for evaluation 105:
                      1.4404096722e+00 desired_speed
                      2.4980730422e-01 radius
                      4.7974483708e-01 time_gap
                      3.1678576815e+00 strength_neighbor
                      1.1851909887e-01 range_neighbor

(Asynchronous job 105 added to queue)

---------------------
Begin Evaluation  106
---------------------
Parameters for evaluation 106:
                      1.3947367243e+00 desired_speed
                      1.6936023856e-01 radius
                      3.4497142941e-01 time_gap
                      6.3356699121e+00 strength_neighbor
                      2.3577828164e-01 range_neighbor

(Asynchronous job 106 added to queue)

---------------------
Begin Evaluation  107
---------------------
Parameters for evaluation 107:
                      1.5631582462e+00 desired_speed
                      2.0504236466e-01 radius
                      7.1480813204e-01 time_gap
                      4.9906417307e+00 strength_neighbor
                      1.7805625510e-01 range_neighbor

(Asynchronous job 107 added to queue)

---------------------
Begin Evaluation  108
---------------------
Parameters for evaluation 108:
                      1.5555620640e+00 desired_speed
                      1.6005513283e-01 radius
                      5.4196568354e-01 time_gap
                      3.3215431696e+00 strength_neighbor
                      9.6889254579e-02 range_neighbor

(Asynchronous job 108 added to queue)

---------------------
Begin Evaluation  109
---------------------
Parameters for evaluation 109:
                      8.8926437058e-01 desired_speed
                      1.9469836616e-01 radius
                      9.0418551914e-01 time_gap
                      9.8350429740e+00 strength_neighbor
                      1.4790329624e-01 range_neighbor

(Asynchronous job 109 added to queue)

---------------------
Begin Evaluation  110
---------------------
Parameters for evaluation 110:
                      8.4038950481e-01 desired_speed
                      2.0259974943e-01 radius
                      9.4379882015e-01 time_gap
                      6.6210388124e+00 strength_neighbor
                      2.4955335754e-01 range_neighbor

(Asynchronous job 110 added to queue)

---------------------
Begin Evaluation  111
---------------------
Parameters for evaluation 111:
                      1.3157077743e+00 desired_speed
                      1.3432479347e-01 radius
                      1.5647338868e-01 time_gap
                      7.1510567270e+00 strength_neighbor
                      7.4760760656e-02 range_neighbor

(Asynchronous job 111 added to queue)

---------------------
Begin Evaluation  112
---------------------
Parameters for evaluation 112:
                      1.0897474321e+00 desired_speed
                      1.4840373917e-01 radius
                      5.9741900513e-01 time_gap
                      2.5012986591e+00 strength_neighbor
                      1.9183736342e-01 range_neighbor

(Asynchronous job 112 added to queue)

---------------------
Begin Evaluation  113
---------------------
Parameters for evaluation 113:
                      1.3633017323e+00 desired_speed
                      1.3098336587e-01 radius
                      3.6071727002e-01 time_gap
                      6.9944702849e+00 strength_neighbor
                      2.1369924741e-01 range_neighbor

(Asynchronous job 113 added to queue)

---------------------
Begin Evaluation  114
---------------------
Parameters for evaluation 114:
                      1.0097085420e+00 desired_speed
                      2.3153259621e-01 radius
                      6.7046730912e-01 time_gap
                      5.0230424044e+00 strength_neighbor
                      1.6441172731e-01 range_neighbor

(Asynchronous job 114 added to queue)

---------------------
Begin Evaluation  115
---------------------
Parameters for evaluation 115:
                      1.4334502048e+00 desired_speed
                      1.2527636396e-01 radius
                      7.7114192886e-01 time_gap
                      8.4055902525e+00 strength_neighbor
                      8.0854150599e-02 range_neighbor

(Asynchronous job 115 added to queue)

---------------------
Begin Evaluation  116
---------------------
Parameters for evaluation 116:
                      1.4126466803e+00 desired_speed
                      1.8011261973e-01 radius
                      8.4291332269e-01 time_gap
                      3.6207001362e+00 strength_neighbor
                      2.7587465267e-01 range_neighbor

(Asynchronous job 116 added to queue)

---------------------
Begin Evaluation  117
---------------------
Parameters for evaluation 117:
                      1.3371430850e+00 desired_speed
                      1.9856103044e-01 radius
                      8.7611449057e-01 time_gap
                      5.4677376928e+00 strength_neighbor
                      1.2763432583e-01 range_neighbor

(Asynchronous job 117 added to queue)

---------------------
Begin Evaluation  118
---------------------
Parameters for evaluation 118:
                      9.6840407208e-01 desired_speed
                      1.6601755693e-01 radius
                      2.8653349546e-01 time_gap
                      9.1781009231e+00 strength_neighbor
                      2.9468695066e-01 range_neighbor

(Asynchronous job 118 added to queue)

---------------------
Begin Evaluation  119
---------------------
Parameters for evaluation 119:
                      9.8210350308e-01 desired_speed
                      2.2082747937e-01 radius
                      9.6285927316e-01 time_gap
                      9.5987552933e+00 strength_neighbor
                      1.1062772576e-01 range_neighbor

(Asynchronous job 119 added to queue)

---------------------
Begin Evaluation  120
---------------------
Parameters for evaluation 120:
                      1.0402556162e+00 desired_speed
                      1.8670368172e-01 radius
                      3.8951887070e-01 time_gap
                      7.9034288800e+00 strength_neighbor
                      6.2998263891e-02 range_neighbor

(Asynchronous job 120 added to queue)

---------------------
Begin Evaluation  121
---------------------
Parameters for evaluation 121:
                      9.6317226993e-01 desired_speed
                      2.2945644803e-01 radius
                      2.4888262628e-01 time_gap
                      8.2761740937e+00 strength_neighbor
                      2.6954113849e-01 range_neighbor

(Asynchronous job 121 added to queue)

---------------------
Begin Evaluation  122
---------------------
Parameters for evaluation 122:
                      9.3273452886e-01 desired_speed
                      2.2226094453e-01 radius
                      6.2528940365e-01 time_gap
                      2.1800280073e+00 strength_neighbor
                      8.5117118724e-02 range_neighbor

(Asynchronous job 122 added to queue)

---------------------
Begin Evaluation  123
---------------------
Parameters for evaluation 123:
                      1.1119930021e+00 desired_speed
                      1.6131635929e-01 radius
                      7.8471573247e-01 time_gap
                      8.6629294244e+00 strength_neighbor
                      2.0414741321e-02 range_neighbor

(Asynchronous job 123 added to queue)

---------------------
Begin Evaluation  124
---------------------
Parameters for evaluation 124:
                      1.3958656414e+00 desired_speed
                      1.6744851603e-01 radius
                      2.6426487422e-01 time_gap
                      5.7987329369e+00 strength_neighbor
                      3.8191276692e-02 range_neighbor

(Asynchronous job 124 added to queue)

---------------------
Begin Evaluation  125
---------------------
Parameters for evaluation 125:
                      1.2484086659e+00 desired_speed
                      1.2246668366e-01 radius
                      7.0293282789e-01 time_gap
                      8.0632978369e+00 strength_neighbor
                      5.2327475561e-02 range_neighbor

(Asynchronous job 125 added to queue)

---------------------
Begin Evaluation  126
---------------------
Parameters for evaluation 126:
                      1.4850545643e+00 desired_speed
                      2.0645670818e-01 radius
                      8.0978016996e-01 time_gap
                      5.3623050177e+00 strength_neighbor
                      1.6723131092e-01 range_neighbor

(Asynchronous job 126 added to queue)

---------------------
Begin Evaluation  127
---------------------
Parameters for evaluation 127:
                      1.5180567367e+00 desired_speed
                      2.2058458279e-01 radius
                      1.1496525844e-01 time_gap
                      5.9064480354e+00 strength_neighbor
                      1.5910785945e-01 range_neighbor

(Asynchronous job 127 added to queue)

---------------------
Begin Evaluation  128
---------------------
Parameters for evaluation 128:
                      1.5793141644e+00 desired_speed
                      1.4341303048e-01 radius
                      5.2292506293e-01 time_gap
                      7.6238627885e+00 strength_neighbor
                      1.3788252967e-01 range_neighbor

(Asynchronous job 128 added to queue)

---------------------
Begin Evaluation  129
---------------------
Parameters for evaluation 129:
                      1.0012786290e+00 desired_speed
                      1.5205801377e-01 radius
                      6.4383495561e-01 time_gap
                      4.7719742360e+00 strength_neighbor
                      2.8864239364e-01 range_neighbor

(Asynchronous job 129 added to queue)

---------------------
Begin Evaluation  130
---------------------
Parameters for evaluation 130:
                      1.4011611799e+00 desired_speed
                      1.9425593175e-01 radius
                      4.0241696460e-01 time_gap
                      4.5625813899e+00 strength_neighbor
                      1.1150798474e-01 range_neighbor

(Asynchronous job 130 added to queue)

---------------------
Begin Evaluation  131
---------------------
Parameters for evaluation 131:
                      8.1003069770e-01 desired_speed
                      1.7032009528e-01 radius
                      1.3957502734e-01 time_gap
                      7.2359588720e+00 strength_neighbor
                      1.8162758719e-01 range_neighbor

(Asynchronous job 131 added to queue)

---------------------
Begin Evaluation  132
---------------------
Parameters for evaluation 132:
                      1.3610808474e+00 desired_speed
                      1.8630544857e-01 radius
                      3.1584735679e-01 time_gap
                      7.5113842204e+00 strength_neighbor
                      2.2386892045e-01 range_neighbor

(Asynchronous job 132 added to queue)

---------------------
Begin Evaluation  133
---------------------
Parameters for evaluation 133:
                      1.0487259174e+00 desired_speed
                      1.3108546491e-01 radius
                      1.7726482144e-01 time_gap
                      3.8556553129e+00 strength_neighbor
                      2.8480508227e-02 range_neighbor

(Asynchronous job 133 added to queue)

---------------------
Begin Evaluation  134
---------------------
Parameters for evaluation 134:
                      1.2930866543e+00 desired_speed
                      1.4053609610e-01 radius
                      4.4313328482e-01 time_gap
                      6.1180041264e+00 strength_neighbor
                      1.9957201585e-01 range_neighbor

(Asynchronous job 134 added to queue)

---------------------
Begin Evaluation  135
---------------------
Parameters for evaluation 135:
                      1.0720745309e+00 desired_speed
                      2.3532676615e-01 radius
                      4.8993584738e-01 time_gap
                      9.7722463852e+00 strength_neighbor
                      2.3767455993e-01 range_neighbor

(Asynchronous job 135 added to queue)

---------------------
Begin Evaluation  136
---------------------
Parameters for evaluation 136:
                      1.4514280521e+00 desired_speed
                      1.5277284773e-01 radius
                      5.7889048577e-01 time_gap
                      6.5172838169e+00 strength_neighbor
                      2.5119583421e-01 range_neighbor

(Asynchronous job 136 added to queue)

---------------------
Begin Evaluation  137
---------------------
Parameters for evaluation 137:
                      1.5508877437e+00 desired_speed
                      1.3686653379e-01 radius
                      9.3083834594e-01 time_gap
                      4.1900156049e+00 strength_neighbor
                      9.8463702097e-02 range_neighbor

(Asynchronous job 137 added to queue)

---------------------
Begin Evaluation  138
---------------------
Parameters for evaluation 138:
                      1.1580529486e+00 desired_speed
                      2.0416740499e-01 radius
                      4.2147733967e-01 time_gap
                      8.9171278639e+00 strength_neighbor
                      4.5669238661e-02 range_neighbor

(Asynchronous job 138 added to queue)

---------------------
Begin Evaluation  139
---------------------
Parameters for evaluation 139:
                      8.2055465313e-01 desired_speed
                      2.4163824460e-01 radius
                      7.5171181533e-01 time_gap
                      9.3951571272e+00 strength_neighbor
                      2.0699476489e-01 range_neighbor

(Asynchronous job 139 added to queue)

---------------------
Begin Evaluation  140
---------------------
Parameters for evaluation 140:
                      1.3444375418e+00 desired_speed
                      1.3412002961e-01 radius
                      2.0373632805e-01 time_gap
                      3.4346690049e+00 strength_neighbor
                      2.1792030671e-01 range_neighbor

(Asynchronous job 140 added to queue)

---------------------
Begin Evaluation  141
---------------------
Parameters for evaluation 141:
                      1.4754507550e+00 desired_speed
                      1.7779575492e-01 radius
                      5.7145000344e-01 time_gap
                      4.2968295755e+00 strength_neighbor
                      2.5918112577e-01 range_neighbor

(Asynchronous job 141 added to queue)

---------------------
Begin Evaluation  142
---------------------
Parameters for evaluation 142:
                      9.0130893161e-01 desired_speed
                      2.3159867566e-01 radius
                      8.3458743543e-01 time_gap
                      2.6621675499e+00 strength_neighbor
                      2.8095899750e-01 range_neighbor

(Asynchronous job 142 added to queue)

---------------------
Begin Evaluation  143
---------------------
Parameters for evaluation 143:
                      1.2670394318e+00 desired_speed
                      1.2915939490e-01 radius
                      2.3359384404e-01 time_gap
                      2.2989127270e+00 strength_neighbor
                      1.4293739317e-01 range_neighbor

(Asynchronous job 143 added to queue)

---------------------
Begin Evaluation  144
---------------------
Parameters for evaluation 144:
                      9.9375872494e-01 desired_speed
                      1.5625422086e-01 radius
                      9.9502509767e-01 time_gap
                      2.9964845968e+00 strength_neighbor
                      6.0351940314e-02 range_neighbor

(Asynchronous job 144 added to queue)

---------------------
Begin Evaluation  145
---------------------
Parameters for evaluation 145:
                      1.0313661167e+00 desired_speed
                      2.3777959270e-01 radius
                      4.7974483708e-01 time_gap
                      3.1678576815e+00 strength_neighbor
                      1.1851909887e-01 range_neighbor

(Asynchronous job 145 added to queue)

---------------------
Begin Evaluation  146
---------------------
Parameters for evaluation 146:
                      1.2072591744e+00 desired_speed
                      1.7218093945e-01 radius
                      3.4497142941e-01 time_gap
                      6.3356699121e+00 strength_neighbor
                      2.3577828164e-01 range_neighbor

(Asynchronous job 146 added to queue)

---------------------
Begin Evaluation  147
---------------------
Parameters for evaluation 147:
                      1.4245936745e+00 desired_speed
                      2.4804424451e-01 radius
                      7.1480813204e-01 time_gap
                      4.9906417307e+00 strength_neighbor
                      1.7805625510e-01 range_neighbor

(Asynchronous job 147 added to queue)

---------------------
Begin Evaluation  148
---------------------
Parameters for evaluation 148:
                      1.1317377194e+00 desired_speed
                      2.0797455161e-01 radius
                      5.4196568354e-01 time_gap
                      3.3215431696e+00 strength_neighbor
                      9.6889254579e-02 range_neighbor

(Asynchronous job 148 added to queue)

---------------------
Begin Evaluation  149
---------------------
Parameters for evaluation 149:
                      1.1906205881e+00 desired_speed
                      1.9618803559e-01 radius
                      9.0418551914e-01 time_gap
                      9.8350429740e+00 strength_neighbor
                      1.4790329624e-01 range_neighbor

(Asynchronous job 149 added to queue)

---------------------
Begin Evaluation  150
---------------------
Parameters for evaluation 150:
                      9.5149311891e-01 desired_speed
                      1.9026916701e-01 radius
                      9.4379882015e-01 time_gap
                      6.6210388124e+00 strength_neighbor
                      2.4955335754e-01 range_neighbor

(Asynchronous job 150 added to queue)

---------------------
Begin Evaluation  151
---------------------
Parameters for evaluation 151:
                      8.5436762357e-01 desired_speed
                      2.0033300983e-01 radius
                      1.5647338868e-01 time_gap
                      7.1510567270e+00 strength_neighbor
                      7.4760760656e-02 range_neighbor

(Asynchronous job 151 added to queue)

---------------------
Begin Evaluation  152
---------------------
Parameters for evaluation 152:
                      1.2372278537e+00 desired_speed
                      2.4608841619e-01 radius
                      5.9741900513e-01 time_gap
                      2.5012986591e+00 strength_neighbor
                      1.9183736342e-01 range_neighbor

(Asynchronous job 152 added to queue)

---------------------
Begin Evaluation  153
---------------------
Parameters for evaluation 153:
                      8.6845319952e-01 desired_speed
                      1.8189594068e-01 radius
                      3.6071727002e-01 time_gap
                      6.9944702849e+00 strength_neighbor
                      2.1369924741e-01 range_neighbor

(Asynchronous job 153 added to queue)

---------------------
Begin Evaluation  154
---------------------
Parameters for evaluation 154:
                      1.0904868165e+00 desired_speed
                      2.1279524743e-01 radius
                      6.7046730912e-01 time_gap
                      5.0230424044e+00 strength_neighbor
                      1.6441172731e-01 range_neighbor

(Asynchronous job 154 added to queue)

---------------------
Begin Evaluation  155
---------------------
Parameters for evaluation 155:
                      1.5828644532e+00 desired_speed
                      1.6476819949e-01 radius
                      7.7114192886e-01 time_gap
                      8.4055902525e+00 strength_neighbor
                      8.0854150599e-02 range_neighbor

(Asynchronous job 155 added to queue)

---------------------
Begin Evaluation  156
---------------------
Parameters for evaluation 156:
                      1.3363342177e+00 desired_speed
                      1.8005934117e-01 radius
                      8.4291332269e-01 time_gap
                      3.6207001362e+00 strength_neighbor
                      2.7587465267e-01 range_neighbor

(Asynchronous job 156 added to queue)

---------------------
Begin Evaluation  157
---------------------
Parameters for evaluation 157:
                      8.9027141656e-01 desired_speed
                      2.2720668831e-01 radius
                      8.7611449057e-01 time_gap
                      5.4677376928e+00 strength_neighbor
                      1.2763432583e-01 range_neighbor

(Asynchronous job 157 added to queue)

---------------------
Begin Evaluation  158
---------------------
Parameters for evaluation 158:
                      1.5283667281e+00 desired_speed
                      1.4636289899e-01 radius
                      2.8653349546e-01 time_gap
                      9.1781009231e+00 strength_neighbor
                      2.9468695066e-01 range_neighbor

(Asynchronous job 158 added to queue)

---------------------
Begin Evaluation  159
---------------------
Parameters for evaluation 159:
                      1.3028125177e+00 desired_speed
                      1.2624415588e-01 radius
                      9.6285927316e-01 time_gap
                      9.5987552933e+00 strength_neighbor
                      1.1062772576e-01 range_neighbor

(Asynchronous job 159 added to queue)

---------------------
Begin Evaluation  160
---------------------
Parameters for evaluation 160:
                      1.1621594958e+00 desired_speed
                      2.1589588249e-01 radius
                      3.8951887070e-01 time_gap
                      7.9034288800e+00 strength_neighbor
                      6.2998263891e-02 range_neighbor

(Asynchronous job 160 added to queue)

---------------------
Begin Evaluation  161
---------------------
Parameters for evaluation 161:
                      9.6317226993e-01 desired_speed
                      1.7385952880e-01 radius
                      1.0143294478e-01 time_gap
                      8.2761740937e+00 strength_neighbor
                      2.6954113849e-01 range_neighbor

(Asynchronous job 161 added to queue)

---------------------
Begin Evaluation  162
---------------------
Parameters for evaluation 162:
                      9.3273452886e-01 desired_speed
                      1.3920245580e-01 radius
                      4.9306691785e-01 time_gap
                      2.1800280073e+00 strength_neighbor
                      8.5117118724e-02 range_neighbor

(Asynchronous job 162 added to queue)

---------------------
Begin Evaluation  163
---------------------
Parameters for evaluation 163:
                      1.1119930021e+00 desired_speed
                      1.7646659061e-01 radius
                      3.8777727524e-01 time_gap
                      8.6629294244e+00 strength_neighbor
                      2.0414741321e-02 range_neighbor

(Asynchronous job 163 added to queue)

---------------------
Begin Evaluation  164
---------------------
Parameters for evaluation 164:
                      1.3958656414e+00 desired_speed
                      1.4347682505e-01 radius
                      6.3423788210e-01 time_gap
                      5.7987329369e+00 strength_neighbor
                      3.8191276692e-02 range_neighbor

(Asynchronous job 164 added to queue)

---------------------
Begin Evaluation  165
---------------------
Parameters for evaluation 165:
                      1.2484086659e+00 desired_speed
                      2.3937928296e-01 radius
                      8.4970231314e-01 time_gap
                      8.0632978369e+00 strength_neighbor
                      5.2327475561e-02 range_neighbor

(Asynchronous job 165 added to queue)

---------------------
Begin Evaluation  166
---------------------
Parameters for evaluation 166:
                      1.4850545643e+00 desired_speed
                      1.6385405169e-01 radius
                      5.4602956305e-01 time_gap
                      5.3623050177e+00 strength_neighbor
                      1.6723131092e-01 range_neighbor

(Asynchronous job 166 added to queue)

---------------------
Begin Evaluation  167
---------------------
Parameters for evaluation 167:
                      1.5180567367e+00 desired_speed
                      2.4430799263e-01 radius
                      6.6842283468e-01 time_gap
                      5.9064480354e+00 strength_neighbor
                      1.5910785945e-01 range_neighbor

(Asynchronous job 167 added to queue)

---------------------
Begin Evaluation  168
---------------------
Parameters for evaluation 168:
                      1.5793141644e+00 desired_speed
                      1.5001143766e-01 radius
                      5.1764092086e-01 time_gap
                      7.6238627885e+00 strength_neighbor
                      1.3788252967e-01 range_neighbor

(Asynchronous job 168 added to queue)

---------------------
Begin Evaluation  169
---------------------
Parameters for evaluation 169:
                      1.0012786290e+00 desired_speed
                      2.1382907458e-01 radius
                      5.7364030880e-01 time_gap
                      4.7719742360e+00 strength_neighbor
                      2.8864239364e-01 range_neighbor

(Asynchronous job 169 added to queue)

---------------------
Begin Evaluation  170
---------------------
Parameters for evaluation 170:
                      1.4011611799e+00 desired_speed
                      2.1824137894e-01 radius
                      4.5973577783e-01 time_gap
                      4.5625813899e+00 strength_neighbor
                      1.1150798474e-01 range_neighbor

(Asynchronous job 170 added to queue)

---------------------
Begin Evaluation  171
---------------------
Parameters for evaluation 171:
                      8.1003069770e-01 desired_speed
                      2.2507261160e-01 radius
                      5.6386041366e-01 time_gap
                      7.2359588720e+00 strength_neighbor
                      1.8162758719e-01 range_neighbor

(Asynchronous job 171 added to queue)

---------------------
Begin Evaluation  172
---------------------
Parameters for evaluation 172:
                      1.3610808474e+00 desired_speed
                      2.1570471553e-01 radius
                      1.5320385204e-01 time_gap
                      7.5113842204e+00 strength_neighbor
                      2.2386892045e-01 range_neighbor

(Asynchronous job 172 added to queue)

---------------------
Begin Evaluation  173
---------------------
Parameters for evaluation 173:
                      1.0487259174e+00 desired_speed
                      1.4241530008e-01 radius
                      2.2322019630e-01 time_gap
                      3.8556553129e+00 strength_neighbor
                      2.8480508227e-02 range_neighbor

(Asynchronous job 173 added to queue)

---------------------
Begin Evaluation  174
---------------------
Parameters for evaluation 174:
                      1.2930866543e+00 desired_speed
                      1.2822819971e-01 radius
                      6.4379838923e-01 time_gap
                      6.1180041264e+00 strength_neighbor
                      1.9957201585e-01 range_neighbor

(Asynchronous job 174 added to queue)

---------------------
Begin Evaluation  175
---------------------
Parameters for evaluation 175:
                      1.0720745309e+00 desired_speed
                      1.2049617555e-01 radius
                      3.6828662170e-01 time_gap
                      9.7722463852e+00 strength_neighbor
                      2.3767455993e-01 range_neighbor

(Asynchronous job 175 added to queue)

---------------------
Begin Evaluation  176
---------------------
Parameters for evaluation 176:
                      1.4514280521e+00 desired_speed
                      2.2814047527e-01 radius
                      2.8158360848e-01 time_gap
                      6.5172838169e+00 strength_neighbor
                      2.5119583421e-01 range_neighbor

(Asynchronous job 176 added to queue)

---------------------
Begin Evaluation  177
---------------------
Parameters for evaluation 177:
                      1.5508877437e+00 desired_speed
                      1.8977919015e-01 radius
                      9.9889992880e-01 time_gap
                      4.1900156049e+00 strength_neighbor
                      9.8463702097e-02 range_neighbor

(Asynchronous job 177 added to queue)

---------------------
Begin Evaluation  178
---------------------
Parameters for evaluation 178:
                      1.1580529486e+00 desired_speed
                      2.3683883660e-01 radius
                      7.2948557387e-01 time_gap
                      8.9171278639e+00 strength_neighbor
                      4.5669238661e-02 range_neighbor

(Asynchronous job 178 added to queue)

---------------------
Begin Evaluation  179
---------------------
Parameters for evaluation 179:
                      8.2055465313e-01 desired_speed
                      1.9494408911e-01 radius
                      9.7077619615e-01 time_gap
                      9.3951571272e+00 strength_neighbor
                      2.0699476489e-01 range_neighbor

(Asynchronous job 179 added to queue)

---------------------
Begin Evaluation  180
---------------------
Parameters for evaluation 180:
                      1.3444375418e+00 desired_speed
                      2.4311977200e-01 radius
                      4.7783398113e-01 time_gap
                      3.4346690049e+00 strength_neighbor
                      2.1792030671e-01 range_neighbor

(Asynchronous job 180 added to queue)

---------------------
Begin Evaluation  181
---------------------
Parameters for evaluation 181:
                      1.4754507550e+00 desired_speed
                      1.8392155583e-01 radius
                      8.2046649211e-01 time_gap
                      4.2968295755e+00 strength_neighbor
                      2.5918112577e-01 range_neighbor

(Asynchronous job 181 added to queue)

---------------------
Begin Evaluation  182
---------------------
Parameters for evaluation 182:
                      9.0130893161e-01 desired_speed
                      1.5499862940e-01 radius
                      8.1986279069e-01 time_gap
                      2.6621675499e+00 strength_neighbor
                      2.8095899750e-01 range_neighbor

(Asynchronous job 182 added to queue)

---------------------
Begin Evaluation  183
---------------------
Parameters for evaluation 183:
                      1.2670394318e+00 desired_speed
                      1.5731767355e-01 radius
                      9.1674892021e-01 time_gap
                      2.2989127270e+00 strength_neighbor
                      1.4293739317e-01 range_neighbor

(Asynchronous job 183 added to queue)

---------------------
Begin Evaluation  184
---------------------
Parameters for evaluation 184:
                      9.9375872494e-01 desired_speed
                      2.0910138104e-01 radius
                      4.0774444280e-01 time_gap
                      2.9964845968e+00 strength_neighbor
                      6.0351940314e-02 range_neighbor

(Asynchronous job 184 added to queue)

---------------------
Begin Evaluation  185
---------------------
Parameters for evaluation 185:
                      1.0313661167e+00 desired_speed
                      2.4980730422e-01 radius
                      7.6747348055e-01 time_gap
                      3.1678576815e+00 strength_neighbor
                      1.1851909887e-01 range_neighbor

(Asynchronous job 185 added to queue)

---------------------
Begin Evaluation  186
---------------------
Parameters for evaluation 186:
                      1.2072591744e+00 desired_speed
                      1.6936023856e-01 radius
                      1.9157551301e-01 time_gap
                      6.3356699121e+00 strength_neighbor
                      2.3577828164e-01 range_neighbor

(Asynchronous job 186 added to queue)

---------------------
Begin Evaluation  187
---------------------
Parameters for evaluation 187:
                      1.4245936745e+00 desired_speed
                      2.0504236466e-01 radius
                      7.7641497146e-01 time_gap
                      4.9906417307e+00 strength_neighbor
                      1.7805625510e-01 range_neighbor

(Asynchronous job 187 added to queue)

---------------------
Begin Evaluation  188
---------------------
Parameters for evaluation 188:
                      1.1317377194e+00 desired_speed
                      1.6005513283e-01 radius
                      8.8233733140e-01 time_gap
                      3.3215431696e+00 strength_neighbor
                      9.6889254579e-02 range_neighbor

(Asynchronous job 188 added to queue)

---------------------
Begin Evaluation  189
---------------------
Parameters for evaluation 189:
                      1.1906205881e+00 desired_speed
                      1.9469836616e-01 radius
                      3.0263499288e-01 time_gap
                      9.8350429740e+00 strength_neighbor
                      1.4790329624e-01 range_neighbor

(Asynchronous job 189 added to queue)

---------------------
Begin Evaluation  190
---------------------
Parameters for evaluation 190:
                      9.5149311891e-01 desired_speed
                      2.0259974943e-01 radius
                      9.0525288185e-01 time_gap
                      6.6210388124e+00 strength_neighbor
                      2.4955335754e-01 range_neighbor

(Asynchronous job 190 added to queue)

---------------------
Begin Evaluation  191
---------------------
Parameters for evaluation 191:
                      8.5436762357e-01 desired_speed
                      1.3432479347e-01 radius
                      4.3537150705e-01 time_gap
                      7.1510567270e+00 strength_neighbor
                      7.4760760656e-02 range_neighbor

(Asynchronous job 191 added to queue)

---------------------
Begin Evaluation  192
---------------------
Parameters for evaluation 192:
                      1.2372278537e+00 desired_speed
                      1.4840373917e-01 radius
                      2.5833121143e-01 time_gap
                      2.5012986591e+00 strength_neighbor
                      1.9183736342e-01 range_neighbor

(Asynchronous job 192 added to queue)

---------------------
Begin Evaluation  193
---------------------
Parameters for evaluation 193:
                      8.6845319952e-01 desired_speed
                      1.3098336587e-01 radius
                      6.0313337962e-01 time_gap
                      6.9944702849e+00 strength_neighbor
                      2.1369924741e-01 range_neighbor

(Asynchronous job 193 added to queue)

---------------------
Begin Evaluation  194
---------------------
Parameters for evaluation 194:
                      1.0904868165e+00 desired_speed
                      2.3153259621e-01 radius
                      9.3733308065e-01 time_gap
                      5.0230424044e+00 strength_neighbor
                      1.6441172731e-01 range_neighbor

(Asynchronous job 194 added to queue)

---------------------
Begin Evaluation  195
---------------------
Parameters for evaluation 195:
                      1.5828644532e+00 desired_speed
                      1.2527636396e-01 radius
                      6.9481542089e-01 time_gap
                      8.4055902525e+00 strength_neighbor
                      8.0854150599e-02 range_neighbor

(Asynchronous job 195 added to queue)

---------------------
Begin Evaluation  196
---------------------
Parameters for evaluation 196:
                      1.3363342177e+00 desired_speed
                      1.8011261973e-01 radius
                      7.4648856996e-01 time_gap
                      3.6207001362e+00 strength_neighbor
                      2.7587465267e-01 range_neighbor

(Asynchronous job 196 added to queue)

---------------------
Begin Evaluation  197
---------------------
Parameters for evaluation 197:
                      8.9027141656e-01 desired_speed
                      1.9856103044e-01 radius
                      3.3153093244e-01 time_gap
                      5.4677376928e+00 strength_neighbor
                      1.2763432583e-01 range_neighbor

(Asynchronous job 197 added to queue)

---------------------
Begin Evaluation  198
---------------------
Parameters for evaluation 198:
                      1.5283667281e+00 desired_speed
                      1.6601755693e-01 radius
                      1.7191422450e-01 time_gap
                      9.1781009231e+00 strength_neighbor
                      2.9468695066e-01 range_neighbor

(Asynchronous job 198 added to queue)

---------------------
Begin Evaluation  199
---------------------
Parameters for evaluation 199:
                      1.3028125177e+00 desired_speed
                      2.2082747937e-01 radius
                      2.4218577349e-01 time_gap
                      9.5987552933e+00 strength_neighbor
                      1.1062772576e-01 range_neighbor

(Asynchronous job 199 added to queue)

---------------------
Begin Evaluation  200
---------------------
Parameters for evaluation 200:
                      1.1621594958e+00 desired_speed
                      1.8670368172e-01 radius
                      1.2346757954e-01 time_gap
                      7.9034288800e+00 strength_neighbor
                      6.2998263891e-02 range_neighbor

(Asynchronous job 200 added to queue)

---------------------
Begin Evaluation  201
---------------------
Parameters for evaluation 201:
                      9.6317226993e-01 desired_speed
                      1.7385952880e-01 radius
                      2.4888262628e-01 time_gap
                      2.8800656857e+00 strength_neighbor
                      2.6954113849e-01 range_neighbor

(Asynchronous job 201 added to queue)

---------------------
Begin Evaluation  202
---------------------
Parameters for evaluation 202:
                      9.3273452886e-01 desired_speed
                      1.3920245580e-01 radius
                      6.2528940365e-01 time_gap
                      3.7613133580e+00 strength_neighbor
                      8.5117118724e-02 range_neighbor

(Asynchronous job 202 added to queue)

---------------------
Begin Evaluation  203
---------------------
Parameters for evaluation 203:
                      1.1119930021e+00 desired_speed
                      1.7646659061e-01 radius
                      7.8471573247e-01 time_gap
                      7.9947700439e+00 strength_neighbor
                      2.0414741321e-02 range_neighbor

(Asynchronous job 203 added to queue)

---------------------
Begin Evaluation  204
---------------------
Parameters for evaluation 204:
                      1.3958656414e+00 desired_speed
                      1.4347682505e-01 radius
                      2.6426487422e-01 time_gap
                      5.3284429721e+00 strength_neighbor
                      3.8191276692e-02 range_neighbor

(Asynchronous job 204 added to queue)

---------------------
Begin Evaluation  205
---------------------
Parameters for evaluation 205:
                      1.2484086659e+00 desired_speed
                      2.3937928296e-01 radius
                      7.0293282789e-01 time_gap
                      7.7223263982e+00 strength_neighbor
                      5.2327475561e-02 range_neighbor

(Asynchronous job 205 added to queue)

---------------------
Begin Evaluation  206
---------------------
Parameters for evaluation 206:
                      1.4850545643e+00 desired_speed
                      1.6385405169e-01 radius
                      8.0978016996e-01 time_gap
                      2.7003545212e+00 strength_neighbor
                      1.6723131092e-01 range_neighbor

(Asynchronous job 206 added to queue)

---------------------
Begin Evaluation  207
---------------------
Parameters for evaluation 207:
                      1.5180567367e+00 desired_speed
                      2.4430799263e-01 radius
                      1.1496525844e-01 time_gap
                      5.7914888113e+00 strength_neighbor
                      1.5910785945e-01 range_neighbor

(Asynchronous job 207 added to queue)

---------------------
Begin Evaluation  208
---------------------
Parameters for evaluation 208:
                      1.5793141644e+00 desired_speed
                      1.5001143766e-01 radius
                      5.2292506293e-01 time_gap
                      4.9621933152e+00 strength_neighbor
                      1.3788252967e-01 range_neighbor

(Asynchronous job 208 added to queue)

---------------------
Begin Evaluation  209
---------------------
Parameters for evaluation 209:
                      1.0012786290e+00 desired_speed
                      2.1382907458e-01 radius
                      6.4383495561e-01 time_gap
                      3.4743832674e+00 strength_neighbor
                      2.8864239364e-01 range_neighbor

(Asynchronous job 209 added to queue)

---------------------
Begin Evaluation  210
---------------------
Parameters for evaluation 210:
                      1.4011611799e+00 desired_speed
                      2.1824137894e-01 radius
                      4.0241696460e-01 time_gap
                      8.8150003988e+00 strength_neighbor
                      1.1150798474e-01 range_neighbor

(Asynchronous job 210 added to queue)

---------------------
Begin Evaluation  211
---------------------
Parameters for evaluation 211:
                      8.1003069770e-01 desired_speed
                      2.2507261160e-01 radius
                      1.3957502734e-01 time_gap
                      9.7519298928e+00 strength_neighbor
                      1.8162758719e-01 range_neighbor

(Asynchronous job 211 added to queue)

---------------------
Begin Evaluation  212
---------------------
Parameters for evaluation 212:
                      1.3610808474e+00 desired_speed
                      2.1570471553e-01 radius
                      3.1584735679e-01 time_gap
                      2.5865809257e+00 strength_neighbor
                      2.2386892045e-01 range_neighbor

(Asynchronous job 212 added to queue)

---------------------
Begin Evaluation  213
---------------------
Parameters for evaluation 213:
                      1.0487259174e+00 desired_speed
                      1.4241530008e-01 radius
                      1.7726482144e-01 time_gap
                      7.0549547644e+00 strength_neighbor
                      2.8480508227e-02 range_neighbor

(Asynchronous job 213 added to queue)

---------------------
Begin Evaluation  214
---------------------
Parameters for evaluation 214:
                      1.2930866543e+00 desired_speed
                      1.2822819971e-01 radius
                      4.4313328482e-01 time_gap
                      3.1441131068e+00 strength_neighbor
                      1.9957201585e-01 range_neighbor

(Asynchronous job 214 added to queue)

---------------------
Begin Evaluation  215
---------------------
Parameters for evaluation 215:
                      1.0720745309e+00 desired_speed
                      1.2049617555e-01 radius
                      4.8993584738e-01 time_gap
                      6.5476505238e+00 strength_neighbor
                      2.3767455993e-01 range_neighbor

(Asynchronous job 215 added to queue)

---------------------
Begin Evaluation  216
---------------------
Parameters for evaluation 216:
                      1.4514280521e+00 desired_speed
                      2.2814047527e-01 radius
                      5.7889048577e-01 time_gap
                      8.6580922872e+00 strength_neighbor
                      2.5119583421e-01 range_neighbor

(Asynchronous job 216 added to queue)

---------------------
Begin Evaluation  217
---------------------
Parameters for evaluation 217:
                      1.5508877437e+00 desired_speed
                      1.8977919015e-01 radius
                      9.3083834594e-01 time_gap
                      3.8317139504e+00 strength_neighbor
                      9.8463702097e-02 range_neighbor

(Asynchronous job 217 added to queue)

---------------------
Begin Evaluation  218
---------------------
Parameters for evaluation 218:
                      1.1580529486e+00 desired_speed
                      2.3683883660e-01 radius
                      4.2147733967e-01 time_gap
                      6.0667748843e+00 strength_neighbor
                      4.5669238661e-02 range_neighbor

(Asynchronous job 218 added to queue)

---------------------
Begin Evaluation  219
---------------------
Parameters for evaluation 219:
                      8.2055465313e-01 desired_speed
                      1.9494408911e-01 radius
                      7.5171181533e-01 time_gap
                      7.2668728308e+00 strength_neighbor
                      2.0699476489e-01 range_neighbor

(Asynchronous job 219 added to queue)

---------------------
Begin Evaluation  220
---------------------
Parameters for evaluation 220:
                      1.3444375418e+00 desired_speed
                      2.4311977200e-01 radius
                      2.0373632805e-01 time_gap
                      8.0731340338e+00 strength_neighbor
                      2.1792030671e-01 range_neighbor

(Asynchronous job 220 added to queue)

---------------------
Begin Evaluation  221
---------------------
Parameters for evaluation 221:
                      1.4754507550e+00 desired_speed
                      1.8392155583e-01 radius
                      5.7145000344e-01 time_gap
                      9.0221046971e+00 strength_neighbor
                      2.5918112577e-01 range_neighbor

(Asynchronous job 221 added to queue)

---------------------
Begin Evaluation  222
---------------------
Parameters for evaluation 222:
                      9.0130893161e-01 desired_speed
                      1.5499862940e-01 radius
                      8.3458743543e-01 time_gap
                      6.2568960181e+00 strength_neighbor
                      2.8095899750e-01 range_neighbor

(Asynchronous job 222 added to queue)

---------------------
Begin Evaluation  223
---------------------
Parameters for evaluation 223:
                      1.2670394318e+00 desired_speed
                      1.5731767355e-01 radius
                      2.3359384404e-01 time_gap
                      4.2108855227e+00 strength_neighbor
                      1.4293739317e-01 range_neighbor

(Asynchronous job 223 added to queue)

---------------------
Begin Evaluation  224
---------------------
Parameters for evaluation 224:
                      9.9375872494e-01 desired_speed
                      2.0910138104e-01 radius
                      9.9502509767e-01 time_gap
                      5.4456130721e+00 strength_neighbor
                      6.0351940314e-02 range_neighbor

(Asynchronous job 224 added to queue)

---------------------
Begin Evaluation  225
---------------------
Parameters for evaluation 225:
                      1.0313661167e+00 desired_speed
                      2.4980730422e-01 radius
                      4.7974483708e-01 time_gap
                      5.0080386229e+00 strength_neighbor
                      1.1851909887e-01 range_neighbor

(Asynchronous job 225 added to queue)

---------------------
Begin Evaluation  226
---------------------
Parameters for evaluation 226:
                      1.2072591744e+00 desired_speed
                      1.6936023856e-01 radius
                      3.4497142941e-01 time_gap
                      3.2716875857e+00 strength_neighbor
                      2.3577828164e-01 range_neighbor

(Asynchronous job 226 added to queue)

---------------------
Begin Evaluation  227
---------------------
Parameters for evaluation 227:
                      1.4245936745e+00 desired_speed
                      2.0504236466e-01 radius
                      7.1480813204e-01 time_gap
                      8.2179169529e+00 strength_neighbor
                      1.7805625510e-01 range_neighbor

(Asynchronous job 227 added to queue)

---------------------
Begin Evaluation  228
---------------------
Parameters for evaluation 228:
                      1.1317377194e+00 desired_speed
                      1.6005513283e-01 radius
                      5.4196568354e-01 time_gap
                      7.4192326762e+00 strength_neighbor
                      9.6889254579e-02 range_neighbor

(Asynchronous job 228 added to queue)

---------------------
Begin Evaluation  229
---------------------
Parameters for evaluation 229:
                      1.1906205881e+00 desired_speed
                      1.9469836616e-01 radius
                      9.0418551914e-01 time_gap
                      9.2038686726e+00 strength_neighbor
                      1.4790329624e-01 range_neighbor

(Asynchronous job 229 added to queue)

---------------------
Begin Evaluation  230
---------------------
Parameters for evaluation 230:
                      9.5149311891e-01 desired_speed
                      2.0259974943e-01 radius
                      9.4379882015e-01 time_gap
                      6.9899666617e+00 strength_neighbor
                      2.4955335754e-01 range_neighbor

(Asynchronous job 230 added to queue)

---------------------
Begin Evaluation  231
---------------------
Parameters for evaluation 231:
                      8.5436762357e-01 desired_speed
                      1.3432479347e-01 radius
                      1.5647338868e-01 time_gap
                      5.8914823355e+00 strength_neighbor
                      7.4760760656e-02 range_neighbor

(Asynchronous job 231 added to queue)

---------------------
Begin Evaluation  232
---------------------
Parameters for evaluation 232:
                      1.2372278537e+00 desired_speed
                      1.4840373917e-01 radius
                      5.9741900513e-01 time_gap
                      4.5305229480e+00 strength_neighbor
                      1.9183736342e-01 range_neighbor

(Asynchronous job 232 added to queue)

---------------------
Begin Evaluation  233
---------------------
Parameters for evaluation 233:
                      8.6845319952e-01 desired_speed
                      1.3098336587e-01 radius
                      3.6071727002e-01 time_gap
                      6.7457579569e+00 strength_neighbor
                      2.1369924741e-01 range_neighbor

(Asynchronous job 233 added to queue)

---------------------
Begin Evaluation  234
---------------------
Parameters for evaluation 234:
                      1.0904868165e+00 desired_speed
                      2.3153259621e-01 radius
                      6.7046730912e-01 time_gap
                      4.7301561186e+00 strength_neighbor
                      1.6441172731e-01 range_neighbor

(Asynchronous job 234 added to queue)

---------------------
Begin Evaluation  235
---------------------
Parameters for evaluation 235:
                      1.5828644532e+00 desired_speed
                      1.2527636396e-01 radius
                      7.7114192886e-01 time_gap
                      9.4279101970e+00 strength_neighbor
                      8.0854150599e-02 range_neighbor

(Asynchronous job 235 added to queue)

---------------------
Begin Evaluation  236
---------------------
Parameters for evaluation 236:
                      1.3363342177e+00 desired_speed
                      1.8011261973e-01 radius
                      8.4291332269e-01 time_gap
                      2.1469335451e+00 strength_neighbor
                      2.7587465267e-01 range_neighbor

(Asynchronous job 236 added to queue)

---------------------
Begin Evaluation  237
---------------------
Parameters for evaluation 237:
                      8.9027141656e-01 desired_speed
                      1.9856103044e-01 radius
                      8.7611449057e-01 time_gap
                      4.1528982204e+00 strength_neighbor
                      1.2763432583e-01 range_neighbor

(Asynchronous job 237 added to queue)

---------------------
Begin Evaluation  238
---------------------
Parameters for evaluation 238:
                      1.5283667281e+00 desired_speed
                      1.6601755693e-01 radius
                      2.8653349546e-01 time_gap
                      9.9222524924e+00 strength_neighbor
                      2.9468695066e-01 range_neighbor

(Asynchronous job 238 added to queue)

---------------------
Begin Evaluation  239
---------------------
Parameters for evaluation 239:
                      1.3028125177e+00 desired_speed
                      2.2082747937e-01 radius
                      9.6285927316e-01 time_gap
                      2.2669480676e+00 strength_neighbor
                      1.1062772576e-01 range_neighbor

(Asynchronous job 239 added to queue)

---------------------
Begin Evaluation  240
---------------------
Parameters for evaluation 240:
                      1.1621594958e+00 desired_speed
                      1.8670368172e-01 radius
                      3.8951887070e-01 time_gap
                      8.4923080591e+00 strength_neighbor
                      6.2998263891e-02 range_neighbor

(Asynchronous job 240 added to queue)

---------------------
Begin Evaluation  241
---------------------
Parameters for evaluation 241:
                      9.6317226993e-01 desired_speed
                      1.7385952880e-01 radius
                      2.4888262628e-01 time_gap
                      8.2761740937e+00 strength_neighbor
                      1.0955710685e-01 range_neighbor

(Asynchronous job 241 added to queue)

---------------------
Begin Evaluation  242
---------------------
Parameters for evaluation 242:
                      9.3273452886e-01 desired_speed
                      1.3920245580e-01 radius
                      6.2528940365e-01 time_gap
                      2.1800280073e+00 strength_neighbor
                      1.8935112658e-01 range_neighbor

(Asynchronous job 242 added to queue)

---------------------
Begin Evaluation  243
---------------------
Parameters for evaluation 243:
                      1.1119930021e+00 desired_speed
                      1.7646659061e-01 radius
                      7.8471573247e-01 time_gap
                      8.6629294244e+00 strength_neighbor
                      2.6197802770e-01 range_neighbor

(Asynchronous job 243 added to queue)

---------------------
Begin Evaluation  244
---------------------
Parameters for evaluation 244:
                      1.3958656414e+00 desired_speed
                      1.4347682505e-01 radius
                      2.6426487422e-01 time_gap
                      5.7987329369e+00 strength_neighbor
                      2.5175047852e-01 range_neighbor

(Asynchronous job 244 added to queue)

---------------------
Begin Evaluation  245
---------------------
Parameters for evaluation 245:
                      1.2484086659e+00 desired_speed
                      2.3937928296e-01 radius
                      7.0293282789e-01 time_gap
                      8.0632978369e+00 strength_neighbor
                      8.5865350833e-02 range_neighbor

(Asynchronous job 245 added to queue)

---------------------
Begin Evaluation  246
---------------------
Parameters for evaluation 246:
                      1.4850545643e+00 desired_speed
                      1.6385405169e-01 radius
                      8.0978016996e-01 time_gap
                      5.3623050177e+00 strength_neighbor
                      2.1259181313e-01 range_neighbor

(Asynchronous job 246 added to queue)

---------------------
Begin Evaluation  247
---------------------
Parameters for evaluation 247:
                      1.5180567367e+00 desired_speed
                      2.4430799263e-01 radius
                      1.1496525844e-01 time_gap
                      5.9064480354e+00 strength_neighbor
                      1.2723446683e-01 range_neighbor

(Asynchronous job 247 added to queue)

---------------------
Begin Evaluation  248
---------------------
Parameters for evaluation 248:
                      1.5793141644e+00 desired_speed
                      1.5001143766e-01 radius
                      5.2292506293e-01 time_gap
                      7.6238627885e+00 strength_neighbor
                      1.7887246324e-01 range_neighbor

(Asynchronous job 248 added to queue)

---------------------
Begin Evaluation  249
---------------------
Parameters for evaluation 249:
                      1.0012786290e+00 desired_speed
                      2.1382907458e-01 radius
                      6.4383495561e-01 time_gap
                      4.7719742360e+00 strength_neighbor
                      2.4623209172e-01 range_neighbor

(Asynchronous job 249 added to queue)

---------------------
Begin Evaluation  250
---------------------
Parameters for evaluation 250:
                      1.4011611799e+00 desired_speed
                      2.1824137894e-01 radius
                      4.0241696460e-01 time_gap
                      4.5625813899e+00 strength_neighbor
                      1.2383126186e-01 range_neighbor

(Asynchronous job 250 added to queue)

---------------------
Begin Evaluation  251
---------------------
Parameters for evaluation 251:
                      8.1003069770e-01 desired_speed
                      2.2507261160e-01 radius
                      1.3957502734e-01 time_gap
                      7.2359588720e+00 strength_neighbor
                      2.9002890979e-01 range_neighbor

(Asynchronous job 251 added to queue)

---------------------
Begin Evaluation  252
---------------------
Parameters for evaluation 252:
                      1.3610808474e+00 desired_speed
                      2.1570471553e-01 radius
                      3.1584735679e-01 time_gap
                      7.5113842204e+00 strength_neighbor
                      4.3998232211e-02 range_neighbor

(Asynchronous job 252 added to queue)

---------------------
Begin Evaluation  253
---------------------
Parameters for evaluation 253:
                      1.0487259174e+00 desired_speed
                      1.4241530008e-01 radius
                      1.7726482144e-01 time_gap
                      3.8556553129e+00 strength_neighbor
                      2.3306571442e-01 range_neighbor

(Asynchronous job 253 added to queue)

---------------------
Begin Evaluation  254
---------------------
Parameters for evaluation 254:
                      1.2930866543e+00 desired_speed
                      1.2822819971e-01 radius
                      4.4313328482e-01 time_gap
                      6.1180041264e+00 strength_neighbor
                      1.1618291159e-01 range_neighbor

(Asynchronous job 254 added to queue)

---------------------
Begin Evaluation  255
---------------------
Parameters for evaluation 255:
                      1.0720745309e+00 desired_speed
                      1.2049617555e-01 radius
                      4.8993584738e-01 time_gap
                      9.7722463852e+00 strength_neighbor
                      2.8502228682e-01 range_neighbor

(Asynchronous job 255 added to queue)

---------------------
Begin Evaluation  256
---------------------
Parameters for evaluation 256:
                      1.4514280521e+00 desired_speed
                      2.2814047527e-01 radius
                      5.7889048577e-01 time_gap
                      6.5172838169e+00 strength_neighbor
                      2.9725059443e-02 range_neighbor

(Asynchronous job 256 added to queue)

---------------------
Begin Evaluation  257
---------------------
Parameters for evaluation 257:
                      1.5508877437e+00 desired_speed
                      1.8977919015e-01 radius
                      9.3083834594e-01 time_gap
                      4.1900156049e+00 strength_neighbor
                      1.0346823193e-01 range_neighbor

(Asynchronous job 257 added to queue)

---------------------
Begin Evaluation  258
---------------------
Parameters for evaluation 258:
                      1.1580529486e+00 desired_speed
                      2.3683883660e-01 radius
                      4.2147733967e-01 time_gap
                      8.9171278639e+00 strength_neighbor
                      2.0737342565e-01 range_neighbor

(Asynchronous job 258 added to queue)

---------------------
Begin Evaluation  259
---------------------
Parameters for evaluation 259:
                      8.2055465313e-01 desired_speed
                      1.9494408911e-01 radius
                      7.5171181533e-01 time_gap
                      9.3951571272e+00 strength_neighbor
                      2.3169314178e-02 range_neighbor

(Asynchronous job 259 added to queue)

---------------------
Begin Evaluation  260
---------------------
Parameters for evaluation 260:
                      1.3444375418e+00 desired_speed
                      2.4311977200e-01 radius
                      2.0373632805e-01 time_gap
                      3.4346690049e+00 strength_neighbor
                      6.4930644028e-02 range_neighbor

(Asynchronous job 260 added to queue)

---------------------
Begin Evaluation  261
---------------------
Parameters for evaluation 261:
                      1.4754507550e+00 desired_speed
                      1.8392155583e-01 radius
                      5.7145000344e-01 time_gap
                      4.2968295755e+00 strength_neighbor
                      2.2325846874e-01 range_neighbor

(Asynchronous job 261 added to queue)

---------------------
Begin Evaluation  262
---------------------
Parameters for evaluation 262:
                      9.0130893161e-01 desired_speed
                      1.5499862940e-01 radius
                      8.3458743543e-01 time_gap
                      2.6621675499e+00 strength_neighbor
                      1.9637413064e-01 range_neighbor

(Asynchronous job 262 added to queue)

---------------------
Begin Evaluation  263
---------------------
Parameters for evaluation 263:
                      1.2670394318e+00 desired_speed
                      1.5731767355e-01 radius
                      2.3359384404e-01 time_gap
                      2.2989127270e+00 strength_neighbor
                      2.1833858026e-01 range_neighbor

(Asynchronous job 263 added to queue)

---------------------
Begin Evaluation  264
---------------------
Parameters for evaluation 264:
                      9.9375872494e-01 desired_speed
                      2.0910138104e-01 radius
                      9.9502509767e-01 time_gap
                      2.9964845968e+00 strength_neighbor
                      5.3179660620e-02 range_neighbor

(Asynchronous job 264 added to queue)

---------------------
Begin Evaluation  265
---------------------
Parameters for evaluation 265:
                      1.0313661167e+00 desired_speed
                      2.4980730422e-01 radius
                      4.7974483708e-01 time_gap
                      3.1678576815e+00 strength_neighbor
                      3.8359838061e-02 range_neighbor

(Asynchronous job 265 added to queue)

---------------------
Begin Evaluation  266
---------------------
Parameters for evaluation 266:
                      1.2072591744e+00 desired_speed
                      1.6936023856e-01 radius
                      3.4497142941e-01 time_gap
                      6.3356699121e+00 strength_neighbor
                      1.8460757979e-01 range_neighbor

(Asynchronous job 266 added to queue)

---------------------
Begin Evaluation  267
---------------------
Parameters for evaluation 267:
                      1.4245936745e+00 desired_speed
                      2.0504236466e-01 radius
                      7.1480813204e-01 time_gap
                      4.9906417307e+00 strength_neighbor
                      1.5212706202e-01 range_neighbor

(Asynchronous job 267 added to queue)

---------------------
Begin Evaluation  268
---------------------
Parameters for evaluation 268:
                      1.1317377194e+00 desired_speed
                      1.6005513283e-01 radius
                      5.4196568354e-01 time_gap
                      3.3215431696e+00 strength_neighbor
                      2.9797999817e-01 range_neighbor

(Asynchronous job 268 added to queue)

---------------------
Begin Evaluation  269
---------------------
Parameters for evaluation 269:
                      1.1906205881e+00 desired_speed
                      1.9469836616e-01 radius
                      9.0418551914e-01 time_gap
                      9.8350429740e+00 strength_neighbor
                      1.3916952135e-01 range_neighbor

(Asynchronous job 269 added to queue)

---------------------
Begin Evaluation  270
---------------------
Parameters for evaluation 270:
                      9.5149311891e-01 desired_speed
                      2.0259974943e-01 radius
                      9.4379882015e-01 time_gap
                      6.6210388124e+00 strength_neighbor
                      1.6880430266e-01 range_neighbor

(Asynchronous job 270 added to queue)

---------------------
Begin Evaluation  271
---------------------
Parameters for evaluation 271:
                      8.5436762357e-01 desired_speed
                      1.3432479347e-01 radius
                      1.5647338868e-01 time_gap
                      7.1510567270e+00 strength_neighbor
                      7.1769853131e-02 range_neighbor

(Asynchronous job 271 added to queue)

---------------------
Begin Evaluation  272
---------------------
Parameters for evaluation 272:
                      1.2372278537e+00 desired_speed
                      1.4840373917e-01 radius
                      5.9741900513e-01 time_gap
                      2.5012986591e+00 strength_neighbor
                      7.8573323354e-02 range_neighbor

(Asynchronous job 272 added to queue)

---------------------
Begin Evaluation  273
---------------------
Parameters for evaluation 273:
                      8.6845319952e-01 desired_speed
                      1.3098336587e-01 radius
                      3.6071727002e-01 time_gap
                      6.9944702849e+00 strength_neighbor
                      9.1183201652e-02 range_neighbor

(Asynchronous job 273 added to queue)

---------------------
Begin Evaluation  274
---------------------
Parameters for evaluation 274:
                      1.0904868165e+00 desired_speed
                      2.3153259621e-01 radius
                      6.7046730912e-01 time_gap
                      5.0230424044e+00 strength_neighbor
                      1.5903045032e-01 range_neighbor

(Asynchronous job 274 added to queue)

---------------------
Begin Evaluation  275
---------------------
Parameters for evaluation 275:
                      1.5828644532e+00 desired_speed
                      1.2527636396e-01 radius
                      7.7114192886e-01 time_gap
                      8.4055902525e+00 strength_neighbor
                      1.3713949095e-01 range_neighbor

(Asynchronous job 275 added to queue)

---------------------
Begin Evaluation  276
---------------------
Parameters for evaluation 276:
                      1.3363342177e+00 desired_speed
                      1.8011261973e-01 radius
                      8.4291332269e-01 time_gap
                      3.6207001362e+00 strength_neighbor
                      2.6646502918e-01 range_neighbor

(Asynchronous job 276 added to queue)

---------------------
Begin Evaluation  277
---------------------
Parameters for evaluation 277:
                      8.9027141656e-01 desired_speed
                      1.9856103044e-01 radius
                      8.7611449057e-01 time_gap
                      5.4677376928e+00 strength_neighbor
                      2.7661084644e-01 range_neighbor

(Asynchronous job 277 added to queue)

---------------------
Begin Evaluation  278
---------------------
Parameters for evaluation 278:
                      1.5283667281e+00 desired_speed
                      1.6601755693e-01 radius
                      2.8653349546e-01 time_gap
                      9.1781009231e+00 strength_neighbor
                      1.6453639510e-01 range_neighbor

(Asynchronous job 278 added to queue)

---------------------
Begin Evaluation  279
---------------------
Parameters for evaluation 279:
                      1.3028125177e+00 desired_speed
                      2.2082747937e-01 radius
                      9.6285927316e-01 time_gap
                      9.5987552933e+00 strength_neighbor
                      5.8842894961e-02 range_neighbor

(Asynchronous job 279 added to queue)

---------------------
Begin Evaluation  280
---------------------
Parameters for evaluation 280:
                      1.1621594958e+00 desired_speed
                      1.8670368172e-01 radius
                      3.8951887070e-01 time_gap
                      7.9034288800e+00 strength_neighbor
                      2.4116100950e-01 range_neighbor

(Asynchronous job 280 added to queue)

Blocking synchronize of 280 asynchronous evaluations
First pass: initiating 2 local asynchronous jobs
Initiating evaluation 1
nonblocking fork: python3 driver.py params.in results.out
Initiating evaluation 2
nonblocking fork: python3 driver.py params.in results.out
Second pass: scheduling 278 remaining local asynchronous jobs
Waiting on completed jobs
Evaluation 1 has completed
Initiating evaluation 3
nonblocking fork: python3 driver.py params.in results.out
Waiting on completed jobs
Evaluation 2 has completed
Initiating evaluation 4
nonblocking fork: python3 driver.py params.in results.out
Waiting on completed jobs
Evaluation 3 has completed
Initiating evaluation 5
nonblocking fork: python3 driver.py params.in results.out
Waiting on completed jobs
Evaluation 4 has completed
Initiating evaluation 6
nonblocking fork: python3 driver.py params.in results.out
Waiting on completed jobs
Evaluation 5 has completed
Initiating evaluation 7
nonblocking fork: python3 driver.py params.in results.out
Waiting on completed jobs
Evaluation 6 has completed
Initiating evaluation 8
nonblocking fork: python3 driver.py params.in results.out
Waiting on completed jobs
Evaluation 8 has completed
Initiating evaluation 9
nonblocking fork: python3 driver.py params.in results.out
Waiting on completed jobs
Evaluation 7 has completed
Initiating evaluation 10
nonblocking fork: python3 driver.py params.in results.out
Waiting on completed jobs
Evaluation 9 has completed
Initiating evaluation 11
nonblocking fork: python3 driver.py params.in results.out
Waiting on completed jobs
Evaluation 10 has completed
Initiating evaluation 12
nonblocking fork: python3 driver.py params.in results.out
Waiting on completed jobs
Evaluation 11 has completed
Initiating evaluation 13
nonblocking fork: python3 driver.py params.in results.out
Waiting on completed jobs
Evaluation 12 has completed
Initiating evaluation 14
nonblocking fork: python3 driver.py params.in results.out
Waiting on completed jobs
Evaluation 13 has completed
Initiating evaluation 15
nonblocking fork: python3 driver.py params.in results.out
Waiting on completed jobs
Evaluation 14 has completed
Initiating evaluation 16
nonblocking fork: python3 driver.py params.in results.out
Waiting on completed jobs
Evaluation 15 has completed
Initiating evaluation 17
nonblocking fork: python3 driver.py params.in results.out
Waiting on completed jobs
Evaluation 16 has completed
Initiating evaluation 18
nonblocking fork: python3 driver.py params.in results.out
Waiting on completed jobs
Evaluation 17 has completed
Initiating evaluation 19
nonblocking fork: python3 driver.py params.in results.out
Waiting on completed jobs
Evaluation 18 has completed
Initiating evaluation 20
nonblocking fork: python3 driver.py params.in results.out
Waiting on completed jobs
Evaluation 20 has completed
Initiating evaluation 21
nonblocking fork: python3 driver.py params.in results.out
Waiting on completed jobs
Evaluation 19 has completed
Initiating evaluation 22
nonblocking fork: python3 driver.py params.in results.out
Waiting on completed jobs
Evaluation 21 has completed
Initiating evaluation 23
nonblocking fork: python3 driver.py params.in results.out
Waiting on completed jobs
Evaluation 22 has completed
Initiating evaluation 24
nonblocking fork: python3 driver.py params.in results.out
Waiting on completed jobs
Evaluation 23 has completed
Initiating evaluation 25
nonblocking fork: python3 driver.py params.in results.out
Waiting on completed jobs
Evaluation 24 has completed
Initiating evaluation 26
nonblocking fork: python3 driver.py params.in results.out
Waiting on completed jobs
Evaluation 26 has completed
Initiating evaluation 27
nonblocking fork: python3 driver.py params.in results.out
Waiting on completed jobs
Evaluation 25 has completed
Initiating evaluation 28
nonblocking fork: python3 driver.py params.in results.out
Waiting on completed jobs
Evaluation 27 has completed
Initiating evaluation 29
nonblocking fork: python3 driver.py params.in results.out
Waiting on completed jobs
Evaluation 28 has completed
Initiating evaluation 30
nonblocking fork: python3 driver.py params.in results.out
Waiting on completed jobs
Evaluation 29 has completed
Initiating evaluation 31
nonblocking fork: python3 driver.py params.in results.out
Waiting on completed jobs
Evaluation 30 has completed
Initiating evaluation 32
nonblocking fork: python3 driver.py params.in results.out
Waiting on completed jobs
Evaluation 31 has completed
Initiating evaluation 33
nonblocking fork: python3 driver.py params.in results.out
Waiting on completed jobs
Evaluation 32 has completed
Initiating evaluation 34
nonblocking fork: python3 driver.py params.in results.out
Waiting on completed jobs
Evaluation 33 has completed
Initiating evaluation 35
nonblocking fork: python3 driver.py params.in results.out
Waiting on completed jobs
Evaluation 34 has completed
Initiating evaluation 36
nonblocking fork: python3 driver.py params.in results.out
Waiting on completed jobs
Evaluation 35 has completed
Initiating evaluation 37
nonblocking fork: python3 driver.py params.in results.out
Waiting on completed jobs
Evaluation 37 has completed
Initiating evaluation 38
nonblocking fork: python3 driver.py params.in results.out
Waiting on completed jobs
Evaluation 36 has completed
Initiating evaluation 39
nonblocking fork: python3 driver.py params.in results.out
Waiting on completed jobs
Evaluation 38 has completed
Initiating evaluation 40
nonblocking fork: python3 driver.py params.in results.out
Waiting on completed jobs
Evaluation 39 has completed
Initiating evaluation 41
nonblocking fork: python3 driver.py params.in results.out
Waiting on completed jobs
Evaluation 40 has completed
Initiating evaluation 42
nonblocking fork: python3 driver.py params.in results.out
Waiting on completed jobs
Evaluation 41 has completed
Initiating evaluation 43
nonblocking fork: python3 driver.py params.in results.out
Waiting on completed jobs
Evaluation 42 has completed
Initiating evaluation 44
nonblocking fork: python3 driver.py params.in results.out
Waiting on completed jobs
Evaluation 43 has completed
Initiating evaluation 45
nonblocking fork: python3 driver.py params.in results.out
Waiting on completed jobs
Evaluation 44 has completed
Initiating evaluation 46
nonblocking fork: python3 driver.py params.in results.out
Waiting on completed jobs
Evaluation 46 has completed
Initiating evaluation 47
nonblocking fork: python3 driver.py params.in results.out
Waiting on completed jobs
Evaluation 45 has completed
Initiating evaluation 48
nonblocking fork: python3 driver.py params.in results.out
Waiting on completed jobs
Evaluation 47 has completed
Initiating evaluation 49
nonblocking fork: python3 driver.py params.in results.out
Waiting on completed jobs
Evaluation 48 has completed
Initiating evaluation 50
nonblocking fork: python3 driver.py params.in results.out
Waiting on completed jobs
Evaluation 49 has completed
Initiating evaluation 51
nonblocking fork: python3 driver.py params.in results.out
Waiting on completed jobs
Evaluation 50 has completed
Initiating evaluation 52
nonblocking fork: python3 driver.py params.in results.out
Waiting on completed jobs
Evaluation 51 has completed
Initiating evaluation 53
nonblocking fork: python3 driver.py params.in results.out
Waiting on completed jobs
Evaluation 52 has completed
Initiating evaluation 54
nonblocking fork: python3 driver.py params.in results.out
Waiting on completed jobs
Evaluation 53 has completed
Initiating evaluation 55
nonblocking fork: python3 driver.py params.in results.out
Waiting on completed jobs
Evaluation 54 has completed
Initiating evaluation 56
nonblocking fork: python3 driver.py params.in results.out
Waiting on completed jobs
Evaluation 55 has completed
Initiating evaluation 57
nonblocking fork: python3 driver.py params.in results.out
Waiting on completed jobs
Evaluation 56 has completed
Initiating evaluation 58
nonblocking fork: python3 driver.py params.in results.out
Waiting on completed jobs
Evaluation 57 has completed
Initiating evaluation 59
nonblocking fork: python3 driver.py params.in results.out
Waiting on completed jobs
Evaluation 58 has completed
Initiating evaluation 60
nonblocking fork: python3 driver.py params.in results.out
Waiting on completed jobs
Evaluation 60 has completed
Initiating evaluation 61
nonblocking fork: python3 driver.py params.in results.out
Waiting on completed jobs
Evaluation 59 has completed
Initiating evaluation 62
nonblocking fork: python3 driver.py params.in results.out
Waiting on completed jobs
Evaluation 61 has completed
Initiating evaluation 63
nonblocking fork: python3 driver.py params.in results.out
Waiting on completed jobs
Evaluation 62 has completed
Initiating evaluation 64
nonblocking fork: python3 driver.py params.in results.out
Waiting on completed jobs
Evaluation 63 has completed
Initiating evaluation 65
nonblocking fork: python3 driver.py params.in results.out
Waiting on completed jobs
Evaluation 65 has completed
Initiating evaluation 66
nonblocking fork: python3 driver.py params.in results.out
Waiting on completed jobs
Evaluation 64 has completed
Initiating evaluation 67
nonblocking fork: python3 driver.py params.in results.out
Waiting on completed jobs
Evaluation 66 has completed
Initiating evaluation 68
nonblocking fork: python3 driver.py params.in results.out
Waiting on completed jobs
Evaluation 67 has completed
Initiating evaluation 69
nonblocking fork: python3 driver.py params.in results.out
Waiting on completed jobs
Evaluation 68 has completed
Initiating evaluation 70
nonblocking fork: python3 driver.py params.in results.out
Waiting on completed jobs
Evaluation 69 has completed
Initiating evaluation 71
nonblocking fork: python3 driver.py params.in results.out
Waiting on completed jobs
Evaluation 70 has completed
Initiating evaluation 72
nonblocking fork: python3 driver.py params.in results.out
Waiting on completed jobs
Evaluation 71 has completed
Initiating evaluation 73
nonblocking fork: python3 driver.py params.in results.out
Waiting on completed jobs
Evaluation 72 has completed
Initiating evaluation 74
nonblocking fork: python3 driver.py params.in results.out
Waiting on completed jobs
Evaluation 73 has completed
Initiating evaluation 75
nonblocking fork: python3 driver.py params.in results.out
Waiting on completed jobs
Evaluation 74 has completed
Initiating evaluation 76
nonblocking fork: python3 driver.py params.in results.out
Waiting on completed jobs
Evaluation 75 has completed
Initiating evaluation 77
nonblocking fork: python3 driver.py params.in results.out
Waiting on completed jobs
Evaluation 76 has completed
Initiating evaluation 78
nonblocking fork: python3 driver.py params.in results.out
Waiting on completed jobs
Evaluation 78 has completed
Initiating evaluation 79
nonblocking fork: python3 driver.py params.in results.out
Waiting on completed jobs
Evaluation 77 has completed
Initiating evaluation 80
nonblocking fork: python3 driver.py params.in results.out
Waiting on completed jobs
Evaluation 80 has completed
Initiating evaluation 81
nonblocking fork: python3 driver.py params.in results.out
Waiting on completed jobs
Evaluation 79 has completed
Initiating evaluation 82
nonblocking fork: python3 driver.py params.in results.out
Waiting on completed jobs
Evaluation 81 has completed
Initiating evaluation 83
nonblocking fork: python3 driver.py params.in results.out
Waiting on completed jobs
Evaluation 82 has completed
Initiating evaluation 84
nonblocking fork: python3 driver.py params.in results.out
Waiting on completed jobs
Evaluation 83 has completed
Initiating evaluation 85
nonblocking fork: python3 driver.py params.in results.out
Waiting on completed jobs
Evaluation 84 has completed
Initiating evaluation 86
nonblocking fork: python3 driver.py params.in results.out
Waiting on completed jobs
Evaluation 86 has completed
Initiating evaluation 87
nonblocking fork: python3 driver.py params.in results.out
Waiting on completed jobs
Evaluation 85 has completed
Initiating evaluation 88
nonblocking fork: python3 driver.py params.in results.out
Waiting on completed jobs
Evaluation 87 has completed
Initiating evaluation 89
nonblocking fork: python3 driver.py params.in results.out
Waiting on completed jobs
Evaluation 88 has completed
Initiating evaluation 90
nonblocking fork: python3 driver.py params.in results.out
Waiting on completed jobs
Evaluation 89 has completed
Initiating evaluation 91
nonblocking fork: python3 driver.py params.in results.out
Waiting on completed jobs
Evaluation 90 has completed
Initiating evaluation 92
nonblocking fork: python3 driver.py params.in results.out
Waiting on completed jobs
Evaluation 91 has completed
Initiating evaluation 93
nonblocking fork: python3 driver.py params.in results.out
Waiting on completed jobs
Evaluation 92 has completed
Initiating evaluation 94
nonblocking fork: python3 driver.py params.in results.out
Waiting on completed jobs
Evaluation 93 has completed
Initiating evaluation 95
nonblocking fork: python3 driver.py params.in results.out
Waiting on completed jobs
Evaluation 94 has completed
Initiating evaluation 96
nonblocking fork: python3 driver.py params.in results.out
Waiting on completed jobs
Evaluation 95 has completed
Initiating evaluation 97
nonblocking fork: python3 driver.py params.in results.out
Waiting on completed jobs
Evaluation 96 has completed
Initiating evaluation 98
nonblocking fork: python3 driver.py params.in results.out
Waiting on completed jobs
Evaluation 97 has completed
Initiating evaluation 99
nonblocking fork: python3 driver.py params.in results.out
Waiting on completed jobs
Evaluation 98 has completed
Initiating evaluation 100
nonblocking fork: python3 driver.py params.in results.out
Waiting on completed jobs
Evaluation 99 has completed
Initiating evaluation 101
nonblocking fork: python3 driver.py params.in results.out
Waiting on completed jobs
Evaluation 100 has completed
Initiating evaluation 102
nonblocking fork: python3 driver.py params.in results.out
Waiting on completed jobs
Evaluation 101 has completed
Initiating evaluation 103
nonblocking fork: python3 driver.py params.in results.out
Waiting on completed jobs
Evaluation 102 has completed
Initiating evaluation 104
nonblocking fork: python3 driver.py params.in results.out
Waiting on completed jobs
Evaluation 103 has completed
Initiating evaluation 105
nonblocking fork: python3 driver.py params.in results.out
Waiting on completed jobs
Evaluation 104 has completed
Initiating evaluation 106
nonblocking fork: python3 driver.py params.in results.out
Waiting on completed jobs
Evaluation 105 has completed
Initiating evaluation 107
nonblocking fork: python3 driver.py params.in results.out
Waiting on completed jobs
Evaluation 106 has completed
Initiating evaluation 108
nonblocking fork: python3 driver.py params.in results.out
Waiting on completed jobs
Evaluation 107 has completed
Initiating evaluation 109
nonblocking fork: python3 driver.py params.in results.out
Waiting on completed jobs
Evaluation 108 has completed
Initiating evaluation 110
nonblocking fork: python3 driver.py params.in results.out
Waiting on completed jobs
Evaluation 109 has completed
Initiating evaluation 111
nonblocking fork: python3 driver.py params.in results.out
Waiting on completed jobs
Evaluation 110 has completed
Initiating evaluation 112
nonblocking fork: python3 driver.py params.in results.out
Waiting on completed jobs
Evaluation 111 has completed
Initiating evaluation 113
nonblocking fork: python3 driver.py params.in results.out
Waiting on completed jobs
Evaluation 112 has completed
Initiating evaluation 114
nonblocking fork: python3 driver.py params.in results.out
Waiting on completed jobs
Evaluation 113 has completed
Initiating evaluation 115
nonblocking fork: python3 driver.py params.in results.out
Waiting on completed jobs
Evaluation 114 has completed
Initiating evaluation 116
nonblocking fork: python3 driver.py params.in results.out
Waiting on completed jobs
Evaluation 115 has completed
Initiating evaluation 117
nonblocking fork: python3 driver.py params.in results.out
Waiting on completed jobs
Evaluation 116 has completed
Initiating evaluation 118
nonblocking fork: python3 driver.py params.in results.out
Waiting on completed jobs
Evaluation 117 has completed
Initiating evaluation 119
nonblocking fork: python3 driver.py params.in results.out
Waiting on completed jobs
Evaluation 118 has completed
Initiating evaluation 120
nonblocking fork: python3 driver.py params.in results.out
Waiting on completed jobs
Evaluation 120 has completed
Initiating evaluation 121
nonblocking fork: python3 driver.py params.in results.out
Waiting on completed jobs
Evaluation 119 has completed
Initiating evaluation 122
nonblocking fork: python3 driver.py params.in results.out
Waiting on completed jobs
Evaluation 121 has completed
Initiating evaluation 123
nonblocking fork: python3 driver.py params.in results.out
Waiting on completed jobs
Evaluation 122 has completed
Initiating evaluation 124
nonblocking fork: python3 driver.py params.in results.out
Waiting on completed jobs
Evaluation 123 has completed
Initiating evaluation 125
nonblocking fork: python3 driver.py params.in results.out
Waiting on completed jobs
Evaluation 124 has completed
Initiating evaluation 126
nonblocking fork: python3 driver.py params.in results.out
Waiting on completed jobs
Evaluation 125 has completed
Initiating evaluation 127
nonblocking fork: python3 driver.py params.in results.out
Waiting on completed jobs
Evaluation 126 has completed
Initiating evaluation 128
nonblocking fork: python3 driver.py params.in results.out
Waiting on completed jobs
Evaluation 127 has completed
Initiating evaluation 129
nonblocking fork: python3 driver.py params.in results.out
Waiting on completed jobs
Evaluation 128 has completed
Initiating evaluation 130
nonblocking fork: python3 driver.py params.in results.out
Waiting on completed jobs
Evaluation 129 has completed
Initiating evaluation 131
nonblocking fork: python3 driver.py params.in results.out
Waiting on completed jobs
Evaluation 130 has completed
Initiating evaluation 132
nonblocking fork: python3 driver.py params.in results.out
Waiting on completed jobs
Evaluation 131 has completed
Initiating evaluation 133
nonblocking fork: python3 driver.py params.in results.out
Waiting on completed jobs
Evaluation 132 has completed
Initiating evaluation 134
nonblocking fork: python3 driver.py params.in results.out
Waiting on completed jobs
Evaluation 133 has completed
Initiating evaluation 135
nonblocking fork: python3 driver.py params.in results.out
Waiting on completed jobs
Evaluation 134 has completed
Initiating evaluation 136
nonblocking fork: python3 driver.py params.in results.out
Waiting on completed jobs
Evaluation 135 has completed
Initiating evaluation 137
nonblocking fork: python3 driver.py params.in results.out
Waiting on completed jobs
Evaluation 136 has completed
Initiating evaluation 138
nonblocking fork: python3 driver.py params.in results.out
Waiting on completed jobs
Evaluation 138 has completed
Initiating evaluation 139
nonblocking fork: python3 driver.py params.in results.out
Waiting on completed jobs
Evaluation 137 has completed
Initiating evaluation 140
nonblocking fork: python3 driver.py params.in results.out
Waiting on completed jobs
Evaluation 140 has completed
Initiating evaluation 141
nonblocking fork: python3 driver.py params.in results.out
Waiting on completed jobs
Evaluation 139 has completed
Initiating evaluation 142
nonblocking fork: python3 driver.py params.in results.out
Waiting on completed jobs
Evaluation 141 has completed
Initiating evaluation 143
nonblocking fork: python3 driver.py params.in results.out
Waiting on completed jobs
Evaluation 143 has completed
Initiating evaluation 144
nonblocking fork: python3 driver.py params.in results.out
Waiting on completed jobs
Evaluation 142 has completed
Initiating evaluation 145
nonblocking fork: python3 driver.py params.in results.out
Waiting on completed jobs
Evaluation 144 has completed
Initiating evaluation 146
nonblocking fork: python3 driver.py params.in results.out
Waiting on completed jobs
Evaluation 145 has completed
Initiating evaluation 147
nonblocking fork: python3 driver.py params.in results.out
Waiting on completed jobs
Evaluation 146 has completed
Initiating evaluation 148
nonblocking fork: python3 driver.py params.in results.out
Waiting on completed jobs
Evaluation 147 has completed
Initiating evaluation 149
nonblocking fork: python3 driver.py params.in results.out
Waiting on completed jobs
Evaluation 148 has completed
Initiating evaluation 150
nonblocking fork: python3 driver.py params.in results.out
Waiting on completed jobs
Evaluation 149 has completed
Initiating evaluation 151
nonblocking fork: python3 driver.py params.in results.out
Waiting on completed jobs
Evaluation 150 has completed
Initiating evaluation 152
nonblocking fork: python3 driver.py params.in results.out
Waiting on completed jobs
Evaluation 151 has completed
Initiating evaluation 153
nonblocking fork: python3 driver.py params.in results.out
Waiting on completed jobs
Evaluation 152 has completed
Initiating evaluation 154
nonblocking fork: python3 driver.py params.in results.out
Waiting on completed jobs
Evaluation 153 has completed
Initiating evaluation 155
nonblocking fork: python3 driver.py params.in results.out
Waiting on completed jobs
Evaluation 154 has completed
Initiating evaluation 156
nonblocking fork: python3 driver.py params.in results.out
Waiting on completed jobs
Evaluation 155 has completed
Initiating evaluation 157
nonblocking fork: python3 driver.py params.in results.out
Waiting on completed jobs
Evaluation 156 has completed
Initiating evaluation 158
nonblocking fork: python3 driver.py params.in results.out
Waiting on completed jobs
Evaluation 158 has completed
Initiating evaluation 159
nonblocking fork: python3 driver.py params.in results.out
Waiting on completed jobs
Evaluation 157 has completed
Initiating evaluation 160
nonblocking fork: python3 driver.py params.in results.out
Waiting on completed jobs
Evaluation 159 has completed
Initiating evaluation 161
nonblocking fork: python3 driver.py params.in results.out
Waiting on completed jobs
Evaluation 160 has completed
Initiating evaluation 162
nonblocking fork: python3 driver.py params.in results.out
Waiting on completed jobs
Evaluation 161 has completed
Initiating evaluation 163
nonblocking fork: python3 driver.py params.in results.out
Waiting on completed jobs
Evaluation 162 has completed
Initiating evaluation 164
nonblocking fork: python3 driver.py params.in results.out
Waiting on completed jobs
Evaluation 163 has completed
Initiating evaluation 165
nonblocking fork: python3 driver.py params.in results.out
Waiting on completed jobs
Evaluation 164 has completed
Initiating evaluation 166
nonblocking fork: python3 driver.py params.in results.out
Waiting on completed jobs
Evaluation 165 has completed
Initiating evaluation 167
nonblocking fork: python3 driver.py params.in results.out
Waiting on completed jobs
Evaluation 166 has completed
Initiating evaluation 168
nonblocking fork: python3 driver.py params.in results.out
Waiting on completed jobs
Evaluation 168 has completed
Initiating evaluation 169
nonblocking fork: python3 driver.py params.in results.out
Waiting on completed jobs
Evaluation 167 has completed
Initiating evaluation 170
nonblocking fork: python3 driver.py params.in results.out
Waiting on completed jobs
Evaluation 169 has completed
Initiating evaluation 171
nonblocking fork: python3 driver.py params.in results.out
Waiting on completed jobs
Evaluation 170 has completed
Initiating evaluation 172
nonblocking fork: python3 driver.py params.in results.out
Waiting on completed jobs
Evaluation 172 has completed
Initiating evaluation 173
nonblocking fork: python3 driver.py params.in results.out
Waiting on completed jobs
Evaluation 171 has completed
Initiating evaluation 174
nonblocking fork: python3 driver.py params.in results.out
Waiting on completed jobs
Evaluation 173 has completed
Initiating evaluation 175
nonblocking fork: python3 driver.py params.in results.out
Waiting on completed jobs
Evaluation 174 has completed
Initiating evaluation 176
nonblocking fork: python3 driver.py params.in results.out
Waiting on completed jobs
Evaluation 175 has completed
Initiating evaluation 177
nonblocking fork: python3 driver.py params.in results.out
Waiting on completed jobs
Evaluation 176 has completed
Initiating evaluation 178
nonblocking fork: python3 driver.py params.in results.out
Waiting on completed jobs
Evaluation 177 has completed
Initiating evaluation 179
nonblocking fork: python3 driver.py params.in results.out
Waiting on completed jobs
Evaluation 178 has completed
Initiating evaluation 180
nonblocking fork: python3 driver.py params.in results.out
Waiting on completed jobs
Evaluation 179 has completed
Initiating evaluation 181
nonblocking fork: python3 driver.py params.in results.out
Waiting on completed jobs
Evaluation 180 has completed
Initiating evaluation 182
nonblocking fork: python3 driver.py params.in results.out
Waiting on completed jobs
Evaluation 181 has completed
Initiating evaluation 183
nonblocking fork: python3 driver.py params.in results.out
Waiting on completed jobs
Evaluation 182 has completed
Initiating evaluation 184
nonblocking fork: python3 driver.py params.in results.out
Waiting on completed jobs
Evaluation 183 has completed
Initiating evaluation 185
nonblocking fork: python3 driver.py params.in results.out
Waiting on completed jobs
Evaluation 184 has completed
Initiating evaluation 186
nonblocking fork: python3 driver.py params.in results.out
Waiting on completed jobs
Evaluation 186 has completed
Initiating evaluation 187
nonblocking fork: python3 driver.py params.in results.out
Waiting on completed jobs
Evaluation 185 has completed
Initiating evaluation 188
nonblocking fork: python3 driver.py params.in results.out
Waiting on completed jobs
Evaluation 187 has completed
Initiating evaluation 189
nonblocking fork: python3 driver.py params.in results.out
Waiting on completed jobs
Evaluation 189 has completed
Initiating evaluation 190
nonblocking fork: python3 driver.py params.in results.out
Waiting on completed jobs
Evaluation 188 has completed
Initiating evaluation 191
nonblocking fork: python3 driver.py params.in results.out
Waiting on completed jobs
Evaluation 191 has completed
Initiating evaluation 192
nonblocking fork: python3 driver.py params.in results.out
Waiting on completed jobs
Evaluation 190 has completed
Initiating evaluation 193
nonblocking fork: python3 driver.py params.in results.out
Waiting on completed jobs
Evaluation 192 has completed
Initiating evaluation 194
nonblocking fork: python3 driver.py params.in results.out
Waiting on completed jobs
Evaluation 193 has completed
Initiating evaluation 195
nonblocking fork: python3 driver.py params.in results.out
Waiting on completed jobs
Evaluation 195 has completed
Initiating evaluation 196
nonblocking fork: python3 driver.py params.in results.out
Waiting on completed jobs
Evaluation 194 has completed
Initiating evaluation 197
nonblocking fork: python3 driver.py params.in results.out
Waiting on completed jobs
Evaluation 196 has completed
Initiating evaluation 198
nonblocking fork: python3 driver.py params.in results.out
Waiting on completed jobs
Evaluation 197 has completed
Initiating evaluation 199
nonblocking fork: python3 driver.py params.in results.out
Waiting on completed jobs
Evaluation 198 has completed
Initiating evaluation 200
nonblocking fork: python3 driver.py params.in results.out
Waiting on completed jobs
Evaluation 199 has completed
Initiating evaluation 201
nonblocking fork: python3 driver.py params.in results.out
Waiting on completed jobs
Evaluation 200 has completed
Initiating evaluation 202
nonblocking fork: python3 driver.py params.in results.out
Waiting on completed jobs
Evaluation 201 has completed
Initiating evaluation 203
nonblocking fork: python3 driver.py params.in results.out
Waiting on completed jobs
Evaluation 202 has completed
Initiating evaluation 204
nonblocking fork: python3 driver.py params.in results.out
Waiting on completed jobs
Evaluation 204 has completed
Initiating evaluation 205
nonblocking fork: python3 driver.py params.in results.out
Waiting on completed jobs
Evaluation 203 has completed
Initiating evaluation 206
nonblocking fork: python3 driver.py params.in results.out
Waiting on completed jobs
Evaluation 206 has completed
Initiating evaluation 207
nonblocking fork: python3 driver.py params.in results.out
Waiting on completed jobs
Evaluation 205 has completed
Initiating evaluation 208
nonblocking fork: python3 driver.py params.in results.out
Waiting on completed jobs
Evaluation 207 has completed
Initiating evaluation 209
nonblocking fork: python3 driver.py params.in results.out
Waiting on completed jobs
Evaluation 208 has completed
Initiating evaluation 210
nonblocking fork: python3 driver.py params.in results.out
Waiting on completed jobs
Evaluation 209 has completed
Initiating evaluation 211
nonblocking fork: python3 driver.py params.in results.out
Waiting on completed jobs
Evaluation 210 has completed
Initiating evaluation 212
nonblocking fork: python3 driver.py params.in results.out
Waiting on completed jobs
Evaluation 211 has completed
Initiating evaluation 213
nonblocking fork: python3 driver.py params.in results.out
Waiting on completed jobs
Evaluation 212 has completed
Initiating evaluation 214
nonblocking fork: python3 driver.py params.in results.out
Waiting on completed jobs
Evaluation 214 has completed
Initiating evaluation 215
nonblocking fork: python3 driver.py params.in results.out
Waiting on completed jobs
Evaluation 213 has completed
Initiating evaluation 216
nonblocking fork: python3 driver.py params.in results.out
Waiting on completed jobs
Evaluation 215 has completed
Initiating evaluation 217
nonblocking fork: python3 driver.py params.in results.out
Waiting on completed jobs
Evaluation 216 has completed
Initiating evaluation 218
nonblocking fork: python3 driver.py params.in results.out
Waiting on completed jobs
Evaluation 217 has completed
Initiating evaluation 219
nonblocking fork: python3 driver.py params.in results.out
Waiting on completed jobs
Evaluation 218 has completed
Initiating evaluation 220
nonblocking fork: python3 driver.py params.in results.out
Waiting on completed jobs
Evaluation 220 has completed
Initiating evaluation 221
nonblocking fork: python3 driver.py params.in results.out
Waiting on completed jobs
Evaluation 219 has completed
Initiating evaluation 222
nonblocking fork: python3 driver.py params.in results.out
Waiting on completed jobs
Evaluation 221 has completed
Initiating evaluation 223
nonblocking fork: python3 driver.py params.in results.out
Waiting on completed jobs
Evaluation 222 has completed
Initiating evaluation 224
nonblocking fork: python3 driver.py params.in results.out
Waiting on completed jobs
Evaluation 223 has completed
Initiating evaluation 225
nonblocking fork: python3 driver.py params.in results.out
Waiting on completed jobs
Evaluation 225 has completed
Initiating evaluation 226
nonblocking fork: python3 driver.py params.in results.out
Waiting on completed jobs
Evaluation 224 has completed
Initiating evaluation 227
nonblocking fork: python3 driver.py params.in results.out
Waiting on completed jobs
Evaluation 226 has completed
Initiating evaluation 228
nonblocking fork: python3 driver.py params.in results.out
Waiting on completed jobs
Evaluation 227 has completed
Initiating evaluation 229
nonblocking fork: python3 driver.py params.in results.out
Waiting on completed jobs
Evaluation 228 has completed
Initiating evaluation 230
nonblocking fork: python3 driver.py params.in results.out
Waiting on completed jobs
Evaluation 229 has completed
Initiating evaluation 231
nonblocking fork: python3 driver.py params.in results.out
Waiting on completed jobs
Evaluation 230 has completed
Initiating evaluation 232
nonblocking fork: python3 driver.py params.in results.out
Waiting on completed jobs
Evaluation 231 has completed
Initiating evaluation 233
nonblocking fork: python3 driver.py params.in results.out
Waiting on completed jobs
Evaluation 232 has completed
Initiating evaluation 234
nonblocking fork: python3 driver.py params.in results.out
Waiting on completed jobs
Evaluation 233 has completed
Initiating evaluation 235
nonblocking fork: python3 driver.py params.in results.out
Waiting on completed jobs
Evaluation 234 has completed
Initiating evaluation 236
nonblocking fork: python3 driver.py params.in results.out
Waiting on completed jobs
Evaluation 235 has completed
Initiating evaluation 237
nonblocking fork: python3 driver.py params.in results.out
Waiting on completed jobs
Evaluation 236 has completed
Initiating evaluation 238
nonblocking fork: python3 driver.py params.in results.out
Waiting on completed jobs
Evaluation 237 has completed
Initiating evaluation 239
nonblocking fork: python3 driver.py params.in results.out
Waiting on completed jobs
Evaluation 238 has completed
Initiating evaluation 240
nonblocking fork: python3 driver.py params.in results.out
Waiting on completed jobs
Evaluation 240 has completed
Initiating evaluation 241
nonblocking fork: python3 driver.py params.in results.out
Waiting on completed jobs
Evaluation 239 has completed
Initiating evaluation 242
nonblocking fork: python3 driver.py params.in results.out
Waiting on completed jobs
Evaluation 241 has completed
Initiating evaluation 243
nonblocking fork: python3 driver.py params.in results.out
Waiting on completed jobs
Evaluation 242 has completed
Initiating evaluation 244
nonblocking fork: python3 driver.py params.in results.out
Waiting on completed jobs
Evaluation 243 has completed
Initiating evaluation 245
nonblocking fork: python3 driver.py params.in results.out
Waiting on completed jobs
Evaluation 244 has completed
Initiating evaluation 246
nonblocking fork: python3 driver.py params.in results.out
Waiting on completed jobs
Evaluation 246 has completed
Initiating evaluation 247
nonblocking fork: python3 driver.py params.in results.out
Waiting on completed jobs
Evaluation 245 has completed
Initiating evaluation 248
nonblocking fork: python3 driver.py params.in results.out
Waiting on completed jobs
Evaluation 247 has completed
Initiating evaluation 249
nonblocking fork: python3 driver.py params.in results.out
Waiting on completed jobs
Evaluation 248 has completed
Initiating evaluation 250
nonblocking fork: python3 driver.py params.in results.out
Waiting on completed jobs
Evaluation 250 has completed
Initiating evaluation 251
nonblocking fork: python3 driver.py params.in results.out
Waiting on completed jobs
Evaluation 249 has completed
Initiating evaluation 252
nonblocking fork: python3 driver.py params.in results.out
Waiting on completed jobs
Evaluation 251 has completed
Initiating evaluation 253
nonblocking fork: python3 driver.py params.in results.out
Waiting on completed jobs
Evaluation 252 has completed
Initiating evaluation 254
nonblocking fork: python3 driver.py params.in results.out
Waiting on completed jobs
Evaluation 253 has completed
Initiating evaluation 255
nonblocking fork: python3 driver.py params.in results.out
Waiting on completed jobs
Evaluation 254 has completed
Initiating evaluation 256
nonblocking fork: python3 driver.py params.in results.out
Waiting on completed jobs
Evaluation 255 has completed
Initiating evaluation 257
nonblocking fork: python3 driver.py params.in results.out
Waiting on completed jobs
Evaluation 256 has completed
Initiating evaluation 258
nonblocking fork: python3 driver.py params.in results.out
Waiting on completed jobs
Evaluation 257 has completed
Initiating evaluation 259
nonblocking fork: python3 driver.py params.in results.out
Waiting on completed jobs
Evaluation 258 has completed
Initiating evaluation 260
nonblocking fork: python3 driver.py params.in results.out
Waiting on completed jobs
Evaluation 260 has completed
Initiating evaluation 261
nonblocking fork: python3 driver.py params.in results.out
Waiting on completed jobs
Evaluation 259 has completed
Initiating evaluation 262
nonblocking fork: python3 driver.py params.in results.out
Waiting on completed jobs
Evaluation 261 has completed
Initiating evaluation 263
nonblocking fork: python3 driver.py params.in results.out
Waiting on completed jobs
Evaluation 262 has completed
Initiating evaluation 264
nonblocking fork: python3 driver.py params.in results.out
Waiting on completed jobs
Evaluation 263 has completed
Initiating evaluation 265
nonblocking fork: python3 driver.py params.in results.out
Waiting on completed jobs
Evaluation 265 has completed
Initiating evaluation 266
nonblocking fork: python3 driver.py params.in results.out
Waiting on completed jobs
Evaluation 264 has completed
Initiating evaluation 267
nonblocking fork: python3 driver.py params.in results.out
Waiting on completed jobs
Evaluation 266 has completed
Initiating evaluation 268
nonblocking fork: python3 driver.py params.in results.out
Waiting on completed jobs
Evaluation 267 has completed
Initiating evaluation 269
nonblocking fork: python3 driver.py params.in results.out
Waiting on completed jobs
Evaluation 268 has completed
Initiating evaluation 270
nonblocking fork: python3 driver.py params.in results.out
Waiting on completed jobs
Evaluation 269 has completed
Initiating evaluation 271
nonblocking fork: python3 driver.py params.in results.out
Waiting on completed jobs
Evaluation 270 has completed
Initiating evaluation 272
nonblocking fork: python3 driver.py params.in results.out
Waiting on completed jobs
Evaluation 271 has completed
Initiating evaluation 273
nonblocking fork: python3 driver.py params.in results.out
Waiting on completed jobs
Evaluation 272 has completed
Initiating evaluation 274
nonblocking fork: python3 driver.py params.in results.out
Waiting on completed jobs
Evaluation 273 has completed
Initiating evaluation 275
nonblocking fork: python3 driver.py params.in results.out
Waiting on completed jobs
Evaluation 274 has completed
Initiating evaluation 276
nonblocking fork: python3 driver.py params.in results.out
Waiting on completed jobs
Evaluation 275 has completed
Initiating evaluation 277
nonblocking fork: python3 driver.py params.in results.out
Waiting on completed jobs
Evaluation 276 has completed
Initiating evaluation 278
nonblocking fork: python3 driver.py params.in results.out
Waiting on completed jobs
Evaluation 277 has completed
Initiating evaluation 279
nonblocking fork: python3 driver.py params.in results.out
Waiting on completed jobs
Evaluation 278 has completed
Initiating evaluation 280
nonblocking fork: python3 driver.py params.in results.out
Waiting on completed jobs
Evaluation 280 has completed
Waiting on completed jobs
Evaluation 279 has completed

Active response data for evaluation 1:
Active set vector = { 1 1 1 1 1 1 1 1 1 }
                      6.6762000000e+00 flow_2.4
                      3.4630100000e+00 density_2.4
                      6.6378000000e-01 speed_2.4
                      9.4612800000e+00 flow_3.6
                      3.1235600000e+00 density_3.6
                      8.4285000000e-01 speed_3.6
                      1.5448500000e+01 flow_5.0
                      3.1179000000e+00 density_5.0
                      9.9074000000e-01 speed_5.0


Active response data for evaluation 2:
Active set vector = { 1 1 1 1 1 1 1 1 1 }
                      3.4414900000e+00 flow_2.4
                      3.2104700000e+00 density_2.4
                      3.2149000000e-01 speed_2.4
                      5.5161500000e+00 flow_3.6
                      2.7127300000e+00 density_3.6
                      5.2775000000e-01 speed_3.6
                      7.9067100000e+00 flow_5.0
                      2.5106500000e+00 density_5.0
                      6.7499000000e-01 speed_5.0


Active response data for evaluation 3:
Active set vector = { 1 1 1 1 1 1 1 1 1 }
                      5.3695200000e+00 flow_2.4
                      2.8585800000e+00 density_2.4
                      5.3716000000e-01 speed_2.4
                      8.0459800000e+00 flow_3.6
                      2.5903600000e+00 density_3.6
                      7.3117000000e-01 speed_3.6
                      1.0966980000e+01 flow_5.0
                      2.4710100000e+00 density_5.0
                      8.1939000000e-01 speed_5.0


Active response data for evaluation 4:
Active set vector = { 1 1 1 1 1 1 1 1 1 }
                      5.2721100000e+00 flow_2.4
                      3.5097500000e+00 density_2.4
                      4.2185000000e-01 speed_2.4
                      7.9908700000e+00 flow_3.6
                      3.0070200000e+00 density_3.6
                      6.2930000000e-01 speed_3.6
                      1.0788860000e+01 flow_5.0
                      2.7124700000e+00 density_5.0
                      7.2983000000e-01 speed_5.0


Active response data for evaluation 5:
Active set vector = { 1 1 1 1 1 1 1 1 1 }
                      5.2730700000e+00 flow_2.4
                      7.5475700000e+00 density_2.4
                      1.8932000000e-01 speed_2.4
                      7.3606700000e+00 flow_3.6
                      5.8062400000e+00 density_3.6
                      2.8461000000e-01 speed_3.6
                      9.8245600000e+00 flow_5.0
                      4.3761300000e+00 density_5.0
                      3.7789000000e-01 speed_5.0


Active response data for evaluation 6:
Active set vector = { 1 1 1 1 1 1 1 1 1 }
                      3.9248700000e+00 flow_2.4
                      3.4753900000e+00 density_2.4
                      3.2239000000e-01 speed_2.4
                      5.9752500000e+00 flow_3.6
                      3.0153900000e+00 density_3.6
                      5.1273000000e-01 speed_3.6
                      9.1503300000e+00 flow_5.0
                      2.7019800000e+00 density_5.0
                      6.4521000000e-01 speed_5.0


Active response data for evaluation 7:
Active set vector = { 1 1 1 1 1 1 1 1 1 }
                      3.3238400000e+00 flow_2.4
                      3.0406700000e+00 density_2.4
                      3.0358000000e-01 speed_2.4
                      5.1622400000e+00 flow_3.6
                      2.4840200000e+00 density_3.6
                      4.9426000000e-01 speed_3.6
                      6.4635300000e+00 flow_5.0
                      2.2895700000e+00 density_5.0
                      5.5560000000e-01 speed_5.0


Active response data for evaluation 8:
Active set vector = { 1 1 1 1 1 1 1 1 1 }
                      7.6354700000e+00 flow_2.4
                      5.2945000000e+00 density_2.4
                      3.9839000000e-01 speed_2.4
                      1.1019610000e+01 flow_3.6
                      4.4940500000e+00 density_3.6
                      5.3588000000e-01 speed_3.6
                      1.4715190000e+01 flow_5.0
                      3.9573000000e+00 density_5.0
                      6.2283000000e-01 speed_5.0


Active response data for evaluation 9:
Active set vector = { 1 1 1 1 1 1 1 1 1 }
                      6.6006600000e+00 flow_2.4
                      4.5043900000e+00 density_2.4
                      4.3823000000e-01 speed_2.4
                      1.0901960000e+01 flow_3.6
                      3.7059900000e+00 density_3.6
                      6.7875000000e-01 speed_3.6
                      1.4133740000e+01 flow_5.0
                      3.2608200000e+00 density_5.0
                      7.3486000000e-01 speed_5.0


Active response data for evaluation 10:
Active set vector = { 1 1 1 1 1 1 1 1 1 }
                      5.4137700000e+00 flow_2.4
                      3.6674400000e+00 density_2.4
                      4.0494000000e-01 speed_2.4
                      8.1159400000e+00 flow_3.6
                      3.0651700000e+00 density_3.6
                      6.1977000000e-01 speed_3.6
                      1.0939970000e+01 flow_5.0
                      2.7537100000e+00 density_5.0
                      7.2404000000e-01 speed_5.0


Active response data for evaluation 11:
Active set vector = { 1 1 1 1 1 1 1 1 1 }
                      4.3695400000e+00 flow_2.4
                      2.2587900000e+00 density_2.4
                      5.6002000000e-01 speed_2.4
                      6.6100100000e+00 flow_3.6
                      2.0236400000e+00 density_3.6
                      8.0136000000e-01 speed_3.6
                      9.0439300000e+00 flow_5.0
                      1.9256000000e+00 density_5.0
                      8.9203000000e-01 speed_5.0


Active response data for evaluation 12:
Active set vector = { 1 1 1 1 1 1 1 1 1 }
                      8.0161500000e+00 flow_2.4
                      4.4214200000e+00 density_2.4
                      5.2664000000e-01 speed_2.4
                      1.0324480000e+01 flow_3.6
                      3.0609400000e+00 density_3.6
                      7.1281000000e-01 speed_3.6
                      1.3257580000e+01 flow_5.0
                      2.0573700000e+00 density_5.0
                      7.0195000000e-01 speed_5.0


Active response data for evaluation 13:
Active set vector = { 1 1 1 1 1 1 1 1 1 }
                      1.2287760000e+01 flow_2.4
                      3.8588600000e+00 density_2.4
                      8.6117000000e-01 speed_2.4
                      1.8152450000e+01 flow_3.6
                      3.4314700000e+00 density_3.6
                      1.1743200000e+00 speed_3.6
                      2.5225230000e+01 flow_5.0
                      3.2229300000e+00 density_5.0
                      1.3389500000e+00 speed_5.0


Active response data for evaluation 14:
Active set vector = { 1 1 1 1 1 1 1 1 1 }
                      6.5592900000e+00 flow_2.4
                      6.2724800000e+00 density_2.4
                      2.9237000000e-01 speed_2.4
                      8.5951900000e+00 flow_3.6
                      4.8813900000e+00 density_3.6
                      3.9976000000e-01 speed_3.6
                      1.1192210000e+01 flow_5.0
                      3.3742200000e+00 density_5.0
                      5.6615000000e-01 speed_5.0


Active response data for evaluation 15:
Active set vector = { 1 1 1 1 1 1 1 1 1 }
                      4.1741500000e+00 flow_2.4
                      2.1974700000e+00 density_2.4
                      5.7771000000e-01 speed_2.4
                      6.4724900000e+00 flow_3.6
                      1.9746700000e+00 density_3.6
                      8.2443000000e-01 speed_3.6
                      9.3333300000e+00 flow_5.0
                      1.8509400000e+00 density_5.0
                      1.0209300000e+00 speed_5.0


Active response data for evaluation 16:
Active set vector = { 1 1 1 1 1 1 1 1 1 }
                      9.4086000000e+00 flow_2.4
                      6.2029300000e+00 density_2.4
                      4.2564000000e-01 speed_2.4
                      1.1326860000e+01 flow_3.6
                      3.8139900000e+00 density_3.6
                      6.1340000000e-01 speed_3.6
                      1.3725490000e+01 flow_5.0
                      2.3292800000e+00 density_5.0
                      6.9743000000e-01 speed_5.0


Active response data for evaluation 17:
Active set vector = { 1 1 1 1 1 1 1 1 1 }
                      4.1225000000e+00 flow_2.4
                      6.6178600000e+00 density_2.4
                      1.7435000000e-01 speed_2.4
                      6.2222200000e+00 flow_3.6
                      4.6568900000e+00 density_3.6
                      2.9944000000e-01 speed_3.6
                      7.8020100000e+00 flow_5.0
                      3.1003200000e+00 density_5.0
                      4.0556000000e-01 speed_5.0


Active response data for evaluation 18:
Active set vector = { 1 1 1 1 1 1 1 1 1 }
                      3.4188000000e+00 flow_2.4
                      3.1165000000e+00 density_2.4
                      3.1631000000e-01 speed_2.4
                      5.2472600000e+00 flow_3.6
                      2.6100900000e+00 density_3.6
                      4.7675000000e-01 speed_3.6
                      7.4281200000e+00 flow_5.0
                      2.2812700000e+00 density_5.0
                      6.2065000000e-01 speed_5.0


Active response data for evaluation 19:
Active set vector = { 1 1 1 1 1 1 1 1 1 }
                      1.9436300000e+00 flow_2.4
                      1.9365600000e+00 density_2.4
                      2.7478000000e-01 speed_2.4
                      2.2898300000e+00 flow_3.6
                      1.0617100000e+00 density_3.6
                      3.8356000000e-01 speed_3.6
                      2.2479100000e+00 flow_5.0
                      1.2399400000e+00 density_5.0
                      2.2617000000e-01 speed_5.0


Active response data for evaluation 20:
Active set vector = { 1 1 1 1 1 1 1 1 1 }
                      7.8962200000e+00 flow_2.4
                      7.1769400000e+00 density_2.4
                      2.9838000000e-01 speed_2.4
                      1.1522630000e+01 flow_3.6
                      5.1702100000e+00 density_3.6
                      5.1049000000e-01 speed_3.6
                      1.4141410000e+01 flow_5.0
                      4.0246000000e+00 density_5.0
                      5.8774000000e-01 speed_5.0


Active response data for evaluation 21:
Active set vector = { 1 1 1 1 1 1 1 1 1 }
                      3.3791900000e+00 flow_2.4
                      2.9376400000e+00 density_2.4
                      3.3587000000e-01 speed_2.4
                      5.1967300000e+00 flow_3.6
                      2.5808400000e+00 density_3.6
                      4.9410000000e-01 speed_3.6
                      7.4367100000e+00 flow_5.0
                      2.2954800000e+00 density_5.0
                      6.2768000000e-01 speed_5.0


Active response data for evaluation 22:
Active set vector = { 1 1 1 1 1 1 1 1 1 }
                      2.8612300000e+00 flow_2.4
                      2.5663100000e+00 density_2.4
                      3.1676000000e-01 speed_2.4
                      4.2043400000e+00 flow_3.6
                      2.1256000000e+00 density_3.6
                      4.7107000000e-01 speed_3.6
                      5.9862200000e+00 flow_5.0
                      1.8527600000e+00 density_5.0
                      6.2493000000e-01 speed_5.0


Active response data for evaluation 23:
Active set vector = { 1 1 1 1 1 1 1 1 1 }
                      5.1240000000e+00 flow_2.4
                      5.3727600000e+00 density_2.4
                      2.7218000000e-01 speed_2.4
                      7.6502700000e+00 flow_3.6
                      4.4184000000e+00 density_3.6
                      4.0694000000e-01 speed_3.6
                      9.8870100000e+00 flow_5.0
                      4.0014300000e+00 density_5.0
                      4.0662000000e-01 speed_5.0


Active response data for evaluation 24:
Active set vector = { 1 1 1 1 1 1 1 1 1 }
                      8.0439800000e+00 flow_2.4
                      5.4280100000e+00 density_2.4
                      4.2341000000e-01 speed_2.4
                      1.0101010000e+01 flow_3.6
                      3.9220100000e+00 density_3.6
                      5.6670000000e-01 speed_3.6
                      1.2015500000e+01 flow_5.0
                      2.8990200000e+00 density_5.0
                      6.2910000000e-01 speed_5.0


Active response data for evaluation 25:
Active set vector = { 1 1 1 1 1 1 1 1 1 }
                      2.7434800000e+00 flow_2.4
                      2.2654000000e+00 density_2.4
                      3.4768000000e-01 speed_2.4
                      3.4138000000e+00 flow_3.6
                      1.3992000000e+00 density_3.6
                      5.5819000000e-01 speed_3.6
                      3.5834000000e+00 flow_5.0
                      1.3486700000e+00 density_5.0
                      3.8780000000e-01 speed_5.0


Active response data for evaluation 26:
Active set vector = { 1 1 1 1 1 1 1 1 1 }
                      1.0619800000e+01 flow_2.4
                      4.9713200000e+00 density_2.4
                      6.5440000000e-01 speed_2.4
                      1.6606930000e+01 flow_3.6
                      4.4381400000e+00 density_3.6
                      9.2945000000e-01 speed_3.6
                      2.4603170000e+01 flow_5.0
                      3.9379700000e+00 density_5.0
                      1.2120000000e+00 speed_5.0


Active response data for evaluation 27:
Active set vector = { 1 1 1 1 1 1 1 1 1 }
                      2.6647600000e+00 flow_2.4
                      2.3357500000e+00 density_2.4
                      3.1770000000e-01 speed_2.4
                      4.1369000000e+00 flow_3.6
                      1.8771500000e+00 density_3.6
                      5.1348000000e-01 speed_3.6
                      5.6699000000e+00 flow_5.0
                      1.6313300000e+00 density_5.0
                      6.3461000000e-01 speed_5.0


Active response data for evaluation 28:
Active set vector = { 1 1 1 1 1 1 1 1 1 }
                      3.2908700000e+00 flow_2.4
                      2.1595300000e+00 density_2.4
                      4.2978000000e-01 speed_2.4
                      4.8728800000e+00 flow_3.6
                      1.8327700000e+00 density_3.6
                      6.2392000000e-01 speed_3.6
                      6.6476700000e+00 flow_5.0
                      1.6775000000e+00 density_5.0
                      7.2318000000e-01 speed_5.0


Active response data for evaluation 29:
Active set vector = { 1 1 1 1 1 1 1 1 1 }
                      5.2850100000e+00 flow_2.4
                      3.7271700000e+00 density_2.4
                      4.1641000000e-01 speed_2.4
                      8.1861000000e+00 flow_3.6
                      3.3956900000e+00 density_3.6
                      5.9592000000e-01 speed_3.6
                      1.1695910000e+01 flow_5.0
                      3.0772300000e+00 density_5.0
                      7.4599000000e-01 speed_5.0


Active response data for evaluation 30:
Active set vector = { 1 1 1 1 1 1 1 1 1 }
                      2.9080700000e+00 flow_2.4
                      3.6280100000e+00 density_2.4
                      2.3108000000e-01 speed_2.4
                      4.8110000000e+00 flow_3.6
                      2.9093700000e+00 density_3.6
                      3.8799000000e-01 speed_3.6
                      6.3405800000e+00 flow_5.0
                      2.6209100000e+00 density_5.0
                      4.4105000000e-01 speed_5.0


Active response data for evaluation 31:
Active set vector = { 1 1 1 1 1 1 1 1 1 }
                      5.2970100000e+00 flow_2.4
                      3.7123400000e+00 density_2.4
                      4.0512000000e-01 speed_2.4
                      8.0459800000e+00 flow_3.6
                      2.8758900000e+00 density_3.6
                      6.7816000000e-01 speed_3.6
                      9.4798100000e+00 flow_5.0
                      2.6156300000e+00 density_5.0
                      6.9847000000e-01 speed_5.0


Active response data for evaluation 32:
Active set vector = { 1 1 1 1 1 1 1 1 1 }
                      4.3769500000e+00 flow_2.4
                      2.9673500000e+00 density_2.4
                      4.3068000000e-01 speed_2.4
                      6.9651700000e+00 flow_3.6
                      2.6006000000e+00 density_3.6
                      6.5600000000e-01 speed_3.6
                      9.6273300000e+00 flow_5.0
                      2.2465300000e+00 density_5.0
                      8.6972000000e-01 speed_5.0


Active response data for evaluation 33:
Active set vector = { 1 1 1 1 1 1 1 1 1 }
                      4.6296300000e+00 flow_2.4
                      4.2712000000e+00 density_2.4
                      3.0035000000e-01 speed_2.4
                      6.4621100000e+00 flow_3.6
                      3.4816500000e+00 density_3.6
                      4.5098000000e-01 speed_3.6
                      8.4235900000e+00 flow_5.0
                      3.0875200000e+00 density_5.0
                      5.2555000000e-01 speed_5.0


Active response data for evaluation 34:
Active set vector = { 1 1 1 1 1 1 1 1 1 }
                      2.6959400000e+00 flow_2.4
                      3.1406700000e+00 density_2.4
                      2.4273000000e-01 speed_2.4
                      4.0229900000e+00 flow_3.6
                      2.5195300000e+00 density_3.6
                      3.7932000000e-01 speed_3.6
                      5.6093600000e+00 flow_5.0
                      2.2136800000e+00 density_5.0
                      4.7264000000e-01 speed_5.0


Active response data for evaluation 35:
Active set vector = { 1 1 1 1 1 1 1 1 1 }
                      4.5977000000e+00 flow_2.4
                      4.3396700000e+00 density_2.4
                      2.9164000000e-01 speed_2.4
                      7.2093000000e+00 flow_3.6
                      3.5142100000e+00 density_3.6
                      4.4265000000e-01 speed_3.6
                      9.3108000000e+00 flow_5.0
                      3.0881500000e+00 density_5.0
                      5.2275000000e-01 speed_5.0


Active response data for evaluation 36:
Active set vector = { 1 1 1 1 1 1 1 1 1 }
                      4.3175500000e+00 flow_2.4
                      3.7355900000e+00 density_2.4
                      3.4904000000e-01 speed_2.4
                      6.6476700000e+00 flow_3.6
                      3.1048100000e+00 density_3.6
                      5.0772000000e-01 speed_3.6
                      9.1965500000e+00 flow_5.0
                      2.7002300000e+00 density_5.0
                      6.4272000000e-01 speed_5.0


Active response data for evaluation 37:
Active set vector = { 1 1 1 1 1 1 1 1 1 }
                      4.9892700000e+00 flow_2.4
                      2.6263200000e+00 density_2.4
                      6.0005000000e-01 speed_2.4
                      8.2015200000e+00 flow_3.6
                      2.3380300000e+00 density_3.6
                      8.9635000000e-01 speed_3.6
                      1.1679140000e+01 flow_5.0
                      2.1761700000e+00 density_5.0
                      1.1044400000e+00 speed_5.0


Active response data for evaluation 38:
Active set vector = { 1 1 1 1 1 1 1 1 1 }
                      9.2776700000e+00 flow_2.4
                      4.2889000000e+00 density_2.4
                      6.0431000000e-01 speed_2.4
                      1.3645220000e+01 flow_3.6
                      3.8661000000e+00 density_3.6
                      7.9429000000e-01 speed_3.6
                      1.8466670000e+01 flow_5.0
                      3.6546700000e+00 density_5.0
                      8.6873000000e-01 speed_5.0


Active response data for evaluation 39:
Active set vector = { 1 1 1 1 1 1 1 1 1 }
                      1.1904760000e+01 flow_2.4
                      5.6470400000e+00 density_2.4
                      5.4707000000e-01 speed_2.4
                      1.4749730000e+01 flow_3.6
                      3.1648100000e+00 density_3.6
                      7.5904000000e-01 speed_3.6
                      1.8503940000e+01 flow_5.0
                      2.3557400000e+00 density_5.0
                      5.8279000000e-01 speed_5.0


Active response data for evaluation 40:
Active set vector = { 1 1 1 1 1 1 1 1 1 }
                      5.2199900000e+00 flow_2.4
                      2.3719100000e+00 density_2.4
                      6.6541000000e-01 speed_2.4
                      7.9500300000e+00 flow_3.6
                      2.1899300000e+00 density_3.6
                      8.7488000000e-01 speed_3.6
                      1.0825550000e+01 flow_5.0
                      2.0750100000e+00 density_5.0
                      9.4105000000e-01 speed_5.0


Active response data for evaluation 41:
Active set vector = { 1 1 1 1 1 1 1 1 1 }
                      5.3949900000e+00 flow_2.4
                      2.5688700000e+00 density_2.4
                      5.9307000000e-01 speed_2.4
                      7.8813600000e+00 flow_3.6
                      2.3495300000e+00 density_3.6
                      8.2095000000e-01 speed_3.6
                      1.0878010000e+01 flow_5.0
                      2.2504200000e+00 density_5.0
                      8.6557000000e-01 speed_5.0


Active response data for evaluation 42:
Active set vector = { 1 1 1 1 1 1 1 1 1 }
                      6.2808400000e+00 flow_2.4
                      5.3583400000e+00 density_2.4
                      3.3803000000e-01 speed_2.4
                      7.2949100000e+00 flow_3.6
                      3.1132000000e+00 density_3.6
                      4.7210000000e-01 speed_3.6
                      8.6270900000e+00 flow_5.0
                      2.1696400000e+00 density_5.0
                      4.5886000000e-01 speed_5.0


Active response data for evaluation 43:
Active set vector = { 1 1 1 1 1 1 1 1 1 }
                      3.0058200000e+00 flow_2.4
                      3.5007200000e+00 density_2.4
                      2.3455000000e-01 speed_2.4
                      3.6260000000e+00 flow_3.6
                      1.7875200000e+00 density_3.6
                      3.6836000000e-01 speed_3.6
                      3.7081300000e+00 flow_5.0
                      1.2374800000e+00 density_5.0
                      2.2074000000e-01 speed_5.0


Active response data for evaluation 44:
Active set vector = { 1 1 1 1 1 1 1 1 1 }
                      1.1670860000e+01 flow_2.4
                      6.3621700000e+00 density_2.4
                      5.1724000000e-01 speed_2.4
                      1.3605440000e+01 flow_3.6
                      3.8128100000e+00 density_3.6
                      7.2418000000e-01 speed_3.6
                      1.6726400000e+01 flow_5.0
                      2.0695200000e+00 density_5.0
                      7.9682000000e-01 speed_5.0


Active response data for evaluation 45:
Active set vector = { 1 1 1 1 1 1 1 1 1 }
                      2.8078600000e+00 flow_2.4
                      2.6082400000e+00 density_2.4
                      3.0684000000e-01 speed_2.4
                      4.3950900000e+00 flow_3.6
                      1.9502900000e+00 density_3.6
                      5.5054000000e-01 speed_3.6
                      4.6754100000e+00 flow_5.0
                      1.8332400000e+00 density_5.0
                      5.0132000000e-01 speed_5.0


Active response data for evaluation 46:
Active set vector = { 1 1 1 1 1 1 1 1 1 }
                      4.5572900000e+00 flow_2.4
                      4.4749100000e+00 density_2.4
                      2.7926000000e-01 speed_2.4
                      6.5451100000e+00 flow_3.6
                      3.7359900000e+00 density_3.6
                      3.9492000000e-01 speed_3.6
                      8.7106900000e+00 flow_5.0
                      3.0713600000e+00 density_5.0
                      5.1664000000e-01 speed_5.0


Active response data for evaluation 47:
Active set vector = { 1 1 1 1 1 1 1 1 1 }
                      7.1029900000e+00 flow_2.4
                      2.9670500000e+00 density_2.4
                      7.4338000000e-01 speed_2.4
                      1.1466010000e+01 flow_3.6
                      2.7372200000e+00 density_3.6
                      1.0544500000e+00 speed_3.6
                      1.6548460000e+01 flow_5.0
                      2.5946500000e+00 density_5.0
                      1.2739500000e+00 speed_5.0


Active response data for evaluation 48:
Active set vector = { 1 1 1 1 1 1 1 1 1 }
                      6.9135800000e+00 flow_2.4
                      5.0932500000e+00 density_2.4
                      3.6833000000e-01 speed_2.4
                      1.0606060000e+01 flow_3.6
                      4.1840800000e+00 density_3.6
                      5.5849000000e-01 speed_3.6
                      1.3596490000e+01 flow_5.0
                      3.5828800000e+00 density_5.0
                      6.5824000000e-01 speed_5.0


Active response data for evaluation 49:
Active set vector = { 1 1 1 1 1 1 1 1 1 }
                      3.5452900000e+00 flow_2.4
                      2.6507500000e+00 density_2.4
                      3.8999000000e-01 speed_2.4
                      5.4069800000e+00 flow_3.6
                      2.3218400000e+00 density_3.6
                      5.8046000000e-01 speed_3.6
                      7.9920400000e+00 flow_5.0
                      2.0987500000e+00 density_5.0
                      7.3461000000e-01 speed_5.0


Active response data for evaluation 50:
Active set vector = { 1 1 1 1 1 1 1 1 1 }
                      5.0779800000e+00 flow_2.4
                      3.2682500000e+00 density_2.4
                      4.4070000000e-01 speed_2.4
                      7.8398200000e+00 flow_3.6
                      2.6067800000e+00 density_3.6
                      7.4028000000e-01 speed_3.6
                      1.0079190000e+01 flow_5.0
                      2.4164900000e+00 density_5.0
                      8.2721000000e-01 speed_5.0


Active response data for evaluation 51:
Active set vector = { 1 1 1 1 1 1 1 1 1 }
                      5.0053800000e+00 flow_2.4
                      3.0704700000e+00 density_2.4
                      5.0192000000e-01 speed_2.4
                      7.5390400000e+00 flow_3.6
                      2.8436100000e+00 density_3.6
                      6.5831000000e-01 speed_3.6
                      1.0520360000e+01 flow_5.0
                      2.6789700000e+00 density_5.0
                      7.1121000000e-01 speed_5.0


Active response data for evaluation 52:
Active set vector = { 1 1 1 1 1 1 1 1 1 }
                      5.5555600000e+00 flow_2.4
                      2.6745400000e+00 density_2.4
                      6.0353000000e-01 speed_2.4
                      8.5784300000e+00 flow_3.6
                      2.3977700000e+00 density_3.6
                      8.8222000000e-01 speed_3.6
                      1.2213400000e+01 flow_5.0
                      2.2144700000e+00 density_5.0
                      1.1140600000e+00 speed_5.0


Active response data for evaluation 53:
Active set vector = { 1 1 1 1 1 1 1 1 1 }
                      1.1006290000e+01 flow_2.4
                      5.4441200000e+00 density_2.4
                      5.3425000000e-01 speed_2.4
                      1.2635870000e+01 flow_3.6
                      2.8856900000e+00 density_3.6
                      7.0294000000e-01 speed_3.6
                      1.5922110000e+01 flow_5.0
                      1.8591000000e+00 density_5.0
                      5.4482000000e-01 speed_5.0


Active response data for evaluation 54:
Active set vector = { 1 1 1 1 1 1 1 1 1 }
                      9.0762300000e+00 flow_2.4
                      4.9699500000e+00 density_2.4
                      5.0461000000e-01 speed_2.4
                      1.4629050000e+01 flow_3.6
                      4.2472100000e+00 density_3.6
                      8.2287000000e-01 speed_3.6
                      1.9620250000e+01 flow_5.0
                      3.8422900000e+00 density_5.0
                      8.9002000000e-01 speed_5.0


Active response data for evaluation 55:
Active set vector = { 1 1 1 1 1 1 1 1 1 }
                      6.8226100000e+00 flow_2.4
                      3.4087600000e+00 density_2.4
                      5.5332000000e-01 speed_2.4
                      1.0211520000e+01 flow_3.6
                      3.0653500000e+00 density_3.6
                      7.8083000000e-01 speed_3.6
                      1.3830850000e+01 flow_5.0
                      2.9118800000e+00 density_5.0
                      8.3891000000e-01 speed_5.0


Active response data for evaluation 56:
Active set vector = { 1 1 1 1 1 1 1 1 1 }
                      3.7573800000e+00 flow_2.4
                      2.3912500000e+00 density_2.4
                      4.5441000000e-01 speed_2.4
                      6.0389600000e+00 flow_3.6
                      2.0164000000e+00 density_3.6
                      7.2367000000e-01 speed_3.6
                      8.3184800000e+00 flow_5.0
                      1.7736400000e+00 density_5.0
                      9.2562000000e-01 speed_5.0


Active response data for evaluation 57:
Active set vector = { 1 1 1 1 1 1 1 1 1 }
                      3.4113100000e+00 flow_2.4
                      3.6889500000e+00 density_2.4
                      2.5690000000e-01 speed_2.4
                      4.7522100000e+00 flow_3.6
                      2.9018300000e+00 density_3.6
                      3.8867000000e-01 speed_3.6
                      5.5031400000e+00 flow_5.0
                      2.4032500000e+00 density_5.0
                      4.0690000000e-01 speed_5.0


Active response data for evaluation 58:
Active set vector = { 1 1 1 1 1 1 1 1 1 }
                      3.7928200000e+00 flow_2.4
                      2.9191400000e+00 density_2.4
                      3.6720000000e-01 speed_2.4
                      5.7989200000e+00 flow_3.6
                      2.3924100000e+00 density_3.6
                      6.1267000000e-01 speed_3.6
                      6.4621100000e+00 flow_5.0
                      2.3833600000e+00 density_5.0
                      5.4127000000e-01 speed_5.0


Active response data for evaluation 59:
Active set vector = { 1 1 1 1 1 1 1 1 1 }
                      3.2055700000e+00 flow_2.4
                      2.8633700000e+00 density_2.4
                      3.3520000000e-01 speed_2.4
                      4.8481700000e+00 flow_3.6
                      2.4604800000e+00 density_3.6
                      4.8201000000e-01 speed_3.6
                      7.0376000000e+00 flow_5.0
                      2.2249400000e+00 density_5.0
                      6.4770000000e-01 speed_5.0


Active response data for evaluation 60:
Active set vector = { 1 1 1 1 1 1 1 1 1 }
                      5.5094800000e+00 flow_2.4
                      2.6591300000e+00 density_2.4
                      6.9435000000e-01 speed_2.4
                      8.8383800000e+00 flow_3.6
                      2.5405100000e+00 density_3.6
                      9.6868000000e-01 speed_3.6
                      1.3145540000e+01 flow_5.0
                      2.3786100000e+00 density_5.0
                      1.1675600000e+00 speed_5.0


Active response data for evaluation 61:
Active set vector = { 1 1 1 1 1 1 1 1 1 }
                      5.3949900000e+00 flow_2.4
                      3.3887300000e+00 density_2.4
                      4.6163000000e-01 speed_2.4
                      8.2015200000e+00 flow_3.6
                      2.9013200000e+00 density_3.6
                      6.5634000000e-01 speed_3.6
                      1.1058450000e+01 flow_5.0
                      2.6076500000e+00 density_5.0
                      7.7001000000e-01 speed_5.0


Active response data for evaluation 62:
Active set vector = { 1 1 1 1 1 1 1 1 1 }
                      4.3169900000e+00 flow_2.4
                      4.2898400000e+00 density_2.4
                      3.0610000000e-01 speed_2.4
                      7.0454500000e+00 flow_3.6
                      3.6303200000e+00 density_3.6
                      4.7758000000e-01 speed_3.6
                      9.5092000000e+00 flow_5.0
                      3.2190200000e+00 density_5.0
                      5.3735000000e-01 speed_5.0


Active response data for evaluation 63:
Active set vector = { 1 1 1 1 1 1 1 1 1 }
                      1.1177880000e+01 flow_2.4
                      5.9579500000e+00 density_2.4
                      5.5262000000e-01 speed_2.4
                      1.6548880000e+01 flow_3.6
                      4.9723300000e+00 density_3.6
                      8.3427000000e-01 speed_3.6
                      2.2601630000e+01 flow_5.0
                      3.7864100000e+00 density_5.0
                      1.0317000000e+00 speed_5.0


Active response data for evaluation 64:
Active set vector = { 1 1 1 1 1 1 1 1 1 }
                      2.6959400000e+00 flow_2.4
                      2.6864100000e+00 density_2.4
                      2.8754000000e-01 speed_2.4
                      2.9838000000e+00 flow_3.6
                      1.9594900000e+00 density_3.6
                      3.6227000000e-01 speed_3.6
                      3.4090900000e+00 flow_5.0
                      1.2264500000e+00 density_5.0
                      3.0949000000e-01 speed_5.0


Active response data for evaluation 65:
Active set vector = { 1 1 1 1 1 1 1 1 1 }
                      3.2452500000e+00 flow_2.4
                      2.5893500000e+00 density_2.4
                      3.6802000000e-01 speed_2.4
                      5.2434500000e+00 flow_3.6
                      2.1360400000e+00 density_3.6
                      6.3507000000e-01 speed_3.6
                      6.7489100000e+00 flow_5.0
                      1.9798100000e+00 density_5.0
                      6.7547000000e-01 speed_5.0


Active response data for evaluation 66:
Active set vector = { 1 1 1 1 1 1 1 1 1 }
                      6.9836600000e+00 flow_2.4
                      3.4524700000e+00 density_2.4
                      5.7400000000e-01 speed_2.4
                      1.0878010000e+01 flow_3.6
                      3.0793200000e+00 density_3.6
                      8.5593000000e-01 speed_3.6
                      1.5196080000e+01 flow_5.0
                      2.8431800000e+00 density_5.0
                      1.0342200000e+00 speed_5.0


Active response data for evaluation 67:
Active set vector = { 1 1 1 1 1 1 1 1 1 }
                      3.7543600000e+00 flow_2.4
                      3.2198800000e+00 density_2.4
                      3.2399000000e-01 speed_2.4
                      6.1484400000e+00 flow_3.6
                      2.5094000000e+00 density_3.6
                      5.7180000000e-01 speed_3.6
                      7.6400200000e+00 flow_5.0
                      2.3801800000e+00 density_5.0
                      5.6241000000e-01 speed_5.0


Active response data for evaluation 68:
Active set vector = { 1 1 1 1 1 1 1 1 1 }
                      5.8333300000e+00 flow_2.4
                      5.3959300000e+00 density_2.4
                      3.0843000000e-01 speed_2.4
                      8.2449900000e+00 flow_3.6
                      3.9537700000e+00 density_3.6
                      4.9419000000e-01 speed_3.6
                      1.0825550000e+01 flow_5.0
                      3.1068900000e+00 density_5.0
                      5.9500000000e-01 speed_5.0


Active response data for evaluation 69:
Active set vector = { 1 1 1 1 1 1 1 1 1 }
                      3.0843800000e+00 flow_2.4
                      3.3130100000e+00 density_2.4
                      2.5902000000e-01 speed_2.4
                      4.5617500000e+00 flow_3.6
                      2.7560000000e+00 density_3.6
                      3.7680000000e-01 speed_3.6
                      6.4315400000e+00 flow_5.0
                      2.2876400000e+00 density_5.0
                      5.0707000000e-01 speed_5.0


Active response data for evaluation 70:
Active set vector = { 1 1 1 1 1 1 1 1 1 }
                      2.8717900000e+00 flow_2.4
                      2.7160200000e+00 density_2.4
                      3.0965000000e-01 speed_2.4
                      4.3055600000e+00 flow_3.6
                      2.3034200000e+00 density_3.6
                      4.5630000000e-01 speed_3.6
                      6.0155200000e+00 flow_5.0
                      2.1440100000e+00 density_5.0
                      5.0745000000e-01 speed_5.0


Active response data for evaluation 71:
Active set vector = { 1 1 1 1 1 1 1 1 1 }
                      1.2983430000e+01 flow_2.4
                      8.3146400000e+00 density_2.4
                      4.3048000000e-01 speed_2.4
                      1.9525800000e+01 flow_3.6
                      7.0602700000e+00 density_3.6
                      6.3306000000e-01 speed_3.6
                      2.6515150000e+01 flow_5.0
                      5.9150500000e+00 density_5.0
                      7.2889000000e-01 speed_5.0


Active response data for evaluation 72:
Active set vector = { 1 1 1 1 1 1 1 1 1 }
                      6.5359500000e+00 flow_2.4
                      5.4877600000e+00 density_2.4
                      3.3856000000e-01 speed_2.4
                      1.0626910000e+01 flow_3.6
                      4.1790600000e+00 density_3.6
                      5.9711000000e-01 speed_3.6
                      1.2999070000e+01 flow_5.0
                      3.8645800000e+00 density_5.0
                      6.1809000000e-01 speed_5.0


Active response data for evaluation 73:
Active set vector = { 1 1 1 1 1 1 1 1 1 }
                      7.7390800000e+00 flow_2.4
                      4.3070000000e+00 density_2.4
                      4.9648000000e-01 speed_2.4
                      1.1579820000e+01 flow_3.6
                      3.8662500000e+00 density_3.6
                      6.7432000000e-01 speed_3.6
                      1.5706210000e+01 flow_5.0
                      3.6365800000e+00 density_5.0
                      7.5025000000e-01 speed_5.0


Active response data for evaluation 74:
Active set vector = { 1 1 1 1 1 1 1 1 1 }
                      3.1936800000e+00 flow_2.4
                      2.7192600000e+00 density_2.4
                      3.3690000000e-01 speed_2.4
                      4.9435000000e+00 flow_3.6
                      2.2524600000e+00 density_3.6
                      5.3988000000e-01 speed_3.6
                      6.3179300000e+00 flow_5.0
                      2.0534500000e+00 density_5.0
                      6.2120000000e-01 speed_5.0


Active response data for evaluation 75:
Active set vector = { 1 1 1 1 1 1 1 1 1 }
                      5.6772100000e+00 flow_2.4
                      7.3409600000e+00 density_2.4
                      2.0947000000e-01 speed_2.4
                      8.0183300000e+00 flow_3.6
                      5.6542500000e+00 density_3.6
                      3.2309000000e-01 speed_3.6
                      1.0548050000e+01 flow_5.0
                      4.3872400000e+00 density_5.0
                      4.0681000000e-01 speed_5.0


Active response data for evaluation 76:
Active set vector = { 1 1 1 1 1 1 1 1 1 }
                      3.9248700000e+00 flow_2.4
                      3.3331300000e+00 density_2.4
                      3.4011000000e-01 speed_2.4
                      5.8922600000e+00 flow_3.6
                      2.8438600000e+00 density_3.6
                      4.9325000000e-01 speed_3.6
                      8.5784300000e+00 flow_5.0
                      2.4908300000e+00 density_5.0
                      6.3267000000e-01 speed_5.0


Active response data for evaluation 77:
Active set vector = { 1 1 1 1 1 1 1 1 1 }
                      2.8317200000e+00 flow_2.4
                      3.6365100000e+00 density_2.4
                      2.1970000000e-01 speed_2.4
                      4.5662100000e+00 flow_3.6
                      2.9149200000e+00 density_3.6
                      3.8171000000e-01 speed_3.6
                      5.6836600000e+00 flow_5.0
                      2.7787900000e+00 density_5.0
                      3.9007000000e-01 speed_5.0


Active response data for evaluation 78:
Active set vector = { 1 1 1 1 1 1 1 1 1 }
                      6.7243000000e+00 flow_2.4
                      2.2985600000e+00 density_2.4
                      8.4384000000e-01 speed_2.4
                      1.0299630000e+01 flow_3.6
                      2.0747900000e+00 density_3.6
                      1.1650200000e+00 speed_3.6
                      1.4307690000e+01 flow_5.0
                      1.9604500000e+00 density_5.0
                      1.3512900000e+00 speed_5.0


Active response data for evaluation 79:
Active set vector = { 1 1 1 1 1 1 1 1 1 }
                      2.4756900000e+00 flow_2.4
                      2.8787300000e+00 density_2.4
                      2.3641000000e-01 speed_2.4
                      3.5140600000e+00 flow_3.6
                      2.3880700000e+00 density_3.6
                      3.3908000000e-01 speed_3.6
                      4.7863200000e+00 flow_5.0
                      2.0612600000e+00 density_5.0
                      4.3298000000e-01 speed_5.0


Active response data for evaluation 80:
Active set vector = { 1 1 1 1 1 1 1 1 1 }
                      5.7407400000e+00 flow_2.4
                      4.4416100000e+00 density_2.4
                      3.6653000000e-01 speed_2.4
                      8.3482400000e+00 flow_3.6
                      3.5822700000e+00 density_3.6
                      5.8677000000e-01 speed_3.6
                      1.0703360000e+01 flow_5.0
                      3.1121300000e+00 density_5.0
                      6.6702000000e-01 speed_5.0


Active response data for evaluation 81:
Active set vector = { 1 1 1 1 1 1 1 1 1 }
                      5.9221700000e+00 flow_2.4
                      2.5771800000e+00 density_2.4
                      6.4656000000e-01 speed_2.4
                      8.8551500000e+00 flow_3.6
                      2.3596500000e+00 density_3.6
                      8.7393000000e-01 speed_3.6
                      1.2008550000e+01 flow_5.0
                      2.2405900000e+00 density_5.0
                      9.6662000000e-01 speed_5.0


Active response data for evaluation 82:
Active set vector = { 1 1 1 1 1 1 1 1 1 }
                      5.8774100000e+00 flow_2.4
                      5.5622200000e+00 density_2.4
                      3.0019000000e-01 speed_2.4
                      7.1574600000e+00 flow_3.6
                      3.2451900000e+00 density_3.6
                      4.4296000000e-01 speed_3.6
                      8.2010600000e+00 flow_5.0
                      2.1614100000e+00 density_5.0
                      4.2500000000e-01 speed_5.0


Active response data for evaluation 83:
Active set vector = { 1 1 1 1 1 1 1 1 1 }
                      3.1784000000e+00 flow_2.4
                      3.3437000000e+00 density_2.4
                      2.5219000000e-01 speed_2.4
                      3.4163000000e+00 flow_3.6
                      1.7475700000e+00 density_3.6
                      3.5100000000e-01 speed_3.6
                      3.4313700000e+00 flow_5.0
                      1.2639100000e+00 density_5.0
                      2.0364000000e-01 speed_5.0


Active response data for evaluation 84:
Active set vector = { 1 1 1 1 1 1 1 1 1 }
                      1.0788860000e+01 flow_2.4
                      6.7588500000e+00 density_2.4
                      4.4910000000e-01 speed_2.4
                      1.3045500000e+01 flow_3.6
                      3.9672600000e+00 density_3.6
                      6.7111000000e-01 speed_3.6
                      1.6787000000e+01 flow_5.0
                      2.4691700000e+00 density_5.0
                      6.6738000000e-01 speed_5.0


Active response data for evaluation 85:
Active set vector = { 1 1 1 1 1 1 1 1 1 }
                      2.7678900000e+00 flow_2.4
                      2.6234200000e+00 density_2.4
                      2.9668000000e-01 speed_2.4
                      4.4614400000e+00 flow_3.6
                      1.9351200000e+00 density_3.6
                      5.4147000000e-01 speed_3.6
                      4.8113500000e+00 flow_5.0
                      1.8976000000e+00 density_5.0
                      5.1380000000e-01 speed_5.0


Active response data for evaluation 86:
Active set vector = { 1 1 1 1 1 1 1 1 1 }
                      4.2005400000e+00 flow_2.4
                      4.5521200000e+00 density_2.4
                      2.5986000000e-01 speed_2.4
                      6.2222200000e+00 flow_3.6
                      3.7635500000e+00 density_3.6
                      3.9013000000e-01 speed_3.6
                      8.1716600000e+00 flow_5.0
                      3.2979100000e+00 density_5.0
                      4.6798000000e-01 speed_5.0


Active response data for evaluation 87:
Active set vector = { 1 1 1 1 1 1 1 1 1 }
                      5.8700200000e+00 flow_2.4
                      3.0812500000e+00 density_2.4
                      6.0205000000e-01 speed_2.4
                      9.4086000000e+00 flow_3.6
                      2.8424100000e+00 density_3.6
                      8.3364000000e-01 speed_3.6
                      1.3304920000e+01 flow_5.0
                      2.7296600000e+00 density_5.0
                      9.8698000000e-01 speed_5.0


Active response data for evaluation 88:
Active set vector = { 1 1 1 1 1 1 1 1 1 }
                      6.8991100000e+00 flow_2.4
                      5.1825400000e+00 density_2.4
                      3.6485000000e-01 speed_2.4
                      1.0270470000e+01 flow_3.6
                      4.2505500000e+00 density_3.6
                      5.3584000000e-01 speed_3.6
                      1.3499030000e+01 flow_5.0
                      3.6068300000e+00 density_5.0
                      6.6751000000e-01 speed_5.0


Active response data for evaluation 89:
Active set vector = { 1 1 1 1 1 1 1 1 1 }
                      4.0579700000e+00 flow_2.4
                      2.6024000000e+00 density_2.4
                      4.4834000000e-01 speed_2.4
                      6.3148400000e+00 flow_3.6
                      2.1694000000e+00 density_3.6
                      6.9267000000e-01 speed_3.6
                      8.8888900000e+00 flow_5.0
                      1.9846600000e+00 density_5.0
                      8.2659000000e-01 speed_5.0


Active response data for evaluation 90:
Active set vector = { 1 1 1 1 1 1 1 1 1 }
                      5.1057600000e+00 flow_2.4
                      3.2351700000e+00 density_2.4
                      4.5477000000e-01 speed_2.4
                      8.0579700000e+00 flow_3.6
                      2.5613800000e+00 density_3.6
                      7.7356000000e-01 speed_3.6
                      1.0979460000e+01 flow_5.0
                      2.0858700000e+00 density_5.0
                      1.0008800000e+00 speed_5.0


Active response data for evaluation 91:
Active set vector = { 1 1 1 1 1 1 1 1 1 }
                      6.5046300000e+00 flow_2.4
                      3.0292700000e+00 density_2.4
                      6.4674000000e-01 speed_2.4
                      9.8870100000e+00 flow_3.6
                      2.7880500000e+00 density_3.6
                      8.6643000000e-01 speed_3.6
                      1.3806710000e+01 flow_5.0
                      2.6654000000e+00 density_5.0
                      9.9262000000e-01 speed_5.0


Active response data for evaluation 92:
Active set vector = { 1 1 1 1 1 1 1 1 1 }
                      4.5706800000e+00 flow_2.4
                      2.7217300000e+00 density_2.4
                      5.0428000000e-01 speed_2.4
                      7.1648700000e+00 flow_3.6
                      2.4774700000e+00 density_3.6
                      7.2196000000e-01 speed_3.6
                      9.8101300000e+00 flow_5.0
                      2.3578900000e+00 density_5.0
                      8.0714000000e-01 speed_5.0


Active response data for evaluation 93:
Active set vector = { 1 1 1 1 1 1 1 1 1 }
                      1.2845300000e+01 flow_2.4
                      4.8002800000e+00 density_2.4
                      6.6596000000e-01 speed_2.4
                      1.3257580000e+01 flow_3.6
                      2.5424900000e+00 density_3.6
                      7.7045000000e-01 speed_3.6
                      1.6787000000e+01 flow_5.0
                      1.4080200000e+00 density_5.0
                      5.9152000000e-01 speed_5.0


Active response data for evaluation 94:
Active set vector = { 1 1 1 1 1 1 1 1 1 }
                      9.3644400000e+00 flow_2.4
                      4.9389100000e+00 density_2.4
                      5.2834000000e-01 speed_2.4
                      1.5064100000e+01 flow_3.6
                      4.1664800000e+00 density_3.6
                      8.4067000000e-01 speed_3.6
                      1.9386330000e+01 flow_5.0
                      3.7418200000e+00 density_5.0
                      9.1774000000e-01 speed_5.0


Active response data for evaluation 95:
Active set vector = { 1 1 1 1 1 1 1 1 1 }
                      7.3375300000e+00 flow_2.4
                      3.4068700000e+00 density_2.4
                      5.9395000000e-01 speed_2.4
                      1.0878010000e+01 flow_3.6
                      3.0386200000e+00 density_3.6
                      8.0549000000e-01 speed_3.6
                      1.4440990000e+01 flow_5.0
                      2.8676500000e+00 density_5.0
                      8.6994000000e-01 speed_5.0


Active response data for evaluation 96:
Active set vector = { 1 1 1 1 1 1 1 1 1 }
                      3.7245400000e+00 flow_2.4
                      2.4074900000e+00 density_2.4
                      4.5496000000e-01 speed_2.4
                      5.7055200000e+00 flow_3.6
                      2.0562000000e+00 density_3.6
                      6.9254000000e-01 speed_3.6
                      8.1300800000e+00 flow_5.0
                      1.7882000000e+00 density_5.0
                      9.1478000000e-01 speed_5.0


Active response data for evaluation 97:
Active set vector = { 1 1 1 1 1 1 1 1 1 }
                      3.2317600000e+00 flow_2.4
                      3.7456700000e+00 density_2.4
                      2.4035000000e-01 speed_2.4
                      4.9435000000e+00 flow_3.6
                      2.7326200000e+00 density_3.6
                      4.3266000000e-01 speed_3.6
                      5.6360700000e+00 flow_5.0
                      2.5523400000e+00 density_5.0
                      4.1925000000e-01 speed_5.0


Active response data for evaluation 98:
Active set vector = { 1 1 1 1 1 1 1 1 1 }
                      3.4491300000e+00 flow_2.4
                      3.0489000000e+00 density_2.4
                      3.2043000000e-01 speed_2.4
                      5.5689600000e+00 flow_3.6
                      2.4059800000e+00 density_3.6
                      5.7962000000e-01 speed_3.6
                      6.6285200000e+00 flow_5.0
                      2.2806100000e+00 density_5.0
                      5.7286000000e-01 speed_5.0


Active response data for evaluation 99:
Active set vector = { 1 1 1 1 1 1 1 1 1 }
                      3.7604100000e+00 flow_2.4
                      2.7674300000e+00 density_2.4
                      3.7963000000e-01 speed_2.4
                      5.4708900000e+00 flow_3.6
                      2.4272300000e+00 density_3.6
                      5.2586000000e-01 speed_3.6
                      7.4575400000e+00 flow_5.0
                      2.2229200000e+00 density_5.0
                      5.7869000000e-01 speed_5.0


Active response data for evaluation 100:
Active set vector = { 1 1 1 1 1 1 1 1 1 }
                      5.0233200000e+00 flow_2.4
                      2.8796100000e+00 density_2.4
                      5.5919000000e-01 speed_2.4
                      8.1314900000e+00 flow_3.6
                      2.5700100000e+00 density_3.6
                      8.9313000000e-01 speed_3.6
                      1.2456140000e+01 flow_5.0
                      2.4521900000e+00 density_5.0
                      1.0724200000e+00 speed_5.0


Active response data for evaluation 101:
Active set vector = { 1 1 1 1 1 1 1 1 1 }
                      4.3859600000e+00 flow_2.4
                      3.4926200000e+00 density_2.4
                      3.6980000000e-01 speed_2.4
                      6.7928200000e+00 flow_3.6
                      3.0801000000e+00 density_3.6
                      5.6050000000e-01 speed_3.6
                      9.5578200000e+00 flow_5.0
                      2.8287800000e+00 density_5.0
                      6.7505000000e-01 speed_5.0


Active response data for evaluation 102:
Active set vector = { 1 1 1 1 1 1 1 1 1 }
                      4.8481700000e+00 flow_2.4
                      4.2491500000e+00 density_2.4
                      3.2643000000e-01 speed_2.4
                      7.2317300000e+00 flow_3.6
                      3.5791900000e+00 density_3.6
                      4.6007000000e-01 speed_3.6
                      9.8501100000e+00 flow_5.0
                      3.1593400000e+00 density_5.0
                      5.5804000000e-01 speed_5.0


Active response data for evaluation 103:
Active set vector = { 1 1 1 1 1 1 1 1 1 }
                      8.6580100000e+00 flow_2.4
                      6.2344600000e+00 density_2.4
                      4.2516000000e-01 speed_2.4
                      1.4271150000e+01 flow_3.6
                      5.1829300000e+00 density_3.6
                      7.0569000000e-01 speed_3.6
                      1.9283750000e+01 flow_5.0
                      4.4069700000e+00 density_5.0
                      7.6940000000e-01 speed_5.0


Active response data for evaluation 104:
Active set vector = { 1 1 1 1 1 1 1 1 1 }
                      2.8250300000e+00 flow_2.4
                      2.5255900000e+00 density_2.4
                      3.2220000000e-01 speed_2.4
                      3.0322700000e+00 flow_3.6
                      1.9232400000e+00 density_3.6
                      3.9164000000e-01 speed_3.6
                      3.4805400000e+00 flow_5.0
                      1.4202900000e+00 density_5.0
                      3.2380000000e-01 speed_5.0


Active response data for evaluation 105:
Active set vector = { 1 1 1 1 1 1 1 1 1 }
                      3.8064200000e+00 flow_2.4
                      2.4754000000e+00 density_2.4
                      4.4328000000e-01 speed_2.4
                      6.3008100000e+00 flow_3.6
                      1.8777800000e+00 density_3.6
                      8.1451000000e-01 speed_3.6
                      7.7629400000e+00 flow_5.0
                      1.5520800000e+00 density_5.0
                      9.1523000000e-01 speed_5.0


Active response data for evaluation 106:
Active set vector = { 1 1 1 1 1 1 1 1 1 }
                      7.7282700000e+00 flow_2.4
                      3.4431600000e+00 density_2.4
                      6.3603000000e-01 speed_2.4
                      1.1904760000e+01 flow_3.6
                      3.0048200000e+00 density_3.6
                      9.5217000000e-01 speed_3.6
                      1.6317020000e+01 flow_5.0
                      2.7936800000e+00 density_5.0
                      1.0876900000e+00 speed_5.0


Active response data for evaluation 107:
Active set vector = { 1 1 1 1 1 1 1 1 1 }
                      3.7573800000e+00 flow_2.4
                      3.2342500000e+00 density_2.4
                      3.2211000000e-01 speed_2.4
                      5.6841300000e+00 flow_3.6
                      2.6277400000e+00 density_3.6
                      5.0453000000e-01 speed_3.6
                      7.4666700000e+00 flow_5.0
                      2.3801900000e+00 density_5.0
                      5.6476000000e-01 speed_5.0


Active response data for evaluation 108:
Active set vector = { 1 1 1 1 1 1 1 1 1 }
                      6.7580600000e+00 flow_2.4
                      4.9861100000e+00 density_2.4
                      3.8380000000e-01 speed_2.4
                      8.5635400000e+00 flow_3.6
                      3.7001100000e+00 density_3.6
                      5.4916000000e-01 speed_3.6
                      1.0654490000e+01 flow_5.0
                      2.7786400000e+00 density_5.0
                      6.1772000000e-01 speed_5.0


Active response data for evaluation 109:
Active set vector = { 1 1 1 1 1 1 1 1 1 }
                      2.9075800000e+00 flow_2.4
                      3.3399300000e+00 density_2.4
                      2.4686000000e-01 speed_2.4
                      4.2117900000e+00 flow_3.6
                      2.8478000000e+00 density_3.6
                      3.5175000000e-01 speed_3.6
                      5.8512900000e+00 flow_5.0
                      2.5594500000e+00 density_5.0
                      4.2278000000e-01 speed_5.0


Active response data for evaluation 110:
Active set vector = { 1 1 1 1 1 1 1 1 1 }
                      2.7210900000e+00 flow_2.4
                      2.7291500000e+00 density_2.4
                      2.8360000000e-01 speed_2.4
                      4.1666700000e+00 flow_3.6
                      2.3615600000e+00 density_3.6
                      4.4441000000e-01 speed_3.6
                      6.0804900000e+00 flow_5.0
                      2.0815400000e+00 density_5.0
                      5.4896000000e-01 speed_5.0


Active response data for evaluation 111:
Active set vector = { 1 1 1 1 1 1 1 1 1 }
                      1.5977010000e+01 flow_2.4
                      7.9909200000e+00 density_2.4
                      5.6165000000e-01 speed_2.4
                      2.5362320000e+01 flow_3.6
                      6.4594600000e+00 density_3.6
                      8.9077000000e-01 speed_3.6
                      3.3695650000e+01 flow_5.0
                      5.5292900000e+00 density_5.0
                      1.0080100000e+00 speed_5.0


Active response data for evaluation 112:
Active set vector = { 1 1 1 1 1 1 1 1 1 }
                      6.5550900000e+00 flow_2.4
                      5.5503900000e+00 density_2.4
                      3.3695000000e-01 speed_2.4
                      9.9571700000e+00 flow_3.6
                      4.3818700000e+00 density_3.6
                      5.3801000000e-01 speed_3.6
                      1.3180520000e+01 flow_5.0
                      3.7040800000e+00 density_5.0
                      6.3799000000e-01 speed_5.0


Active response data for evaluation 113:
Active set vector = { 1 1 1 1 1 1 1 1 1 }
                      9.9214800000e+00 flow_2.4
                      4.2666400000e+00 density_2.4
                      6.3953000000e-01 speed_2.4
                      1.4767930000e+01 flow_3.6
                      3.7511300000e+00 density_3.6
                      9.1599000000e-01 speed_3.6
                      2.0232900000e+01 flow_5.0
                      3.4510900000e+00 density_5.0
                      1.0797500000e+00 speed_5.0


Active response data for evaluation 114:
Active set vector = { 1 1 1 1 1 1 1 1 1 }
                      3.0938100000e+00 flow_2.4
                      2.7759300000e+00 density_2.4
                      3.1946000000e-01 speed_2.4
                      4.6342300000e+00 flow_3.6
                      2.2952100000e+00 density_3.6
                      5.0038000000e-01 speed_3.6
                      6.3665300000e+00 flow_5.0
                      2.1204700000e+00 density_5.0
                      5.8023000000e-01 speed_5.0


Active response data for evaluation 115:
Active set vector = { 1 1 1 1 1 1 1 1 1 }
                      5.8115400000e+00 flow_2.4
                      7.3129900000e+00 density_2.4
                      2.1487000000e-01 speed_2.4
                      7.9365100000e+00 flow_3.6
                      5.7091300000e+00 density_3.6
                      3.0635000000e-01 speed_3.6
                      1.0606060000e+01 flow_5.0
                      4.2448200000e+00 density_5.0
                      4.2551000000e-01 speed_5.0


Active response data for evaluation 116:
Active set vector = { 1 1 1 1 1 1 1 1 1 }
                      4.3451300000e+00 flow_2.4
                      3.3921900000e+00 density_2.4
                      3.5502000000e-01 speed_2.4
                      6.1082000000e+00 flow_3.6
                      2.7908500000e+00 density_3.6
                      5.1258000000e-01 speed_3.6
                      8.6604400000e+00 flow_5.0
                      2.4553600000e+00 density_5.0
                      6.2275000000e-01 speed_5.0


Active response data for evaluation 117:
Active set vector = { 1 1 1 1 1 1 1 1 1 }
                      3.2317600000e+00 flow_2.4
                      3.4809700000e+00 density_2.4
                      2.5564000000e-01 speed_2.4
                      4.4370200000e+00 flow_3.6
                      2.8823400000e+00 density_3.6
                      3.7172000000e-01 speed_3.6
                      5.8798600000e+00 flow_5.0
                      2.5396100000e+00 density_5.0
                      4.4787000000e-01 speed_5.0


Active response data for evaluation 118:
Active set vector = { 1 1 1 1 1 1 1 1 1 }
                      4.7473700000e+00 flow_2.4
                      2.2958400000e+00 density_2.4
                      6.0231000000e-01 speed_2.4
                      7.0922000000e+00 flow_3.6
                      2.0851400000e+00 density_3.6
                      8.0287000000e-01 speed_3.6
                      9.6418700000e+00 flow_5.0
                      1.9852700000e+00 density_5.0
                      8.7452000000e-01 speed_5.0


Active response data for evaluation 119:
Active set vector = { 1 1 1 1 1 1 1 1 1 }
                      2.3993100000e+00 flow_2.4
                      2.8910000000e+00 density_2.4
                      2.3165000000e-01 speed_2.4
                      3.7756200000e+00 flow_3.6
                      2.2690300000e+00 density_3.6
                      3.8391000000e-01 speed_3.6
                      4.6352100000e+00 flow_5.0
                      2.1600500000e+00 density_5.0
                      3.9902000000e-01 speed_5.0


Active response data for evaluation 120:
Active set vector = { 1 1 1 1 1 1 1 1 1 }
                      5.5031400000e+00 flow_2.4
                      4.4867900000e+00 density_2.4
                      3.4677000000e-01 speed_2.4
                      8.7421400000e+00 flow_3.6
                      3.4685200000e+00 density_3.6
                      6.1321000000e-01 speed_3.6
                      1.1437910000e+01 flow_5.0
                      2.8401200000e+00 density_5.0
                      7.2771000000e-01 speed_5.0


Active response data for evaluation 121:
Active set vector = { 1 1 1 1 1 1 1 1 1 }
                      4.0509300000e+00 flow_2.4
                      2.1137400000e+00 density_2.4
                      5.8886000000e-01 speed_2.4
                      6.0000000000e+00 flow_3.6
                      1.9325300000e+00 density_3.6
                      7.9390000000e-01 speed_3.6
                      8.4541100000e+00 flow_5.0
                      1.8370600000e+00 density_5.0
                      8.7821000000e-01 speed_5.0


Active response data for evaluation 122:
Active set vector = { 1 1 1 1 1 1 1 1 1 }
                      3.1816100000e+00 flow_2.4
                      2.6763900000e+00 density_2.4
                      3.5098000000e-01 speed_2.4
                      4.2385700000e+00 flow_3.6
                      1.7923600000e+00 density_3.6
                      5.5338000000e-01 speed_3.6
                      4.5783900000e+00 flow_5.0
                      1.4225800000e+00 density_5.0
                      4.5681000000e-01 speed_5.0


Active response data for evaluation 123:
Active set vector = { 1 1 1 1 1 1 1 1 1 }
                      3.4213100000e+00 flow_2.4
                      3.2104900000e+00 density_2.4
                      2.6581000000e-01 speed_2.4
                      3.5577700000e+00 flow_3.6
                      2.0479700000e+00 density_3.6
                      2.9295000000e-01 speed_3.6
                      4.0259700000e+00 flow_5.0
                      1.2215800000e+00 density_5.0
                      1.8933000000e-01 speed_5.0


Active response data for evaluation 124:
Active set vector = { 1 1 1 1 1 1 1 1 1 }
                      9.4850900000e+00 flow_2.4
                      5.1202500000e+00 density_2.4
                      5.2587000000e-01 speed_2.4
                      1.1409940000e+01 flow_3.6
                      3.2517400000e+00 density_3.6
                      7.4064000000e-01 speed_3.6
                      1.3526570000e+01 flow_5.0
                      2.5851600000e+00 density_5.0
                      7.4148000000e-01 speed_5.0


Active response data for evaluation 125:
Active set vector = { 1 1 1 1 1 1 1 1 1 }
                      6.6953600000e+00 flow_2.4
                      7.8479300000e+00 density_2.4
                      2.2931000000e-01 speed_2.4
                      8.5942300000e+00 flow_3.6
                      4.9727500000e+00 density_3.6
                      3.7724000000e-01 speed_3.6
                      1.0242290000e+01 flow_5.0
                      3.3006300000e+00 density_5.0
                      4.2031000000e-01 speed_5.0


Active response data for evaluation 126:
Active set vector = { 1 1 1 1 1 1 1 1 1 }
                      3.3026700000e+00 flow_2.4
                      3.1967300000e+00 density_2.4
                      2.8654000000e-01 speed_2.4
                      4.9664200000e+00 flow_3.6
                      2.5873900000e+00 density_3.6
                      4.4652000000e-01 speed_3.6
                      6.6428600000e+00 flow_5.0
                      2.3076700000e+00 density_5.0
                      5.3097000000e-01 speed_5.0


Active response data for evaluation 127:
Active set vector = { 1 1 1 1 1 1 1 1 1 }
                      8.6419800000e+00 flow_2.4
                      3.4869300000e+00 density_2.4
                      7.5211000000e-01 speed_2.4
                      1.3667650000e+01 flow_3.6
                      3.1444300000e+00 density_3.6
                      1.0790700000e+00 speed_3.6
                      1.9620250000e+01 flow_5.0
                      2.9366700000e+00 density_5.0
                      1.2949300000e+00 speed_5.0


Active response data for evaluation 128:
Active set vector = { 1 1 1 1 1 1 1 1 1 }
                      7.3333300000e+00 flow_2.4
                      5.4407200000e+00 density_2.4
                      3.7076000000e-01 speed_2.4
                      1.0727970000e+01 flow_3.6
                      4.3811400000e+00 density_3.6
                      5.3475000000e-01 speed_3.6
                      1.4006020000e+01 flow_5.0
                      3.8502800000e+00 density_5.0
                      6.2155000000e-01 speed_5.0


Active response data for evaluation 129:
Active set vector = { 1 1 1 1 1 1 1 1 1 }
                      5.4453500000e+00 flow_2.4
                      3.4725700000e+00 density_2.4
                      4.4028000000e-01 speed_2.4
                      8.2595900000e+00 flow_3.6
                      3.0555900000e+00 density_3.6
                      6.4579000000e-01 speed_3.6
                      1.1218720000e+01 flow_5.0
                      2.8161700000e+00 density_5.0
                      7.4309000000e-01 speed_5.0


Active response data for evaluation 130:
Active set vector = { 1 1 1 1 1 1 1 1 1 }
                      6.1060400000e+00 flow_2.4
                      3.9260100000e+00 density_2.4
                      4.4405000000e-01 speed_2.4
                      9.3561400000e+00 flow_3.6
                      3.1881100000e+00 density_3.6
                      7.2664000000e-01 speed_3.6
                      1.1596010000e+01 flow_5.0
                      2.9193300000e+00 density_5.0
                      7.7245000000e-01 speed_5.0


Active response data for evaluation 131:
Active set vector = { 1 1 1 1 1 1 1 1 1 }
                      7.3606700000e+00 flow_2.4
                      4.0151900000e+00 density_2.4
                      5.2363000000e-01 speed_2.4
                      1.0980390000e+01 flow_3.6
                      3.6959300000e+00 density_3.6
                      6.6925000000e-01 speed_3.6
                      1.4797010000e+01 flow_5.0
                      3.4476300000e+00 density_5.0
                      7.3060000000e-01 speed_5.0


Active response data for evaluation 132:
Active set vector = { 1 1 1 1 1 1 1 1 1 }
                      6.7298300000e+00 flow_2.4
                      3.0754800000e+00 density_2.4
                      6.3321000000e-01 speed_2.4
                      1.0588690000e+01 flow_3.6
                      2.7341500000e+00 density_3.6
                      9.4659000000e-01 speed_3.6
                      1.4583330000e+01 flow_5.0
                      2.5100100000e+00 density_5.0
                      1.0974500000e+00 speed_5.0


Active response data for evaluation 133:
Active set vector = { 1 1 1 1 1 1 1 1 1 }
                      1.2121210000e+01 flow_2.4
                      5.9960200000e+00 density_2.4
                      5.1339000000e-01 speed_2.4
                      1.4118250000e+01 flow_3.6
                      2.7221300000e+00 density_3.6
                      7.6785000000e-01 speed_3.6
                      1.7884620000e+01 flow_5.0
                      1.7562900000e+00 density_5.0
                      5.1170000000e-01 speed_5.0


Active response data for evaluation 134:
Active set vector = { 1 1 1 1 1 1 1 1 1 }
                      8.1722300000e+00 flow_2.4
                      4.6810800000e+00 density_2.4
                      4.8427000000e-01 speed_2.4
                      1.2999070000e+01 flow_3.6
                      3.9707300000e+00 density_3.6
                      7.7808000000e-01 speed_3.6
                      1.7288560000e+01 flow_5.0
                      3.6072800000e+00 density_5.0
                      8.7602000000e-01 speed_5.0


Active response data for evaluation 135:
Active set vector = { 1 1 1 1 1 1 1 1 1 }
                      3.3840900000e+00 flow_2.4
                      2.0751800000e+00 density_2.4
                      5.0101000000e-01 speed_2.4
                      5.2375600000e+00 flow_3.6
                      1.8681900000e+00 density_3.6
                      7.0873000000e-01 speed_3.6
                      7.2916700000e+00 flow_5.0
                      1.7389100000e+00 density_5.0
                      8.5984000000e-01 speed_5.0


Active response data for evaluation 136:
Active set vector = { 1 1 1 1 1 1 1 1 1 }
                      6.3926900000e+00 flow_2.4
                      3.3698900000e+00 density_2.4
                      5.0981000000e-01 speed_2.4
                      9.2814400000e+00 flow_3.6
                      2.9514100000e+00 density_3.6
                      7.2664000000e-01 speed_3.6
                      1.2799260000e+01 flow_5.0
                      2.6490600000e+00 density_5.0
                      8.6331000000e-01 speed_5.0


Active response data for evaluation 137:
Active set vector = { 1 1 1 1 1 1 1 1 1 }
                      4.5395600000e+00 flow_2.4
                      6.5538700000e+00 density_2.4
                      1.9220000000e-01 speed_2.4
                      5.9905900000e+00 flow_3.6
                      5.0840200000e+00 density_3.6
                      2.7763000000e-01 speed_3.6
                      7.9896900000e+00 flow_5.0
                      3.6605600000e+00 density_5.0
                      3.6730000000e-01 speed_5.0


Active response data for evaluation 138:
Active set vector = { 1 1 1 1 1 1 1 1 1 }
                      4.8359200000e+00 flow_2.4
                      3.7755100000e+00 density_2.4
                      3.5975000000e-01 speed_2.4
                      6.7437400000e+00 flow_3.6
                      3.0777200000e+00 density_3.6
                      5.1361000000e-01 speed_3.6
                      8.4388200000e+00 flow_5.0
                      2.4687300000e+00 density_5.0
                      6.2225000000e-01 speed_5.0


Active response data for evaluation 139:
Active set vector = { 1 1 1 1 1 1 1 1 1 }
                      2.4167100000e+00 flow_2.4
                      2.2243800000e+00 density_2.4
                      3.2584000000e-01 speed_2.4
                      3.6745400000e+00 flow_3.6
                      1.9531900000e+00 density_3.6
                      4.6981000000e-01 speed_3.6
                      5.1635400000e+00 flow_5.0
                      1.7221900000e+00 density_5.0
                      6.2367000000e-01 speed_5.0


Active response data for evaluation 140:
Active set vector = { 1 1 1 1 1 1 1 1 1 }
                      1.4220180000e+01 flow_2.4
                      5.6701900000e+00 density_2.4
                      6.9270000000e-01 speed_2.4
                      2.2544280000e+01 flow_3.6
                      5.0532300000e+00 density_3.6
                      9.8231000000e-01 speed_3.6
                      3.0573950000e+01 flow_5.0
                      4.5571000000e+00 density_5.0
                      1.1919300000e+00 speed_5.0


Active response data for evaluation 141:
Active set vector = { 1 1 1 1 1 1 1 1 1 }
                      5.5423100000e+00 flow_2.4
                      3.4394100000e+00 density_2.4
                      4.7178000000e-01 speed_2.4
                      8.6419800000e+00 flow_3.6
                      2.9469200000e+00 density_3.6
                      6.8766000000e-01 speed_3.6
                      1.1437910000e+01 flow_5.0
                      2.6296700000e+00 density_5.0
                      7.9605000000e-01 speed_5.0


Active response data for evaluation 142:
Active set vector = { 1 1 1 1 1 1 1 1 1 }
                      2.4432800000e+00 flow_2.4
                      2.5515800000e+00 density_2.4
                      2.9781000000e-01 speed_2.4
                      4.1778200000e+00 flow_3.6
                      2.1519300000e+00 density_3.6
                      4.7580000000e-01 speed_3.6
                      5.9676000000e+00 flow_5.0
                      1.9056700000e+00 density_5.0
                      6.0994000000e-01 speed_5.0


Active response data for evaluation 143:
Active set vector = { 1 1 1 1 1 1 1 1 1 }
                      1.4358970000e+01 flow_2.4
                      7.9880600000e+00 density_2.4
                      5.4453000000e-01 speed_2.4
                      2.3051410000e+01 flow_3.6
                      6.1845800000e+00 density_3.6
                      8.8493000000e-01 speed_3.6
                      3.0303030000e+01 flow_5.0
                      4.6993100000e+00 density_5.0
                      1.0298900000e+00 speed_5.0


Active response data for evaluation 144:
Active set vector = { 1 1 1 1 1 1 1 1 1 }
                      3.8033100000e+00 flow_2.4
                      4.0348700000e+00 density_2.4
                      2.7594000000e-01 speed_2.4
                      4.4140700000e+00 flow_3.6
                      2.3802800000e+00 density_3.6
                      3.8053000000e-01 speed_3.6
                      4.4444400000e+00 flow_5.0
                      1.7994800000e+00 density_5.0
                      2.4714000000e-01 speed_5.0


Active response data for evaluation 145:
Active set vector = { 1 1 1 1 1 1 1 1 1 }
                      3.6572600000e+00 flow_2.4
                      2.8151900000e+00 density_2.4
                      3.8178000000e-01 speed_2.4
                      5.9462900000e+00 flow_3.6
                      2.1991900000e+00 density_3.6
                      6.9884000000e-01 speed_3.6
                      7.9258000000e+00 flow_5.0
                      1.8275000000e+00 density_5.0
                      8.0649000000e-01 speed_5.0


Active response data for evaluation 146:
Active set vector = { 1 1 1 1 1 1 1 1 1 }
                      6.8728500000e+00 flow_2.4
                      3.3865500000e+00 density_2.4
                      5.7187000000e-01 speed_2.4
                      1.0668190000e+01 flow_3.6
                      3.0568200000e+00 density_3.6
                      8.6147000000e-01 speed_3.6
                      1.4761900000e+01 flow_5.0
                      2.7802900000e+00 density_5.0
                      1.0233300000e+00 speed_5.0


Active response data for evaluation 147:
Active set vector = { 1 1 1 1 1 1 1 1 1 }
                      2.8949500000e+00 flow_2.4
                      2.3373700000e+00 density_2.4
                      3.4865000000e-01 speed_2.4
                      4.7619000000e+00 flow_3.6
                      1.8003000000e+00 density_3.6
                      6.4169000000e-01 speed_3.6
                      6.1943000000e+00 flow_5.0
                      1.6979800000e+00 density_5.0
                      7.1768000000e-01 speed_5.0


Active response data for evaluation 148:
Active set vector = { 1 1 1 1 1 1 1 1 1 }
                      4.3851400000e+00 flow_2.4
                      3.3728100000e+00 density_2.4
                      3.7232000000e-01 speed_2.4
                      6.6523600000e+00 flow_3.6
                      2.4994900000e+00 density_3.6
                      6.5637000000e-01 speed_3.6
                      7.4786300000e+00 flow_5.0
                      2.3308600000e+00 density_5.0
                      5.8985000000e-01 speed_5.0


Active response data for evaluation 149:
Active set vector = { 1 1 1 1 1 1 1 1 1 }
                      3.0541000000e+00 flow_2.4
                      3.2388100000e+00 density_2.4
                      2.6275000000e-01 speed_2.4
                      4.5469300000e+00 flow_3.6
                      2.7028200000e+00 density_3.6
                      3.6990000000e-01 speed_3.6
                      5.9752500000e+00 flow_5.0
                      2.4009000000e+00 density_5.0
                      4.4686000000e-01 speed_5.0


Active response data for evaluation 150:
Active set vector = { 1 1 1 1 1 1 1 1 1 }
                      3.2295300000e+00 flow_2.4
                      2.8417100000e+00 density_2.4
                      3.2147000000e-01 speed_2.4
                      4.7765300000e+00 flow_3.6
                      2.4799200000e+00 density_3.6
                      4.6495000000e-01 speed_3.6
                      6.3265300000e+00 flow_5.0
                      2.2355400000e+00 density_5.0
                      5.5414000000e-01 speed_5.0


Active response data for evaluation 151:
Active set vector = { 1 1 1 1 1 1 1 1 1 }
                      6.4190700000e+00 flow_2.4
                      4.7007500000e+00 density_2.4
                      3.9652000000e-01 speed_2.4
                      1.0152840000e+01 flow_3.6
                      4.2153000000e+00 density_3.6
                      6.0088000000e-01 speed_3.6
                      1.4909480000e+01 flow_5.0
                      3.9035500000e+00 density_5.0
                      7.5802000000e-01 speed_5.0


Active response data for evaluation 152:
Active set vector = { 1 1 1 1 1 1 1 1 1 }
                      3.4414900000e+00 flow_2.4
                      2.4007800000e+00 density_2.4
                      4.3162000000e-01 speed_2.4
                      5.1596100000e+00 flow_3.6
                      1.9678600000e+00 density_3.6
                      6.5354000000e-01 speed_3.6
                      6.8237600000e+00 flow_5.0
                      1.9390800000e+00 density_5.0
                      6.9507000000e-01 speed_5.0


Active response data for evaluation 153:
Active set vector = { 1 1 1 1 1 1 1 1 1 }
                      5.3516800000e+00 flow_2.4
                      3.4480900000e+00 density_2.4
                      4.5118000000e-01 speed_2.4
                      8.1018500000e+00 flow_3.6
                      3.0858500000e+00 density_3.6
                      6.3603000000e-01 speed_3.6
                      1.1422760000e+01 flow_5.0
                      2.8949400000e+00 density_5.0
                      7.4381000000e-01 speed_5.0


Active response data for evaluation 154:
Active set vector = { 1 1 1 1 1 1 1 1 1 }
                      3.5832700000e+00 flow_2.4
                      3.1561300000e+00 density_2.4
                      3.2664000000e-01 speed_2.4
                      5.4513500000e+00 flow_3.6
                      2.6171000000e+00 density_3.6
                      4.8233000000e-01 speed_3.6
                      7.4191800000e+00 flow_5.0
                      2.3285100000e+00 density_5.0
                      6.3025000000e-01 speed_5.0


Active response data for evaluation 155:
Active set vector = { 1 1 1 1 1 1 1 1 1 }
                      4.5617500000e+00 flow_2.4
                      4.7677200000e+00 density_2.4
                      2.5560000000e-01 speed_2.4
                      5.9523800000e+00 flow_3.6
                      3.8560100000e+00 density_3.6
                      3.5603000000e-01 speed_3.6
                      7.9096000000e+00 flow_5.0
                      3.0109400000e+00 density_5.0
                      4.7390000000e-01 speed_5.0


Active response data for evaluation 156:
Active set vector = { 1 1 1 1 1 1 1 1 1 }
                      4.1043700000e+00 flow_2.4
                      3.4341300000e+00 density_2.4
                      3.4114000000e-01 speed_2.4
                      6.3926900000e+00 flow_3.6
                      2.7621200000e+00 density_3.6
                      5.2973000000e-01 speed_3.6
                      8.6741000000e+00 flow_5.0
                      2.4469900000e+00 density_5.0
                      6.1728000000e-01 speed_5.0


Active response data for evaluation 157:
Active set vector = { 1 1 1 1 1 1 1 1 1 }
                      2.4358300000e+00 flow_2.4
                      2.9000600000e+00 density_2.4
                      2.3597000000e-01 speed_2.4
                      3.8114800000e+00 flow_3.6
                      2.3132400000e+00 density_3.6
                      3.9071000000e-01 speed_3.6
                      4.8013800000e+00 flow_5.0
                      2.1802000000e+00 density_5.0
                      4.3832000000e-01 speed_5.0


Active response data for evaluation 158:
Active set vector = { 1 1 1 1 1 1 1 1 1 }
                      7.5390400000e+00 flow_2.4
                      2.4323200000e+00 density_2.4
                      8.5723000000e-01 speed_2.4
                      1.1326860000e+01 flow_3.6
                      2.1977700000e+00 density_3.6
                      1.1756800000e+00 speed_3.6
                      1.5440360000e+01 flow_5.0
                      2.0922600000e+00 density_5.0
                      1.3313200000e+00 speed_5.0


Active response data for evaluation 159:
Active set vector = { 1 1 1 1 1 1 1 1 1 }
                      4.7473700000e+00 flow_2.4
                      6.3777600000e+00 density_2.4
                      2.0191000000e-01 speed_2.4
                      6.5820400000e+00 flow_3.6
                      5.2092600000e+00 density_3.6
                      2.7480000000e-01 speed_3.6
                      8.8888900000e+00 flow_5.0
                      4.2741700000e+00 density_5.0
                      3.4762000000e-01 speed_5.0


Active response data for evaluation 160:
Active set vector = { 1 1 1 1 1 1 1 1 1 }
                      4.5602100000e+00 flow_2.4
                      3.5182700000e+00 density_2.4
                      3.6394000000e-01 speed_2.4
                      7.0884100000e+00 flow_3.6
                      2.8772600000e+00 density_3.6
                      5.8496000000e-01 speed_3.6
                      8.5635400000e+00 flow_5.0
                      2.7143500000e+00 density_5.0
                      6.2884000000e-01 speed_5.0


Active response data for evaluation 161:
Active set vector = { 1 1 1 1 1 1 1 1 1 }
                      5.5292300000e+00 flow_2.4
                      2.5784000000e+00 density_2.4
                      6.1546000000e-01 speed_2.4
                      8.0449800000e+00 flow_3.6
                      2.3294500000e+00 density_3.6
                      7.9214000000e-01 speed_3.6
                      1.1006290000e+01 flow_5.0
                      2.2096600000e+00 density_5.0
                      8.7782000000e-01 speed_5.0


Active response data for evaluation 162:
Active set vector = { 1 1 1 1 1 1 1 1 1 }
                      7.1905500000e+00 flow_2.4
                      5.9219800000e+00 density_2.4
                      3.4983000000e-01 speed_2.4
                      9.0318400000e+00 flow_3.6
                      2.9099500000e+00 density_3.6
                      5.5672000000e-01 speed_3.6
                      1.0520360000e+01 flow_5.0
                      2.1706700000e+00 density_5.0
                      5.1139000000e-01 speed_5.0


Active response data for evaluation 163:
Active set vector = { 1 1 1 1 1 1 1 1 1 }
                      5.5160100000e+00 flow_2.4
                      4.0206100000e+00 density_2.4
                      3.8069000000e-01 speed_2.4
                      5.6634300000e+00 flow_3.6
                      2.6279200000e+00 density_3.6
                      4.3346000000e-01 speed_3.6
                      6.3786000000e+00 flow_5.0
                      1.6387000000e+00 density_5.0
                      3.8963000000e-01 speed_5.0


Active response data for evaluation 164:
Active set vector = { 1 1 1 1 1 1 1 1 1 }
                      6.2000000000e+00 flow_2.4
                      5.2670200000e+00 density_2.4
                      3.3433000000e-01 speed_2.4
                      6.5913400000e+00 flow_3.6
                      2.6324800000e+00 density_3.6
                      4.7549000000e-01 speed_3.6
                      7.3113200000e+00 flow_5.0
                      1.4414700000e+00 density_5.0
                      4.7239000000e-01 speed_5.0


Active response data for evaluation 165:
Active set vector = { 1 1 1 1 1 1 1 1 1 }
                      2.5846200000e+00 flow_2.4
                      2.4644400000e+00 density_2.4
                      2.9316000000e-01 speed_2.4
                      3.9777600000e+00 flow_3.6
                      1.8313500000e+00 density_3.6
                      5.1615000000e-01 speed_3.6
                      4.3573000000e+00 flow_5.0
                      1.7445700000e+00 density_5.0
                      4.8650000000e-01 speed_5.0


Active response data for evaluation 166:
Active set vector = { 1 1 1 1 1 1 1 1 1 }
                      6.1368700000e+00 flow_2.4
                      4.5686900000e+00 density_2.4
                      3.7623000000e-01 speed_2.4
                      9.2226600000e+00 flow_3.6
                      3.7482400000e+00 density_3.6
                      5.8989000000e-01 speed_3.6
                      1.2269130000e+01 flow_5.0
                      3.3862800000e+00 density_5.0
                      6.4274000000e-01 speed_5.0


Active response data for evaluation 167:
Active set vector = { 1 1 1 1 1 1 1 1 1 }
                      3.1152600000e+00 flow_2.4
                      2.4484200000e+00 density_2.4
                      3.5743000000e-01 speed_2.4
                      4.5891300000e+00 flow_3.6
                      2.0314900000e+00 density_3.6
                      5.4114000000e-01 speed_3.6
                      6.3038500000e+00 flow_5.0
                      1.8027000000e+00 density_5.0
                      6.5949000000e-01 speed_5.0


Active response data for evaluation 168:
Active set vector = { 1 1 1 1 1 1 1 1 1 }
                      6.9860300000e+00 flow_2.4
                      5.1169100000e+00 density_2.4
                      3.7636000000e-01 speed_2.4
                      1.0137090000e+01 flow_3.6
                      4.2992100000e+00 density_3.6
                      5.1139000000e-01 speed_3.6
                      1.3618490000e+01 flow_5.0
                      3.5997900000e+00 density_5.0
                      6.8413000000e-01 speed_5.0


Active response data for evaluation 169:
Active set vector = { 1 1 1 1 1 1 1 1 1 }
                      3.3767500000e+00 flow_2.4
                      2.7331900000e+00 density_2.4
                      3.9206000000e-01 speed_2.4
                      5.7259700000e+00 flow_3.6
                      2.3505300000e+00 density_3.6
                      5.9101000000e-01 speed_3.6
                      8.4239100000e+00 flow_5.0
                      2.1428600000e+00 density_5.0
                      7.8759000000e-01 speed_5.0


Active response data for evaluation 170:
Active set vector = { 1 1 1 1 1 1 1 1 1 }
                      4.7160200000e+00 flow_2.4
                      3.1373900000e+00 density_2.4
                      4.3057000000e-01 speed_2.4
                      7.2689500000e+00 flow_3.6
                      2.5527700000e+00 density_3.6
                      6.9528000000e-01 speed_3.6
                      9.5730000000e+00 flow_5.0
                      2.2724600000e+00 density_5.0
                      8.1953000000e-01 speed_5.0


Active response data for evaluation 171:
Active set vector = { 1 1 1 1 1 1 1 1 1 }
                      3.0561000000e+00 flow_2.4
                      2.9305300000e+00 density_2.4
                      3.0862000000e-01 speed_2.4
                      4.8259200000e+00 flow_3.6
                      2.4977900000e+00 density_3.6
                      4.8871000000e-01 speed_3.6
                      6.9423900000e+00 flow_5.0
                      2.2342500000e+00 density_5.0
                      6.3673000000e-01 speed_5.0


Active response data for evaluation 172:
Active set vector = { 1 1 1 1 1 1 1 1 1 }
                      7.0707100000e+00 flow_2.4
                      2.6923500000e+00 density_2.4
                      7.9185000000e-01 speed_2.4
                      1.0816010000e+01 flow_3.6
                      2.4473300000e+00 density_3.6
                      1.0647400000e+00 speed_3.6
                      1.4755840000e+01 flow_5.0
                      2.3140600000e+00 density_5.0
                      1.1959400000e+00 speed_5.0


Active response data for evaluation 173:
Active set vector = { 1 1 1 1 1 1 1 1 1 }
                      9.7020100000e+00 flow_2.4
                      5.3071300000e+00 density_2.4
                      4.7288000000e-01 speed_2.4
                      1.0928960000e+01 flow_3.6
                      2.1966800000e+00 density_3.6
                      6.8530000000e-01 speed_3.6
                      1.3371540000e+01 flow_5.0
                      1.4163300000e+00 density_5.0
                      4.2560000000e-01 speed_5.0


Active response data for evaluation 174:
Active set vector = { 1 1 1 1 1 1 1 1 1 }
                      7.0175400000e+00 flow_2.4
                      4.9739900000e+00 density_2.4
                      3.8484000000e-01 speed_2.4
                      9.9928600000e+00 flow_3.6
                      4.2826600000e+00 density_3.6
                      5.0741000000e-01 speed_3.6
                      1.3333330000e+01 flow_5.0
                      3.8553100000e+00 density_5.0
                      5.8622000000e-01 speed_5.0


Active response data for evaluation 175:
Active set vector = { 1 1 1 1 1 1 1 1 1 }
                      7.6028100000e+00 flow_2.4
                      3.3653600000e+00 density_2.4
                      6.2667000000e-01 speed_2.4
                      1.1354420000e+01 flow_3.6
                      3.0686500000e+00 density_3.6
                      8.3397000000e-01 speed_3.6
                      1.5250540000e+01 flow_5.0
                      2.8885500000e+00 density_5.0
                      9.2670000000e-01 speed_5.0


Active response data for evaluation 176:
Active set vector = { 1 1 1 1 1 1 1 1 1 }
                      5.5754700000e+00 flow_2.4
                      2.4752800000e+00 density_2.4
                      6.6591000000e-01 speed_2.4
                      8.6929300000e+00 flow_3.6
                      2.2405000000e+00 density_3.6
                      9.8115000000e-01 speed_3.6
                      1.2367020000e+01 flow_5.0
                      2.0419700000e+00 density_5.0
                      1.2148400000e+00 speed_5.0


Active response data for evaluation 177:
Active set vector = { 1 1 1 1 1 1 1 1 1 }
                      3.1985400000e+00 flow_2.4
                      3.6837100000e+00 density_2.4
                      2.3876000000e-01 speed_2.4
                      4.6713400000e+00 flow_3.6
                      2.6932100000e+00 density_3.6
                      4.0730000000e-01 speed_3.6
                      5.2434500000e+00 flow_5.0
                      2.3739400000e+00 density_5.0
                      4.0756000000e-01 speed_5.0


Active response data for evaluation 178:
Active set vector = { 1 1 1 1 1 1 1 1 1 }
                      2.7290400000e+00 flow_2.4
                      2.6543600000e+00 density_2.4
                      2.8803000000e-01 speed_2.4
                      4.2621400000e+00 flow_3.6
                      1.9361600000e+00 density_3.6
                      5.3108000000e-01 speed_3.6
                      4.5233500000e+00 flow_5.0
                      1.7784300000e+00 density_5.0
                      4.8137000000e-01 speed_5.0


Active response data for evaluation 179:
Active set vector = { 1 1 1 1 1 1 1 1 1 }
                      2.7134000000e+00 flow_2.4
                      2.8321200000e+00 density_2.4
                      2.8061000000e-01 speed_2.4
                      4.0864000000e+00 flow_3.6
                      2.4462600000e+00 density_3.6
                      4.0788000000e-01 speed_3.6
                      5.8052400000e+00 flow_5.0
                      2.1539900000e+00 density_5.0
                      4.8292000000e-01 speed_5.0


Active response data for evaluation 180:
Active set vector = { 1 1 1 1 1 1 1 1 1 }
                      3.8727500000e+00 flow_2.4
                      2.3637800000e+00 density_2.4
                      5.1183000000e-01 speed_2.4
                      6.0449100000e+00 flow_3.6
                      2.1225300000e+00 density_3.6
                      7.0883000000e-01 speed_3.6
                      8.3333300000e+00 flow_5.0
                      1.9464000000e+00 density_5.0
                      7.8127000000e-01 speed_5.0


Active response data for evaluation 181:
Active set vector = { 1 1 1 1 1 1 1 1 1 }
                      4.2234300000e+00 flow_2.4
                      3.2789400000e+00 density_2.4
                      3.5926000000e-01 speed_2.4
                      6.5678000000e+00 flow_3.6
                      2.6020000000e+00 density_3.6
                      5.5448000000e-01 speed_3.6
                      8.2151300000e+00 flow_5.0
                      2.4194100000e+00 density_5.0
                      6.0427000000e-01 speed_5.0


Active response data for evaluation 182:
Active set vector = { 1 1 1 1 1 1 1 1 1 }
                      4.4444400000e+00 flow_2.4
                      4.5099900000e+00 density_2.4
                      2.9263000000e-01 speed_2.4
                      7.1720300000e+00 flow_3.6
                      3.6396900000e+00 density_3.6
                      4.8220000000e-01 speed_3.6
                      1.0014310000e+01 flow_5.0
                      3.2043400000e+00 density_5.0
                      5.8557000000e-01 speed_5.0


Active response data for evaluation 183:
Active set vector = { 1 1 1 1 1 1 1 1 1 }
                      4.2347200000e+00 flow_2.4
                      4.9668100000e+00 density_2.4
                      2.3983000000e-01 speed_2.4
                      5.6565700000e+00 flow_3.6
                      3.7193000000e+00 density_3.6
                      3.7068000000e-01 speed_3.6
                      7.2555200000e+00 flow_5.0
                      3.1290800000e+00 density_5.0
                      3.9826000000e-01 speed_5.0


Active response data for evaluation 184:
Active set vector = { 1 1 1 1 1 1 1 1 1 }
                      4.7740400000e+00 flow_2.4
                      3.2848400000e+00 density_2.4
                      4.2460000000e-01 speed_2.4
                      6.7049800000e+00 flow_3.6
                      1.9835000000e+00 density_3.6
                      7.6446000000e-01 speed_3.6
                      6.8281900000e+00 flow_5.0
                      1.6804600000e+00 density_5.0
                      5.7246000000e-01 speed_5.0


Active response data for evaluation 185:
Active set vector = { 1 1 1 1 1 1 1 1 1 }
                      2.5711700000e+00 flow_2.4
                      2.3866200000e+00 density_2.4
                      3.1359000000e-01 speed_2.4
                      3.9462600000e+00 flow_3.6
                      1.8669100000e+00 density_3.6
                      5.2549000000e-01 speed_3.6
                      4.6922300000e+00 flow_5.0
                      1.7072300000e+00 density_5.0
                      5.2428000000e-01 speed_5.0


Active response data for evaluation 186:
Active set vector = { 1 1 1 1 1 1 1 1 1 }
                      8.5942300000e+00 flow_2.4
                      3.4253500000e+00 density_2.4
                      7.1317000000e-01 speed_2.4
                      1.2891340000e+01 flow_3.6
                      3.1016300000e+00 density_3.6
                      9.4526000000e-01 speed_3.6
                      1.7875320000e+01 flow_5.0
                      2.9583100000e+00 density_5.0
                      1.0740600000e+00 speed_5.0


Active response data for evaluation 187:
Active set vector = { 1 1 1 1 1 1 1 1 1 }
                      3.5560600000e+00 flow_2.4
                      3.2206500000e+00 density_2.4
                      3.0956000000e-01 speed_2.4
                      5.2970100000e+00 flow_3.6
                      2.5801700000e+00 density_3.6
                      4.7904000000e-01 speed_3.6
                      7.0387100000e+00 flow_5.0
                      2.3496700000e+00 density_5.0
                      5.3063000000e-01 speed_5.0


Active response data for evaluation 188:
Active set vector = { 1 1 1 1 1 1 1 1 1 }
                      4.1666700000e+00 flow_2.4
                      4.9401600000e+00 density_2.4
                      2.3455000000e-01 speed_2.4
                      6.1220000000e+00 flow_3.6
                      3.5238700000e+00 density_3.6
                      4.3007000000e-01 speed_3.6
                      6.6476700000e+00 flow_5.0
                      2.7621400000e+00 density_5.0
                      3.9000000000e-01 speed_5.0


Active response data for evaluation 189:
Active set vector = { 1 1 1 1 1 1 1 1 1 }
                      6.1646900000e+00 flow_2.4
                      3.5210100000e+00 density_2.4
                      5.1794000000e-01 speed_2.4
                      9.6167000000e+00 flow_3.6
                      3.0832800000e+00 density_3.6
                      7.6202000000e-01 speed_3.6
                      1.3342830000e+01 flow_5.0
                      2.8383700000e+00 density_5.0
                      9.2271000000e-01 speed_5.0


Active response data for evaluation 190:
Active set vector = { 1 1 1 1 1 1 1 1 1 }
                      2.9857100000e+00 flow_2.4
                      2.7219600000e+00 density_2.4
                      3.1415000000e-01 speed_2.4
                      4.5189500000e+00 flow_3.6
                      2.3576600000e+00 density_3.6
                      4.6120000000e-01 speed_3.6
                      6.1613500000e+00 flow_5.0
                      2.0397000000e+00 density_5.0
                      5.8562000000e-01 speed_5.0


Active response data for evaluation 191:
Active set vector = { 1 1 1 1 1 1 1 1 1 }
                      7.6128300000e+00 flow_2.4
                      7.6125500000e+00 density_2.4
                      2.7667000000e-01 speed_2.4
                      1.1341460000e+01 flow_3.6
                      5.7607800000e+00 density_3.6
                      4.5473000000e-01 speed_3.6
                      1.5452540000e+01 flow_5.0
                      4.5291100000e+00 density_5.0
                      5.6265000000e-01 speed_5.0


Active response data for evaluation 192:
Active set vector = { 1 1 1 1 1 1 1 1 1 }
                      1.0197370000e+01 flow_2.4
                      5.9753000000e+00 density_2.4
                      5.6063000000e-01 speed_2.4
                      1.7672960000e+01 flow_3.6
                      5.0872700000e+00 density_3.6
                      8.3799000000e-01 speed_3.6
                      2.4385960000e+01 flow_5.0
                      4.4100600000e+00 density_5.0
                      1.0292300000e+00 speed_5.0


Active response data for evaluation 193:
Active set vector = { 1 1 1 1 1 1 1 1 1 }
                      6.1287500000e+00 flow_2.4
                      4.2953900000e+00 density_2.4
                      3.9832000000e-01 speed_2.4
                      9.2776700000e+00 flow_3.6
                      3.8371600000e+00 density_3.6
                      5.8000000000e-01 speed_3.6
                      1.2313100000e+01 flow_5.0
                      3.6311100000e+00 density_5.0
                      5.8456000000e-01 speed_5.0


Active response data for evaluation 194:
Active set vector = { 1 1 1 1 1 1 1 1 1 }
                      2.4600200000e+00 flow_2.4
                      2.6453600000e+00 density_2.4
                      2.6330000000e-01 speed_2.4
                      3.6743300000e+00 flow_3.6
                      2.1550300000e+00 density_3.6
                      4.0897000000e-01 speed_3.6
                      4.8213700000e+00 flow_5.0
                      2.0853100000e+00 density_5.0
                      4.3878000000e-01 speed_5.0


Active response data for evaluation 195:
Active set vector = { 1 1 1 1 1 1 1 1 1 }
                      6.1287500000e+00 flow_2.4
                      7.5497700000e+00 density_2.4
                      2.2238000000e-01 speed_2.4
                      8.8719900000e+00 flow_3.6
                      5.6583800000e+00 density_3.6
                      3.5358000000e-01 speed_3.6
                      1.1409940000e+01 flow_5.0
                      4.2530500000e+00 density_5.0
                      4.5075000000e-01 speed_5.0


Active response data for evaluation 196:
Active set vector = { 1 1 1 1 1 1 1 1 1 }
                      4.3491800000e+00 flow_2.4
                      3.4816400000e+00 density_2.4
                      3.7210000000e-01 speed_2.4
                      6.8513100000e+00 flow_3.6
                      2.8111400000e+00 density_3.6
                      5.6382000000e-01 speed_3.6
                      9.1683000000e+00 flow_5.0
                      2.6456600000e+00 density_5.0
                      6.1238000000e-01 speed_5.0


Active response data for evaluation 197:
Active set vector = { 1 1 1 1 1 1 1 1 1 }
                      5.1909500000e+00 flow_2.4
                      4.1281700000e+00 density_2.4
                      3.6423000000e-01 speed_2.4
                      8.0994200000e+00 flow_3.6
                      3.5529800000e+00 density_3.6
                      5.8873000000e-01 speed_3.6
                      1.1708330000e+01 flow_5.0
                      3.1483800000e+00 density_5.0
                      7.5549000000e-01 speed_5.0


Active response data for evaluation 198:
Active set vector = { 1 1 1 1 1 1 1 1 1 }
                      7.4191800000e+00 flow_2.4
                      2.2483000000e+00 density_2.4
                      9.0893000000e-01 speed_2.4
                      1.0777520000e+01 flow_3.6
                      2.0511000000e+00 density_3.6
                      1.2479100000e+00 speed_3.6
                      1.4957260000e+01 flow_5.0
                      1.9620000000e+00 density_5.0
                      1.3415400000e+00 speed_5.0


Active response data for evaluation 199:
Active set vector = { 1 1 1 1 1 1 1 1 1 }
                      6.0527500000e+00 flow_2.4
                      3.3165200000e+00 density_2.4
                      5.3001000000e-01 speed_2.4
                      9.2592600000e+00 flow_3.6
                      2.9055900000e+00 density_3.6
                      7.8408000000e-01 speed_3.6
                      1.3574880000e+01 flow_5.0
                      2.6073500000e+00 density_5.0
                      1.0194500000e+00 speed_5.0


Active response data for evaluation 200:
Active set vector = { 1 1 1 1 1 1 1 1 1 }
                      9.6963400000e+00 flow_2.4
                      5.2630600000e+00 density_2.4
                      5.2226000000e-01 speed_2.4
                      1.5551840000e+01 flow_3.6
                      4.6654800000e+00 density_3.6
                      7.9403000000e-01 speed_3.6
                      2.1728970000e+01 flow_5.0
                      4.1760800000e+00 density_5.0
                      1.0060300000e+00 speed_5.0


Active response data for evaluation 201:
Active set vector = { 1 1 1 1 1 1 1 1 1 }
                      6.7099600000e+00 flow_2.4
                      4.3639400000e+00 density_2.4
                      5.0328000000e-01 speed_2.4
                      1.1217950000e+01 flow_3.6
                      3.8746100000e+00 density_3.6
                      7.6480000000e-01 speed_3.6
                      1.6374270000e+01 flow_5.0
                      3.6201300000e+00 density_5.0
                      8.6261000000e-01 speed_5.0


Active response data for evaluation 202:
Active set vector = { 1 1 1 1 1 1 1 1 1 }
                      6.0684900000e+00 flow_2.4
                      6.7096500000e+00 density_2.4
                      2.5818000000e-01 speed_2.4
                      7.8080600000e+00 flow_3.6
                      5.0334100000e+00 density_3.6
                      3.5964000000e-01 speed_3.6
                      1.0654490000e+01 flow_5.0
                      3.4184800000e+00 density_5.0
                      4.6571000000e-01 speed_5.0


Active response data for evaluation 203:
Active set vector = { 1 1 1 1 1 1 1 1 1 }
                      3.0541000000e+00 flow_2.4
                      3.0637400000e+00 density_2.4
                      2.6111000000e-01 speed_2.4
                      3.2183900000e+00 flow_3.6
                      1.8007300000e+00 density_3.6
                      3.2964000000e-01 speed_3.6
                      3.6687600000e+00 flow_5.0
                      1.2104400000e+00 density_5.0
                      2.2243000000e-01 speed_5.0


Active response data for evaluation 204:
Active set vector = { 1 1 1 1 1 1 1 1 1 }
                      1.1440330000e+01 flow_2.4
                      5.9042900000e+00 density_2.4
                      5.3225000000e-01 speed_2.4
                      1.3182670000e+01 flow_3.6
                      3.6111700000e+00 density_3.6
                      7.2117000000e-01 speed_3.6
                      1.6489990000e+01 flow_5.0
                      2.5748200000e+00 density_5.0
                      7.1664000000e-01 speed_5.0


Active response data for evaluation 205:
Active set vector = { 1 1 1 1 1 1 1 1 1 }
                      2.8985500000e+00 flow_2.4
                      2.5708300000e+00 density_2.4
                      3.1793000000e-01 speed_2.4
                      4.5410200000e+00 flow_3.6
                      1.8421600000e+00 density_3.6
                      5.9116000000e-01 speed_3.6
                      4.7230700000e+00 flow_5.0
                      1.7937200000e+00 density_5.0
                      5.0959000000e-01 speed_5.0


Active response data for evaluation 206:
Active set vector = { 1 1 1 1 1 1 1 1 1 }
                      4.2848400000e+00 flow_2.4
                      4.6278400000e+00 density_2.4
                      2.7187000000e-01 speed_2.4
                      6.5777200000e+00 flow_3.6
                      3.7868200000e+00 density_3.6
                      3.9412000000e-01 speed_3.6
                      8.3035700000e+00 flow_5.0
                      3.2578900000e+00 density_5.0
                      4.6134000000e-01 speed_5.0


Active response data for evaluation 207:
Active set vector = { 1 1 1 1 1 1 1 1 1 }
                      7.1981400000e+00 flow_2.4
                      2.9940400000e+00 density_2.4
                      7.3420000000e-01 speed_2.4
                      1.1394970000e+01 flow_3.6
                      2.7487900000e+00 density_3.6
                      1.0407600000e+00 speed_3.6
                      1.6847170000e+01 flow_5.0
                      2.5982800000e+00 density_5.0
                      1.2716800000e+00 speed_5.0


Active response data for evaluation 208:
Active set vector = { 1 1 1 1 1 1 1 1 1 }
                      6.8931600000e+00 flow_2.4
                      5.6558200000e+00 density_2.4
                      3.2927000000e-01 speed_2.4
                      1.0486890000e+01 flow_3.6
                      4.3529800000e+00 density_3.6
                      5.4675000000e-01 speed_3.6
                      1.3725490000e+01 flow_5.0
                      3.7803700000e+00 density_5.0
                      6.8001000000e-01 speed_5.0


Active response data for evaluation 209:
Active set vector = { 1 1 1 1 1 1 1 1 1 }
                      3.6276800000e+00 flow_2.4
                      2.7692400000e+00 density_2.4
                      3.9353000000e-01 speed_2.4
                      5.6157200000e+00 flow_3.6
                      2.4085700000e+00 density_3.6
                      5.8925000000e-01 speed_3.6
                      8.1850500000e+00 flow_5.0
                      2.1866300000e+00 density_5.0
                      7.5283000000e-01 speed_5.0


Active response data for evaluation 210:
Active set vector = { 1 1 1 1 1 1 1 1 1 }
                      4.8011000000e+00 flow_2.4
                      3.2045600000e+00 density_2.4
                      4.2213000000e-01 speed_2.4
                      7.4310000000e+00 flow_3.6
                      2.7115000000e+00 density_3.6
                      6.5579000000e-01 speed_3.6
                      1.0467710000e+01 flow_5.0
                      2.3349200000e+00 density_5.0
                      8.5011000000e-01 speed_5.0


Active response data for evaluation 211:
Active set vector = { 1 1 1 1 1 1 1 1 1 }
                      4.4614400000e+00 flow_2.4
                      2.6896600000e+00 density_2.4
                      5.1434000000e-01 speed_2.4
                      6.9965000000e+00 flow_3.6
                      2.4639100000e+00 density_3.6
                      6.7575000000e-01 speed_3.6
                      9.5385700000e+00 flow_5.0
                      2.3729700000e+00 density_5.0
                      7.4807000000e-01 speed_5.0


Active response data for evaluation 212:
Active set vector = { 1 1 1 1 1 1 1 1 1 }
                      5.7684400000e+00 flow_2.4
                      3.2292800000e+00 density_2.4
                      5.5945000000e-01 speed_2.4
                      9.1324200000e+00 flow_3.6
                      2.7762300000e+00 density_3.6
                      8.4338000000e-01 speed_3.6
                      1.4176830000e+01 flow_5.0
                      2.5076000000e+00 density_5.0
                      1.1278000000e+00 speed_5.0


Active response data for evaluation 213:
Active set vector = { 1 1 1 1 1 1 1 1 1 }
                      1.1814350000e+01 flow_2.4
                      7.6736100000e+00 density_2.4
                      4.2741000000e-01 speed_2.4
                      1.5759640000e+01 flow_3.6
                      4.4261500000e+00 density_3.6
                      6.9973000000e-01 speed_3.6
                      1.8989070000e+01 flow_5.0
                      2.7835300000e+00 density_5.0
                      7.7243000000e-01 speed_5.0


Active response data for evaluation 214:
Active set vector = { 1 1 1 1 1 1 1 1 1 }
                      9.9223200000e+00 flow_2.4
                      6.3424900000e+00 density_2.4
                      4.5188000000e-01 speed_2.4
                      1.5355190000e+01 flow_3.6
                      5.1995800000e+00 density_3.6
                      6.8891000000e-01 speed_3.6
                      2.0648970000e+01 flow_5.0
                      4.3974200000e+00 density_5.0
                      8.0111000000e-01 speed_5.0


Active response data for evaluation 215:
Active set vector = { 1 1 1 1 1 1 1 1 1 }
                      7.8695900000e+00 flow_2.4
                      4.1666700000e+00 density_2.4
                      5.1500000000e-01 speed_2.4
                      1.1910880000e+01 flow_3.6
                      3.7156600000e+00 density_3.6
                      7.5734000000e-01 speed_3.6
                      1.5873020000e+01 flow_5.0
                      3.4406800000e+00 density_5.0
                      7.8461000000e-01 speed_5.0


Active response data for evaluation 216:
Active set vector = { 1 1 1 1 1 1 1 1 1 }
                      3.7439600000e+00 flow_2.4
                      2.1465900000e+00 density_2.4
                      5.1085000000e-01 speed_2.4
                      5.6630400000e+00 flow_3.6
                      1.8743500000e+00 density_3.6
                      7.1331000000e-01 speed_3.6
                      8.2005900000e+00 flow_5.0
                      1.6450000000e+00 density_5.0
                      9.9796000000e-01 speed_5.0


Active response data for evaluation 217:
Active set vector = { 1 1 1 1 1 1 1 1 1 }
                      3.5479800000e+00 flow_2.4
                      3.5379000000e+00 density_2.4
                      2.7887000000e-01 speed_2.4
                      4.4614400000e+00 flow_3.6
                      2.9999000000e+00 density_3.6
                      3.5918000000e-01 speed_3.6
                      5.4837400000e+00 flow_5.0
                      2.3616700000e+00 density_5.0
                      4.1567000000e-01 speed_5.0


Active response data for evaluation 218:
Active set vector = { 1 1 1 1 1 1 1 1 1 }
                      3.8791900000e+00 flow_2.4
                      2.8927400000e+00 density_2.4
                      3.8078000000e-01 speed_2.4
                      5.5756100000e+00 flow_3.6
                      2.2948100000e+00 density_3.6
                      6.1309000000e-01 speed_3.6
                      6.1264800000e+00 flow_5.0
                      2.1325200000e+00 density_5.0
                      5.4148000000e-01 speed_5.0


Active response data for evaluation 219:
Active set vector = { 1 1 1 1 1 1 1 1 1 }
                      3.3167500000e+00 flow_2.4
                      3.1379400000e+00 density_2.4
                      3.0809000000e-01 speed_2.4
                      5.1769100000e+00 flow_3.6
                      2.7282000000e+00 density_3.6
                      4.6776000000e-01 speed_3.6
                      7.3606700000e+00 flow_5.0
                      2.3329600000e+00 density_5.0
                      6.2974000000e-01 speed_5.0


Active response data for evaluation 220:
Active set vector = { 1 1 1 1 1 1 1 1 1 }
                      5.4517100000e+00 flow_2.4
                      2.3441400000e+00 density_2.4
                      7.1748000000e-01 speed_2.4
                      8.3482400000e+00 flow_3.6
                      2.1521000000e+00 density_3.6
                      1.0049200000e+00 speed_3.6
                      1.1814350000e+01 flow_5.0
                      2.0269700000e+00 density_5.0
                      1.1187200000e+00 speed_5.0


Active response data for evaluation 221:
Active set vector = { 1 1 1 1 1 1 1 1 1 }
                      4.8947400000e+00 flow_2.4
                      2.4630100000e+00 density_2.4
                      5.6840000000e-01 speed_2.4
                      7.3030800000e+00 flow_3.6
                      2.1662900000e+00 density_3.6
                      8.1594000000e-01 speed_3.6
                      1.0510510000e+01 flow_5.0
                      1.9113200000e+00 density_5.0
                      1.0776900000e+00 speed_5.0


Active response data for evaluation 222:
Active set vector = { 1 1 1 1 1 1 1 1 1 }
                      4.1334500000e+00 flow_2.4
                      3.0633700000e+00 density_2.4
                      3.7886000000e-01 speed_2.4
                      6.2808400000e+00 flow_3.6
                      2.7313700000e+00 density_3.6
                      5.6852000000e-01 speed_3.6
                      8.7586600000e+00 flow_5.0
                      2.5003400000e+00 density_5.0
                      6.8335000000e-01 speed_5.0


Active response data for evaluation 223:
Active set vector = { 1 1 1 1 1 1 1 1 1 }
                      1.0356350000e+01 flow_2.4
                      5.8313500000e+00 density_2.4
                      5.1811000000e-01 speed_2.4
                      1.6908210000e+01 flow_3.6
                      4.9045900000e+00 density_3.6
                      8.5197000000e-01 speed_3.6
                      2.4054980000e+01 flow_5.0
                      4.2170300000e+00 density_5.0
                      1.0821400000e+00 speed_5.0


Active response data for evaluation 224:
Active set vector = { 1 1 1 1 1 1 1 1 1 }
                      2.6276300000e+00 flow_2.4
                      3.1395200000e+00 density_2.4
                      2.3702000000e-01 speed_2.4
                      3.9019000000e+00 flow_3.6
                      2.1615000000e+00 density_3.6
                      4.3766000000e-01 speed_3.6
                      4.1186900000e+00 flow_5.0
                      2.4130800000e+00 density_5.0
                      3.5386000000e-01 speed_5.0


Active response data for evaluation 225:
Active set vector = { 1 1 1 1 1 1 1 1 1 }
                      3.1724500000e+00 flow_2.4
                      2.6443600000e+00 density_2.4
                      3.4292000000e-01 speed_2.4
                      5.1736900000e+00 flow_3.6
                      2.1711400000e+00 density_3.6
                      5.9168000000e-01 speed_3.6
                      7.1981400000e+00 flow_5.0
                      1.9935400000e+00 density_5.0
                      7.4211000000e-01 speed_5.0


Active response data for evaluation 226:
Active set vector = { 1 1 1 1 1 1 1 1 1 }
                      7.5880800000e+00 flow_2.4
                      4.2019400000e+00 density_2.4
                      5.4086000000e-01 speed_2.4
                      1.2152780000e+01 flow_3.6
                      3.8367300000e+00 density_3.6
                      7.8331000000e-01 speed_3.6
                      1.7472120000e+01 flow_5.0
                      3.4272500000e+00 density_5.0
                      1.0253100000e+00 speed_5.0


Active response data for evaluation 227:
Active set vector = { 1 1 1 1 1 1 1 1 1 }
                      3.7738400000e+00 flow_2.4
                      2.9757600000e+00 density_2.4
                      3.4850000000e-01 speed_2.4
                      5.4390100000e+00 flow_3.6
                      2.5091500000e+00 density_3.6
                      4.8142000000e-01 speed_3.6
                      7.2542900000e+00 flow_5.0
                      2.2435500000e+00 density_5.0
                      5.8835000000e-01 speed_5.0


Active response data for evaluation 228:
Active set vector = { 1 1 1 1 1 1 1 1 1 }
                      5.5555600000e+00 flow_2.4
                      5.3630900000e+00 density_2.4
                      2.8344000000e-01 speed_2.4
                      8.5942300000e+00 flow_3.6
                      4.1990500000e+00 density_3.6
                      4.7148000000e-01 speed_3.6
                      1.1058070000e+01 flow_5.0
                      3.5986400000e+00 density_5.0
                      5.6517000000e-01 speed_5.0


Active response data for evaluation 229:
Active set vector = { 1 1 1 1 1 1 1 1 1 }
                      3.0068700000e+00 flow_2.4
                      3.3709000000e+00 density_2.4
                      2.4567000000e-01 speed_2.4
                      4.6948400000e+00 flow_3.6
                      2.7284600000e+00 density_3.6
                      3.9224000000e-01 speed_3.6
                      6.0784300000e+00 flow_5.0
                      2.4909100000e+00 density_5.0
                      4.1807000000e-01 speed_5.0


Active response data for evaluation 230:
Active set vector = { 1 1 1 1 1 1 1 1 1 }
                      2.8282800000e+00 flow_2.4
                      2.6593200000e+00 density_2.4
                      3.0927000000e-01 speed_2.4
                      4.3249900000e+00 flow_3.6
                      2.2835600000e+00 density_3.6
                      4.5705000000e-01 speed_3.6
                      6.1603900000e+00 flow_5.0
                      2.0014400000e+00 density_5.0
                      5.6659000000e-01 speed_5.0


Active response data for evaluation 231:
Active set vector = { 1 1 1 1 1 1 1 1 1 }
                      1.3071900000e+01 flow_2.4
                      8.5385100000e+00 density_2.4
                      4.2800000000e-01 speed_2.4
                      2.0000000000e+01 flow_3.6
                      7.1201600000e+00 density_3.6
                      6.4823000000e-01 speed_3.6
                      2.7613410000e+01 flow_5.0
                      5.8613400000e+00 density_5.0
                      7.5558000000e-01 speed_5.0


Active response data for evaluation 232:
Active set vector = { 1 1 1 1 1 1 1 1 1 }
                      6.3839500000e+00 flow_2.4
                      5.0258600000e+00 density_2.4
                      3.6194000000e-01 speed_2.4
                      9.6273300000e+00 flow_3.6
                      4.1244800000e+00 density_3.6
                      5.4660000000e-01 speed_3.6
                      1.2834720000e+01 flow_5.0
                      3.6330900000e+00 density_5.0
                      6.3530000000e-01 speed_5.0


Active response data for evaluation 233:
Active set vector = { 1 1 1 1 1 1 1 1 1 }
                      8.0183300000e+00 flow_2.4
                      4.4122200000e+00 density_2.4
                      4.9404000000e-01 speed_2.4
                      1.1844330000e+01 flow_3.6
                      3.9584100000e+00 density_3.6
                      6.7579000000e-01 speed_3.6
                      1.6202090000e+01 flow_5.0
                      3.7146600000e+00 density_5.0
                      7.6395000000e-01 speed_5.0


Active response data for evaluation 234:
Active set vector = { 1 1 1 1 1 1 1 1 1 }
                      3.2588500000e+00 flow_2.4
                      2.7613100000e+00 density_2.4
                      3.3917000000e-01 speed_2.4
                      4.9154300000e+00 flow_3.6
                      2.2488300000e+00 density_3.6
                      5.4119000000e-01 speed_3.6
                      6.9989900000e+00 flow_5.0
                      1.9389700000e+00 density_5.0
                      7.1710000000e-01 speed_5.0


Active response data for evaluation 235:
Active set vector = { 1 1 1 1 1 1 1 1 1 }
                      5.6634300000e+00 flow_2.4
                      7.2028100000e+00 density_2.4
                      2.1388000000e-01 speed_2.4
                      7.9873100000e+00 flow_3.6
                      5.6251500000e+00 density_3.6
                      3.1728000000e-01 speed_3.6
                      1.0657600000e+01 flow_5.0
                      4.0069500000e+00 density_5.0
                      4.5320000000e-01 speed_5.0


Active response data for evaluation 236:
Active set vector = { 1 1 1 1 1 1 1 1 1 }
                      3.6788000000e+00 flow_2.4
                      3.6898600000e+00 density_2.4
                      3.1188000000e-01 speed_2.4
                      6.1082000000e+00 flow_3.6
                      3.0611600000e+00 density_3.6
                      4.6858000000e-01 speed_3.6
                      8.1429400000e+00 flow_5.0
                      2.7227400000e+00 density_5.0
                      5.6241000000e-01 speed_5.0


Active response data for evaluation 237:
Active set vector = { 1 1 1 1 1 1 1 1 1 }
                      3.0864200000e+00 flow_2.4
                      3.5973900000e+00 density_2.4
                      2.4259000000e-01 speed_2.4
                      4.4742700000e+00 flow_3.6
                      2.9260700000e+00 density_3.6
                      3.6710000000e-01 speed_3.6
                      5.7827300000e+00 flow_5.0
                      2.7033200000e+00 density_5.0
                      4.1585000000e-01 speed_5.0


Active response data for evaluation 238:
Active set vector = { 1 1 1 1 1 1 1 1 1 }
                      6.6618900000e+00 flow_2.4
                      2.1870500000e+00 density_2.4
                      8.5436000000e-01 speed_2.4
                      9.8870100000e+00 flow_3.6
                      1.9941100000e+00 density_3.6
                      1.1807800000e+00 speed_3.6
                      1.3757400000e+01 flow_5.0
                      1.8889600000e+00 density_5.0
                      1.3368500000e+00 speed_5.0


Active response data for evaluation 239:
Active set vector = { 1 1 1 1 1 1 1 1 1 }
                      2.7276300000e+00 flow_2.4
                      2.7180700000e+00 density_2.4
                      2.8617000000e-01 speed_2.4
                      3.9281700000e+00 flow_3.6
                      1.7522200000e+00 density_3.6
                      5.6643000000e-01 speed_3.6
                      3.9716300000e+00 flow_5.0
                      1.6042600000e+00 density_5.0
                      4.0318000000e-01 speed_5.0


Active response data for evaluation 240:
Active set vector = { 1 1 1 1 1 1 1 1 1 }
                      5.7684400000e+00 flow_2.4
                      4.4567900000e+00 density_2.4
                      3.6142000000e-01 speed_2.4
                      8.4086800000e+00 flow_3.6
                      3.6310600000e+00 density_3.6
                      5.6634000000e-01 speed_3.6
                      1.1124310000e+01 flow_5.0
                      3.0628000000e+00 density_5.0
                      6.7961000000e-01 speed_5.0


Active response data for evaluation 241:
Active set vector = { 1 1 1 1 1 1 1 1 1 }
                      7.2429900000e+00 flow_2.4
                      5.0147200000e+00 density_2.4
                      4.1622000000e-01 speed_2.4
                      1.1478760000e+01 flow_3.6
                      4.3621200000e+00 density_3.6
                      6.3121000000e-01 speed_3.6
                      1.6262980000e+01 flow_5.0
                      3.8996300000e+00 density_5.0
                      7.8768000000e-01 speed_5.0


Active response data for evaluation 242:
Active set vector = { 1 1 1 1 1 1 1 1 1 }
                      6.0884800000e+00 flow_2.4
                      6.2593700000e+00 density_2.4
                      2.9573000000e-01 speed_2.4
                      1.0000000000e+01 flow_3.6
                      4.9643600000e+00 density_3.6
                      4.6153000000e-01 speed_3.6
                      1.2952650000e+01 flow_5.0
                      4.0357100000e+00 density_5.0
                      5.6720000000e-01 speed_5.0


Active response data for evaluation 243:
Active set vector = { 1 1 1 1 1 1 1 1 1 }
                      3.7940400000e+00 flow_2.4
                      2.5551200000e+00 density_2.4
                      4.1940000000e-01 speed_2.4
                      5.8762000000e+00 flow_3.6
                      2.2484800000e+00 density_3.6
                      6.3076000000e-01 speed_3.6
                      8.0878100000e+00 flow_5.0
                      2.0344200000e+00 density_5.0
                      7.8388000000e-01 speed_5.0


Active response data for evaluation 244:
Active set vector = { 1 1 1 1 1 1 1 1 1 }
                      1.0189230000e+01 flow_2.4
                      3.7262700000e+00 density_2.4
                      7.3954000000e-01 speed_2.4
                      1.5250540000e+01 flow_3.6
                      3.3329500000e+00 density_3.6
                      1.0370800000e+00 speed_3.6
                      2.1240310000e+01 flow_5.0
                      3.1861800000e+00 density_5.0
                      1.1787900000e+00 speed_5.0


Active response data for evaluation 245:
Active set vector = { 1 1 1 1 1 1 1 1 1 }
                      2.8700300000e+00 flow_2.4
                      2.6289600000e+00 density_2.4
                      3.0375000000e-01 speed_2.4
                      4.3695400000e+00 flow_3.6
                      2.0797100000e+00 density_3.6
                      4.9609000000e-01 speed_3.6
                      6.1917400000e+00 flow_5.0
                      1.7037900000e+00 density_5.0
                      7.0732000000e-01 speed_5.0


Active response data for evaluation 246:
Active set vector = { 1 1 1 1 1 1 1 1 1 }
                      4.4625700000e+00 flow_2.4
                      4.0640000000e+00 density_2.4
                      3.0481000000e-01 speed_2.4
                      6.8931600000e+00 flow_3.6
                      3.3451900000e+00 density_3.6
                      4.5369000000e-01 speed_3.6
                      8.6753700000e+00 flow_5.0
                      2.9964800000e+00 density_5.0
                      5.0094000000e-01 speed_5.0


Active response data for evaluation 247:
Active set vector = { 1 1 1 1 1 1 1 1 1 }
                      7.2770000000e+00 flow_2.4
                      3.0912400000e+00 density_2.4
                      7.1138000000e-01 speed_2.4
                      1.1709400000e+01 flow_3.6
                      2.8521200000e+00 density_3.6
                      1.0211700000e+00 speed_3.6
                      1.7030300000e+01 flow_5.0
                      2.6818100000e+00 density_5.0
                      1.2585900000e+00 speed_5.0


Active response data for evaluation 248:
Active set vector = { 1 1 1 1 1 1 1 1 1 }
                      6.9033500000e+00 flow_2.4
                      4.3701200000e+00 density_2.4
                      4.3065000000e-01 speed_2.4
                      1.0287610000e+01 flow_3.6
                      3.7042700000e+00 density_3.6
                      6.5393000000e-01 speed_3.6
                      1.3614340000e+01 flow_5.0
                      3.3819900000e+00 density_5.0
                      6.8066000000e-01 speed_5.0


Active response data for evaluation 249:
Active set vector = { 1 1 1 1 1 1 1 1 1 }
                      3.5220100000e+00 flow_2.4
                      2.8839400000e+00 density_2.4
                      3.5337000000e-01 speed_2.4
                      5.4322400000e+00 flow_3.6
                      2.4727000000e+00 density_3.6
                      5.4654000000e-01 speed_3.6
                      7.9920400000e+00 flow_5.0
                      2.1814900000e+00 density_5.0
                      7.1587000000e-01 speed_5.0


Active response data for evaluation 250:
Active set vector = { 1 1 1 1 1 1 1 1 1 }
                      5.0819700000e+00 flow_2.4
                      3.2148700000e+00 density_2.4
                      4.4717000000e-01 speed_2.4
                      7.7222200000e+00 flow_3.6
                      2.7154100000e+00 density_3.6
                      7.0292000000e-01 speed_3.6
                      1.0500750000e+01 flow_5.0
                      2.3813500000e+00 density_5.0
                      8.6524000000e-01 speed_5.0


Active response data for evaluation 251:
Active set vector = { 1 1 1 1 1 1 1 1 1 }
                      3.7007700000e+00 flow_2.4
                      2.1476700000e+00 density_2.4
                      5.3122000000e-01 speed_2.4
                      5.5555600000e+00 flow_3.6
                      1.9536300000e+00 density_3.6
                      6.9571000000e-01 speed_3.6
                      7.6986800000e+00 flow_5.0
                      1.8828200000e+00 density_5.0
                      7.6563000000e-01 speed_5.0


Active response data for evaluation 252:
Active set vector = { 1 1 1 1 1 1 1 1 1 }
                      5.5821400000e+00 flow_2.4
                      3.5048600000e+00 density_2.4
                      4.4826000000e-01 speed_2.4
                      8.3632000000e+00 flow_3.6
                      2.7565200000e+00 density_3.6
                      7.4820000000e-01 speed_3.6
                      9.0439300000e+00 flow_5.0
                      2.5718400000e+00 density_5.0
                      6.5453000000e-01 speed_5.0


Active response data for evaluation 253:
Active set vector = { 1 1 1 1 1 1 1 1 1 }
                      1.1382110000e+01 flow_2.4
                      4.9748000000e+00 density_2.4
                      6.2130000000e-01 speed_2.4
                      1.6969700000e+01 flow_3.6
                      4.5270400000e+00 density_3.6
                      8.3002000000e-01 speed_3.6
                      2.3031830000e+01 flow_5.0
                      4.1491100000e+00 density_5.0
                      9.3144000000e-01 speed_5.0


Active response data for evaluation 254:
Active set vector = { 1 1 1 1 1 1 1 1 1 }
                      9.0264300000e+00 flow_2.4
                      7.0611600000e+00 density_2.4
                      3.5565000000e-01 speed_2.4
                      1.3448610000e+01 flow_3.6
                      5.7784300000e+00 density_3.6
                      5.0875000000e-01 speed_3.6
                      1.8164060000e+01 flow_5.0
                      4.6796800000e+00 density_5.0
                      6.9094000000e-01 speed_5.0


Active response data for evaluation 255:
Active set vector = { 1 1 1 1 1 1 1 1 1 }
                      5.9752500000e+00 flow_2.4
                      2.7425100000e+00 density_2.4
                      5.9349000000e-01 speed_2.4
                      8.9376600000e+00 flow_3.6
                      2.4602000000e+00 density_3.6
                      8.2409000000e-01 speed_3.6
                      1.2046630000e+01 flow_5.0
                      2.3218900000e+00 density_5.0
                      9.1946000000e-01 speed_5.0


Active response data for evaluation 256:
Active set vector = { 1 1 1 1 1 1 1 1 1 }
                      3.6356500000e+00 flow_2.4
                      2.3918800000e+00 density_2.4
                      4.2201000000e-01 speed_2.4
                      3.8314200000e+00 flow_3.6
                      1.9423100000e+00 density_3.6
                      4.6197000000e-01 speed_3.6
                      4.2848400000e+00 flow_5.0
                      1.6128600000e+00 density_5.0
                      4.0005000000e-01 speed_5.0


Active response data for evaluation 257:
Active set vector = { 1 1 1 1 1 1 1 1 1 }
                      3.3309500000e+00 flow_2.4
                      3.7145900000e+00 density_2.4
                      2.4989000000e-01 speed_2.4
                      5.4195800000e+00 flow_3.6
                      2.6197400000e+00 density_3.6
                      4.8070000000e-01 speed_3.6
                      5.6634300000e+00 flow_5.0
                      2.3623400000e+00 density_5.0
                      4.5009000000e-01 speed_5.0


Active response data for evaluation 258:
Active set vector = { 1 1 1 1 1 1 1 1 1 }
                      3.8503900000e+00 flow_2.4
                      2.3800200000e+00 density_2.4
                      4.8592000000e-01 speed_2.4
                      5.9221700000e+00 flow_3.6
                      2.1055100000e+00 density_3.6
                      6.9640000000e-01 speed_3.6
                      8.2019800000e+00 flow_5.0
                      1.9230800000e+00 density_5.0
                      8.6695000000e-01 speed_5.0


Active response data for evaluation 259:
Active set vector = { 1 1 1 1 1 1 1 1 1 }
                      3.0987200000e+00 flow_2.4
                      3.3329000000e+00 density_2.4
                      2.6114000000e-01 speed_2.4
                      3.1954000000e+00 flow_3.6
                      2.5496000000e+00 density_3.6
                      3.0539000000e-01 speed_3.6
                      3.5623400000e+00 flow_5.0
                      1.8810600000e+00 density_5.0
                      2.4819000000e-01 speed_5.0


Active response data for evaluation 260:
Active set vector = { 1 1 1 1 1 1 1 1 1 }
                      5.5555600000e+00 flow_2.4
                      3.0261600000e+00 density_2.4
                      5.3398000000e-01 speed_2.4
                      8.6270900000e+00 flow_3.6
                      2.4328700000e+00 density_3.6
                      8.7576000000e-01 speed_3.6
                      1.0630220000e+01 flow_5.0
                      2.0949700000e+00 density_5.0
                      9.3785000000e-01 speed_5.0


Active response data for evaluation 261:
Active set vector = { 1 1 1 1 1 1 1 1 1 }
                      5.4142600000e+00 flow_2.4
                      3.6091600000e+00 density_2.4
                      4.2798000000e-01 speed_2.4
                      8.2595900000e+00 flow_3.6
                      3.0751500000e+00 density_3.6
                      6.3324000000e-01 speed_3.6
                      1.1285140000e+01 flow_5.0
                      2.6459500000e+00 density_5.0
                      7.8714000000e-01 speed_5.0


Active response data for evaluation 262:
Active set vector = { 1 1 1 1 1 1 1 1 1 }
                      4.4742700000e+00 flow_2.4
                      4.9993200000e+00 density_2.4
                      2.6299000000e-01 speed_2.4
                      6.7096500000e+00 flow_3.6
                      4.2341100000e+00 density_3.6
                      3.7653000000e-01 speed_3.6
                      8.5961700000e+00 flow_5.0
                      3.6111100000e+00 density_5.0
                      4.4404000000e-01 speed_5.0


Active response data for evaluation 263:
Active set vector = { 1 1 1 1 1 1 1 1 1 }
                      1.0654490000e+01 flow_2.4
                      5.3270400000e+00 density_2.4
                      6.3997000000e-01 speed_2.4
                      1.6548460000e+01 flow_3.6
                      4.7860900000e+00 density_3.6
                      8.8095000000e-01 speed_3.6
                      2.4171030000e+01 flow_5.0
                      4.2141000000e+00 density_5.0
                      1.1165600000e+00 speed_5.0


Active response data for evaluation 264:
Active set vector = { 1 1 1 1 1 1 1 1 1 }
                      2.6056200000e+00 flow_2.4
                      2.5047800000e+00 density_2.4
                      2.9913000000e-01 speed_2.4
                      3.2002800000e+00 flow_3.6
                      1.4255000000e+00 density_3.6
                      4.7144000000e-01 speed_3.6
                      3.1041400000e+00 flow_5.0
                      1.4971900000e+00 density_5.0
                      2.4185000000e-01 speed_5.0


Active response data for evaluation 265:
Active set vector = { 1 1 1 1 1 1 1 1 1 }
                      2.9846000000e+00 flow_2.4
                      2.1189200000e+00 density_2.4
                      4.0935000000e-01 speed_2.4
                      3.7959200000e+00 flow_3.6
                      1.1417800000e+00 density_3.6
                      6.8806000000e-01 speed_3.6
                      4.0935700000e+00 flow_5.0
                      1.2816100000e+00 density_5.0
                      4.0251000000e-01 speed_5.0


Active response data for evaluation 266:
Active set vector = { 1 1 1 1 1 1 1 1 1 }
                      7.4220800000e+00 flow_2.4
                      4.1613900000e+00 density_2.4
                      5.1687000000e-01 speed_2.4
                      1.1354420000e+01 flow_3.6
                      3.6702500000e+00 density_3.6
                      7.3342000000e-01 speed_3.6
                      1.6314550000e+01 flow_5.0
                      3.3446100000e+00 density_5.0
                      9.4911000000e-01 speed_5.0


Active response data for evaluation 267:
Active set vector = { 1 1 1 1 1 1 1 1 1 }
                      3.7530300000e+00 flow_2.4
                      3.2844200000e+00 density_2.4
                      3.1717000000e-01 speed_2.4
                      5.3516800000e+00 flow_3.6
                      2.7184600000e+00 density_3.6
                      4.6280000000e-01 speed_3.6
                      7.3113200000e+00 flow_5.0
                      2.3766500000e+00 density_5.0
                      5.8611000000e-01 speed_5.0


Active response data for evaluation 268:
Active set vector = { 1 1 1 1 1 1 1 1 1 }
                      5.6703100000e+00 flow_2.4
                      3.9344200000e+00 density_2.4
                      4.3817000000e-01 speed_2.4
                      9.3293500000e+00 flow_3.6
                      3.3665900000e+00 density_3.6
                      6.8116000000e-01 speed_3.6
                      1.3605440000e+01 flow_5.0
                      2.9241100000e+00 density_5.0
                      8.9585000000e-01 speed_5.0


Active response data for evaluation 269:
Active set vector = { 1 1 1 1 1 1 1 1 1 }
                      3.0750700000e+00 flow_2.4
                      3.3859400000e+00 density_2.4
                      2.5024000000e-01 speed_2.4
                      4.5001600000e+00 flow_3.6
                      2.8033000000e+00 density_3.6
                      3.5851000000e-01 speed_3.6
                      6.0843100000e+00 flow_5.0
                      2.4342000000e+00 density_5.0
                      4.4387000000e-01 speed_5.0


Active response data for evaluation 270:
Active set vector = { 1 1 1 1 1 1 1 1 1 }
                      2.7926900000e+00 flow_2.4
                      3.2854800000e+00 density_2.4
                      2.3885000000e-01 speed_2.4
                      4.1854200000e+00 flow_3.6
                      2.6694200000e+00 density_3.6
                      3.6427000000e-01 speed_3.6
                      5.6298100000e+00 flow_5.0
                      2.4542700000e+00 density_5.0
                      4.2220000000e-01 speed_5.0


Active response data for evaluation 271:
Active set vector = { 1 1 1 1 1 1 1 1 1 }
                      1.3081940000e+01 flow_2.4
                      8.3237200000e+00 density_2.4
                      4.3343000000e-01 speed_2.4
                      1.9943020000e+01 flow_3.6
                      7.0835900000e+00 density_3.6
                      6.4509000000e-01 speed_3.6
                      2.6761900000e+01 flow_5.0
                      5.9831600000e+00 density_5.0
                      7.2159000000e-01 speed_5.0


Active response data for evaluation 272:
Active set vector = { 1 1 1 1 1 1 1 1 1 }
                      6.5678000000e+00 flow_2.4
                      4.8801100000e+00 density_2.4
                      4.0455000000e-01 speed_2.4
                      7.9908700000e+00 flow_3.6
                      3.1065300000e+00 density_3.6
                      5.7555000000e-01 speed_3.6
                      8.5009100000e+00 flow_5.0
                      2.0222900000e+00 density_5.0
                      5.0722000000e-01 speed_5.0


Active response data for evaluation 273:
Active set vector = { 1 1 1 1 1 1 1 1 1 }
                      8.7735800000e+00 flow_2.4
                      7.5931500000e+00 density_2.4
                      3.2894000000e-01 speed_2.4
                      1.4344690000e+01 flow_3.6
                      6.0444200000e+00 density_3.6
                      5.6764000000e-01 speed_3.6
                      1.9375000000e+01 flow_5.0
                      4.7236200000e+00 density_5.0
                      7.2056000000e-01 speed_5.0


Active response data for evaluation 274:
Active set vector = { 1 1 1 1 1 1 1 1 1 }
                      3.0521000000e+00 flow_2.4
                      2.7839600000e+00 density_2.4
                      3.1414000000e-01 speed_2.4
                      5.0216000000e+00 flow_3.6
                      2.2249200000e+00 density_3.6
                      5.5616000000e-01 speed_3.6
                      6.6523600000e+00 flow_5.0
                      1.9558700000e+00 density_5.0
                      6.7877000000e-01 speed_5.0


Active response data for evaluation 275:
Active set vector = { 1 1 1 1 1 1 1 1 1 }
                      6.0527500000e+00 flow_2.4
                      5.9641000000e+00 density_2.4
                      2.7222000000e-01 speed_2.4
                      8.4388200000e+00 flow_3.6
                      4.9906500000e+00 density_3.6
                      3.6504000000e-01 speed_3.6
                      1.1244980000e+01 flow_5.0
                      4.1131500000e+00 density_5.0
                      4.5882000000e-01 speed_5.0


Active response data for evaluation 276:
Active set vector = { 1 1 1 1 1 1 1 1 1 }
                      3.7513400000e+00 flow_2.4
                      3.5200800000e+00 density_2.4
                      3.1789000000e-01 speed_2.4
                      6.1728400000e+00 flow_3.6
                      2.9229600000e+00 density_3.6
                      4.7414000000e-01 speed_3.6
                      8.5470100000e+00 flow_5.0
                      2.4696400000e+00 density_5.0
                      6.0655000000e-01 speed_5.0


Active response data for evaluation 277:
Active set vector = { 1 1 1 1 1 1 1 1 1 }
                      3.1474000000e+00 flow_2.4
                      2.7542500000e+00 density_2.4
                      3.2790000000e-01 speed_2.4
                      4.8805800000e+00 flow_3.6
                      2.3723700000e+00 density_3.6
                      5.0330000000e-01 speed_3.6
                      6.7541300000e+00 flow_5.0
                      2.1106300000e+00 density_5.0
                      6.3139000000e-01 speed_5.0


Active response data for evaluation 278:
Active set vector = { 1 1 1 1 1 1 1 1 1 }
                      8.8910100000e+00 flow_2.4
                      3.9309600000e+00 density_2.4
                      6.4172000000e-01 speed_2.4
                      1.3740080000e+01 flow_3.6
                      3.4628000000e+00 density_3.6
                      9.3428000000e-01 speed_3.6
                      1.9057380000e+01 flow_5.0
                      3.1195300000e+00 density_5.0
                      1.1605300000e+00 speed_5.0


Active response data for evaluation 279:
Active set vector = { 1 1 1 1 1 1 1 1 1 }
                      2.6291100000e+00 flow_2.4
                      2.8156200000e+00 density_2.4
                      2.5970000000e-01 speed_2.4
                      4.1629500000e+00 flow_3.6
                      1.9967500000e+00 density_3.6
                      4.8695000000e-01 speed_3.6
                      4.3628400000e+00 flow_5.0
                      1.9679800000e+00 density_5.0
                      4.3135000000e-01 speed_5.0


Active response data for evaluation 280:
Active set vector = { 1 1 1 1 1 1 1 1 1 }
                      5.4968700000e+00 flow_2.4
                      2.8159000000e+00 density_2.4
                      5.7351000000e-01 speed_2.4
                      8.6100900000e+00 flow_3.6
                      2.5167700000e+00 density_3.6
                      8.3888000000e-01 speed_3.6
                      1.1953730000e+01 flow_5.0
                      2.3392900000e+00 density_5.0
                      9.8165000000e-01 speed_5.0

<<<<< Function evaluation summary: 280 total (280 new, 0 duplicate)

Global sensitivity indices for each response function:
flow_2.4 Sobol' indices:
                                  Main             Total
                      9.8328267547e-03  7.2381447128e-02 desired_speed
                      3.0783735758e-01  4.3846263894e-01 radius
                      2.0114460599e-01  4.2562173332e-01 time_gap
                      5.4195462793e-02  1.2431583148e-02 strength_neighbor
                      7.1913302479e-02  2.9596231360e-02 range_neighbor
density_2.4 Sobol' indices:
                                  Main             Total
                      2.4237744322e-02  7.2781149485e-03 desired_speed
                      8.0065311172e-01  7.3165334128e-01 radius
                     -2.1008020674e-02  3.6134145482e-02 time_gap
                      4.9004607589e-02  1.0753339432e-01 strength_neighbor
                      1.8449691014e-01  2.8061366561e-01 range_neighbor
speed_2.4 Sobol' indices:
                                  Main             Total
                      1.2342396429e-01  1.4012876846e-01 desired_speed
                      3.1267006769e-02  2.4629731635e-02 radius
                      3.7214840998e-01  4.7955149112e-01 time_gap
                     -8.3992514996e-02  3.8853936300e-02 strength_neighbor
                      1.1513300121e-01  2.2544745750e-01 range_neighbor
flow_3.6 Sobol' indices:
                                  Main             Total
                     -1.7187262554e-02  8.0310177309e-02 desired_speed
                      2.7508369377e-01  4.9881072505e-01 radius
                      1.8937142558e-01  5.5412628262e-01 time_gap
                      1.0151893188e-01  3.2261141405e-02 strength_neighbor
                      1.4871840256e-01  9.2650411636e-02 range_neighbor
density_3.6 Sobol' indices:
                                  Main             Total
                      9.7701351420e-03  1.0775691268e-02 desired_speed
                      6.0934860634e-01  6.9723837664e-01 radius
                     -5.7401293113e-02  1.1570281478e-01 time_gap
                      3.8840385955e-02  1.4672063608e-01 strength_neighbor
                      1.8331840385e-01  3.1123339649e-01 range_neighbor
speed_3.6 Sobol' indices:
                                  Main             Total
                      6.7505717685e-02  1.6502145145e-01 desired_speed
                      6.8651115830e-02  4.8073976563e-02 radius
                      3.3125005660e-01  5.5531936789e-01 time_gap
                     -7.3784022953e-03  5.3488571162e-02 strength_neighbor
                      1.5509469639e-01  2.4832086649e-01 range_neighbor
flow_5.0 Sobol' indices:
                                  Main             Total
                     -2.6945589150e-02  7.3619235287e-02 desired_speed
                      1.9680942596e-01  4.1936434264e-01 radius
                      2.2430113346e-01  5.9956370405e-01 time_gap
                      8.0538410695e-02  3.5419209731e-02 strength_neighbor
                      1.7410625373e-01  1.4476310158e-01 range_neighbor
density_5.0 Sobol' indices:
                                  Main             Total
                      6.8542725426e-02  3.4771979008e-02 desired_speed
                      4.0946260103e-01  6.3505789620e-01 radius
                     -3.7635713568e-02  1.3824225713e-01 time_gap
                      1.1194098279e-01  1.7577057777e-01 strength_neighbor
                      3.0227217263e-01  4.5034373776e-01 range_neighbor
speed_5.0 Sobol' indices:
                                  Main             Total
                      5.6152112336e-02  1.9668192630e-01 desired_speed
                     -1.2031797026e-02  2.3930000379e-02 radius
                      3.1487976780e-01  5.4109049273e-01 time_gap
                      2.0753222215e-02  5.1598765152e-02 strength_neighbor
                      2.7258008032e-01  4.1839510296e-01 range_neighbor

<<<<< Iterator random_sampling completed.
<<<<< Environment execution completed.
DAKOTA execution time in seconds:
  Total CPU        =   0.570894 [parent =   0.570898, child =     -4e-06]
  Total wall clock =    1429.84
