Dakota version 6.24 released May 15 2026.
Repository revision 1ab1c9924 (2026-05-11) built May 11 2026 11:08:44.
Running MPI Dakota executable in serial mode.
Start time: Sat Sep  5 23:13:49 2026

------------------
Begin Dakota input
------------------
# Sobol convergence study: 80 base samples, seed 3.
# Wall repulsion fixed at defaults (strength 5, range 0.02). Cost 40*(5+2)=280 evals.
# Run:  HERMES_WIDTHS=2.4,3.6,5.0 dakota -i dakota.in -o dakota.out

environment
  tabular_data
    tabular_data_file = 'sobol_samples.dat'

method
  sampling
    sample_type lhs
    samples = 80
    seed = 3
    variance_based_decomp

variables
  uniform_uncertain = 5
    descriptors  'desired_speed' 'radius' 'time_gap' 'strength_neighbor' 'range_neighbor'
    lower_bounds  0.8   0.12  0.10   2.0   0.02
    upper_bounds  1.6   0.25  1.00  10.0   0.30

interface
  fork
    analysis_drivers = 'python3 driver.py'
    parameters_file  = 'params.in'
    results_file     = 'results.out'
    work_directory named 'runs/run' directory_tag
    link_files = '../driver.py' '../observables.py' '../scenario.py' '../exp_observables.json'
  asynchronous evaluation_concurrency = 1

responses
  response_functions = 9
    descriptors 'flow_2.4' 'density_2.4' 'speed_2.4' 'flow_3.6' 'density_3.6' 'speed_3.6' 'flow_5.0' 'density_5.0' 'speed_5.0'
  no_gradients
  no_hessians

----------------
End Dakota input
----------------

Using Dakota parser: standard
Writing new restart file 'dakota.rst'.

>>>>> Executing environment.

>>>>> Running random_sampling iterator.

NonD lhs Samples = 80 Seed (user-specified) = 3

NonD lhs Samples = 80 Seed not reset from previous LHS execution

---------------------
Begin Evaluation    1
---------------------
Parameters for evaluation 1:
                      9.2125585316e-01 desired_speed
                      2.0661617837e-01 radius
                      3.1194092193e-01 time_gap
                      2.5897737029e+00 strength_neighbor
                      3.0378298521e-02 range_neighbor

blocking fork: python3 driver.py params.in results.out

Active response data for evaluation 1:
Active set vector = { 1 1 1 1 1 1 1 1 1 }
                      4.1629500000e+00 flow_2.4
                      2.6948100000e+00 density_2.4
                      4.1816000000e-01 speed_2.4
                      4.3573000000e+00 flow_3.6
                      1.7853800000e+00 density_3.6
                      4.6086000000e-01 speed_3.6
                      5.2199900000e+00 flow_5.0
                      1.2657600000e+00 density_5.0
                      3.2212000000e-01 speed_5.0



---------------------
Begin Evaluation    2
---------------------
Parameters for evaluation 2:
                      1.0867625490e+00 desired_speed
                      2.1068641185e-01 radius
                      3.3317109435e-01 time_gap
                      8.1649573259e+00 strength_neighbor
                      1.0831011361e-01 range_neighbor

blocking fork: python3 driver.py params.in results.out

Active response data for evaluation 2:
Active set vector = { 1 1 1 1 1 1 1 1 1 }
                      5.0614600000e+00 flow_2.4
                      3.6461100000e+00 density_2.4
                      3.9885000000e-01 speed_2.4
                      8.1300800000e+00 flow_3.6
                      3.0655300000e+00 density_3.6
                      6.4834000000e-01 speed_3.6
                      1.1437910000e+01 flow_5.0
                      2.6370900000e+00 density_5.0
                      8.6746000000e-01 speed_5.0



---------------------
Begin Evaluation    3
---------------------
Parameters for evaluation 3:
                      1.0627848728e+00 desired_speed
                      1.4823295268e-01 radius
                      8.6582826623e-01 time_gap
                      4.5824331394e+00 strength_neighbor
                      2.1327831712e-01 range_neighbor

blocking fork: python3 driver.py params.in results.out

Active response data for evaluation 3:
Active set vector = { 1 1 1 1 1 1 1 1 1 }
                      4.6434500000e+00 flow_2.4
                      4.6485400000e+00 density_2.4
                      2.7920000000e-01 speed_2.4
                      6.9819800000e+00 flow_3.6
                      3.8089000000e+00 density_3.6
                      4.1952000000e-01 speed_3.6
                      9.2010500000e+00 flow_5.0
                      3.5805300000e+00 density_5.0
                      4.3126000000e-01 speed_5.0



---------------------
Begin Evaluation    4
---------------------
Parameters for evaluation 4:
                      1.3902061450e+00 desired_speed
                      2.0459998451e-01 radius
                      1.0145455596e-01 time_gap
                      6.1748407720e+00 strength_neighbor
                      2.3180874529e-01 range_neighbor

blocking fork: python3 driver.py params.in results.out

Active response data for evaluation 4:
Active set vector = { 1 1 1 1 1 1 1 1 1 }
                      8.5158200000e+00 flow_2.4
                      3.0067700000e+00 density_2.4
                      8.2195000000e-01 speed_2.4
                      1.2973220000e+01 flow_3.6
                      2.7165500000e+00 density_3.6
                      1.1079100000e+00 speed_3.6
                      1.8158240000e+01 flow_5.0
                      2.5595200000e+00 density_5.0
                      1.2260400000e+00 speed_5.0



---------------------
Begin Evaluation    5
---------------------
Parameters for evaluation 5:
                      1.2527492011e+00 desired_speed
                      1.9067009829e-01 radius
                      3.2017695338e-01 time_gap
                      5.1157669755e+00 strength_neighbor
                      1.3827816795e-01 range_neighbor

blocking fork: python3 driver.py params.in results.out

Active response data for evaluation 5:
Active set vector = { 1 1 1 1 1 1 1 1 1 }
                      6.7002900000e+00 flow_2.4
                      4.1595600000e+00 density_2.4
                      4.6344000000e-01 speed_2.4
                      1.0630220000e+01 flow_3.6
                      3.4484600000e+00 density_3.6
                      7.8450000000e-01 speed_3.6
                      1.4862000000e+01 flow_5.0
                      3.1462600000e+00 density_5.0
                      9.4265000000e-01 speed_5.0



---------------------
Begin Evaluation    6
---------------------
Parameters for evaluation 6:
                      1.0521557701e+00 desired_speed
                      1.4998876088e-01 radius
                      3.4616249583e-01 time_gap
                      5.6340688484e+00 strength_neighbor
                      1.1605255688e-01 range_neighbor

blocking fork: python3 driver.py params.in results.out

Active response data for evaluation 6:
Active set vector = { 1 1 1 1 1 1 1 1 1 }
                      8.4081400000e+00 flow_2.4
                      6.1927200000e+00 density_2.4
                      3.8930000000e-01 speed_2.4
                      1.2292210000e+01 flow_3.6
                      5.2005400000e+00 density_3.6
                      5.6846000000e-01 speed_3.6
                      1.8452380000e+01 flow_5.0
                      4.2426600000e+00 density_5.0
                      8.0836000000e-01 speed_5.0



---------------------
Begin Evaluation    7
---------------------
Parameters for evaluation 7:
                      1.3325758529e+00 desired_speed
                      1.4569324510e-01 radius
                      5.6387903510e-01 time_gap
                      2.2730708126e+00 strength_neighbor
                      1.6337852673e-01 range_neighbor

blocking fork: python3 driver.py params.in results.out

Active response data for evaluation 7:
Active set vector = { 1 1 1 1 1 1 1 1 1 }
                      7.2016500000e+00 flow_2.4
                      5.8752500000e+00 density_2.4
                      3.4877000000e-01 speed_2.4
                      1.0486890000e+01 flow_3.6
                      4.5179400000e+00 density_3.6
                      5.5663000000e-01 speed_3.6
                      1.3266280000e+01 flow_5.0
                      3.6558500000e+00 density_5.0
                      6.3295000000e-01 speed_5.0



---------------------
Begin Evaluation    8
---------------------
Parameters for evaluation 8:
                      1.3893638365e+00 desired_speed
                      2.1257885424e-01 radius
                      9.5499972397e-01 time_gap
                      9.2971624295e+00 strength_neighbor
                      2.2923965136e-01 range_neighbor

blocking fork: python3 driver.py params.in results.out

Active response data for evaluation 8:
Active set vector = { 1 1 1 1 1 1 1 1 1 }
                      2.9021600000e+00 flow_2.4
                      2.3184300000e+00 density_2.4
                      3.5152000000e-01 speed_2.4
                      4.3084900000e+00 flow_3.6
                      1.9815200000e+00 density_3.6
                      4.8771000000e-01 speed_3.6
                      5.6435200000e+00 flow_5.0
                      1.8148200000e+00 density_5.0
                      5.4238000000e-01 speed_5.0



---------------------
Begin Evaluation    9
---------------------
Parameters for evaluation 9:
                      1.5378713850e+00 desired_speed
                      1.2911563845e-01 radius
                      8.1441162201e-01 time_gap
                      6.0864119670e+00 strength_neighbor
                      1.3123834393e-01 range_neighbor

blocking fork: python3 driver.py params.in results.out

Active response data for evaluation 9:
Active set vector = { 1 1 1 1 1 1 1 1 1 }
                      5.4837400000e+00 flow_2.4
                      6.5289700000e+00 density_2.4
                      2.3096000000e-01 speed_2.4
                      7.8947400000e+00 flow_3.6
                      5.0653800000e+00 density_3.6
                      3.5073000000e-01 speed_3.6
                      1.0402680000e+01 flow_5.0
                      4.3180000000e+00 density_5.0
                      4.2285000000e-01 speed_5.0



---------------------
Begin Evaluation   10
---------------------
Parameters for evaluation 10:
                      1.1597364827e+00 desired_speed
                      1.7761816478e-01 radius
                      1.1971157534e-01 time_gap
                      9.6204939769e+00 strength_neighbor
                      5.2334527042e-02 range_neighbor

blocking fork: python3 driver.py params.in results.out

Active response data for evaluation 10:
Active set vector = { 1 1 1 1 1 1 1 1 1 }
                      1.0606060000e+01 flow_2.4
                      5.7450600000e+00 density_2.4
                      5.2735000000e-01 speed_2.4
                      1.6786570000e+01 flow_3.6
                      5.0537600000e+00 density_3.6
                      7.9344000000e-01 speed_3.6
                      2.3809520000e+01 flow_5.0
                      4.5458700000e+00 density_5.0
                      9.4098000000e-01 speed_5.0



---------------------
Begin Evaluation   11
---------------------
Parameters for evaluation 11:
                      1.4837799405e+00 desired_speed
                      2.1990897443e-01 radius
                      7.4460707711e-01 time_gap
                      8.8880124789e+00 strength_neighbor
                      1.8702052932e-01 range_neighbor

blocking fork: python3 driver.py params.in results.out

Active response data for evaluation 11:
Active set vector = { 1 1 1 1 1 1 1 1 1 }
                      3.3026700000e+00 flow_2.4
                      2.6218700000e+00 density_2.4
                      3.5728000000e-01 speed_2.4
                      4.9645400000e+00 flow_3.6
                      2.1339400000e+00 density_3.6
                      5.3411000000e-01 speed_3.6
                      6.6380100000e+00 flow_5.0
                      1.9678600000e+00 density_5.0
                      6.0578000000e-01 speed_5.0



---------------------
Begin Evaluation   12
---------------------
Parameters for evaluation 12:
                      1.3589306511e+00 desired_speed
                      1.3764836761e-01 radius
                      7.0190346493e-01 time_gap
                      7.4359107529e+00 strength_neighbor
                      6.0941829825e-02 range_neighbor

blocking fork: python3 driver.py params.in results.out

Active response data for evaluation 12:
Active set vector = { 1 1 1 1 1 1 1 1 1 }
                      5.5955200000e+00 flow_2.4
                      6.7083000000e+00 density_2.4
                      2.2398000000e-01 speed_2.4
                      7.6480300000e+00 flow_3.6
                      4.9677500000e+00 density_3.6
                      3.5915000000e-01 speed_3.6
                      9.6875000000e+00 flow_5.0
                      3.2202300000e+00 density_5.0
                      4.8250000000e-01 speed_5.0



---------------------
Begin Evaluation   13
---------------------
Parameters for evaluation 13:
                      1.3230636353e+00 desired_speed
                      1.8933571906e-01 radius
                      9.7805247541e-01 time_gap
                      4.9991295721e+00 strength_neighbor
                      2.6241849572e-01 range_neighbor

blocking fork: python3 driver.py params.in results.out

Active response data for evaluation 13:
Active set vector = { 1 1 1 1 1 1 1 1 1 }
                      3.1854400000e+00 flow_2.4
                      3.0810300000e+00 density_2.4
                      2.9470000000e-01 speed_2.4
                      4.9382700000e+00 flow_3.6
                      2.6045800000e+00 density_3.6
                      4.2742000000e-01 speed_3.6
                      6.5770900000e+00 flow_5.0
                      2.2740100000e+00 density_5.0
                      5.0936000000e-01 speed_5.0



---------------------
Begin Evaluation   14
---------------------
Parameters for evaluation 14:
                      9.9694823657e-01 desired_speed
                      1.6239174772e-01 radius
                      4.4778222170e-01 time_gap
                      6.3817035361e+00 strength_neighbor
                      2.7367620406e-01 range_neighbor

blocking fork: python3 driver.py params.in results.out

Active response data for evaluation 14:
Active set vector = { 1 1 1 1 1 1 1 1 1 }
                      5.6638200000e+00 flow_2.4
                      3.0565700000e+00 density_2.4
                      5.2412000000e-01 speed_2.4
                      8.4541100000e+00 flow_3.6
                      2.7790000000e+00 density_3.6
                      7.2742000000e-01 speed_3.6
                      1.1892580000e+01 flow_5.0
                      2.5710600000e+00 density_5.0
                      8.7214000000e-01 speed_5.0



---------------------
Begin Evaluation   15
---------------------
Parameters for evaluation 15:
                      1.1455885409e+00 desired_speed
                      1.9205225408e-01 radius
                      6.3736921851e-01 time_gap
                      2.8274780512e+00 strength_neighbor
                      2.7865269782e-01 range_neighbor

blocking fork: python3 driver.py params.in results.out

Active response data for evaluation 15:
Active set vector = { 1 1 1 1 1 1 1 1 1 }
                      4.2892200000e+00 flow_2.4
                      3.0865500000e+00 density_2.4
                      4.3913000000e-01 speed_2.4
                      6.8126500000e+00 flow_3.6
                      2.8339800000e+00 density_3.6
                      6.1258000000e-01 speed_3.6
                      9.1355600000e+00 flow_5.0
                      2.5504200000e+00 density_5.0
                      7.3630000000e-01 speed_5.0



---------------------
Begin Evaluation   16
---------------------
Parameters for evaluation 16:
                      8.3839949042e-01 desired_speed
                      1.7446365376e-01 radius
                      5.2970928150e-01 time_gap
                      8.5841353772e+00 strength_neighbor
                      7.6755823141e-02 range_neighbor

blocking fork: python3 driver.py params.in results.out

Active response data for evaluation 16:
Active set vector = { 1 1 1 1 1 1 1 1 1 }
                      4.7043000000e+00 flow_2.4
                      4.8730400000e+00 density_2.4
                      2.6601000000e-01 speed_2.4
                      6.9924800000e+00 flow_3.6
                      4.0159800000e+00 density_3.6
                      4.1257000000e-01 speed_3.6
                      8.9423100000e+00 flow_5.0
                      3.5323600000e+00 density_5.0
                      4.9680000000e-01 speed_5.0



---------------------
Begin Evaluation   17
---------------------
Parameters for evaluation 17:
                      1.4942470161e+00 desired_speed
                      1.3170545111e-01 radius
                      7.2068908262e-01 time_gap
                      3.1995443175e+00 strength_neighbor
                      2.4742283344e-01 range_neighbor

blocking fork: python3 driver.py params.in results.out

Active response data for evaluation 17:
Active set vector = { 1 1 1 1 1 1 1 1 1 }
                      6.5543100000e+00 flow_2.4
                      5.0508400000e+00 density_2.4
                      3.7263000000e-01 speed_2.4
                      9.8389400000e+00 flow_3.6
                      4.3879200000e+00 density_3.6
                      5.0314000000e-01 speed_3.6
                      1.2901740000e+01 flow_5.0
                      3.7897400000e+00 density_5.0
                      5.5675000000e-01 speed_5.0



---------------------
Begin Evaluation   18
---------------------
Parameters for evaluation 18:
                      1.1625925245e+00 desired_speed
                      2.3036679879e-01 radius
                      6.2843610656e-01 time_gap
                      6.7081571043e+00 strength_neighbor
                      2.8376379321e-01 range_neighbor

blocking fork: python3 driver.py params.in results.out

Active response data for evaluation 18:
Active set vector = { 1 1 1 1 1 1 1 1 1 }
                      3.2588500000e+00 flow_2.4
                      2.1851000000e+00 density_2.4
                      4.3576000000e-01 speed_2.4
                      5.1408700000e+00 flow_3.6
                      1.8650100000e+00 density_3.6
                      6.8954000000e-01 speed_3.6
                      7.2884000000e+00 flow_5.0
                      1.7046700000e+00 density_5.0
                      8.5940000000e-01 speed_5.0



---------------------
Begin Evaluation   19
---------------------
Parameters for evaluation 19:
                      9.4207242879e-01 desired_speed
                      2.2180702490e-01 radius
                      5.4806524882e-01 time_gap
                      4.8170033540e+00 strength_neighbor
                      1.5092770949e-01 range_neighbor

blocking fork: python3 driver.py params.in results.out

Active response data for evaluation 19:
Active set vector = { 1 1 1 1 1 1 1 1 1 }
                      3.5399300000e+00 flow_2.4
                      3.1053100000e+00 density_2.4
                      3.3164000000e-01 speed_2.4
                      5.6980100000e+00 flow_3.6
                      2.5784000000e+00 density_3.6
                      5.5403000000e-01 speed_3.6
                      7.7028500000e+00 flow_5.0
                      2.3786100000e+00 density_5.0
                      6.5618000000e-01 speed_5.0



---------------------
Begin Evaluation   20
---------------------
Parameters for evaluation 20:
                      1.2269313792e+00 desired_speed
                      1.2401202790e-01 radius
                      9.2168782860e-01 time_gap
                      5.4895570329e+00 strength_neighbor
                      2.2074860991e-01 range_neighbor

blocking fork: python3 driver.py params.in results.out

Active response data for evaluation 20:
Active set vector = { 1 1 1 1 1 1 1 1 1 }
                      5.3876000000e+00 flow_2.4
                      4.7870000000e+00 density_2.4
                      3.0242000000e-01 speed_2.4
                      7.7390800000e+00 flow_3.6
                      4.1000500000e+00 density_3.6
                      4.2090000000e-01 speed_3.6
                      9.8452900000e+00 flow_5.0
                      3.6703000000e+00 density_5.0
                      4.6634000000e-01 speed_5.0



---------------------
Begin Evaluation   21
---------------------
Parameters for evaluation 21:
                      1.3181757073e+00 desired_speed
                      1.5747862593e-01 radius
                      6.7903053976e-01 time_gap
                      9.5997812400e+00 strength_neighbor
                      7.5749745963e-02 range_neighbor

blocking fork: python3 driver.py params.in results.out

Active response data for evaluation 21:
Active set vector = { 1 1 1 1 1 1 1 1 1 }
                      5.0505100000e+00 flow_2.4
                      5.3025100000e+00 density_2.4
                      2.5457000000e-01 speed_2.4
                      7.1138200000e+00 flow_3.6
                      4.3039200000e+00 density_3.6
                      3.7399000000e-01 speed_3.6
                      8.7390800000e+00 flow_5.0
                      3.7046100000e+00 density_5.0
                      4.2137000000e-01 speed_5.0



---------------------
Begin Evaluation   22
---------------------
Parameters for evaluation 22:
                      8.8892946958e-01 desired_speed
                      1.4254049208e-01 radius
                      9.6926441224e-01 time_gap
                      2.1276641547e+00 strength_neighbor
                      2.0919474541e-01 range_neighbor

blocking fork: python3 driver.py params.in results.out

Active response data for evaluation 22:
Active set vector = { 1 1 1 1 1 1 1 1 1 }
                      4.3444700000e+00 flow_2.4
                      5.7343100000e+00 density_2.4
                      2.1312000000e-01 speed_2.4
                      6.1728400000e+00 flow_3.6
                      4.6867300000e+00 density_3.6
                      3.0851000000e-01 speed_3.6
                      8.6753700000e+00 flow_5.0
                      3.8357900000e+00 density_5.0
                      4.1256000000e-01 speed_5.0



---------------------
Begin Evaluation   23
---------------------
Parameters for evaluation 23:
                      9.7093551496e-01 desired_speed
                      1.3568715014e-01 radius
                      3.6775678950e-01 time_gap
                      5.5707431507e+00 strength_neighbor
                      2.9259422634e-01 range_neighbor

blocking fork: python3 driver.py params.in results.out

Active response data for evaluation 23:
Active set vector = { 1 1 1 1 1 1 1 1 1 }
                      7.0600100000e+00 flow_2.4
                      3.3483500000e+00 density_2.4
                      5.6320000000e-01 speed_2.4
                      1.0393470000e+01 flow_3.6
                      3.0206300000e+00 density_3.6
                      7.6202000000e-01 speed_3.6
                      1.4220180000e+01 flow_5.0
                      2.8342800000e+00 density_5.0
                      8.7324000000e-01 speed_5.0



---------------------
Begin Evaluation   24
---------------------
Parameters for evaluation 24:
                      1.3422195788e+00 desired_speed
                      2.3385882531e-01 radius
                      5.8603237354e-01 time_gap
                      9.8240570315e+00 strength_neighbor
                      2.9757144554e-01 range_neighbor

blocking fork: python3 driver.py params.in results.out

Active response data for evaluation 24:
Active set vector = { 1 1 1 1 1 1 1 1 1 }
                      3.3262100000e+00 flow_2.4
                      1.7499700000e+00 density_2.4
                      5.7828000000e-01 speed_2.4
                      5.0287400000e+00 flow_3.6
                      1.5510100000e+00 density_3.6
                      8.3527000000e-01 speed_3.6
                      7.0308500000e+00 flow_5.0
                      1.4272200000e+00 density_5.0
                      9.9361000000e-01 speed_5.0



---------------------
Begin Evaluation   25
---------------------
Parameters for evaluation 25:
                      8.4290904744e-01 desired_speed
                      1.3374374040e-01 radius
                      6.8601014726e-01 time_gap
                      8.6153740207e+00 strength_neighbor
                      1.4383325105e-01 range_neighbor

blocking fork: python3 driver.py params.in results.out

Active response data for evaluation 25:
Active set vector = { 1 1 1 1 1 1 1 1 1 }
                      5.5821400000e+00 flow_2.4
                      5.5538500000e+00 density_2.4
                      2.8578000000e-01 speed_2.4
                      8.4694500000e+00 flow_3.6
                      4.6182700000e+00 density_3.6
                      4.3668000000e-01 speed_3.6
                      1.1437910000e+01 flow_5.0
                      4.1184900000e+00 density_5.0
                      4.9433000000e-01 speed_5.0



---------------------
Begin Evaluation   26
---------------------
Parameters for evaluation 26:
                      1.4684575087e+00 desired_speed
                      1.7646346261e-01 radius
                      6.4957342850e-01 time_gap
                      6.6158033661e+00 strength_neighbor
                      5.7917907595e-02 range_neighbor

blocking fork: python3 driver.py params.in results.out

Active response data for evaluation 26:
Active set vector = { 1 1 1 1 1 1 1 1 1 }
                      4.8209400000e+00 flow_2.4
                      4.2789000000e+00 density_2.4
                      3.1012000000e-01 speed_2.4
                      6.7049800000e+00 flow_3.6
                      3.0951500000e+00 density_3.6
                      5.0824000000e-01 speed_3.6
                      7.8168600000e+00 flow_5.0
                      2.3698000000e+00 density_5.0
                      5.9021000000e-01 speed_5.0



---------------------
Begin Evaluation   27
---------------------
Parameters for evaluation 27:
                      1.5636156476e+00 desired_speed
                      1.5283379180e-01 radius
                      1.8623827684e-01 time_gap
                      3.8057731488e+00 strength_neighbor
                      2.4930700013e-01 range_neighbor

blocking fork: python3 driver.py params.in results.out

Active response data for evaluation 27:
Active set vector = { 1 1 1 1 1 1 1 1 1 }
                      1.2785390000e+01 flow_2.4
                      4.4935600000e+00 density_2.4
                      8.0726000000e-01 speed_2.4
                      1.9943020000e+01 flow_3.6
                      3.9696000000e+00 density_3.6
                      1.1478800000e+00 speed_3.6
                      2.7613410000e+01 flow_5.0
                      3.7111300000e+00 density_5.0
                      1.3262200000e+00 speed_5.0



---------------------
Begin Evaluation   28
---------------------
Parameters for evaluation 28:
                      1.5571356575e+00 desired_speed
                      1.8799615403e-01 radius
                      8.2245233990e-01 time_gap
                      4.4540760835e+00 strength_neighbor
                      4.2688739635e-02 range_neighbor

blocking fork: python3 driver.py params.in results.out

Active response data for evaluation 28:
Active set vector = { 1 1 1 1 1 1 1 1 1 }
                      3.7695200000e+00 flow_2.4
                      3.0435000000e+00 density_2.4
                      3.5206000000e-01 speed_2.4
                      4.1186900000e+00 flow_3.6
                      1.8275900000e+00 density_3.6
                      4.8569000000e-01 speed_3.6
                      4.2042000000e+00 flow_5.0
                      1.6759400000e+00 density_5.0
                      3.1893000000e-01 speed_5.0



---------------------
Begin Evaluation   29
---------------------
Parameters for evaluation 29:
                      1.0114537015e+00 desired_speed
                      1.6933853635e-01 radius
                      7.6677408245e-01 time_gap
                      2.9146316222e+00 strength_neighbor
                      1.0497753110e-01 range_neighbor

blocking fork: python3 driver.py params.in results.out

Active response data for evaluation 29:
Active set vector = { 1 1 1 1 1 1 1 1 1 }
                      4.3410900000e+00 flow_2.4
                      4.5678400000e+00 density_2.4
                      2.7194000000e-01 speed_2.4
                      6.1403500000e+00 flow_3.6
                      3.3417000000e+00 density_3.6
                      4.5411000000e-01 speed_3.6
                      7.4014900000e+00 flow_5.0
                      2.4364900000e+00 density_5.0
                      4.7312000000e-01 speed_5.0



---------------------
Begin Evaluation   30
---------------------
Parameters for evaluation 30:
                      1.0002987621e+00 desired_speed
                      2.3146957864e-01 radius
                      1.2872437448e-01 time_gap
                      9.9819542084e+00 strength_neighbor
                      9.8101285480e-02 range_neighbor

blocking fork: python3 driver.py params.in results.out

Active response data for evaluation 30:
Active set vector = { 1 1 1 1 1 1 1 1 1 }
                      5.9676000000e+00 flow_2.4
                      3.3928600000e+00 density_2.4
                      5.3428000000e-01 speed_2.4
                      9.2814400000e+00 flow_3.6
                      3.1655500000e+00 density_3.6
                      7.3398000000e-01 speed_3.6
                      1.3088510000e+01 flow_5.0
                      2.9607600000e+00 density_5.0
                      8.6981000000e-01 speed_5.0



---------------------
Begin Evaluation   31
---------------------
Parameters for evaluation 31:
                      1.5141371868e+00 desired_speed
                      2.4673423943e-01 radius
                      8.5760222035e-01 time_gap
                      6.9307683728e+00 strength_neighbor
                      1.7520082850e-01 range_neighbor

blocking fork: python3 driver.py params.in results.out

Active response data for evaluation 31:
Active set vector = { 1 1 1 1 1 1 1 1 1 }
                      2.5035800000e+00 flow_2.4
                      2.3090800000e+00 density_2.4
                      3.0072000000e-01 speed_2.4
                      3.9182800000e+00 flow_3.6
                      1.8520800000e+00 density_3.6
                      4.8159000000e-01 speed_3.6
                      4.9820800000e+00 flow_5.0
                      1.7153200000e+00 density_5.0
                      5.2107000000e-01 speed_5.0



---------------------
Begin Evaluation   32
---------------------
Parameters for evaluation 32:
                      1.4490283410e+00 desired_speed
                      2.0310672394e-01 radius
                      8.4449365058e-01 time_gap
                      5.2691977509e+00 strength_neighbor
                      3.0870726037e-02 range_neighbor

blocking fork: python3 driver.py params.in results.out

Active response data for evaluation 32:
Active set vector = { 1 1 1 1 1 1 1 1 1 }
                      2.8877900000e+00 flow_2.4
                      2.6356100000e+00 density_2.4
                      3.0480000000e-01 speed_2.4
                      3.1574200000e+00 flow_3.6
                      1.6986600000e+00 density_3.6
                      3.9495000000e-01 speed_3.6
                      3.4263300000e+00 flow_5.0
                      1.3639800000e+00 density_5.0
                      2.6376000000e-01 speed_5.0



---------------------
Begin Evaluation   33
---------------------
Parameters for evaluation 33:
                      1.1202398188e+00 desired_speed
                      1.2609075583e-01 radius
                      2.9042566395e-01 time_gap
                      8.2419582761e+00 strength_neighbor
                      2.3754691849e-01 range_neighbor

blocking fork: python3 driver.py params.in results.out

Active response data for evaluation 33:
Active set vector = { 1 1 1 1 1 1 1 1 1 }
                      8.8216800000e+00 flow_2.4
                      3.5704200000e+00 density_2.4
                      6.7166000000e-01 speed_2.4
                      1.2820510000e+01 flow_3.6
                      3.2548900000e+00 density_3.6
                      8.6842000000e-01 speed_3.6
                      1.7550510000e+01 flow_5.0
                      3.0512100000e+00 density_5.0
                      9.9499000000e-01 speed_5.0



---------------------
Begin Evaluation   34
---------------------
Parameters for evaluation 34:
                      1.4097599543e+00 desired_speed
                      1.5536094005e-01 radius
                      4.5758946626e-01 time_gap
                      7.5094881334e+00 strength_neighbor
                      1.4871238736e-01 range_neighbor

blocking fork: python3 driver.py params.in results.out

Active response data for evaluation 34:
Active set vector = { 1 1 1 1 1 1 1 1 1 }
                      7.1465000000e+00 flow_2.4
                      4.8140600000e+00 density_2.4
                      4.0930000000e-01 speed_2.4
                      1.0739030000e+01 flow_3.6
                      4.0178600000e+00 density_3.6
                      6.1783000000e-01 speed_3.6
                      1.4715190000e+01 flow_5.0
                      3.4660900000e+00 density_5.0
                      7.7521000000e-01 speed_5.0



---------------------
Begin Evaluation   35
---------------------
Parameters for evaluation 35:
                      1.3771842203e+00 desired_speed
                      1.3022416326e-01 radius
                      6.0383053787e-01 time_gap
                      7.2727152072e+00 strength_neighbor
                      1.4087157205e-01 range_neighbor

blocking fork: python3 driver.py params.in results.out

Active response data for evaluation 35:
Active set vector = { 1 1 1 1 1 1 1 1 1 }
                      7.1138200000e+00 flow_2.4
                      5.9434100000e+00 density_2.4
                      3.2480000000e-01 speed_2.4
                      1.0324480000e+01 flow_3.6
                      4.9842300000e+00 density_3.6
                      4.5160000000e-01 speed_3.6
                      1.3182670000e+01 flow_5.0
                      4.3289700000e+00 density_5.0
                      5.0359000000e-01 speed_5.0



---------------------
Begin Evaluation   36
---------------------
Parameters for evaluation 36:
                      1.0464914405e+00 desired_speed
                      2.2802201899e-01 radius
                      7.6136070475e-01 time_gap
                      6.2290872446e+00 strength_neighbor
                      1.2533448385e-01 range_neighbor

blocking fork: python3 driver.py params.in results.out

Active response data for evaluation 36:
Active set vector = { 1 1 1 1 1 1 1 1 1 }
                      2.7777800000e+00 flow_2.4
                      2.8852900000e+00 density_2.4
                      2.6765000000e-01 speed_2.4
                      4.5335900000e+00 flow_3.6
                      2.2008100000e+00 density_3.6
                      4.9024000000e-01 speed_3.6
                      5.8207700000e+00 flow_5.0
                      2.0404600000e+00 density_5.0
                      5.7245000000e-01 speed_5.0



---------------------
Begin Evaluation   37
---------------------
Parameters for evaluation 37:
                      8.2708147822e-01 desired_speed
                      1.8560710019e-01 radius
                      3.7947366086e-01 time_gap
                      3.7491815548e+00 strength_neighbor
                      1.1250785257e-01 range_neighbor

blocking fork: python3 driver.py params.in results.out

Active response data for evaluation 37:
Active set vector = { 1 1 1 1 1 1 1 1 1 }
                      5.3516800000e+00 flow_2.4
                      4.6524700000e+00 density_2.4
                      3.4093000000e-01 speed_2.4
                      8.7719300000e+00 flow_3.6
                      3.8528500000e+00 density_3.6
                      5.6846000000e-01 speed_3.6
                      1.1703890000e+01 flow_5.0
                      3.2929600000e+00 density_5.0
                      6.8685000000e-01 speed_5.0



---------------------
Begin Evaluation   38
---------------------
Parameters for evaluation 38:
                      1.3078031476e+00 desired_speed
                      1.8388896237e-01 radius
                      5.5216081334e-01 time_gap
                      9.7159647158e+00 strength_neighbor
                      2.5275962867e-01 range_neighbor

blocking fork: python3 driver.py params.in results.out

Active response data for evaluation 38:
Active set vector = { 1 1 1 1 1 1 1 1 1 }
                      4.6407200000e+00 flow_2.4
                      2.4305700000e+00 density_2.4
                      5.5302000000e-01 speed_2.4
                      7.0241700000e+00 flow_3.6
                      2.1692500000e+00 density_3.6
                      7.9004000000e-01 speed_3.6
                      9.9502500000e+00 flow_5.0
                      1.9734000000e+00 density_5.0
                      9.8823000000e-01 speed_5.0



---------------------
Begin Evaluation   39
---------------------
Parameters for evaluation 39:
                      1.2615686774e+00 desired_speed
                      2.4374677411e-01 radius
                      2.1858647132e-01 time_gap
                      2.7835246311e+00 strength_neighbor
                      1.8089300209e-01 range_neighbor

blocking fork: python3 driver.py params.in results.out

Active response data for evaluation 39:
Active set vector = { 1 1 1 1 1 1 1 1 1 }
                      5.3887600000e+00 flow_2.4
                      2.7897900000e+00 density_2.4
                      6.0873000000e-01 speed_2.4
                      8.7360600000e+00 flow_3.6
                      2.5954100000e+00 density_3.6
                      8.6574000000e-01 speed_3.6
                      1.2216400000e+01 flow_5.0
                      2.3834400000e+00 density_5.0
                      1.0469600000e+00 speed_5.0



---------------------
Begin Evaluation   40
---------------------
Parameters for evaluation 40:
                      1.4267238368e+00 desired_speed
                      2.2517640110e-01 radius
                      7.1299982406e-01 time_gap
                      5.7340005925e+00 strength_neighbor
                      4.9004674177e-02 range_neighbor

blocking fork: python3 driver.py params.in results.out

Active response data for evaluation 40:
Active set vector = { 1 1 1 1 1 1 1 1 1 }
                      3.3428800000e+00 flow_2.4
                      2.7522000000e+00 density_2.4
                      3.4249000000e-01 speed_2.4
                      4.6666700000e+00 flow_3.6
                      1.7862500000e+00 density_3.6
                      6.5508000000e-01 speed_3.6
                      4.9802200000e+00 flow_5.0
                      1.7354900000e+00 density_5.0
                      5.2455000000e-01 speed_5.0



---------------------
Begin Evaluation   41
---------------------
Parameters for evaluation 41:
                      1.4580892920e+00 desired_speed
                      1.2253950141e-01 radius
                      1.9766813254e-01 time_gap
                      5.9696749988e+00 strength_neighbor
                      2.4216926117e-01 range_neighbor

blocking fork: python3 driver.py params.in results.out

Active response data for evaluation 41:
Active set vector = { 1 1 1 1 1 1 1 1 1 }
                      1.3314180000e+01 flow_2.4
                      4.1265900000e+00 density_2.4
                      8.3933000000e-01 speed_2.4
                      1.9858160000e+01 flow_3.6
                      3.7136800000e+00 density_3.6
                      1.1257700000e+00 speed_3.6
                      2.6782270000e+01 flow_5.0
                      3.4903500000e+00 density_5.0
                      1.2667100000e+00 speed_5.0



---------------------
Begin Evaluation   42
---------------------
Parameters for evaluation 42:
                      1.2854464901e+00 desired_speed
                      1.5983530696e-01 radius
                      6.1703128263e-01 time_gap
                      7.3919860416e+00 strength_neighbor
                      2.2897519815e-02 range_neighbor

blocking fork: python3 driver.py params.in results.out

Active response data for evaluation 42:
Active set vector = { 1 1 1 1 1 1 1 1 1 }
                      4.5001600000e+00 flow_2.4
                      3.7983400000e+00 density_2.4
                      3.1588000000e-01 speed_2.4
                      4.6948400000e+00 flow_3.6
                      2.0306900000e+00 density_3.6
                      4.1853000000e-01 speed_3.6
                      5.0216000000e+00 flow_5.0
                      1.1997200000e+00 density_5.0
                      3.0335000000e-01 speed_5.0



---------------------
Begin Evaluation   43
---------------------
Parameters for evaluation 43:
                      1.2745460776e+00 desired_speed
                      2.4950055725e-01 radius
                      7.8045731001e-01 time_gap
                      3.6070132508e+00 strength_neighbor
                      1.7348980725e-01 range_neighbor

blocking fork: python3 driver.py params.in results.out

Active response data for evaluation 43:
Active set vector = { 1 1 1 1 1 1 1 1 1 }
                      2.5954800000e+00 flow_2.4
                      2.3700700000e+00 density_2.4
                      3.0728000000e-01 speed_2.4
                      4.1629600000e+00 flow_3.6
                      1.9010100000e+00 density_3.6
                      5.2731000000e-01 speed_3.6
                      5.8125000000e+00 flow_5.0
                      1.6254200000e+00 density_5.0
                      6.9758000000e-01 speed_5.0



---------------------
Begin Evaluation   44
---------------------
Parameters for evaluation 44:
                      1.3638797126e+00 desired_speed
                      1.6628582649e-01 radius
                      2.2781856945e-01 time_gap
                      2.0209373350e+00 strength_neighbor
                      1.0260871686e-01 range_neighbor

blocking fork: python3 driver.py params.in results.out

Active response data for evaluation 44:
Active set vector = { 1 1 1 1 1 1 1 1 1 }
                      1.1045600000e+01 flow_2.4
                      4.7979000000e+00 density_2.4
                      6.8535000000e-01 speed_2.4
                      1.4191920000e+01 flow_3.6
                      3.3351300000e+00 density_3.6
                      9.1051000000e-01 speed_3.6
                      1.7752230000e+01 flow_5.0
                      2.6111000000e+00 density_5.0
                      9.2344000000e-01 speed_5.0



---------------------
Begin Evaluation   45
---------------------
Parameters for evaluation 45:
                      8.0550797904e-01 desired_speed
                      2.0197336071e-01 radius
                      7.4043928394e-01 time_gap
                      5.0260345074e+00 strength_neighbor
                      8.0770766979e-02 range_neighbor

blocking fork: python3 driver.py params.in results.out

Active response data for evaluation 45:
Active set vector = { 1 1 1 1 1 1 1 1 1 }
                      3.2933400000e+00 flow_2.4
                      3.6006400000e+00 density_2.4
                      2.6081000000e-01 speed_2.4
                      4.4902500000e+00 flow_3.6
                      3.0494000000e+00 density_3.6
                      3.6693000000e-01 speed_3.6
                      6.9860300000e+00 flow_5.0
                      1.9682900000e+00 density_5.0
                      6.4568000000e-01 speed_5.0



---------------------
Begin Evaluation   46
---------------------
Parameters for evaluation 46:
                      1.5822505450e+00 desired_speed
                      1.9771745812e-01 radius
                      4.2242866640e-01 time_gap
                      4.0082871015e+00 strength_neighbor
                      2.3507290418e-01 range_neighbor

blocking fork: python3 driver.py params.in results.out

Active response data for evaluation 46:
Active set vector = { 1 1 1 1 1 1 1 1 1 }
                      6.0723500000e+00 flow_2.4
                      3.3589900000e+00 density_2.4
                      5.1547000000e-01 speed_2.4
                      9.4704700000e+00 flow_3.6
                      2.8099600000e+00 density_3.6
                      8.3440000000e-01 speed_3.6
                      1.3295350000e+01 flow_5.0
                      2.4284700000e+00 density_5.0
                      1.0977300000e+00 speed_5.0



---------------------
Begin Evaluation   47
---------------------
Parameters for evaluation 47:
                      9.0896293091e-01 desired_speed
                      2.3907564995e-01 radius
                      8.9753942341e-01 time_gap
                      7.1560986267e+00 strength_neighbor
                      1.1988806276e-01 range_neighbor

blocking fork: python3 driver.py params.in results.out

Active response data for evaluation 47:
Active set vector = { 1 1 1 1 1 1 1 1 1 }
                      2.2468300000e+00 flow_2.4
                      2.6143800000e+00 density_2.4
                      2.3984000000e-01 speed_2.4
                      3.3527000000e+00 flow_3.6
                      2.1468700000e+00 density_3.6
                      3.6990000000e-01 speed_3.6
                      4.6519400000e+00 flow_5.0
                      1.8432100000e+00 density_5.0
                      4.9754000000e-01 speed_5.0



---------------------
Begin Evaluation   48
---------------------
Parameters for evaluation 48:
                      1.2975766525e+00 desired_speed
                      2.3246131997e-01 radius
                      9.5965892786e-01 time_gap
                      6.8694963438e+00 strength_neighbor
                      2.9456033562e-01 range_neighbor

blocking fork: python3 driver.py params.in results.out

Active response data for evaluation 48:
Active set vector = { 1 1 1 1 1 1 1 1 1 }
                      2.6232000000e+00 flow_2.4
                      2.0441400000e+00 density_2.4
                      3.6836000000e-01 speed_2.4
                      4.0792500000e+00 flow_3.6
                      1.6930800000e+00 density_3.6
                      5.7325000000e-01 speed_3.6
                      5.4254500000e+00 flow_5.0
                      1.5444900000e+00 density_5.0
                      6.2987000000e-01 speed_5.0



---------------------
Begin Evaluation   49
---------------------
Parameters for evaluation 49:
                      8.1070724880e-01 desired_speed
                      1.7962302600e-01 radius
                      3.0047253320e-01 time_gap
                      7.7405898984e+00 strength_neighbor
                      6.5589347555e-02 range_neighbor

blocking fork: python3 driver.py params.in results.out

Active response data for evaluation 49:
Active set vector = { 1 1 1 1 1 1 1 1 1 }
                      6.1264800000e+00 flow_2.4
                      5.1649400000e+00 density_2.4
                      3.3665000000e-01 speed_2.4
                      9.2961500000e+00 flow_3.6
                      4.4536400000e+00 density_3.6
                      5.1774000000e-01 speed_3.6
                      1.3172800000e+01 flow_5.0
                      3.7066200000e+00 density_5.0
                      6.8058000000e-01 speed_5.0



---------------------
Begin Evaluation   50
---------------------
Parameters for evaluation 50:
                      9.1018748010e-01 desired_speed
                      1.3895186518e-01 radius
                      4.0087846364e-01 time_gap
                      8.9703739700e+00 strength_neighbor
                      2.1859958045e-01 range_neighbor

blocking fork: python3 driver.py params.in results.out

Active response data for evaluation 50:
Active set vector = { 1 1 1 1 1 1 1 1 1 }
                      6.5957400000e+00 flow_2.4
                      3.5711800000e+00 density_2.4
                      5.2038000000e-01 speed_2.4
                      9.9645400000e+00 flow_3.6
                      3.2582700000e+00 density_3.6
                      7.0162000000e-01 speed_3.6
                      1.3556850000e+01 flow_5.0
                      3.0486900000e+00 density_5.0
                      7.8545000000e-01 speed_5.0



---------------------
Begin Evaluation   51
---------------------
Parameters for evaluation 51:
                      8.6510827601e-01 desired_speed
                      2.0814434756e-01 radius
                      3.8518665875e-01 time_gap
                      9.3623403614e+00 strength_neighbor
                      2.6525913228e-01 range_neighbor

blocking fork: python3 driver.py params.in results.out

Active response data for evaluation 51:
Active set vector = { 1 1 1 1 1 1 1 1 1 }
                      3.6964000000e+00 flow_2.4
                      2.2025700000e+00 density_2.4
                      5.1470000000e-01 speed_2.4
                      5.5555600000e+00 flow_3.6
                      2.0124900000e+00 density_3.6
                      6.9326000000e-01 speed_3.6
                      7.5980400000e+00 flow_5.0
                      1.8984500000e+00 density_5.0
                      7.6401000000e-01 speed_5.0



---------------------
Begin Evaluation   52
---------------------
Parameters for evaluation 52:
                      8.7569311326e-01 desired_speed
                      1.7314999076e-01 radius
                      5.0367147004e-01 time_gap
                      3.0652223125e+00 strength_neighbor
                      1.9794196382e-01 range_neighbor

blocking fork: python3 driver.py params.in results.out

Active response data for evaluation 52:
Active set vector = { 1 1 1 1 1 1 1 1 1 }
                      5.1408700000e+00 flow_2.4
                      4.4591900000e+00 density_2.4
                      3.4793000000e-01 speed_2.4
                      8.3783800000e+00 flow_3.6
                      3.8521300000e+00 density_3.6
                      5.3974000000e-01 speed_3.6
                      1.1625000000e+01 flow_5.0
                      3.4899400000e+00 density_5.0
                      6.6927000000e-01 speed_5.0



---------------------
Begin Evaluation   53
---------------------
Parameters for evaluation 53:
                      1.5455784076e+00 desired_speed
                      2.1862365095e-01 radius
                      9.1720198701e-01 time_gap
                      7.9538463692e+00 strength_neighbor
                      6.9322460567e-02 range_neighbor

blocking fork: python3 driver.py params.in results.out

Active response data for evaluation 53:
Active set vector = { 1 1 1 1 1 1 1 1 1 }
                      2.6545300000e+00 flow_2.4
                      2.9544000000e+00 density_2.4
                      2.4849000000e-01 speed_2.4
                      4.3209900000e+00 flow_3.6
                      2.1410400000e+00 density_3.6
                      4.6562000000e-01 speed_3.6
                      4.4859500000e+00 flow_5.0
                      2.2541000000e+00 density_5.0
                      4.0120000000e-01 speed_5.0



---------------------
Begin Evaluation   54
---------------------
Parameters for evaluation 54:
                      1.2358661997e+00 desired_speed
                      2.4691266956e-01 radius
                      5.8066378328e-01 time_gap
                      3.2956449512e+00 strength_neighbor
                      2.0215924058e-01 range_neighbor

blocking fork: python3 driver.py params.in results.out

Active response data for evaluation 54:
Active set vector = { 1 1 1 1 1 1 1 1 1 }
                      3.3428500000e+00 flow_2.4
                      2.4322400000e+00 density_2.4
                      4.0090000000e-01 speed_2.4
                      5.4200500000e+00 flow_3.6
                      2.0158700000e+00 density_3.6
                      6.6356000000e-01 speed_3.6
                      7.2317300000e+00 flow_5.0
                      1.8880300000e+00 density_5.0
                      7.5070000000e-01 speed_5.0



---------------------
Begin Evaluation   55
---------------------
Parameters for evaluation 55:
                      1.4739899096e+00 desired_speed
                      2.2644655784e-01 radius
                      1.3505743664e-01 time_gap
                      3.5547130754e+00 strength_neighbor
                      9.2969063636e-02 range_neighbor

blocking fork: python3 driver.py params.in results.out

Active response data for evaluation 55:
Active set vector = { 1 1 1 1 1 1 1 1 1 }
                      7.9110400000e+00 flow_2.4
                      3.5822700000e+00 density_2.4
                      6.5393000000e-01 speed_2.4
                      1.2906220000e+01 flow_3.6
                      3.1418700000e+00 density_3.6
                      1.0512300000e+00 speed_3.6
                      1.8372700000e+01 flow_5.0
                      2.7745100000e+00 density_5.0
                      1.3119200000e+00 speed_5.0



---------------------
Begin Evaluation   56
---------------------
Parameters for evaluation 56:
                      9.5247888302e-01 desired_speed
                      1.5099720018e-01 radius
                      9.9164357175e-01 time_gap
                      4.2959707191e+00 strength_neighbor
                      2.0557733535e-01 range_neighbor

blocking fork: python3 driver.py params.in results.out

Active response data for evaluation 56:
Active set vector = { 1 1 1 1 1 1 1 1 1 }
                      3.9750100000e+00 flow_2.4
                      4.7401200000e+00 density_2.4
                      2.3993000000e-01 speed_2.4
                      6.2332400000e+00 flow_3.6
                      3.8090500000e+00 density_3.6
                      3.6581000000e-01 speed_3.6
                      7.9747600000e+00 flow_5.0
                      3.4042100000e+00 density_5.0
                      4.1464000000e-01 speed_5.0



---------------------
Begin Evaluation   57
---------------------
Parameters for evaluation 57:
                      1.2444045372e+00 desired_speed
                      2.4216110094e-01 radius
                      1.5721750805e-01 time_gap
                      8.3309961635e+00 strength_neighbor
                      2.8909484500e-01 range_neighbor

blocking fork: python3 driver.py params.in results.out

Active response data for evaluation 57:
Active set vector = { 1 1 1 1 1 1 1 1 1 }
                      4.6620000000e+00 flow_2.4
                      1.8846200000e+00 density_2.4
                      7.6655000000e-01 speed_2.4
                      7.0281100000e+00 flow_3.6
                      1.7000500000e+00 density_3.6
                      1.0503800000e+00 speed_3.6
                      9.5679000000e+00 flow_5.0
                      1.6368400000e+00 density_5.0
                      1.1234100000e+00 speed_5.0



---------------------
Begin Evaluation   58
---------------------
Parameters for evaluation 58:
                      1.5265341090e+00 desired_speed
                      1.7096380325e-01 radius
                      3.5290269947e-01 time_gap
                      4.6837462428e+00 strength_neighbor
                      1.2375076243e-01 range_neighbor

blocking fork: python3 driver.py params.in results.out

Active response data for evaluation 58:
Active set vector = { 1 1 1 1 1 1 1 1 1 }
                      8.4262700000e+00 flow_2.4
                      4.8807300000e+00 density_2.4
                      4.8588000000e-01 speed_2.4
                      1.1892580000e+01 flow_3.6
                      3.9663800000e+00 density_3.6
                      7.3894000000e-01 speed_3.6
                      1.6034480000e+01 flow_5.0
                      3.4787700000e+00 density_5.0
                      8.4390000000e-01 speed_5.0



---------------------
Begin Evaluation   59
---------------------
Parameters for evaluation 59:
                      1.4114271733e+00 desired_speed
                      2.3711791347e-01 radius
                      8.3768767322e-01 time_gap
                      8.0313819112e+00 strength_neighbor
                      1.5380792694e-01 range_neighbor

blocking fork: python3 driver.py params.in results.out

Active response data for evaluation 59:
Active set vector = { 1 1 1 1 1 1 1 1 1 }
                      2.5719000000e+00 flow_2.4
                      2.5483700000e+00 density_2.4
                      2.8084000000e-01 speed_2.4
                      3.9648800000e+00 flow_3.6
                      2.0732800000e+00 density_3.6
                      4.4330000000e-01 speed_3.6
                      5.4064600000e+00 flow_5.0
                      1.8394100000e+00 density_5.0
                      5.4250000000e-01 speed_5.0



---------------------
Begin Evaluation   60
---------------------
Parameters for evaluation 60:
                      1.1740236064e+00 desired_speed
                      1.9852943664e-01 radius
                      1.4711291678e-01 time_gap
                      8.7496664955e+00 strength_neighbor
                      2.2406640250e-01 range_neighbor

blocking fork: python3 driver.py params.in results.out

Active response data for evaluation 60:
Active set vector = { 1 1 1 1 1 1 1 1 1 }
                      6.6100100000e+00 flow_2.4
                      2.6689700000e+00 density_2.4
                      7.2303000000e-01 speed_2.4
                      9.8101300000e+00 flow_3.6
                      2.4413500000e+00 density_3.6
                      9.6079000000e-01 speed_3.6
                      1.3880600000e+01 flow_5.0
                      2.3421600000e+00 density_5.0
                      1.0545700000e+00 speed_5.0



---------------------
Begin Evaluation   61
---------------------
Parameters for evaluation 61:
                      1.0735390507e+00 desired_speed
                      1.6500052984e-01 radius
                      6.6861543621e-01 time_gap
                      3.9129658384e+00 strength_neighbor
                      1.9045179123e-01 range_neighbor

blocking fork: python3 driver.py params.in results.out

Active response data for evaluation 61:
Active set vector = { 1 1 1 1 1 1 1 1 1 }
                      4.7765300000e+00 flow_2.4
                      4.6406700000e+00 density_2.4
                      2.9227000000e-01 speed_2.4
                      7.6628400000e+00 flow_3.6
                      3.8167400000e+00 density_3.6
                      4.6544000000e-01 speed_3.6
                      1.0444950000e+01 flow_5.0
                      3.3090100000e+00 density_5.0
                      5.6418000000e-01 speed_5.0



---------------------
Begin Evaluation   62
---------------------
Parameters for evaluation 62:
                      1.0345317230e+00 desired_speed
                      1.8286991818e-01 radius
                      6.5336782204e-01 time_gap
                      7.8139467127e+00 strength_neighbor
                      2.7921797818e-01 range_neighbor

blocking fork: python3 driver.py params.in results.out

Active response data for evaluation 62:
Active set vector = { 1 1 1 1 1 1 1 1 1 }
                      4.0022900000e+00 flow_2.4
                      2.4795000000e+00 density_2.4
                      4.6110000000e-01 speed_2.4
                      6.1842100000e+00 flow_3.6
                      2.1843900000e+00 density_3.6
                      6.8111000000e-01 speed_3.6
                      8.4997000000e+00 flow_5.0
                      2.0306000000e+00 density_5.0
                      8.1809000000e-01 speed_5.0



---------------------
Begin Evaluation   63
---------------------
Parameters for evaluation 63:
                      9.8440809838e-01 desired_speed
                      1.4321066777e-01 radius
                      4.7443833293e-01 time_gap
                      7.0841419618e+00 strength_neighbor
                      2.7130989790e-01 range_neighbor

blocking fork: python3 driver.py params.in results.out

Active response data for evaluation 63:
Active set vector = { 1 1 1 1 1 1 1 1 1 }
                      5.9982900000e+00 flow_2.4
                      3.1276400000e+00 density_2.4
                      5.3402000000e-01 speed_2.4
                      8.7421400000e+00 flow_3.6
                      2.8322600000e+00 density_3.6
                      7.1295000000e-01 speed_3.6
                      1.2184510000e+01 flow_5.0
                      2.6990300000e+00 density_5.0
                      8.2062000000e-01 speed_5.0



---------------------
Begin Evaluation   64
---------------------
Parameters for evaluation 64:
                      1.1955277195e+00 desired_speed
                      2.2241729268e-01 radius
                      4.1244331019e-01 time_gap
                      3.3355729091e+00 strength_neighbor
                      1.6503650945e-01 range_neighbor

blocking fork: python3 driver.py params.in results.out

Active response data for evaluation 64:
Active set vector = { 1 1 1 1 1 1 1 1 1 }
                      4.4958300000e+00 flow_2.4
                      3.1680500000e+00 density_2.4
                      4.2047000000e-01 speed_2.4
                      7.4222900000e+00 flow_3.6
                      2.5891400000e+00 density_3.6
                      7.2843000000e-01 speed_3.6
                      1.0144930000e+01 flow_5.0
                      2.4450000000e+00 density_5.0
                      8.2341000000e-01 speed_5.0



---------------------
Begin Evaluation   65
---------------------
Parameters for evaluation 65:
                      1.4332530618e+00 desired_speed
                      1.9400269435e-01 radius
                      2.7352821195e-01 time_gap
                      2.6478978298e+00 strength_neighbor
                      3.8502064449e-02 range_neighbor

blocking fork: python3 driver.py params.in results.out

Active response data for evaluation 65:
Active set vector = { 1 1 1 1 1 1 1 1 1 }
                      6.7293800000e+00 flow_2.4
                      2.8450100000e+00 density_2.4
                      6.5760000000e-01 speed_2.4
                      7.3145200000e+00 flow_3.6
                      1.6996400000e+00 density_3.6
                      7.9249000000e-01 speed_3.6
                      8.1002300000e+00 flow_5.0
                      1.2066800000e+00 density_5.0
                      5.0542000000e-01 speed_5.0



---------------------
Begin Evaluation   66
---------------------
Parameters for evaluation 66:
                      1.1841510120e+00 desired_speed
                      2.4057333604e-01 radius
                      4.8661683158e-01 time_gap
                      2.3251741511e+00 strength_neighbor
                      1.9898711780e-01 range_neighbor

blocking fork: python3 driver.py params.in results.out

Active response data for evaluation 66:
Active set vector = { 1 1 1 1 1 1 1 1 1 }
                      3.8292000000e+00 flow_2.4
                      2.2356100000e+00 density_2.4
                      5.6537000000e-01 speed_2.4
                      5.9523800000e+00 flow_3.6
                      2.2104200000e+00 density_3.6
                      6.8367000000e-01 speed_3.6
                      8.4854000000e+00 flow_5.0
                      1.9473700000e+00 density_5.0
                      8.8045000000e-01 speed_5.0



---------------------
Begin Evaluation   67
---------------------
Parameters for evaluation 67:
                      1.2130636063e+00 desired_speed
                      1.4645171345e-01 radius
                      4.3633558740e-01 time_gap
                      6.4741082401e+00 strength_neighbor
                      2.5578968093e-01 range_neighbor

blocking fork: python3 driver.py params.in results.out

Active response data for evaluation 67:
Active set vector = { 1 1 1 1 1 1 1 1 1 }
                      7.2656300000e+00 flow_2.4
                      3.4471800000e+00 density_2.4
                      5.8622000000e-01 speed_2.4
                      1.1071430000e+01 flow_3.6
                      3.0768600000e+00 density_3.6
                      8.5432000000e-01 speed_3.6
                      1.5401540000e+01 flow_5.0
                      2.8712400000e+00 density_5.0
                      9.8441000000e-01 speed_5.0



---------------------
Begin Evaluation   68
---------------------
Parameters for evaluation 68:
                      1.1376582637e+00 desired_speed
                      2.1314417943e-01 radius
                      8.8310851429e-01 time_gap
                      9.1678883041e+00 strength_neighbor
                      3.6445835008e-02 range_neighbor

blocking fork: python3 driver.py params.in results.out

Active response data for evaluation 68:
Active set vector = { 1 1 1 1 1 1 1 1 1 }
                      2.7418700000e+00 flow_2.4
                      3.0107600000e+00 density_2.4
                      2.5863000000e-01 speed_2.4
                      3.8977400000e+00 flow_3.6
                      2.1023300000e+00 density_3.6
                      4.4152000000e-01 speed_3.6
                      3.8589200000e+00 flow_5.0
                      2.0085600000e+00 density_5.0
                      3.6119000000e-01 speed_5.0



---------------------
Begin Evaluation   69
---------------------
Parameters for evaluation 69:
                      1.0949263592e+00 desired_speed
                      1.8143858863e-01 radius
                      4.6712873764e-01 time_gap
                      6.5847721954e+00 strength_neighbor
                      2.6090150377e-01 range_neighbor

blocking fork: python3 driver.py params.in results.out

Active response data for evaluation 69:
Active set vector = { 1 1 1 1 1 1 1 1 1 }
                      5.2730700000e+00 flow_2.4
                      2.9103500000e+00 density_2.4
                      5.2394000000e-01 speed_2.4
                      8.1591200000e+00 flow_3.6
                      2.6077600000e+00 density_3.6
                      7.6092000000e-01 speed_3.6
                      1.1450690000e+01 flow_5.0
                      2.3902400000e+00 density_5.0
                      9.3866000000e-01 speed_5.0



---------------------
Begin Evaluation   70
---------------------
Parameters for evaluation 70:
                      1.1059086281e+00 desired_speed
                      2.1462469934e-01 radius
                      2.6046872504e-01 time_gap
                      3.4435520552e+00 strength_neighbor
                      8.5911163814e-02 range_neighbor

blocking fork: python3 driver.py params.in results.out

Active response data for evaluation 70:
Active set vector = { 1 1 1 1 1 1 1 1 1 }
                      5.9508700000e+00 flow_2.4
                      3.6747600000e+00 density_2.4
                      4.7102000000e-01 speed_2.4
                      9.5876300000e+00 flow_3.6
                      2.9203400000e+00 density_3.6
                      8.2049000000e-01 speed_3.6
                      1.1849960000e+01 flow_5.0
                      2.3068500000e+00 density_5.0
                      8.9916000000e-01 speed_5.0



---------------------
Begin Evaluation   71
---------------------
Parameters for evaluation 71:
                      1.5009221701e+00 desired_speed
                      1.4045266097e-01 radius
                      8.0262189277e-01 time_gap
                      8.4877212035e+00 strength_neighbor
                      1.5686980722e-01 range_neighbor

blocking fork: python3 driver.py params.in results.out

Active response data for evaluation 71:
Active set vector = { 1 1 1 1 1 1 1 1 1 }
                      5.1508500000e+00 flow_2.4
                      4.8741900000e+00 density_2.4
                      2.8331000000e-01 speed_2.4
                      7.4428500000e+00 flow_3.6
                      4.0647700000e+00 density_3.6
                      3.9796000000e-01 speed_3.6
                      9.9013400000e+00 flow_5.0
                      3.5134100000e+00 density_5.0
                      4.7023000000e-01 speed_5.0



---------------------
Begin Evaluation   72
---------------------
Parameters for evaluation 72:
                      9.3040630738e-01 desired_speed
                      1.9568079003e-01 radius
                      9.3411248854e-01 time_gap
                      9.4367702983e+00 strength_neighbor
                      2.4558744020e-02 range_neighbor

blocking fork: python3 driver.py params.in results.out

Active response data for evaluation 72:
Active set vector = { 1 1 1 1 1 1 1 1 1 }
                      2.7354400000e+00 flow_2.4
                      3.0930400000e+00 density_2.4
                      2.4483000000e-01 speed_2.4
                      2.8580200000e+00 flow_3.6
                      2.3788000000e+00 density_3.6
                      2.9374000000e-01 speed_3.6
                      3.1574200000e+00 flow_5.0
                      1.7211200000e+00 density_5.0
                      2.4557000000e-01 speed_5.0



---------------------
Begin Evaluation   73
---------------------
Parameters for evaluation 73:
                      8.9437061940e-01 desired_speed
                      2.3687931577e-01 radius
                      1.7821113901e-01 time_gap
                      5.3470665981e+00 strength_neighbor
                      4.6997615904e-02 range_neighbor

blocking fork: python3 driver.py params.in results.out

Active response data for evaluation 73:
Active set vector = { 1 1 1 1 1 1 1 1 1 }
                      4.6666700000e+00 flow_2.4
                      3.4943600000e+00 density_2.4
                      3.8937000000e-01 speed_2.4
                      7.2127800000e+00 flow_3.6
                      3.2038100000e+00 density_3.6
                      5.5896000000e-01 speed_3.6
                      9.4129600000e+00 flow_5.0
                      2.9007900000e+00 density_5.0
                      6.6050000000e-01 speed_5.0



---------------------
Begin Evaluation   74
---------------------
Parameters for evaluation 74:
                      1.5702311757e+00 desired_speed
                      1.2693750782e-01 radius
                      2.0495767778e-01 time_gap
                      7.6726689755e+00 strength_neighbor
                      6.5052628300e-02 range_neighbor

blocking fork: python3 driver.py params.in results.out

Active response data for evaluation 74:
Active set vector = { 1 1 1 1 1 1 1 1 1 }
                      1.5709460000e+01 flow_2.4
                      8.3567800000e+00 density_2.4
                      5.0859000000e-01 speed_2.4
                      2.3653200000e+01 flow_3.6
                      6.4662600000e+00 density_3.6
                      8.2350000000e-01 speed_3.6
                      3.1519270000e+01 flow_5.0
                      4.8129800000e+00 density_5.0
                      1.0498500000e+00 speed_5.0



---------------------
Begin Evaluation   75
---------------------
Parameters for evaluation 75:
                      1.1191330145e+00 desired_speed
                      2.1590949183e-01 radius
                      5.2238555444e-01 time_gap
                      4.7998283125e+00 strength_neighbor
                      1.6962859558e-01 range_neighbor

blocking fork: python3 driver.py params.in results.out

Active response data for evaluation 75:
Active set vector = { 1 1 1 1 1 1 1 1 1 }
                      4.1371200000e+00 flow_2.4
                      3.1649400000e+00 density_2.4
                      3.7043000000e-01 speed_2.4
                      6.2555900000e+00 flow_3.6
                      2.6905200000e+00 density_3.6
                      5.6444000000e-01 speed_3.6
                      9.0494800000e+00 flow_5.0
                      2.2942800000e+00 density_5.0
                      7.8947000000e-01 speed_5.0



---------------------
Begin Evaluation   76
---------------------
Parameters for evaluation 76:
                      1.2028352509e+00 desired_speed
                      1.6199169188e-01 radius
                      5.1121950145e-01 time_gap
                      9.0798964316e+00 strength_neighbor
                      1.3492919247e-01 range_neighbor

blocking fork: python3 driver.py params.in results.out

Active response data for evaluation 76:
Active set vector = { 1 1 1 1 1 1 1 1 1 }
                      6.0370800000e+00 flow_2.4
                      4.5268100000e+00 density_2.4
                      3.6619000000e-01 speed_2.4
                      8.8761200000e+00 flow_3.6
                      3.8517500000e+00 density_3.6
                      5.3186000000e-01 speed_3.6
                      1.2140990000e+01 flow_5.0
                      3.4630800000e+00 density_5.0
                      6.1821000000e-01 speed_5.0



---------------------
Begin Evaluation   77
---------------------
Parameters for evaluation 77:
                      9.6051467208e-01 desired_speed
                      2.0047260705e-01 radius
                      9.0010694539e-01 time_gap
                      4.1860053463e+00 strength_neighbor
                      9.6018445298e-02 range_neighbor

blocking fork: python3 driver.py params.in results.out

Active response data for evaluation 77:
Active set vector = { 1 1 1 1 1 1 1 1 1 }
                      2.8999000000e+00 flow_2.4
                      3.5891100000e+00 density_2.4
                      2.2967000000e-01 speed_2.4
                      4.4871800000e+00 flow_3.6
                      2.6288300000e+00 density_3.6
                      4.2932000000e-01 speed_3.6
                      4.9050600000e+00 flow_5.0
                      2.3818300000e+00 density_5.0
                      3.9140000000e-01 speed_5.0



---------------------
Begin Evaluation   78
---------------------
Parameters for evaluation 78:
                      1.5931576725e+00 desired_speed
                      1.6784958822e-01 radius
                      2.5216874874e-01 time_gap
                      5.8064673193e+00 strength_neighbor
                      1.9293531967e-01 range_neighbor

blocking fork: python3 driver.py params.in results.out

Active response data for evaluation 78:
Active set vector = { 1 1 1 1 1 1 1 1 1 }
                      9.8778700000e+00 flow_2.4
                      4.2734300000e+00 density_2.4
                      6.4710000000e-01 speed_2.4
                      1.5492170000e+01 flow_3.6
                      3.6675800000e+00 density_3.6
                      9.9892000000e-01 speed_3.6
                      2.2248800000e+01 flow_5.0
                      3.3239800000e+00 density_5.0
                      1.2900000000e+00 speed_5.0



---------------------
Begin Evaluation   79
---------------------
Parameters for evaluation 79:
                      1.0245683322e+00 desired_speed
                      1.2066059487e-01 radius
                      7.9622760393e-01 time_gap
                      4.3218397902e+00 strength_neighbor
                      8.9300200645e-02 range_neighbor

blocking fork: python3 driver.py params.in results.out

Active response data for evaluation 79:
Active set vector = { 1 1 1 1 1 1 1 1 1 }
                      5.7684400000e+00 flow_2.4
                      8.1126500000e+00 density_2.4
                      2.0010000000e-01 speed_2.4
                      8.4694500000e+00 flow_3.6
                      5.5916800000e+00 density_3.6
                      3.4410000000e-01 speed_3.6
                      1.0514540000e+01 flow_5.0
                      3.7515900000e+00 density_5.0
                      4.1154000000e-01 speed_5.0



---------------------
Begin Evaluation   80
---------------------
Parameters for evaluation 80:
                      8.5121328579e-01 desired_speed
                      1.5607724041e-01 radius
                      2.4295578178e-01 time_gap
                      2.4651122765e+00 strength_neighbor
                      1.8431984677e-01 range_neighbor

blocking fork: python3 driver.py params.in results.out

Active response data for evaluation 80:
Active set vector = { 1 1 1 1 1 1 1 1 1 }
                      8.2742300000e+00 flow_2.4
                      5.9797700000e+00 density_2.4
                      4.3981000000e-01 speed_2.4
                      1.3429950000e+01 flow_3.6
                      5.2998600000e+00 density_3.6
                      6.6795000000e-01 speed_3.6
                      1.9135800000e+01 flow_5.0
                      4.7965500000e+00 density_5.0
                      7.5267000000e-01 speed_5.0



---------------------
Begin Evaluation   81
---------------------
Parameters for evaluation 81:
                      1.5814418277e+00 desired_speed
                      2.0414940701e-01 radius
                      1.6199281940e-01 time_gap
                      7.6493902617e+00 strength_neighbor
                      2.2630911283e-01 range_neighbor

blocking fork: python3 driver.py params.in results.out

Active response data for evaluation 81:
Active set vector = { 1 1 1 1 1 1 1 1 1 }
                      8.1010500000e+00 flow_2.4
                      2.7683200000e+00 density_2.4
                      8.6798000000e-01 speed_2.4
                      1.2601630000e+01 flow_3.6
                      2.5159300000e+00 density_3.6
                      1.2241900000e+00 speed_3.6
                      1.7484280000e+01 flow_5.0
                      2.3596900000e+00 density_5.0
                      1.3822400000e+00 speed_5.0



---------------------
Begin Evaluation   82
---------------------
Parameters for evaluation 82:
                      9.4545403565e-01 desired_speed
                      1.5856763460e-01 radius
                      5.6214564319e-01 time_gap
                      6.9435082044e+00 strength_neighbor
                      1.4528246369e-01 range_neighbor

blocking fork: python3 driver.py params.in results.out

Active response data for evaluation 82:
Active set vector = { 1 1 1 1 1 1 1 1 1 }
                      5.5226800000e+00 flow_2.4
                      4.9170500000e+00 density_2.4
                      3.1642000000e-01 speed_2.4
                      8.3780600000e+00 flow_3.6
                      4.1466800000e+00 density_3.6
                      4.7883000000e-01 speed_3.6
                      1.1384110000e+01 flow_5.0
                      3.5845600000e+00 density_5.0
                      5.7761000000e-01 speed_5.0



---------------------
Begin Evaluation   83
---------------------
Parameters for evaluation 83:
                      8.0471067802e-01 desired_speed
                      1.2100301688e-01 radius
                      8.2480260917e-01 time_gap
                      2.8939457885e+00 strength_neighbor
                      1.1901735993e-01 range_neighbor

blocking fork: python3 driver.py params.in results.out

Active response data for evaluation 83:
Active set vector = { 1 1 1 1 1 1 1 1 1 }
                      5.4644800000e+00 flow_2.4
                      8.0119000000e+00 density_2.4
                      1.9051000000e-01 speed_2.4
                      7.7889400000e+00 flow_3.6
                      6.0302200000e+00 density_3.6
                      2.9152000000e-01 speed_3.6
                      1.0571860000e+01 flow_5.0
                      4.1465600000e+00 density_5.0
                      3.9139000000e-01 speed_5.0



---------------------
Begin Evaluation   84
---------------------
Parameters for evaluation 84:
                      1.3009730498e+00 desired_speed
                      1.2646326562e-01 radius
                      9.7955028262e-01 time_gap
                      9.7445000792e+00 strength_neighbor
                      1.9690049184e-01 range_neighbor

blocking fork: python3 driver.py params.in results.out

Active response data for evaluation 84:
Active set vector = { 1 1 1 1 1 1 1 1 1 }
                      4.8209400000e+00 flow_2.4
                      4.0629100000e+00 density_2.4
                      3.1334000000e-01 speed_2.4
                      6.8670600000e+00 flow_3.6
                      3.5609700000e+00 density_3.6
                      4.1172000000e-01 speed_3.6
                      8.8216800000e+00 flow_5.0
                      3.2553900000e+00 density_5.0
                      4.4357000000e-01 speed_5.0



---------------------
Begin Evaluation   85
---------------------
Parameters for evaluation 85:
                      1.0173803283e+00 desired_speed
                      2.0780318386e-01 radius
                      8.3145224634e-01 time_gap
                      7.0124335244e+00 strength_neighbor
                      6.7469366210e-02 range_neighbor

blocking fork: python3 driver.py params.in results.out

Active response data for evaluation 85:
Active set vector = { 1 1 1 1 1 1 1 1 1 }
                      2.9933700000e+00 flow_2.4
                      3.3094100000e+00 density_2.4
                      2.5275000000e-01 speed_2.4
                      4.6022400000e+00 flow_3.6
                      2.4655200000e+00 density_3.6
                      4.4142000000e-01 speed_3.6
                      4.9343300000e+00 flow_5.0
                      2.4405400000e+00 density_5.0
                      4.0192000000e-01 speed_5.0



---------------------
Begin Evaluation   86
---------------------
Parameters for evaluation 86:
                      1.0276054190e+00 desired_speed
                      2.1992134893e-01 radius
                      8.8637551778e-01 time_gap
                      7.1723149159e+00 strength_neighbor
                      7.4865863672e-02 range_neighbor

blocking fork: python3 driver.py params.in results.out

Active response data for evaluation 86:
Active set vector = { 1 1 1 1 1 1 1 1 1 }
                      2.5711700000e+00 flow_2.4
                      3.0215500000e+00 density_2.4
                      2.3643000000e-01 speed_2.4
                      4.1188600000e+00 flow_3.6
                      2.2206500000e+00 density_3.6
                      4.4092000000e-01 speed_3.6
                      4.4952900000e+00 flow_5.0
                      2.2319700000e+00 density_5.0
                      4.0890000000e-01 speed_5.0



---------------------
Begin Evaluation   87
---------------------
Parameters for evaluation 87:
                      1.3574135717e+00 desired_speed
                      2.3743754606e-01 radius
                      4.4700415157e-01 time_gap
                      3.9148956311e+00 strength_neighbor
                      1.5956830824e-01 range_neighbor

blocking fork: python3 driver.py params.in results.out

Active response data for evaluation 87:
Active set vector = { 1 1 1 1 1 1 1 1 1 }
                      4.1185200000e+00 flow_2.4
                      2.7608800000e+00 density_2.4
                      4.2821000000e-01 speed_2.4
                      6.7587200000e+00 flow_3.6
                      2.2195700000e+00 density_3.6
                      7.6342000000e-01 speed_3.6
                      9.0671900000e+00 flow_5.0
                      2.0326500000e+00 density_5.0
                      9.0531000000e-01 speed_5.0



---------------------
Begin Evaluation   88
---------------------
Parameters for evaluation 88:
                      8.8088781013e-01 desired_speed
                      1.8610764092e-01 radius
                      7.8331779910e-01 time_gap
                      3.8489462129e+00 strength_neighbor
                      7.7199791742e-02 range_neighbor

blocking fork: python3 driver.py params.in results.out

Active response data for evaluation 88:
Active set vector = { 1 1 1 1 1 1 1 1 1 }
                      3.6175700000e+00 flow_2.4
                      3.9733900000e+00 density_2.4
                      2.6297000000e-01 speed_2.4
                      4.9592600000e+00 flow_3.6
                      3.0815900000e+00 density_3.6
                      4.0107000000e-01 speed_3.6
                      5.8552900000e+00 flow_5.0
                      2.0699100000e+00 density_5.0
                      4.5551000000e-01 speed_5.0



---------------------
Begin Evaluation   89
---------------------
Parameters for evaluation 89:
                      1.1013324267e+00 desired_speed
                      1.8726152465e-01 radius
                      4.8552598882e-01 time_gap
                      3.6733807672e+00 strength_neighbor
                      1.3577363805e-01 range_neighbor

blocking fork: python3 driver.py params.in results.out

Active response data for evaluation 89:
Active set vector = { 1 1 1 1 1 1 1 1 1 }
                      5.4200500000e+00 flow_2.4
                      4.0922300000e+00 density_2.4
                      3.7809000000e-01 speed_2.4
                      8.3481900000e+00 flow_3.6
                      3.3455100000e+00 density_3.6
                      6.1483000000e-01 speed_3.6
                      1.1164270000e+01 flow_5.0
                      2.9700800000e+00 density_5.0
                      6.8857000000e-01 speed_5.0



---------------------
Begin Evaluation   90
---------------------
Parameters for evaluation 90:
                      1.5196292321e+00 desired_speed
                      1.2226119036e-01 radius
                      1.3519460211e-01 time_gap
                      6.2899690568e+00 strength_neighbor
                      6.2718696389e-02 range_neighbor

blocking fork: python3 driver.py params.in results.out

Active response data for evaluation 90:
Active set vector = { 1 1 1 1 1 1 1 1 1 }
                      2.1909230000e+01 flow_2.4
                      9.2431600000e+00 density_2.4
                      6.5273000000e-01 speed_2.4
                      3.2269500000e+01 flow_3.6
                      7.2409500000e+00 density_3.6
                      9.9420000000e-01 speed_3.6
                      4.2660550000e+01 flow_5.0
                      5.2824700000e+00 density_5.0
                      1.1978400000e+00 speed_5.0



---------------------
Begin Evaluation   91
---------------------
Parameters for evaluation 91:
                      1.1417660344e+00 desired_speed
                      1.5218401280e-01 radius
                      2.9391003514e-01 time_gap
                      9.4466666163e+00 strength_neighbor
                      3.6988378406e-02 range_neighbor

blocking fork: python3 driver.py params.in results.out

Active response data for evaluation 91:
Active set vector = { 1 1 1 1 1 1 1 1 1 }
                      9.0090100000e+00 flow_2.4
                      6.4550600000e+00 density_2.4
                      3.8271000000e-01 speed_2.4
                      1.1996570000e+01 flow_3.6
                      4.9743600000e+00 density_3.6
                      5.4907000000e-01 speed_3.6
                      1.5401540000e+01 flow_5.0
                      3.0169200000e+00 density_5.0
                      7.3249000000e-01 speed_5.0



---------------------
Begin Evaluation   92
---------------------
Parameters for evaluation 92:
                      1.0399406724e+00 desired_speed
                      2.3674366663e-01 radius
                      7.2692459725e-01 time_gap
                      9.3810936613e+00 strength_neighbor
                      1.9119514243e-01 range_neighbor

blocking fork: python3 driver.py params.in results.out

Active response data for evaluation 92:
Active set vector = { 1 1 1 1 1 1 1 1 1 }
                      2.7402600000e+00 flow_2.4
                      2.3711000000e+00 density_2.4
                      3.4035000000e-01 speed_2.4
                      4.1334500000e+00 flow_3.6
                      2.0154900000e+00 density_3.6
                      5.0948000000e-01 speed_3.6
                      5.7764000000e+00 flow_5.0
                      1.7447300000e+00 density_5.0
                      6.7455000000e-01 speed_5.0



---------------------
Begin Evaluation   93
---------------------
Parameters for evaluation 93:
                      1.0852893607e+00 desired_speed
                      1.6449386681e-01 radius
                      3.6353805318e-01 time_gap
                      2.7290642431e+00 strength_neighbor
                      1.2200082381e-01 range_neighbor

blocking fork: python3 driver.py params.in results.out

Active response data for evaluation 93:
Active set vector = { 1 1 1 1 1 1 1 1 1 }
                      7.5512400000e+00 flow_2.4
                      5.3081000000e+00 density_2.4
                      4.1724000000e-01 speed_2.4
                      1.1700340000e+01 flow_3.6
                      4.1678700000e+00 density_3.6
                      6.9632000000e-01 speed_3.6
                      1.4485980000e+01 flow_5.0
                      3.2958100000e+00 density_5.0
                      7.6383000000e-01 speed_5.0



---------------------
Begin Evaluation   94
---------------------
Parameters for evaluation 94:
                      9.3424115900e-01 desired_speed
                      2.0558018189e-01 radius
                      9.5670881694e-01 time_gap
                      2.4438034836e+00 strength_neighbor
                      8.7417883061e-02 range_neighbor

blocking fork: python3 driver.py params.in results.out

Active response data for evaluation 94:
Active set vector = { 1 1 1 1 1 1 1 1 1 }
                      2.7662100000e+00 flow_2.4
                      3.0441000000e+00 density_2.4
                      2.6365000000e-01 speed_2.4
                      3.9051600000e+00 flow_3.6
                      1.7421200000e+00 density_3.6
                      5.0572000000e-01 speed_3.6
                      3.8314200000e+00 flow_5.0
                      1.6644200000e+00 density_5.0
                      3.5813000000e-01 speed_5.0



---------------------
Begin Evaluation   95
---------------------
Parameters for evaluation 95:
                      8.5528005196e-01 desired_speed
                      1.2413711261e-01 radius
                      7.5138641368e-01 time_gap
                      6.1748383040e+00 strength_neighbor
                      4.8075609499e-02 range_neighbor

blocking fork: python3 driver.py params.in results.out

Active response data for evaluation 95:
Active set vector = { 1 1 1 1 1 1 1 1 1 }
                      5.6910600000e+00 flow_2.4
                      7.9178300000e+00 density_2.4
                      2.0155000000e-01 speed_2.4
                      7.2998400000e+00 flow_3.6
                      4.1239400000e+00 density_3.6
                      3.6633000000e-01 speed_3.6
                      8.3184300000e+00 flow_5.0
                      2.5063800000e+00 density_5.0
                      3.9179000000e-01 speed_5.0



---------------------
Begin Evaluation   96
---------------------
Parameters for evaluation 96:
                      1.1659662181e+00 desired_speed
                      2.4481415707e-01 radius
                      5.5456025083e-01 time_gap
                      5.8872030591e+00 strength_neighbor
                      8.1716265028e-02 range_neighbor

blocking fork: python3 driver.py params.in results.out

Active response data for evaluation 96:
Active set vector = { 1 1 1 1 1 1 1 1 1 }
                      3.1849300000e+00 flow_2.4
                      2.6309000000e+00 density_2.4
                      3.4459000000e-01 speed_2.4
                      5.1666700000e+00 flow_3.6
                      2.0358300000e+00 density_3.6
                      6.1436000000e-01 speed_3.6
                      6.9033500000e+00 flow_5.0
                      1.7063200000e+00 density_5.0
                      8.1971000000e-01 speed_5.0



---------------------
Begin Evaluation   97
---------------------
Parameters for evaluation 97:
                      9.1729973748e-01 desired_speed
                      2.4279448079e-01 radius
                      3.7975384261e-01 time_gap
                      9.9248941777e+00 strength_neighbor
                      2.7384331074e-01 range_neighbor

blocking fork: python3 driver.py params.in results.out

Active response data for evaluation 97:
Active set vector = { 1 1 1 1 1 1 1 1 1 }
                      3.0372300000e+00 flow_2.4
                      1.8243000000e+00 density_2.4
                      5.3316000000e-01 speed_2.4
                      4.7090500000e+00 flow_3.6
                      1.6741100000e+00 density_3.6
                      7.2835000000e-01 speed_3.6
                      6.5727700000e+00 flow_5.0
                      1.6061400000e+00 density_5.0
                      8.2649000000e-01 speed_5.0



---------------------
Begin Evaluation   98
---------------------
Parameters for evaluation 98:
                      1.3735416449e+00 desired_speed
                      1.6132204884e-01 radius
                      7.0009983829e-01 time_gap
                      9.2944016475e+00 strength_neighbor
                      9.6562338270e-02 range_neighbor

blocking fork: python3 driver.py params.in results.out

Active response data for evaluation 98:
Active set vector = { 1 1 1 1 1 1 1 1 1 }
                      4.6620000000e+00 flow_2.4
                      4.9921600000e+00 density_2.4
                      2.4971000000e-01 speed_2.4
                      7.2689500000e+00 flow_3.6
                      3.8505300000e+00 density_3.6
                      4.2446000000e-01 speed_3.6
                      9.0116300000e+00 flow_5.0
                      3.3358700000e+00 density_5.0
                      5.2120000000e-01 speed_5.0



---------------------
Begin Evaluation   99
---------------------
Parameters for evaluation 99:
                      8.1209651074e-01 desired_speed
                      1.6598196756e-01 radius
                      2.3615286363e-01 time_gap
                      9.0488711604e+00 strength_neighbor
                      5.8826366537e-02 range_neighbor

blocking fork: python3 driver.py params.in results.out

Active response data for evaluation 99:
Active set vector = { 1 1 1 1 1 1 1 1 1 }
                      7.3606700000e+00 flow_2.4
                      6.1510100000e+00 density_2.4
                      3.3686000000e-01 speed_2.4
                      1.1494250000e+01 flow_3.6
                      5.2531600000e+00 density_3.6
                      5.3434000000e-01 speed_3.6
                      1.6375290000e+01 flow_5.0
                      4.3448200000e+00 density_5.0
                      6.7855000000e-01 speed_5.0



---------------------
Begin Evaluation  100
---------------------
Parameters for evaluation 100:
                      1.5635940940e+00 desired_speed
                      1.6833498274e-01 radius
                      5.0786273301e-01 time_gap
                      4.3021459752e+00 strength_neighbor
                      2.6922333990e-01 range_neighbor

blocking fork: python3 driver.py params.in results.out

Active response data for evaluation 100:
Active set vector = { 1 1 1 1 1 1 1 1 1 }
                      6.6666700000e+00 flow_2.4
                      3.6598100000e+00 density_2.4
                      5.2349000000e-01 speed_2.4
                      1.0014310000e+01 flow_3.6
                      3.0456600000e+00 density_3.6
                      7.9583000000e-01 speed_3.6
                      1.4767930000e+01 flow_5.0
                      2.6785700000e+00 density_5.0
                      1.0460200000e+00 speed_5.0



---------------------
Begin Evaluation  101
---------------------
Parameters for evaluation 101:
                      1.1552696226e+00 desired_speed
                      2.3998895558e-01 radius
                      7.9866162511e-01 time_gap
                      2.0709593593e+00 strength_neighbor
                      2.2035741782e-01 range_neighbor

blocking fork: python3 driver.py params.in results.out

Active response data for evaluation 101:
Active set vector = { 1 1 1 1 1 1 1 1 1 }
                      2.6276300000e+00 flow_2.4
                      2.4729700000e+00 density_2.4
                      3.1366000000e-01 speed_2.4
                      4.4560700000e+00 flow_3.6
                      1.9383100000e+00 density_3.6
                      5.4862000000e-01 speed_3.6
                      5.5160100000e+00 flow_5.0
                      1.8557500000e+00 density_5.0
                      5.7142000000e-01 speed_5.0



---------------------
Begin Evaluation  102
---------------------
Parameters for evaluation 102:
                      1.5032276737e+00 desired_speed
                      2.4893979831e-01 radius
                      5.8187896209e-01 time_gap
                      5.2221475625e+00 strength_neighbor
                      2.9894260424e-01 range_neighbor

blocking fork: python3 driver.py params.in results.out

Active response data for evaluation 102:
Active set vector = { 1 1 1 1 1 1 1 1 1 }
                      3.3404700000e+00 flow_2.4
                      2.1119300000e+00 density_2.4
                      4.7785000000e-01 speed_2.4
                      5.4648000000e+00 flow_3.6
                      1.7118300000e+00 density_3.6
                      8.1450000000e-01 speed_3.6
                      7.6628400000e+00 flow_5.0
                      1.5740600000e+00 density_5.0
                      9.7853000000e-01 speed_5.0



---------------------
Begin Evaluation  103
---------------------
Parameters for evaluation 103:
                      1.4106104807e+00 desired_speed
                      1.5563927467e-01 radius
                      6.4609512807e-01 time_gap
                      6.4406722690e+00 strength_neighbor
                      3.2820593617e-02 range_neighbor

blocking fork: python3 driver.py params.in results.out

Active response data for evaluation 103:
Active set vector = { 1 1 1 1 1 1 1 1 1 }
                      5.6024100000e+00 flow_2.4
                      4.2928100000e+00 density_2.4
                      3.6012000000e-01 speed_2.4
                      5.9296900000e+00 flow_3.6
                      2.4322400000e+00 density_3.6
                      4.6542000000e-01 speed_3.6
                      6.1484400000e+00 flow_5.0
                      1.6799800000e+00 density_5.0
                      3.7505000000e-01 speed_5.0



---------------------
Begin Evaluation  104
---------------------
Parameters for evaluation 104:
                      1.4294923702e+00 desired_speed
                      1.6251583056e-01 radius
                      7.3171683654e-01 time_gap
                      3.0979129005e+00 strength_neighbor
                      1.5519205014e-01 range_neighbor

blocking fork: python3 driver.py params.in results.out

Active response data for evaluation 104:
Active set vector = { 1 1 1 1 1 1 1 1 1 }
                      5.0233200000e+00 flow_2.4
                      4.7596000000e+00 density_2.4
                      2.9412000000e-01 speed_2.4
                      7.0387100000e+00 flow_3.6
                      3.9436300000e+00 density_3.6
                      4.0443000000e-01 speed_3.6
                      9.3561400000e+00 flow_5.0
                      3.2680700000e+00 density_5.0
                      5.4288000000e-01 speed_5.0



---------------------
Begin Evaluation  105
---------------------
Parameters for evaluation 105:
                      1.5295956530e+00 desired_speed
                      1.9165771814e-01 radius
                      7.7068264783e-01 time_gap
                      5.3274655002e+00 strength_neighbor
                      2.6268362090e-01 range_neighbor

blocking fork: python3 driver.py params.in results.out

Active response data for evaluation 105:
Active set vector = { 1 1 1 1 1 1 1 1 1 }
                      3.9190700000e+00 flow_2.4
                      2.9961800000e+00 density_2.4
                      3.7753000000e-01 speed_2.4
                      6.1917400000e+00 flow_3.6
                      2.4354100000e+00 density_3.6
                      5.9243000000e-01 speed_3.6
                      8.2582600000e+00 flow_5.0
                      2.2758200000e+00 density_5.0
                      6.6076000000e-01 speed_5.0



---------------------
Begin Evaluation  106
---------------------
Parameters for evaluation 106:
                      1.2476178624e+00 desired_speed
                      1.6978310594e-01 radius
                      3.0696512124e-01 time_gap
                      9.8318832110e+00 strength_neighbor
                      1.7737651330e-01 range_neighbor

blocking fork: python3 driver.py params.in results.out

Active response data for evaluation 106:
Active set vector = { 1 1 1 1 1 1 1 1 1 }
                      7.2463800000e+00 flow_2.4
                      3.5816700000e+00 density_2.4
                      5.8460000000e-01 speed_2.4
                      1.1509900000e+01 flow_3.6
                      3.1644600000e+00 density_3.6
                      8.6827000000e-01 speed_3.6
                      1.5709460000e+01 flow_5.0
                      2.9461300000e+00 density_5.0
                      1.0267400000e+00 speed_5.0



---------------------
Begin Evaluation  107
---------------------
Parameters for evaluation 107:
                      1.2269892939e+00 desired_speed
                      1.3160556382e-01 radius
                      2.1975419187e-01 time_gap
                      4.8975985520e+00 strength_neighbor
                      2.3590379981e-01 range_neighbor

blocking fork: python3 driver.py params.in results.out

Active response data for evaluation 107:
Active set vector = { 1 1 1 1 1 1 1 1 1 }
                      1.1929370000e+01 flow_2.4
                      4.5719800000e+00 density_2.4
                      6.9225000000e-01 speed_2.4
                      1.8018020000e+01 flow_3.6
                      4.1071400000e+00 density_3.6
                      9.6275000000e-01 speed_3.6
                      2.4258290000e+01 flow_5.0
                      3.8225400000e+00 density_5.0
                      1.0570200000e+00 speed_5.0



---------------------
Begin Evaluation  108
---------------------
Parameters for evaluation 108:
                      1.5562024851e+00 desired_speed
                      2.4715315765e-01 radius
                      1.2831759712e-01 time_gap
                      3.2659655557e+00 strength_neighbor
                      1.1614755015e-01 range_neighbor

blocking fork: python3 driver.py params.in results.out

Active response data for evaluation 108:
Active set vector = { 1 1 1 1 1 1 1 1 1 }
                      7.0522600000e+00 flow_2.4
                      2.9903900000e+00 density_2.4
                      7.4618000000e-01 speed_2.4
                      1.1272140000e+01 flow_3.6
                      2.7271900000e+00 density_3.6
                      1.0813300000e+00 speed_3.6
                      1.6847830000e+01 flow_5.0
                      2.5354600000e+00 density_5.0
                      1.3988000000e+00 speed_5.0



---------------------
Begin Evaluation  109
---------------------
Parameters for evaluation 109:
                      1.3815489994e+00 desired_speed
                      2.2084301793e-01 radius
                      2.8512921616e-01 time_gap
                      8.0103846196e+00 strength_neighbor
                      2.1312751003e-01 range_neighbor

blocking fork: python3 driver.py params.in results.out

Active response data for evaluation 109:
Active set vector = { 1 1 1 1 1 1 1 1 1 }
                      5.6836600000e+00 flow_2.4
                      2.6197000000e+00 density_2.4
                      6.3935000000e-01 speed_2.4
                      8.7554700000e+00 flow_3.6
                      2.3812900000e+00 density_3.6
                      9.1455000000e-01 speed_3.6
                      1.2455200000e+01 flow_5.0
                      2.1849900000e+00 density_5.0
                      1.1246200000e+00 speed_5.0



---------------------
Begin Evaluation  110
---------------------
Parameters for evaluation 110:
                      8.4512423592e-01 desired_speed
                      1.2731471142e-01 radius
                      3.9074440927e-01 time_gap
                      4.4281248983e+00 strength_neighbor
                      2.7808698143e-01 range_neighbor

blocking fork: python3 driver.py params.in results.out

Active response data for evaluation 110:
Active set vector = { 1 1 1 1 1 1 1 1 1 }
                      7.6377500000e+00 flow_2.4
                      4.1249400000e+00 density_2.4
                      4.8646000000e-01 speed_2.4
                      1.1397060000e+01 flow_3.6
                      3.7294800000e+00 density_3.6
                      6.7267000000e-01 speed_3.6
                      1.5401540000e+01 flow_5.0
                      3.4686300000e+00 density_5.0
                      7.5176000000e-01 speed_5.0



---------------------
Begin Evaluation  111
---------------------
Parameters for evaluation 111:
                      9.0255705312e-01 desired_speed
                      1.7768555848e-01 radius
                      2.6555816439e-01 time_gap
                      2.5118162068e+00 strength_neighbor
                      1.6161201118e-01 range_neighbor

blocking fork: python3 driver.py params.in results.out

Active response data for evaluation 111:
Active set vector = { 1 1 1 1 1 1 1 1 1 }
                      6.7146300000e+00 flow_2.4
                      4.8373400000e+00 density_2.4
                      4.6608000000e-01 speed_2.4
                      1.0703360000e+01 flow_3.6
                      4.4266900000e+00 density_3.6
                      6.2997000000e-01 speed_3.6
                      1.5200870000e+01 flow_5.0
                      3.8595800000e+00 density_5.0
                      7.8691000000e-01 speed_5.0



---------------------
Begin Evaluation  112
---------------------
Parameters for evaluation 112:
                      1.4426923077e+00 desired_speed
                      2.3247197043e-01 radius
                      9.9150847283e-01 time_gap
                      9.6132012476e+00 strength_neighbor
                      5.4923915666e-02 range_neighbor

blocking fork: python3 driver.py params.in results.out

Active response data for evaluation 112:
Active set vector = { 1 1 1 1 1 1 1 1 1 }
                      2.3475400000e+00 flow_2.4
                      2.5767600000e+00 density_2.4
                      2.5360000000e-01 speed_2.4
                      3.7817400000e+00 flow_3.6
                      1.8481800000e+00 density_3.6
                      4.8049000000e-01 speed_3.6
                      3.6397000000e+00 flow_5.0
                      1.9519500000e+00 density_5.0
                      3.8783000000e-01 speed_5.0



---------------------
Begin Evaluation  113
---------------------
Parameters for evaluation 113:
                      8.7673359644e-01 desired_speed
                      2.0264592712e-01 radius
                      9.2719185769e-01 time_gap
                      5.4240529588e+00 strength_neighbor
                      2.2792135870e-01 range_neighbor

blocking fork: python3 driver.py params.in results.out

Active response data for evaluation 113:
Active set vector = { 1 1 1 1 1 1 1 1 1 }
                      2.9135300000e+00 flow_2.4
                      3.0515900000e+00 density_2.4
                      2.7586000000e-01 speed_2.4
                      4.4637100000e+00 flow_3.6
                      2.5548300000e+00 density_3.6
                      4.2765000000e-01 speed_3.6
                      6.3148400000e+00 flow_5.0
                      2.2473500000e+00 density_5.0
                      5.2785000000e-01 speed_5.0



---------------------
Begin Evaluation  114
---------------------
Parameters for evaluation 114:
                      1.2995923415e+00 desired_speed
                      1.4257913025e-01 radius
                      2.0509275651e-01 time_gap
                      5.6604917894e+00 strength_neighbor
                      2.0579929340e-01 range_neighbor

blocking fork: python3 driver.py params.in results.out

Active response data for evaluation 114:
Active set vector = { 1 1 1 1 1 1 1 1 1 }
                      1.1904760000e+01 flow_2.4
                      4.6692100000e+00 density_2.4
                      6.9769000000e-01 speed_2.4
                      1.8307090000e+01 flow_3.6
                      4.1771700000e+00 density_3.6
                      9.8770000000e-01 speed_3.6
                      2.4910390000e+01 flow_5.0
                      3.8454900000e+00 density_5.0
                      1.1240800000e+00 speed_5.0



---------------------
Begin Evaluation  115
---------------------
Parameters for evaluation 115:
                      1.4631400093e+00 desired_speed
                      1.3130049055e-01 radius
                      4.0309576634e-01 time_gap
                      7.5678125051e+00 strength_neighbor
                      2.0078691137e-01 range_neighbor

blocking fork: python3 driver.py params.in results.out

Active response data for evaluation 115:
Active set vector = { 1 1 1 1 1 1 1 1 1 }
                      9.4466900000e+00 flow_2.4
                      4.3383800000e+00 density_2.4
                      5.9387000000e-01 speed_2.4
                      1.4814810000e+01 flow_3.6
                      3.7454800000e+00 density_3.6
                      9.2385000000e-01 speed_3.6
                      1.8584660000e+01 flow_5.0
                      3.6158900000e+00 density_5.0
                      8.7261000000e-01 speed_5.0



---------------------
Begin Evaluation  116
---------------------
Parameters for evaluation 116:
                      1.1208959246e+00 desired_speed
                      1.5322906206e-01 radius
                      5.3474726669e-01 time_gap
                      3.7794234197e+00 strength_neighbor
                      9.8478879483e-02 range_neighbor

blocking fork: python3 driver.py params.in results.out

Active response data for evaluation 116:
Active set vector = { 1 1 1 1 1 1 1 1 1 }
                      6.1322800000e+00 flow_2.4
                      5.9455800000e+00 density_2.4
                      2.8960000000e-01 speed_2.4
                      9.6473000000e+00 flow_3.6
                      4.3204700000e+00 density_3.6
                      5.3188000000e-01 speed_3.6
                      1.1481480000e+01 flow_5.0
                      3.2908200000e+00 density_5.0
                      5.8687000000e-01 speed_5.0



---------------------
Begin Evaluation  117
---------------------
Parameters for evaluation 117:
                      1.0431668279e+00 desired_speed
                      1.4057450276e-01 radius
                      9.0052126252e-01 time_gap
                      7.3709340018e+00 strength_neighbor
                      1.8543167022e-01 range_neighbor

blocking fork: python3 driver.py params.in results.out

Active response data for evaluation 117:
Active set vector = { 1 1 1 1 1 1 1 1 1 }
                      4.6573500000e+00 flow_2.4
                      4.5089700000e+00 density_2.4
                      2.8197000000e-01 speed_2.4
                      6.5359500000e+00 flow_3.6
                      3.8441600000e+00 density_3.6
                      3.8458000000e-01 speed_3.6
                      8.7406000000e+00 flow_5.0
                      3.4360800000e+00 density_5.0
                      4.2838000000e-01 speed_5.0



---------------------
Begin Evaluation  118
---------------------
Parameters for evaluation 118:
                      1.5335961510e+00 desired_speed
                      1.9340742248e-01 radius
                      6.9372227845e-01 time_gap
                      2.1066569988e+00 strength_neighbor
                      4.6973225539e-02 range_neighbor

blocking fork: python3 driver.py params.in results.out

Active response data for evaluation 118:
Active set vector = { 1 1 1 1 1 1 1 1 1 }
                      3.5523300000e+00 flow_2.4
                      2.0402100000e+00 density_2.4
                      4.4004000000e-01 speed_2.4
                      3.7547300000e+00 flow_3.6
                      1.1418400000e+00 density_3.6
                      5.0027000000e-01 speed_3.6
                      4.3015700000e+00 flow_5.0
                      1.1064200000e+00 density_5.0
                      2.6234000000e-01 speed_5.0



---------------------
Begin Evaluation  119
---------------------
Parameters for evaluation 119:
                      1.0754923686e+00 desired_speed
                      1.2913841144e-01 radius
                      8.1863659670e-01 time_gap
                      9.1376116129e+00 strength_neighbor
                      2.6073821076e-01 range_neighbor

blocking fork: python3 driver.py params.in results.out

Active response data for evaluation 119:
Active set vector = { 1 1 1 1 1 1 1 1 1 }
                      4.9910900000e+00 flow_2.4
                      3.0420100000e+00 density_2.4
                      4.5316000000e-01 speed_2.4
                      7.3375300000e+00 flow_3.6
                      2.6665200000e+00 density_3.6
                      6.6674000000e-01 speed_3.6
                      9.5432900000e+00 flow_5.0
                      2.5776200000e+00 density_5.0
                      6.4454000000e-01 speed_5.0



---------------------
Begin Evaluation  120
---------------------
Parameters for evaluation 120:
                      1.4985341122e+00 desired_speed
                      1.5715723142e-01 radius
                      7.8687871917e-01 time_gap
                      2.6497067529e+00 strength_neighbor
                      1.6631121581e-01 range_neighbor

blocking fork: python3 driver.py params.in results.out

Active response data for evaluation 120:
Active set vector = { 1 1 1 1 1 1 1 1 1 }
                      4.9520800000e+00 flow_2.4
                      4.9836600000e+00 density_2.4
                      2.8110000000e-01 speed_2.4
                      6.8728500000e+00 flow_3.6
                      4.0932200000e+00 density_3.6
                      3.9067000000e-01 speed_3.6
                      9.1600500000e+00 flow_5.0
                      3.4017000000e+00 density_5.0
                      4.8969000000e-01 speed_5.0



---------------------
Begin Evaluation  121
---------------------
Parameters for evaluation 121:
                      1.4832649358e+00 desired_speed
                      2.2497805622e-01 radius
                      5.2242250567e-01 time_gap
                      8.1959638566e+00 strength_neighbor
                      1.0135935907e-01 range_neighbor

blocking fork: python3 driver.py params.in results.out

Active response data for evaluation 121:
Active set vector = { 1 1 1 1 1 1 1 1 1 }
                      3.9084300000e+00 flow_2.4
                      2.9702600000e+00 density_2.4
                      3.6308000000e-01 speed_2.4
                      5.8860800000e+00 flow_3.6
                      2.4356600000e+00 density_3.6
                      5.6223000000e-01 speed_3.6
                      7.8782700000e+00 flow_5.0
                      2.1620200000e+00 density_5.0
                      7.0858000000e-01 speed_5.0



---------------------
Begin Evaluation  122
---------------------
Parameters for evaluation 122:
                      8.2044115221e-01 desired_speed
                      2.2798411810e-01 radius
                      2.2737068936e-01 time_gap
                      7.8683678565e+00 strength_neighbor
                      2.8892139020e-01 range_neighbor

blocking fork: python3 driver.py params.in results.out

Active response data for evaluation 122:
Active set vector = { 1 1 1 1 1 1 1 1 1 }
                      3.4825900000e+00 flow_2.4
                      2.0411200000e+00 density_2.4
                      5.2715000000e-01 speed_2.4
                      5.2258300000e+00 flow_3.6
                      1.8708100000e+00 density_3.6
                      6.9733000000e-01 speed_3.6
                      7.0776300000e+00 flow_5.0
                      1.7859900000e+00 density_5.0
                      7.5589000000e-01 speed_5.0



---------------------
Begin Evaluation  123
---------------------
Parameters for evaluation 123:
                      1.2844663922e+00 desired_speed
                      1.9004849302e-01 radius
                      6.0743960917e-01 time_gap
                      7.7487888104e+00 strength_neighbor
                      1.4873278711e-01 range_neighbor

blocking fork: python3 driver.py params.in results.out

Active response data for evaluation 123:
Active set vector = { 1 1 1 1 1 1 1 1 1 }
                      4.4108400000e+00 flow_2.4
                      3.6508500000e+00 density_2.4
                      3.3581000000e-01 speed_2.4
                      6.5227500000e+00 flow_3.6
                      3.0543400000e+00 density_3.6
                      4.8077000000e-01 speed_3.6
                      9.1535400000e+00 flow_5.0
                      2.5519200000e+00 density_5.0
                      6.5312000000e-01 speed_5.0



---------------------
Begin Evaluation  124
---------------------
Parameters for evaluation 124:
                      1.3950596628e+00 desired_speed
                      2.1473358608e-01 radius
                      5.9318318776e-01 time_gap
                      6.0111762311e+00 strength_neighbor
                      1.3248047651e-01 range_neighbor

blocking fork: python3 driver.py params.in results.out

Active response data for evaluation 124:
Active set vector = { 1 1 1 1 1 1 1 1 1 }
                      4.0474100000e+00 flow_2.4
                      3.1041100000e+00 density_2.4
                      3.6646000000e-01 speed_2.4
                      6.2584100000e+00 flow_3.6
                      2.4752800000e+00 density_3.6
                      6.0040000000e-01 speed_3.6
                      7.7721700000e+00 flow_5.0
                      2.3565400000e+00 density_5.0
                      6.3549000000e-01 speed_5.0



---------------------
Begin Evaluation  125
---------------------
Parameters for evaluation 125:
                      1.2766648073e+00 desired_speed
                      1.8023894340e-01 radius
                      4.1817713431e-01 time_gap
                      7.2269849224e+00 strength_neighbor
                      1.0482910576e-01 range_neighbor

blocking fork: python3 driver.py params.in results.out

Active response data for evaluation 125:
Active set vector = { 1 1 1 1 1 1 1 1 1 }
                      6.1589400000e+00 flow_2.4
                      4.4456300000e+00 density_2.4
                      3.8769000000e-01 speed_2.4
                      9.0968200000e+00 flow_3.6
                      3.7051800000e+00 density_3.6
                      5.8062000000e-01 speed_3.6
                      1.2172770000e+01 flow_5.0
                      3.2445900000e+00 density_5.0
                      7.1018000000e-01 speed_5.0



---------------------
Begin Evaluation  126
---------------------
Parameters for evaluation 126:
                      1.1162231264e+00 desired_speed
                      2.2378227571e-01 radius
                      2.5563854332e-01 time_gap
                      3.4404085175e+00 strength_neighbor
                      2.0480910994e-02 range_neighbor

blocking fork: python3 driver.py params.in results.out

Active response data for evaluation 126:
Active set vector = { 1 1 1 1 1 1 1 1 1 }
                      3.9215700000e+00 flow_2.4
                      2.4971500000e+00 density_2.4
                      4.2814000000e-01 speed_2.4
                      4.4317800000e+00 flow_3.6
                      1.3941800000e+00 density_3.6
                      5.6954000000e-01 speed_3.6
                      4.5931800000e+00 flow_5.0
                      1.2795000000e+00 density_5.0
                      3.0930000000e-01 speed_5.0



---------------------
Begin Evaluation  127
---------------------
Parameters for evaluation 127:
                      1.1855420409e+00 desired_speed
                      1.7236036310e-01 radius
                      6.7992295159e-01 time_gap
                      8.8007617492e+00 strength_neighbor
                      5.5793026062e-02 range_neighbor

blocking fork: python3 driver.py params.in results.out

Active response data for evaluation 127:
Active set vector = { 1 1 1 1 1 1 1 1 1 }
                      4.3451300000e+00 flow_2.4
                      4.7400300000e+00 density_2.4
                      2.4867000000e-01 speed_2.4
                      7.1100900000e+00 flow_3.6
                      3.2821700000e+00 density_3.6
                      5.0883000000e-01 speed_3.6
                      7.7007700000e+00 flow_5.0
                      2.9027400000e+00 density_5.0
                      4.8738000000e-01 speed_5.0



---------------------
Begin Evaluation  128
---------------------
Parameters for evaluation 128:
                      1.1368430167e+00 desired_speed
                      2.4181140435e-01 radius
                      6.6166760734e-01 time_gap
                      2.9750573414e+00 strength_neighbor
                      2.4926319697e-01 range_neighbor

blocking fork: python3 driver.py params.in results.out

Active response data for evaluation 128:
Active set vector = { 1 1 1 1 1 1 1 1 1 }
                      2.9991400000e+00 flow_2.4
                      2.4946100000e+00 density_2.4
                      3.5810000000e-01 speed_2.4
                      4.7306400000e+00 flow_3.6
                      2.0655500000e+00 density_3.6
                      5.6849000000e-01 speed_3.6
                      6.8787000000e+00 flow_5.0
                      1.8627300000e+00 density_5.0
                      6.9943000000e-01 speed_5.0



---------------------
Begin Evaluation  129
---------------------
Parameters for evaluation 129:
                      9.2154330455e-01 desired_speed
                      1.9777157801e-01 radius
                      1.9992622932e-01 time_gap
                      4.6226720660e+00 strength_neighbor
                      1.5160004276e-01 range_neighbor

blocking fork: python3 driver.py params.in results.out

Active response data for evaluation 129:
Active set vector = { 1 1 1 1 1 1 1 1 1 }
                      6.4102600000e+00 flow_2.4
                      4.3462200000e+00 density_2.4
                      4.4414000000e-01 speed_2.4
                      1.0064940000e+01 flow_3.6
                      3.9108300000e+00 density_3.6
                      6.4300000000e-01 speed_3.6
                      1.4727460000e+01 flow_5.0
                      3.6117300000e+00 density_5.0
                      8.2089000000e-01 speed_5.0



---------------------
Begin Evaluation  130
---------------------
Parameters for evaluation 130:
                      1.2108179074e+00 desired_speed
                      2.3512914869e-01 radius
                      8.6993349466e-01 time_gap
                      4.5491663898e+00 strength_neighbor
                      1.1423176246e-01 range_neighbor

blocking fork: python3 driver.py params.in results.out

Active response data for evaluation 130:
Active set vector = { 1 1 1 1 1 1 1 1 1 }
                      2.6056200000e+00 flow_2.4
                      2.6051300000e+00 density_2.4
                      2.8098000000e-01 speed_2.4
                      3.8429800000e+00 flow_3.6
                      2.1295900000e+00 density_3.6
                      4.2922000000e-01 speed_3.6
                      4.7134600000e+00 flow_5.0
                      1.8851600000e+00 density_5.0
                      5.1297000000e-01 speed_5.0



---------------------
Begin Evaluation  131
---------------------
Parameters for evaluation 131:
                      1.1734147663e+00 desired_speed
                      1.3652724251e-01 radius
                      4.9969556623e-01 time_gap
                      8.2918333234e+00 strength_neighbor
                      1.9150462886e-01 range_neighbor

blocking fork: python3 driver.py params.in results.out

Active response data for evaluation 131:
Active set vector = { 1 1 1 1 1 1 1 1 1 }
                      7.1538500000e+00 flow_2.4
                      4.2892800000e+00 density_2.4
                      4.6658000000e-01 speed_2.4
                      1.1150790000e+01 flow_3.6
                      3.7741800000e+00 density_3.6
                      7.1429000000e-01 speed_3.6
                      1.4307690000e+01 flow_5.0
                      3.5161000000e+00 density_5.0
                      7.3408000000e-01 speed_5.0



---------------------
Begin Evaluation  132
---------------------
Parameters for evaluation 132:
                      1.5744767741e+00 desired_speed
                      1.4764891152e-01 radius
                      9.5168186413e-01 time_gap
                      3.3762602423e+00 strength_neighbor
                      2.9165878579e-01 range_neighbor

blocking fork: python3 driver.py params.in results.out

Active response data for evaluation 132:
Active set vector = { 1 1 1 1 1 1 1 1 1 }
                      4.8286600000e+00 flow_2.4
                      3.9763600000e+00 density_2.4
                      3.3790000000e-01 speed_2.4
                      7.0109800000e+00 flow_3.6
                      3.3621600000e+00 density_3.6
                      4.5667000000e-01 speed_3.6
                      9.2409200000e+00 flow_5.0
                      2.9623100000e+00 density_5.0
                      5.5320000000e-01 speed_5.0



---------------------
Begin Evaluation  133
---------------------
Parameters for evaluation 133:
                      8.9745365843e-01 desired_speed
                      2.1333250319e-01 radius
                      4.1390592912e-01 time_gap
                      7.9143132130e+00 strength_neighbor
                      1.3138445363e-01 range_neighbor

blocking fork: python3 driver.py params.in results.out

Active response data for evaluation 133:
Active set vector = { 1 1 1 1 1 1 1 1 1 }
                      4.1005300000e+00 flow_2.4
                      3.4170900000e+00 density_2.4
                      3.5230000000e-01 speed_2.4
                      6.4983600000e+00 flow_3.6
                      2.9671900000e+00 density_3.6
                      5.4350000000e-01 speed_3.6
                      9.0791200000e+00 flow_5.0
                      2.7004200000e+00 density_5.0
                      6.6647000000e-01 speed_5.0



---------------------
Begin Evaluation  134
---------------------
Parameters for evaluation 134:
                      1.3403979415e+00 desired_speed
                      1.4646207019e-01 radius
                      8.9105136190e-01 time_gap
                      4.0751805891e+00 strength_neighbor
                      8.3565530597e-02 range_neighbor

blocking fork: python3 driver.py params.in results.out

Active response data for evaluation 134:
Active set vector = { 1 1 1 1 1 1 1 1 1 }
                      4.3135400000e+00 flow_2.4
                      5.8903700000e+00 density_2.4
                      2.0367000000e-01 speed_2.4
                      5.8700200000e+00 flow_3.6
                      4.2587900000e+00 density_3.6
                      3.1756000000e-01 speed_3.6
                      6.9738200000e+00 flow_5.0
                      2.9115500000e+00 density_5.0
                      3.7740000000e-01 speed_5.0



---------------------
Begin Evaluation  135
---------------------
Parameters for evaluation 135:
                      1.0607368366e+00 desired_speed
                      1.7653766023e-01 radius
                      8.6138019142e-01 time_gap
                      8.9980335632e+00 strength_neighbor
                      2.1760204779e-01 range_neighbor

blocking fork: python3 driver.py params.in results.out

Active response data for evaluation 135:
Active set vector = { 1 1 1 1 1 1 1 1 1 }
                      3.6876600000e+00 flow_2.4
                      3.0107100000e+00 density_2.4
                      3.4621000000e-01 speed_2.4
                      5.4331000000e+00 flow_3.6
                      2.5608300000e+00 density_3.6
                      4.8464000000e-01 speed_3.6
                      7.1246800000e+00 flow_5.0
                      2.3478300000e+00 density_5.0
                      5.8241000000e-01 speed_5.0



---------------------
Begin Evaluation  136
---------------------
Parameters for evaluation 136:
                      1.0592480839e+00 desired_speed
                      1.9525626767e-01 radius
                      9.4071914386e-01 time_gap
                      4.1554313597e+00 strength_neighbor
                      2.4205563648e-01 range_neighbor

blocking fork: python3 driver.py params.in results.out

Active response data for evaluation 136:
Active set vector = { 1 1 1 1 1 1 1 1 1 }
                      3.2135500000e+00 flow_2.4
                      3.2342600000e+00 density_2.4
                      2.8350000000e-01 speed_2.4
                      4.8381500000e+00 flow_3.6
                      2.6876000000e+00 density_3.6
                      4.1469000000e-01 speed_3.6
                      6.5046300000e+00 flow_5.0
                      2.4224800000e+00 density_5.0
                      4.7423000000e-01 speed_5.0



---------------------
Begin Evaluation  137
---------------------
Parameters for evaluation 137:
                      1.3302829407e+00 desired_speed
                      2.2624204704e-01 radius
                      5.9989867629e-01 time_gap
                      4.9472287119e+00 strength_neighbor
                      2.8057629532e-01 range_neighbor

blocking fork: python3 driver.py params.in results.out

Active response data for evaluation 137:
Active set vector = { 1 1 1 1 1 1 1 1 1 }
                      3.7848100000e+00 flow_2.4
                      2.5128800000e+00 density_2.4
                      4.4020000000e-01 speed_2.4
                      5.8427900000e+00 flow_3.6
                      2.1421800000e+00 density_3.6
                      6.6653000000e-01 speed_3.6
                      8.2010600000e+00 flow_5.0
                      1.8982600000e+00 density_5.0
                      8.3514000000e-01 speed_5.0



---------------------
Begin Evaluation  138
---------------------
Parameters for evaluation 138:
                      1.3292386672e+00 desired_speed
                      1.8930058385e-01 radius
                      1.8207354548e-01 time_gap
                      7.4658779254e+00 strength_neighbor
                      1.8323563770e-01 range_neighbor

blocking fork: python3 driver.py params.in results.out

Active response data for evaluation 138:
Active set vector = { 1 1 1 1 1 1 1 1 1 }
                      8.5009100000e+00 flow_2.4
                      3.5437300000e+00 density_2.4
                      6.8742000000e-01 speed_2.4
                      1.3220020000e+01 flow_3.6
                      3.2263900000e+00 density_3.6
                      9.7999000000e-01 speed_3.6
                      1.7879950000e+01 flow_5.0
                      3.0418500000e+00 density_5.0
                      1.0751100000e+00 speed_5.0



---------------------
Begin Evaluation  139
---------------------
Parameters for evaluation 139:
                      1.0071327125e+00 desired_speed
                      2.0951559198e-01 radius
                      3.1560034292e-01 time_gap
                      4.2156741255e+00 strength_neighbor
                      9.2833869142e-02 range_neighbor

blocking fork: python3 driver.py params.in results.out

Active response data for evaluation 139:
Active set vector = { 1 1 1 1 1 1 1 1 1 }
                      5.1552100000e+00 flow_2.4
                      3.8389900000e+00 density_2.4
                      3.9118000000e-01 speed_2.4
                      8.3184300000e+00 flow_3.6
                      3.2203400000e+00 density_3.6
                      6.3612000000e-01 speed_3.6
                      1.1747240000e+01 flow_5.0
                      2.5503100000e+00 density_5.0
                      8.6100000000e-01 speed_5.0



---------------------
Begin Evaluation  140
---------------------
Parameters for evaluation 140:
                      1.0930511139e+00 desired_speed
                      1.3944435391e-01 radius
                      3.3641988366e-01 time_gap
                      6.5762238401e+00 strength_neighbor
                      2.8256178415e-01 range_neighbor

blocking fork: python3 driver.py params.in results.out

Active response data for evaluation 140:
Active set vector = { 1 1 1 1 1 1 1 1 1 }
                      7.3030800000e+00 flow_2.4
                      3.1163500000e+00 density_2.4
                      6.3098000000e-01 speed_2.4
                      1.0741590000e+01 flow_3.6
                      2.8469300000e+00 density_3.6
                      8.6540000000e-01 speed_3.6
                      1.4576800000e+01 flow_5.0
                      2.6863800000e+00 density_5.0
                      9.5848000000e-01 speed_5.0



---------------------
Begin Evaluation  141
---------------------
Parameters for evaluation 141:
                      1.2329128220e+00 desired_speed
                      1.9990570542e-01 radius
                      9.6822450587e-01 time_gap
                      4.7843416845e+00 strength_neighbor
                      2.0975492265e-01 range_neighbor

blocking fork: python3 driver.py params.in results.out

Active response data for evaluation 141:
Active set vector = { 1 1 1 1 1 1 1 1 1 }
                      3.1180600000e+00 flow_2.4
                      3.1533400000e+00 density_2.4
                      2.7557000000e-01 speed_2.4
                      4.6131000000e+00 flow_3.6
                      2.5895500000e+00 density_3.6
                      4.0742000000e-01 speed_3.6
                      6.1322800000e+00 flow_5.0
                      2.3036200000e+00 density_5.0
                      4.8885000000e-01 speed_5.0



---------------------
Begin Evaluation  142
---------------------
Parameters for evaluation 142:
                      9.5455952330e-01 desired_speed
                      1.7490013075e-01 radius
                      2.7072438193e-01 time_gap
                      2.2670022335e+00 strength_neighbor
                      2.6652960926e-01 range_neighbor

blocking fork: python3 driver.py params.in results.out

Active response data for evaluation 142:
Active set vector = { 1 1 1 1 1 1 1 1 1 }
                      6.5006900000e+00 flow_2.4
                      4.5841600000e+00 density_2.4
                      4.8583000000e-01 speed_2.4
                      1.0402680000e+01 flow_3.6
                      3.9528900000e+00 density_3.6
                      7.1813000000e-01 speed_3.6
                      1.5878380000e+01 flow_5.0
                      3.7043000000e+00 density_5.0
                      8.3851000000e-01 speed_5.0



---------------------
Begin Evaluation  143
---------------------
Parameters for evaluation 143:
                      1.3688872032e+00 desired_speed
                      1.9809808639e-01 radius
                      1.5085648614e-01 time_gap
                      5.9974296067e+00 strength_neighbor
                      4.1159998063e-02 range_neighbor

blocking fork: python3 driver.py params.in results.out

Active response data for evaluation 143:
Active set vector = { 1 1 1 1 1 1 1 1 1 }
                      8.5932700000e+00 flow_2.4
                      4.6893000000e+00 density_2.4
                      5.1626000000e-01 speed_2.4
                      1.2750460000e+01 flow_3.6
                      3.9485200000e+00 density_3.6
                      7.5684000000e-01 speed_3.6
                      1.6091950000e+01 flow_5.0
                      3.1228500000e+00 density_5.0
                      9.0337000000e-01 speed_5.0



---------------------
Begin Evaluation  144
---------------------
Parameters for evaluation 144:
                      1.5950559696e+00 desired_speed
                      1.8277617118e-01 radius
                      7.1061038096e-01 time_gap
                      6.7284240185e+00 strength_neighbor
                      6.9014891227e-02 range_neighbor

blocking fork: python3 driver.py params.in results.out

Active response data for evaluation 144:
Active set vector = { 1 1 1 1 1 1 1 1 1 }
                      4.3130000000e+00 flow_2.4
                      4.0187600000e+00 density_2.4
                      2.9574000000e-01 speed_2.4
                      6.3319800000e+00 flow_3.6
                      2.9924000000e+00 density_3.6
                      5.0371000000e-01 speed_3.6
                      7.3260100000e+00 flow_5.0
                      2.3774100000e+00 density_5.0
                      5.6259000000e-01 speed_5.0



---------------------
Begin Evaluation  145
---------------------
Parameters for evaluation 145:
                      1.3115723468e+00 desired_speed
                      1.4369048952e-01 radius
                      3.5284326451e-01 time_gap
                      2.3159002509e+00 strength_neighbor
                      2.5482622729e-01 range_neighbor

blocking fork: python3 driver.py params.in results.out

Active response data for evaluation 145:
Active set vector = { 1 1 1 1 1 1 1 1 1 }
                      9.4945400000e+00 flow_2.4
                      5.3272000000e+00 density_2.4
                      5.3543000000e-01 speed_2.4
                      1.5756540000e+01 flow_3.6
                      4.4788600000e+00 density_3.6
                      8.8994000000e-01 speed_3.6
                      2.1540880000e+01 flow_5.0
                      3.9679700000e+00 density_5.0
                      1.0508100000e+00 speed_5.0



---------------------
Begin Evaluation  146
---------------------
Parameters for evaluation 146:
                      1.2067600349e+00 desired_speed
                      1.7055025803e-01 radius
                      6.2691657234e-01 time_gap
                      8.7127423749e+00 strength_neighbor
                      1.1045736539e-01 range_neighbor

blocking fork: python3 driver.py params.in results.out

Active response data for evaluation 146:
Active set vector = { 1 1 1 1 1 1 1 1 1 }
                      4.8784700000e+00 flow_2.4
                      4.5536600000e+00 density_2.4
                      2.8936000000e-01 speed_2.4
                      6.9651700000e+00 flow_3.6
                      3.8396800000e+00 density_3.6
                      4.0820000000e-01 speed_3.6
                      9.2776700000e+00 flow_5.0
                      3.2674300000e+00 density_5.0
                      5.0151000000e-01 speed_5.0



---------------------
Begin Evaluation  147
---------------------
Parameters for evaluation 147:
                      1.4760521062e+00 desired_speed
                      1.8471244847e-01 radius
                      4.6554059615e-01 time_gap
                      5.7913822997e+00 strength_neighbor
                      2.5930838190e-02 range_neighbor

blocking fork: python3 driver.py params.in results.out

Active response data for evaluation 147:
Active set vector = { 1 1 1 1 1 1 1 1 1 }
                      5.2621700000e+00 flow_2.4
                      2.9986400000e+00 density_2.4
                      4.6069000000e-01 speed_2.4
                      5.1424300000e+00 flow_3.6
                      2.0300100000e+00 density_3.6
                      5.0997000000e-01 speed_3.6
                      5.7060800000e+00 flow_5.0
                      1.4966600000e+00 density_5.0
                      3.6586000000e-01 speed_5.0



---------------------
Begin Evaluation  148
---------------------
Parameters for evaluation 148:
                      1.4569550629e+00 desired_speed
                      2.1715413333e-01 radius
                      4.8101688134e-01 time_gap
                      8.6604149482e+00 strength_neighbor
                      2.9347187821e-02 range_neighbor

blocking fork: python3 driver.py params.in results.out

Active response data for evaluation 148:
Active set vector = { 1 1 1 1 1 1 1 1 1 }
                      4.2852800000e+00 flow_2.4
                      3.0004900000e+00 density_2.4
                      4.0796000000e-01 speed_2.4
                      5.3256700000e+00 flow_3.6
                      2.3224500000e+00 density_3.6
                      5.6209000000e-01 speed_3.6
                      5.2493400000e+00 flow_5.0
                      2.2520100000e+00 density_5.0
                      4.1897000000e-01 speed_5.0



---------------------
Begin Evaluation  149
---------------------
Parameters for evaluation 149:
                      1.5455640009e+00 desired_speed
                      1.5061946637e-01 radius
                      6.3473861735e-01 time_gap
                      5.5393541448e+00 strength_neighbor
                      1.7190689762e-01 range_neighbor

blocking fork: python3 driver.py params.in results.out

Active response data for evaluation 149:
Active set vector = { 1 1 1 1 1 1 1 1 1 }
                      6.0215100000e+00 flow_2.4
                      4.9588100000e+00 density_2.4
                      3.2658000000e-01 speed_2.4
                      8.9719000000e+00 flow_3.6
                      4.0388600000e+00 density_3.6
                      5.0126000000e-01 speed_3.6
                      1.1874470000e+01 flow_5.0
                      3.5397000000e+00 density_5.0
                      5.7496000000e-01 speed_5.0



---------------------
Begin Evaluation  150
---------------------
Parameters for evaluation 150:
                      1.4009447809e+00 desired_speed
                      1.3416085728e-01 radius
                      1.1794018088e-01 time_gap
                      6.6165751044e+00 strength_neighbor
                      2.0345781318e-01 range_neighbor

blocking fork: python3 driver.py params.in results.out

Active response data for evaluation 150:
Active set vector = { 1 1 1 1 1 1 1 1 1 }
                      1.4314930000e+01 flow_2.4
                      4.4178700000e+00 density_2.4
                      8.5322000000e-01 speed_2.4
                      2.1136360000e+01 flow_3.6
                      3.9762400000e+00 density_3.6
                      1.1194900000e+00 speed_3.6
                      2.8150410000e+01 flow_5.0
                      3.7034600000e+00 density_5.0
                      1.2115600000e+00 speed_5.0



---------------------
Begin Evaluation  151
---------------------
Parameters for evaluation 151:
                      9.9362787922e-01 desired_speed
                      1.7870394939e-01 radius
                      1.1023189233e-01 time_gap
                      3.5659663942e+00 strength_neighbor
                      1.7797317254e-01 range_neighbor

blocking fork: python3 driver.py params.in results.out

Active response data for evaluation 151:
Active set vector = { 1 1 1 1 1 1 1 1 1 }
                      9.1863500000e+00 flow_2.4
                      5.1133200000e+00 density_2.4
                      5.7444000000e-01 speed_2.4
                      1.4850430000e+01 flow_3.6
                      4.6839300000e+00 density_3.6
                      7.8799000000e-01 speed_3.6
                      2.0740740000e+01 flow_5.0
                      4.3315400000e+00 density_5.0
                      9.0557000000e-01 speed_5.0



---------------------
Begin Evaluation  152
---------------------
Parameters for evaluation 152:
                      1.2624868993e+00 desired_speed
                      2.1252463744e-01 radius
                      4.3173286367e-01 time_gap
                      8.4402865524e+00 strength_neighbor
                      2.4635330615e-01 range_neighbor

blocking fork: python3 driver.py params.in results.out

Active response data for evaluation 152:
Active set vector = { 1 1 1 1 1 1 1 1 1 }
                      4.5395600000e+00 flow_2.4
                      2.3958800000e+00 density_2.4
                      5.5524000000e-01 speed_2.4
                      6.9238400000e+00 flow_3.6
                      2.1447100000e+00 density_3.6
                      8.0270000000e-01 speed_3.6
                      1.0122920000e+01 flow_5.0
                      1.9642900000e+00 density_5.0
                      1.0296300000e+00 speed_5.0



---------------------
Begin Evaluation  153
---------------------
Parameters for evaluation 153:
                      9.7873507102e-01 desired_speed
                      2.0743168867e-01 radius
                      6.7250693035e-01 time_gap
                      5.1295585976e+00 strength_neighbor
                      2.3182875231e-01 range_neighbor

blocking fork: python3 driver.py params.in results.out

Active response data for evaluation 153:
Active set vector = { 1 1 1 1 1 1 1 1 1 }
                      3.4516800000e+00 flow_2.4
                      3.0725400000e+00 density_2.4
                      3.3554000000e-01 speed_2.4
                      5.7119500000e+00 flow_3.6
                      2.5336200000e+00 density_3.6
                      5.6866000000e-01 speed_3.6
                      7.6754400000e+00 flow_5.0
                      2.4140900000e+00 density_5.0
                      5.8581000000e-01 speed_5.0



---------------------
Begin Evaluation  154
---------------------
Parameters for evaluation 154:
                      1.4317776495e+00 desired_speed
                      1.5978484631e-01 radius
                      7.6193820289e-01 time_gap
                      8.3220123244e+00 strength_neighbor
                      2.3911954182e-01 range_neighbor

blocking fork: python3 driver.py params.in results.out

Active response data for evaluation 154:
Active set vector = { 1 1 1 1 1 1 1 1 1 }
                      4.7935900000e+00 flow_2.4
                      3.0673000000e+00 density_2.4
                      4.3500000000e-01 speed_2.4
                      7.1138200000e+00 flow_3.6
                      2.6500300000e+00 density_3.6
                      6.3051000000e-01 speed_3.6
                      1.0000000000e+01 flow_5.0
                      2.2926900000e+00 density_5.0
                      7.9599000000e-01 speed_5.0



---------------------
Begin Evaluation  155
---------------------
Parameters for evaluation 155:
                      9.8551140974e-01 desired_speed
                      1.3575880872e-01 radius
                      9.1968811733e-01 time_gap
                      6.8354774270e+00 strength_neighbor
                      2.5374064121e-01 range_neighbor

blocking fork: python3 driver.py params.in results.out

Active response data for evaluation 155:
Active set vector = { 1 1 1 1 1 1 1 1 1 }
                      4.6113300000e+00 flow_2.4
                      3.5333500000e+00 density_2.4
                      3.6853000000e-01 speed_2.4
                      6.8214800000e+00 flow_3.6
                      3.1255200000e+00 density_3.6
                      5.0914000000e-01 speed_3.6
                      8.9399700000e+00 flow_5.0
                      2.9063100000e+00 density_5.0
                      5.4712000000e-01 speed_5.0



---------------------
Begin Evaluation  156
---------------------
Parameters for evaluation 156:
                      8.6666183786e-01 desired_speed
                      2.4565001873e-01 radius
                      4.5349048402e-01 time_gap
                      8.5979384344e+00 strength_neighbor
                      1.2841053602e-01 range_neighbor

blocking fork: python3 driver.py params.in results.out

Active response data for evaluation 156:
Active set vector = { 1 1 1 1 1 1 1 1 1 }
                      3.0481200000e+00 flow_2.4
                      2.7520000000e+00 density_2.4
                      3.2548000000e-01 speed_2.4
                      4.8060400000e+00 flow_3.6
                      2.3486200000e+00 density_3.6
                      5.0645000000e-01 speed_3.6
                      6.8627500000e+00 flow_5.0
                      2.0951300000e+00 density_5.0
                      6.7460000000e-01 speed_5.0



---------------------
Begin Evaluation  157
---------------------
Parameters for evaluation 157:
                      8.3494329572e-01 desired_speed
                      2.1910209037e-01 radius
                      1.7576584402e-01 time_gap
                      6.3987510072e+00 strength_neighbor
                      1.4188046157e-01 range_neighbor

blocking fork: python3 driver.py params.in results.out

Active response data for evaluation 157:
Active set vector = { 1 1 1 1 1 1 1 1 1 }
                      5.1827000000e+00 flow_2.4
                      3.6660000000e+00 density_2.4
                      4.3323000000e-01 speed_2.4
                      8.1159400000e+00 flow_3.6
                      3.3503800000e+00 density_3.6
                      5.9682000000e-01 speed_3.6
                      1.1880340000e+01 flow_5.0
                      3.1635900000e+00 density_5.0
                      7.3876000000e-01 speed_5.0



---------------------
Begin Evaluation  158
---------------------
Parameters for evaluation 158:
                      9.6957471165e-01 desired_speed
                      2.2989601093e-01 radius
                      8.5011932413e-01 time_gap
                      3.1693684467e+00 strength_neighbor
                      3.9116713885e-02 range_neighbor

blocking fork: python3 driver.py params.in results.out

Active response data for evaluation 158:
Active set vector = { 1 1 1 1 1 1 1 1 1 }
                      2.2002200000e+00 flow_2.4
                      2.1332600000e+00 density_2.4
                      2.8995000000e-01 speed_2.4
                      2.7563700000e+00 flow_3.6
                      9.3972000000e-01 density_3.6
                      4.8466000000e-01 speed_3.6
                      2.8796400000e+00 flow_5.0
                      1.0956100000e+00 density_5.0
                      2.5857000000e-01 speed_5.0



---------------------
Begin Evaluation  159
---------------------
Parameters for evaluation 159:
                      1.1945542657e+00 desired_speed
                      2.3174118658e-01 radius
                      5.4605475908e-01 time_gap
                      9.5007292128e+00 strength_neighbor
                      2.9627899058e-01 range_neighbor

blocking fork: python3 driver.py params.in results.out

Active response data for evaluation 159:
Active set vector = { 1 1 1 1 1 1 1 1 1 }
                      3.3285800000e+00 flow_2.4
                      1.7939900000e+00 density_2.4
                      5.6710000000e-01 speed_2.4
                      4.9751200000e+00 flow_3.6
                      1.6124700000e+00 density_3.6
                      7.8358000000e-01 speed_3.6
                      7.0707100000e+00 flow_5.0
                      1.4874600000e+00 density_5.0
                      9.7238000000e-01 speed_5.0



---------------------
Begin Evaluation  160
---------------------
Parameters for evaluation 160:
                      1.2514489676e+00 desired_speed
                      1.4528175664e-01 radius
                      3.2864313354e-01 time_gap
                      5.0649871658e+00 strength_neighbor
                      1.6840095383e-01 range_neighbor

blocking fork: python3 driver.py params.in results.out

Active response data for evaluation 160:
Active set vector = { 1 1 1 1 1 1 1 1 1 }
                      9.7833700000e+00 flow_2.4
                      5.5682200000e+00 density_2.4
                      5.0492000000e-01 speed_2.4
                      1.5413940000e+01 flow_3.6
                      4.6097000000e+00 density_3.6
                      8.1077000000e-01 speed_3.6
                      2.1450620000e+01 flow_5.0
                      4.0001600000e+00 density_5.0
                      1.0366100000e+00 speed_5.0



---------------------
Begin Evaluation  161
---------------------
Parameters for evaluation 161:
                      9.2125585316e-01 desired_speed
                      2.0414940701e-01 radius
                      1.6199281940e-01 time_gap
                      7.6493902617e+00 strength_neighbor
                      2.2630911283e-01 range_neighbor

blocking fork: python3 driver.py params.in results.out

Active response data for evaluation 161:
Active set vector = { 1 1 1 1 1 1 1 1 1 }
                      5.4902000000e+00 flow_2.4
                      2.8153900000e+00 density_2.4
                      5.8360000000e-01 speed_2.4
                      8.2887700000e+00 flow_3.6
                      2.5699000000e+00 density_3.6
                      7.7860000000e-01 speed_3.6
                      1.1326860000e+01 flow_5.0
                      2.4308200000e+00 density_5.0
                      8.4334000000e-01 speed_5.0



---------------------
Begin Evaluation  162
---------------------
Parameters for evaluation 162:
                      1.0867625490e+00 desired_speed
                      1.5856763460e-01 radius
                      5.6214564319e-01 time_gap
                      6.9435082044e+00 strength_neighbor
                      1.4528246369e-01 range_neighbor

blocking fork: python3 driver.py params.in results.out

Active response data for evaluation 162:
Active set vector = { 1 1 1 1 1 1 1 1 1 }
                      5.7049700000e+00 flow_2.4
                      4.8805200000e+00 density_2.4
                      3.3204000000e-01 speed_2.4
                      8.5185200000e+00 flow_3.6
                      3.9820400000e+00 density_3.6
                      5.0873000000e-01 speed_3.6
                      1.2097480000e+01 flow_5.0
                      3.5007400000e+00 density_5.0
                      6.1794000000e-01 speed_5.0



---------------------
Begin Evaluation  163
---------------------
Parameters for evaluation 163:
                      1.0627848728e+00 desired_speed
                      1.2100301688e-01 radius
                      8.2480260917e-01 time_gap
                      2.8939457885e+00 strength_neighbor
                      1.1901735993e-01 range_neighbor

blocking fork: python3 driver.py params.in results.out

Active response data for evaluation 163:
Active set vector = { 1 1 1 1 1 1 1 1 1 }
                      5.7189500000e+00 flow_2.4
                      7.9974600000e+00 density_2.4
                      2.0029000000e-01 speed_2.4
                      8.3036800000e+00 flow_3.6
                      5.1807900000e+00 density_3.6
                      3.7511000000e-01 speed_3.6
                      1.0520360000e+01 flow_5.0
                      4.0615900000e+00 density_5.0
                      3.9209000000e-01 speed_5.0



---------------------
Begin Evaluation  164
---------------------
Parameters for evaluation 164:
                      1.3902061450e+00 desired_speed
                      1.2646326562e-01 radius
                      9.7955028262e-01 time_gap
                      9.7445000792e+00 strength_neighbor
                      1.9690049184e-01 range_neighbor

blocking fork: python3 driver.py params.in results.out

Active response data for evaluation 164:
Active set vector = { 1 1 1 1 1 1 1 1 1 }
                      4.9071200000e+00 flow_2.4
                      4.0750700000e+00 density_2.4
                      3.1887000000e-01 speed_2.4
                      6.8728500000e+00 flow_3.6
                      3.5835100000e+00 density_3.6
                      4.1449000000e-01 speed_3.6
                      9.0586700000e+00 flow_5.0
                      3.1739500000e+00 density_5.0
                      4.7846000000e-01 speed_5.0



---------------------
Begin Evaluation  165
---------------------
Parameters for evaluation 165:
                      1.2527492011e+00 desired_speed
                      2.0780318386e-01 radius
                      8.3145224634e-01 time_gap
                      7.0124335244e+00 strength_neighbor
                      6.7469366210e-02 range_neighbor

blocking fork: python3 driver.py params.in results.out

Active response data for evaluation 165:
Active set vector = { 1 1 1 1 1 1 1 1 1 }
                      3.1131900000e+00 flow_2.4
                      3.2729800000e+00 density_2.4
                      2.6251000000e-01 speed_2.4
                      5.0142800000e+00 flow_3.6
                      2.3172300000e+00 density_3.6
                      5.0984000000e-01 speed_3.6
                      5.4840000000e+00 flow_5.0
                      2.1065200000e+00 density_5.0
                      5.1169000000e-01 speed_5.0



---------------------
Begin Evaluation  166
---------------------
Parameters for evaluation 166:
                      1.0521557701e+00 desired_speed
                      2.1992134893e-01 radius
                      8.8637551778e-01 time_gap
                      7.1723149159e+00 strength_neighbor
                      7.4865863672e-02 range_neighbor

blocking fork: python3 driver.py params.in results.out

Active response data for evaluation 166:
Active set vector = { 1 1 1 1 1 1 1 1 1 }
                      2.5839800000e+00 flow_2.4
                      3.0300800000e+00 density_2.4
                      2.3532000000e-01 speed_2.4
                      4.0051700000e+00 flow_3.6
                      2.2926900000e+00 density_3.6
                      4.1449000000e-01 speed_3.6
                      4.7987600000e+00 flow_5.0
                      2.1588700000e+00 density_5.0
                      4.4240000000e-01 speed_5.0



---------------------
Begin Evaluation  167
---------------------
Parameters for evaluation 167:
                      1.3325758529e+00 desired_speed
                      2.3743754606e-01 radius
                      4.4700415157e-01 time_gap
                      3.9148956311e+00 strength_neighbor
                      1.5956830824e-01 range_neighbor

blocking fork: python3 driver.py params.in results.out

Active response data for evaluation 167:
Active set vector = { 1 1 1 1 1 1 1 1 1 }
                      4.2848400000e+00 flow_2.4
                      2.7157900000e+00 density_2.4
                      4.5678000000e-01 speed_2.4
                      6.9860300000e+00 flow_3.6
                      2.1863700000e+00 density_3.6
                      7.9649000000e-01 speed_3.6
                      9.2592600000e+00 flow_5.0
                      2.0604700000e+00 density_5.0
                      9.1373000000e-01 speed_5.0



---------------------
Begin Evaluation  168
---------------------
Parameters for evaluation 168:
                      1.3893638365e+00 desired_speed
                      1.8610764092e-01 radius
                      7.8331779910e-01 time_gap
                      3.8489462129e+00 strength_neighbor
                      7.7199791742e-02 range_neighbor

blocking fork: python3 driver.py params.in results.out

Active response data for evaluation 168:
Active set vector = { 1 1 1 1 1 1 1 1 1 }
                      4.0721300000e+00 flow_2.4
                      3.7352100000e+00 density_2.4
                      3.0608000000e-01 speed_2.4
                      5.1851900000e+00 flow_3.6
                      2.6149500000e+00 density_3.6
                      4.6586000000e-01 speed_3.6
                      6.0684900000e+00 flow_5.0
                      2.0085800000e+00 density_5.0
                      4.9162000000e-01 speed_5.0



---------------------
Begin Evaluation  169
---------------------
Parameters for evaluation 169:
                      1.5378713850e+00 desired_speed
                      1.8726152465e-01 radius
                      4.8552598882e-01 time_gap
                      3.6733807672e+00 strength_neighbor
                      1.3577363805e-01 range_neighbor

blocking fork: python3 driver.py params.in results.out

Active response data for evaluation 169:
Active set vector = { 1 1 1 1 1 1 1 1 1 }
                      5.9736400000e+00 flow_2.4
                      4.0102400000e+00 density_2.4
                      4.2713000000e-01 speed_2.4
                      8.4541100000e+00 flow_3.6
                      3.3331200000e+00 density_3.6
                      6.1004000000e-01 speed_3.6
                      1.0928960000e+01 flow_5.0
                      3.0916200000e+00 density_5.0
                      6.5274000000e-01 speed_5.0



---------------------
Begin Evaluation  170
---------------------
Parameters for evaluation 170:
                      1.1597364827e+00 desired_speed
                      1.2226119036e-01 radius
                      1.3519460211e-01 time_gap
                      6.2899690568e+00 strength_neighbor
                      6.2718696389e-02 range_neighbor

blocking fork: python3 driver.py params.in results.out

Active response data for evaluation 170:
Active set vector = { 1 1 1 1 1 1 1 1 1 }
                      1.8884410000e+01 flow_2.4
                      9.5259600000e+00 density_2.4
                      5.4229000000e-01 speed_2.4
                      2.9012350000e+01 flow_3.6
                      7.4025000000e+00 density_3.6
                      8.6263000000e-01 speed_3.6
                      3.7903230000e+01 flow_5.0
                      5.5371400000e+00 density_5.0
                      9.7338000000e-01 speed_5.0



---------------------
Begin Evaluation  171
---------------------
Parameters for evaluation 171:
                      1.4837799405e+00 desired_speed
                      1.5218401280e-01 radius
                      2.9391003514e-01 time_gap
                      9.4466666163e+00 strength_neighbor
                      3.6988378406e-02 range_neighbor

blocking fork: python3 driver.py params.in results.out

Active response data for evaluation 171:
Active set vector = { 1 1 1 1 1 1 1 1 1 }
                      1.0195230000e+01 flow_2.4
                      6.0524900000e+00 density_2.4
                      4.5970000000e-01 speed_2.4
                      1.2855830000e+01 flow_3.6
                      4.1988800000e+00 density_3.6
                      6.6278000000e-01 speed_3.6
                      1.5604030000e+01 flow_5.0
                      2.7723400000e+00 density_5.0
                      8.0496000000e-01 speed_5.0



---------------------
Begin Evaluation  172
---------------------
Parameters for evaluation 172:
                      1.3589306511e+00 desired_speed
                      2.3674366663e-01 radius
                      7.2692459725e-01 time_gap
                      9.3810936613e+00 strength_neighbor
                      1.9119514243e-01 range_neighbor

blocking fork: python3 driver.py params.in results.out

Active response data for evaluation 172:
Active set vector = { 1 1 1 1 1 1 1 1 1 }
                      2.9498500000e+00 flow_2.4
                      2.3287600000e+00 density_2.4
                      3.6245000000e-01 speed_2.4
                      4.3983700000e+00 flow_3.6
                      1.9748800000e+00 density_3.6
                      5.2561000000e-01 speed_3.6
                      6.0370800000e+00 flow_5.0
                      1.7589500000e+00 density_5.0
                      6.2402000000e-01 speed_5.0



---------------------
Begin Evaluation  173
---------------------
Parameters for evaluation 173:
                      1.3230636353e+00 desired_speed
                      1.6449386681e-01 radius
                      3.6353805318e-01 time_gap
                      2.7290642431e+00 strength_neighbor
                      1.2200082381e-01 range_neighbor

blocking fork: python3 driver.py params.in results.out

Active response data for evaluation 173:
Active set vector = { 1 1 1 1 1 1 1 1 1 }
                      8.1300800000e+00 flow_2.4
                      5.2226700000e+00 density_2.4
                      4.5808000000e-01 speed_2.4
                      1.2313100000e+01 flow_3.6
                      4.0949200000e+00 density_3.6
                      7.4164000000e-01 speed_3.6
                      1.5081970000e+01 flow_5.0
                      3.2603900000e+00 density_5.0
                      7.8669000000e-01 speed_5.0



---------------------
Begin Evaluation  174
---------------------
Parameters for evaluation 174:
                      9.9694823657e-01 desired_speed
                      2.0558018189e-01 radius
                      9.5670881694e-01 time_gap
                      2.4438034836e+00 strength_neighbor
                      8.7417883061e-02 range_neighbor

blocking fork: python3 driver.py params.in results.out

Active response data for evaluation 174:
Active set vector = { 1 1 1 1 1 1 1 1 1 }
                      2.9003500000e+00 flow_2.4
                      2.9904600000e+00 density_2.4
                      2.8179000000e-01 speed_2.4
                      3.7940400000e+00 flow_3.6
                      1.9690700000e+00 density_3.6
                      4.5736000000e-01 speed_3.6
                      3.9019000000e+00 flow_5.0
                      1.7791500000e+00 density_5.0
                      3.3380000000e-01 speed_5.0



---------------------
Begin Evaluation  175
---------------------
Parameters for evaluation 175:
                      1.1455885409e+00 desired_speed
                      1.2413711261e-01 radius
                      7.5138641368e-01 time_gap
                      6.1748383040e+00 strength_neighbor
                      4.8075609499e-02 range_neighbor

blocking fork: python3 driver.py params.in results.out

Active response data for evaluation 175:
Active set vector = { 1 1 1 1 1 1 1 1 1 }
                      6.2278400000e+00 flow_2.4
                      7.3204800000e+00 density_2.4
                      2.3406000000e-01 speed_2.4
                      7.9908700000e+00 flow_3.6
                      4.0518900000e+00 density_3.6
                      4.6208000000e-01 speed_3.6
                      8.8068200000e+00 flow_5.0
                      2.6475200000e+00 density_5.0
                      3.9605000000e-01 speed_5.0



---------------------
Begin Evaluation  176
---------------------
Parameters for evaluation 176:
                      8.3839949042e-01 desired_speed
                      2.4481415707e-01 radius
                      5.5456025083e-01 time_gap
                      5.8872030591e+00 strength_neighbor
                      8.1716265028e-02 range_neighbor

blocking fork: python3 driver.py params.in results.out

Active response data for evaluation 176:
Active set vector = { 1 1 1 1 1 1 1 1 1 }
                      2.7662500000e+00 flow_2.4
                      2.7823500000e+00 density_2.4
                      2.8730000000e-01 speed_2.4
                      4.7256100000e+00 flow_3.6
                      2.1555500000e+00 density_3.6
                      5.6398000000e-01 speed_3.6
                      5.9539100000e+00 flow_5.0
                      2.0421500000e+00 density_5.0
                      5.8882000000e-01 speed_5.0



---------------------
Begin Evaluation  177
---------------------
Parameters for evaluation 177:
                      1.4942470161e+00 desired_speed
                      2.4279448079e-01 radius
                      3.7975384261e-01 time_gap
                      9.9248941777e+00 strength_neighbor
                      2.7384331074e-01 range_neighbor

blocking fork: python3 driver.py params.in results.out

Active response data for evaluation 177:
Active set vector = { 1 1 1 1 1 1 1 1 1 }
                      4.1481500000e+00 flow_2.4
                      1.7903100000e+00 density_2.4
                      7.0837000000e-01 speed_2.4
                      6.3319800000e+00 flow_3.6
                      1.6117400000e+00 density_3.6
                      9.9441000000e-01 speed_3.6
                      8.9399700000e+00 flow_5.0
                      1.5129100000e+00 density_5.0
                      1.2153400000e+00 speed_5.0



---------------------
Begin Evaluation  178
---------------------
Parameters for evaluation 178:
                      1.1625925245e+00 desired_speed
                      1.6132204884e-01 radius
                      7.0009983829e-01 time_gap
                      9.2944016475e+00 strength_neighbor
                      9.6562338270e-02 range_neighbor

blocking fork: python3 driver.py params.in results.out

Active response data for evaluation 178:
Active set vector = { 1 1 1 1 1 1 1 1 1 }
                      4.5219600000e+00 flow_2.4
                      5.0489200000e+00 density_2.4
                      2.4303000000e-01 speed_2.4
                      6.7243000000e+00 flow_3.6
                      4.0894100000e+00 density_3.6
                      3.7844000000e-01 speed_3.6
                      8.8953100000e+00 flow_5.0
                      3.3519900000e+00 density_5.0
                      4.9288000000e-01 speed_5.0



---------------------
Begin Evaluation  179
---------------------
Parameters for evaluation 179:
                      9.4207242879e-01 desired_speed
                      1.6598196756e-01 radius
                      2.3615286363e-01 time_gap
                      9.0488711604e+00 strength_neighbor
                      5.8826366537e-02 range_neighbor

blocking fork: python3 driver.py params.in results.out

Active response data for evaluation 179:
Active set vector = { 1 1 1 1 1 1 1 1 1 }
                      8.0172400000e+00 flow_2.4
                      5.9887500000e+00 density_2.4
                      3.7523000000e-01 speed_2.4
                      1.2345680000e+01 flow_3.6
                      5.0405200000e+00 density_3.6
                      5.7621000000e-01 speed_3.6
                      1.7412940000e+01 flow_5.0
                      4.2346000000e+00 density_5.0
                      7.5126000000e-01 speed_5.0



---------------------
Begin Evaluation  180
---------------------
Parameters for evaluation 180:
                      1.2269313792e+00 desired_speed
                      1.6833498274e-01 radius
                      5.0786273301e-01 time_gap
                      4.3021459752e+00 strength_neighbor
                      2.6922333990e-01 range_neighbor

blocking fork: python3 driver.py params.in results.out

Active response data for evaluation 180:
Active set vector = { 1 1 1 1 1 1 1 1 1 }
                      6.0843100000e+00 flow_2.4
                      3.6014200000e+00 density_2.4
                      4.8662000000e-01 speed_2.4
                      9.6114500000e+00 flow_3.6
                      3.1497800000e+00 density_3.6
                      7.4097000000e-01 speed_3.6
                      1.3725490000e+01 flow_5.0
                      2.7995400000e+00 density_5.0
                      9.5442000000e-01 speed_5.0



---------------------
Begin Evaluation  181
---------------------
Parameters for evaluation 181:
                      1.3181757073e+00 desired_speed
                      2.3998895558e-01 radius
                      7.9866162511e-01 time_gap
                      2.0709593593e+00 strength_neighbor
                      2.2035741782e-01 range_neighbor

blocking fork: python3 driver.py params.in results.out

Active response data for evaluation 181:
Active set vector = { 1 1 1 1 1 1 1 1 1 }
                      2.6866200000e+00 flow_2.4
                      2.4911600000e+00 density_2.4
                      3.1624000000e-01 speed_2.4
                      4.4182400000e+00 flow_3.6
                      1.9582300000e+00 density_3.6
                      5.4137000000e-01 speed_3.6
                      5.6159400000e+00 flow_5.0
                      1.8830800000e+00 density_5.0
                      5.7390000000e-01 speed_5.0



---------------------
Begin Evaluation  182
---------------------
Parameters for evaluation 182:
                      8.8892946958e-01 desired_speed
                      2.4893979831e-01 radius
                      5.8187896209e-01 time_gap
                      5.2221475625e+00 strength_neighbor
                      2.9894260424e-01 range_neighbor

blocking fork: python3 driver.py params.in results.out

Active response data for evaluation 182:
Active set vector = { 1 1 1 1 1 1 1 1 1 }
                      2.6621000000e+00 flow_2.4
                      2.1811400000e+00 density_2.4
                      3.8254000000e-01 speed_2.4
                      4.2774200000e+00 flow_3.6
                      1.9230800000e+00 density_3.6
                      5.6121000000e-01 speed_3.6
                      6.1646900000e+00 flow_5.0
                      1.7812400000e+00 density_5.0
                      7.1860000000e-01 speed_5.0



---------------------
Begin Evaluation  183
---------------------
Parameters for evaluation 183:
                      9.7093551496e-01 desired_speed
                      1.5563927467e-01 radius
                      6.4609512807e-01 time_gap
                      6.4406722690e+00 strength_neighbor
                      3.2820593617e-02 range_neighbor

blocking fork: python3 driver.py params.in results.out

Active response data for evaluation 183:
Active set vector = { 1 1 1 1 1 1 1 1 1 }
                      5.2083300000e+00 flow_2.4
                      4.6878500000e+00 density_2.4
                      3.1538000000e-01 speed_2.4
                      5.5096400000e+00 flow_3.6
                      2.4945200000e+00 density_3.6
                      4.1608000000e-01 speed_3.6
                      6.0684900000e+00 flow_5.0
                      1.5790800000e+00 density_5.0
                      3.4347000000e-01 speed_5.0



---------------------
Begin Evaluation  184
---------------------
Parameters for evaluation 184:
                      1.3422195788e+00 desired_speed
                      1.6251583056e-01 radius
                      7.3171683654e-01 time_gap
                      3.0979129005e+00 strength_neighbor
                      1.5519205014e-01 range_neighbor

blocking fork: python3 driver.py params.in results.out

Active response data for evaluation 184:
Active set vector = { 1 1 1 1 1 1 1 1 1 }
                      4.8259200000e+00 flow_2.4
                      4.8717900000e+00 density_2.4
                      2.7291000000e-01 speed_2.4
                      7.0387100000e+00 flow_3.6
                      3.9726800000e+00 density_3.6
                      4.0679000000e-01 speed_3.6
                      9.3602700000e+00 flow_5.0
                      3.2024000000e+00 density_5.0
                      5.3918000000e-01 speed_5.0



---------------------
Begin Evaluation  185
---------------------
Parameters for evaluation 185:
                      8.4290904744e-01 desired_speed
                      1.9165771814e-01 radius
                      7.7068264783e-01 time_gap
                      5.3274655002e+00 strength_neighbor
                      2.6268362090e-01 range_neighbor

blocking fork: python3 driver.py params.in results.out

Active response data for evaluation 185:
Active set vector = { 1 1 1 1 1 1 1 1 1 }
                      3.4191200000e+00 flow_2.4
                      3.0565800000e+00 density_2.4
                      3.2676000000e-01 speed_2.4
                      5.3280200000e+00 flow_3.6
                      2.6142500000e+00 density_3.6
                      4.9621000000e-01 speed_3.6
                      7.4547400000e+00 flow_5.0
                      2.3393700000e+00 density_5.0
                      6.4074000000e-01 speed_5.0



---------------------
Begin Evaluation  186
---------------------
Parameters for evaluation 186:
                      1.4684575087e+00 desired_speed
                      1.6978310594e-01 radius
                      3.0696512124e-01 time_gap
                      9.8318832110e+00 strength_neighbor
                      1.7737651330e-01 range_neighbor

blocking fork: python3 driver.py params.in results.out

Active response data for evaluation 186:
Active set vector = { 1 1 1 1 1 1 1 1 1 }
                      7.9908700000e+00 flow_2.4
                      3.5390700000e+00 density_2.4
                      6.4928000000e-01 speed_2.4
                      1.2157380000e+01 flow_3.6
                      3.1679900000e+00 density_3.6
                      9.1089000000e-01 speed_3.6
                      1.7032970000e+01 flow_5.0
                      2.8199900000e+00 density_5.0
                      1.1494600000e+00 speed_5.0



---------------------
Begin Evaluation  187
---------------------
Parameters for evaluation 187:
                      1.5636156476e+00 desired_speed
                      1.3160556382e-01 radius
                      2.1975419187e-01 time_gap
                      4.8975985520e+00 strength_neighbor
                      2.3590379981e-01 range_neighbor

blocking fork: python3 driver.py params.in results.out

Active response data for evaluation 187:
Active set vector = { 1 1 1 1 1 1 1 1 1 }
                      1.3938490000e+01 flow_2.4
                      4.5612500000e+00 density_2.4
                      8.1467000000e-01 speed_2.4
                      2.1351770000e+01 flow_3.6
                      4.0137600000e+00 density_3.6
                      1.1856200000e+00 speed_3.6
                      2.8497940000e+01 flow_5.0
                      3.7291800000e+00 density_5.0
                      1.3236600000e+00 speed_5.0



---------------------
Begin Evaluation  188
---------------------
Parameters for evaluation 188:
                      1.5571356575e+00 desired_speed
                      2.4715315765e-01 radius
                      1.2831759712e-01 time_gap
                      3.2659655557e+00 strength_neighbor
                      1.1614755015e-01 range_neighbor

blocking fork: python3 driver.py params.in results.out

Active response data for evaluation 188:
Active set vector = { 1 1 1 1 1 1 1 1 1 }
                      6.8037200000e+00 flow_2.4
                      2.9851800000e+00 density_2.4
                      7.4487000000e-01 speed_2.4
                      1.1757110000e+01 flow_3.6
                      2.7430000000e+00 density_3.6
                      1.0967300000e+00 speed_3.6
                      1.7156860000e+01 flow_5.0
                      2.5268200000e+00 density_5.0
                      1.4172000000e+00 speed_5.0



---------------------
Begin Evaluation  189
---------------------
Parameters for evaluation 189:
                      1.0114537015e+00 desired_speed
                      2.2084301793e-01 radius
                      2.8512921616e-01 time_gap
                      8.0103846196e+00 strength_neighbor
                      2.1312751003e-01 range_neighbor

blocking fork: python3 driver.py params.in results.out

Active response data for evaluation 189:
Active set vector = { 1 1 1 1 1 1 1 1 1 }
                      4.6480700000e+00 flow_2.4
                      2.6855000000e+00 density_2.4
                      5.2562000000e-01 speed_2.4
                      7.2429900000e+00 flow_3.6
                      2.4222400000e+00 density_3.6
                      7.5089000000e-01 speed_3.6
                      1.0199560000e+01 flow_5.0
                      2.2973300000e+00 density_5.0
                      8.6972000000e-01 speed_5.0



---------------------
Begin Evaluation  190
---------------------
Parameters for evaluation 190:
                      1.0002987621e+00 desired_speed
                      1.2731471142e-01 radius
                      3.9074440927e-01 time_gap
                      4.4281248983e+00 strength_neighbor
                      2.7808698143e-01 range_neighbor

blocking fork: python3 driver.py params.in results.out

Active response data for evaluation 190:
Active set vector = { 1 1 1 1 1 1 1 1 1 }
                      8.5635400000e+00 flow_2.4
                      4.0973000000e+00 density_2.4
                      5.5318000000e-01 speed_2.4
                      1.2785390000e+01 flow_3.6
                      3.6704700000e+00 density_3.6
                      7.6118000000e-01 speed_3.6
                      1.6909090000e+01 flow_5.0
                      3.4530300000e+00 density_5.0
                      8.3064000000e-01 speed_5.0



---------------------
Begin Evaluation  191
---------------------
Parameters for evaluation 191:
                      1.5141371868e+00 desired_speed
                      1.7768555848e-01 radius
                      2.6555816439e-01 time_gap
                      2.5118162068e+00 strength_neighbor
                      1.6161201118e-01 range_neighbor

blocking fork: python3 driver.py params.in results.out

Active response data for evaluation 191:
Active set vector = { 1 1 1 1 1 1 1 1 1 }
                      9.4512200000e+00 flow_2.4
                      4.6153300000e+00 density_2.4
                      5.9794000000e-01 speed_2.4
                      1.4832790000e+01 flow_3.6
                      3.8191200000e+00 density_3.6
                      9.9423000000e-01 speed_3.6
                      1.9760900000e+01 flow_5.0
                      3.4431300000e+00 density_5.0
                      1.0491200000e+00 speed_5.0



---------------------
Begin Evaluation  192
---------------------
Parameters for evaluation 192:
                      1.4490283410e+00 desired_speed
                      2.3247197043e-01 radius
                      9.9150847283e-01 time_gap
                      9.6132012476e+00 strength_neighbor
                      5.4923915666e-02 range_neighbor

blocking fork: python3 driver.py params.in results.out

Active response data for evaluation 192:
Active set vector = { 1 1 1 1 1 1 1 1 1 }
                      2.3821700000e+00 flow_2.4
                      2.5699700000e+00 density_2.4
                      2.5567000000e-01 speed_2.4
                      3.7971300000e+00 flow_3.6
                      1.8234600000e+00 density_3.6
                      4.9173000000e-01 speed_3.6
                      3.8707900000e+00 flow_5.0
                      1.8404200000e+00 density_5.0
                      4.1276000000e-01 speed_5.0



---------------------
Begin Evaluation  193
---------------------
Parameters for evaluation 193:
                      1.1202398188e+00 desired_speed
                      2.0264592712e-01 radius
                      9.2719185769e-01 time_gap
                      5.4240529588e+00 strength_neighbor
                      2.2792135870e-01 range_neighbor

blocking fork: python3 driver.py params.in results.out

Active response data for evaluation 193:
Active set vector = { 1 1 1 1 1 1 1 1 1 }
                      3.0068700000e+00 flow_2.4
                      3.0167400000e+00 density_2.4
                      2.7999000000e-01 speed_2.4
                      4.6922300000e+00 flow_3.6
                      2.4991000000e+00 density_3.6
                      4.2710000000e-01 speed_3.6
                      6.2893100000e+00 flow_5.0
                      2.2659100000e+00 density_5.0
                      4.9695000000e-01 speed_5.0



---------------------
Begin Evaluation  194
---------------------
Parameters for evaluation 194:
                      1.4097599543e+00 desired_speed
                      1.4257913025e-01 radius
                      2.0509275651e-01 time_gap
                      5.6604917894e+00 strength_neighbor
                      2.0579929340e-01 range_neighbor

blocking fork: python3 driver.py params.in results.out

Active response data for evaluation 194:
Active set vector = { 1 1 1 1 1 1 1 1 1 }
                      1.2477480000e+01 flow_2.4
                      4.6558500000e+00 density_2.4
                      7.3648000000e-01 speed_2.4
                      1.8902440000e+01 flow_3.6
                      4.1367800000e+00 density_3.6
                      1.0408000000e+00 speed_3.6
                      2.6325760000e+01 flow_5.0
                      3.8004400000e+00 density_5.0
                      1.2013500000e+00 speed_5.0



---------------------
Begin Evaluation  195
---------------------
Parameters for evaluation 195:
                      1.3771842203e+00 desired_speed
                      1.3130049055e-01 radius
                      4.0309576634e-01 time_gap
                      7.5678125051e+00 strength_neighbor
                      2.0078691137e-01 range_neighbor

blocking fork: python3 driver.py params.in results.out

Active response data for evaluation 195:
Active set vector = { 1 1 1 1 1 1 1 1 1 }
                      9.3186400000e+00 flow_2.4
                      4.4114300000e+00 density_2.4
                      5.8266000000e-01 speed_2.4
                      1.4184400000e+01 flow_3.6
                      3.8885300000e+00 density_3.6
                      8.5072000000e-01 speed_3.6
                      1.9115650000e+01 flow_5.0
                      3.5518300000e+00 density_5.0
                      9.3933000000e-01 speed_5.0



---------------------
Begin Evaluation  196
---------------------
Parameters for evaluation 196:
                      1.0464914405e+00 desired_speed
                      1.5322906206e-01 radius
                      5.3474726669e-01 time_gap
                      3.7794234197e+00 strength_neighbor
                      9.8478879483e-02 range_neighbor

blocking fork: python3 driver.py params.in results.out

Active response data for evaluation 196:
Active set vector = { 1 1 1 1 1 1 1 1 1 }
                      6.4724900000e+00 flow_2.4
                      5.7929400000e+00 density_2.4
                      3.2002000000e-01 speed_2.4
                      9.1535400000e+00 flow_3.6
                      4.4246400000e+00 density_3.6
                      4.8896000000e-01 speed_3.6
                      1.2411350000e+01 flow_5.0
                      3.2232900000e+00 density_5.0
                      6.8193000000e-01 speed_5.0



---------------------
Begin Evaluation  197
---------------------
Parameters for evaluation 197:
                      8.2708147822e-01 desired_speed
                      1.4057450276e-01 radius
                      9.0052126252e-01 time_gap
                      7.3709340018e+00 strength_neighbor
                      1.8543167022e-01 range_neighbor

blocking fork: python3 driver.py params.in results.out

Active response data for evaluation 197:
Active set vector = { 1 1 1 1 1 1 1 1 1 }
                      4.3370500000e+00 flow_2.4
                      4.5685800000e+00 density_2.4
                      2.7077000000e-01 speed_2.4
                      6.5635300000e+00 flow_3.6
                      3.9278200000e+00 density_3.6
                      3.9777000000e-01 speed_3.6
                      8.6580100000e+00 flow_5.0
                      3.5780400000e+00 density_5.0
                      4.0450000000e-01 speed_5.0



---------------------
Begin Evaluation  198
---------------------
Parameters for evaluation 198:
                      1.3078031476e+00 desired_speed
                      1.9340742248e-01 radius
                      6.9372227845e-01 time_gap
                      2.1066569988e+00 strength_neighbor
                      4.6973225539e-02 range_neighbor

blocking fork: python3 driver.py params.in results.out

Active response data for evaluation 198:
Active set vector = { 1 1 1 1 1 1 1 1 1 }
                      3.3573100000e+00 flow_2.4
                      2.1065300000e+00 density_2.4
                      4.0218000000e-01 speed_2.4
                      3.4339000000e+00 flow_3.6
                      1.5659100000e+00 density_3.6
                      4.1395000000e-01 speed_3.6
                      3.9914200000e+00 flow_5.0
                      1.0775500000e+00 density_5.0
                      2.3099000000e-01 speed_5.0



---------------------
Begin Evaluation  199
---------------------
Parameters for evaluation 199:
                      1.2615686774e+00 desired_speed
                      1.2913841144e-01 radius
                      8.1863659670e-01 time_gap
                      9.1376116129e+00 strength_neighbor
                      2.6073821076e-01 range_neighbor

blocking fork: python3 driver.py params.in results.out

Active response data for evaluation 199:
Active set vector = { 1 1 1 1 1 1 1 1 1 }
                      5.1169600000e+00 flow_2.4
                      3.0550800000e+00 density_2.4
                      4.5613000000e-01 speed_2.4
                      7.4191800000e+00 flow_3.6
                      2.7128700000e+00 density_3.6
                      6.0157000000e-01 speed_3.6
                      1.0167030000e+01 flow_5.0
                      2.4988400000e+00 density_5.0
                      7.0922000000e-01 speed_5.0



---------------------
Begin Evaluation  200
---------------------
Parameters for evaluation 200:
                      1.4267238368e+00 desired_speed
                      1.5715723142e-01 radius
                      7.8687871917e-01 time_gap
                      2.6497067529e+00 strength_neighbor
                      1.6631121581e-01 range_neighbor

blocking fork: python3 driver.py params.in results.out

Active response data for evaluation 200:
Active set vector = { 1 1 1 1 1 1 1 1 1 }
                      4.7814200000e+00 flow_2.4
                      5.1177100000e+00 density_2.4
                      2.5918000000e-01 speed_2.4
                      6.8728500000e+00 flow_3.6
                      4.0147100000e+00 density_3.6
                      4.0641000000e-01 speed_3.6
                      9.2261900000e+00 flow_5.0
                      3.4975200000e+00 density_5.0
                      4.9246000000e-01 speed_5.0



---------------------
Begin Evaluation  201
---------------------
Parameters for evaluation 201:
                      1.4580892920e+00 desired_speed
                      2.2497805622e-01 radius
                      5.2242250567e-01 time_gap
                      8.1959638566e+00 strength_neighbor
                      1.0135935907e-01 range_neighbor

blocking fork: python3 driver.py params.in results.out

Active response data for evaluation 201:
Active set vector = { 1 1 1 1 1 1 1 1 1 }
                      3.9635000000e+00 flow_2.4
                      2.9452100000e+00 density_2.4
                      3.7697000000e-01 speed_2.4
                      6.0546900000e+00 flow_3.6
                      2.3922500000e+00 density_3.6
                      5.9933000000e-01 speed_3.6
                      7.9487200000e+00 flow_5.0
                      2.1294500000e+00 density_5.0
                      7.3133000000e-01 speed_5.0



---------------------
Begin Evaluation  202
---------------------
Parameters for evaluation 202:
                      1.2854464901e+00 desired_speed
                      2.2798411810e-01 radius
                      2.2737068936e-01 time_gap
                      7.8683678565e+00 strength_neighbor
                      2.8892139020e-01 range_neighbor

blocking fork: python3 driver.py params.in results.out

Active response data for evaluation 202:
Active set vector = { 1 1 1 1 1 1 1 1 1 }
                      5.0614600000e+00 flow_2.4
                      2.0229100000e+00 density_2.4
                      7.5273000000e-01 speed_2.4
                      7.6004300000e+00 flow_3.6
                      1.8629500000e+00 density_3.6
                      1.0160900000e+00 speed_3.6
                      1.0568180000e+01 flow_5.0
                      1.7715400000e+00 density_5.0
                      1.1546700000e+00 speed_5.0



---------------------
Begin Evaluation  203
---------------------
Parameters for evaluation 203:
                      1.2745460776e+00 desired_speed
                      1.9004849302e-01 radius
                      6.0743960917e-01 time_gap
                      7.7487888104e+00 strength_neighbor
                      1.4873278711e-01 range_neighbor

blocking fork: python3 driver.py params.in results.out

Active response data for evaluation 203:
Active set vector = { 1 1 1 1 1 1 1 1 1 }
                      4.4742700000e+00 flow_2.4
                      3.6552400000e+00 density_2.4
                      3.4066000000e-01 speed_2.4
                      6.6476700000e+00 flow_3.6
                      3.0489200000e+00 density_3.6
                      4.9678000000e-01 speed_3.6
                      9.1324200000e+00 flow_5.0
                      2.6995000000e+00 density_5.0
                      6.1106000000e-01 speed_5.0



---------------------
Begin Evaluation  204
---------------------
Parameters for evaluation 204:
                      1.3638797126e+00 desired_speed
                      2.1473358608e-01 radius
                      5.9318318776e-01 time_gap
                      6.0111762311e+00 strength_neighbor
                      1.3248047651e-01 range_neighbor

blocking fork: python3 driver.py params.in results.out

Active response data for evaluation 204:
Active set vector = { 1 1 1 1 1 1 1 1 1 }
                      4.0933100000e+00 flow_2.4
                      3.0991600000e+00 density_2.4
                      3.6833000000e-01 speed_2.4
                      5.8774100000e+00 flow_3.6
                      2.5619900000e+00 density_3.6
                      5.4688000000e-01 speed_3.6
                      8.8632000000e+00 flow_5.0
                      2.0470500000e+00 density_5.0
                      8.4022000000e-01 speed_5.0



---------------------
Begin Evaluation  205
---------------------
Parameters for evaluation 205:
                      8.0550797904e-01 desired_speed
                      1.8023894340e-01 radius
                      4.1817713431e-01 time_gap
                      7.2269849224e+00 strength_neighbor
                      1.0482910576e-01 range_neighbor

blocking fork: python3 driver.py params.in results.out

Active response data for evaluation 205:
Active set vector = { 1 1 1 1 1 1 1 1 1 }
                      5.0740300000e+00 flow_2.4
                      4.6896300000e+00 density_2.4
                      3.0983000000e-01 speed_2.4
                      8.0459800000e+00 flow_3.6
                      4.0462900000e+00 density_3.6
                      4.8938000000e-01 speed_3.6
                      1.1313870000e+01 flow_5.0
                      3.4271000000e+00 density_5.0
                      6.5892000000e-01 speed_5.0



---------------------
Begin Evaluation  206
---------------------
Parameters for evaluation 206:
                      1.5822505450e+00 desired_speed
                      2.2378227571e-01 radius
                      2.5563854332e-01 time_gap
                      3.4404085175e+00 strength_neighbor
                      2.0480910994e-02 range_neighbor

blocking fork: python3 driver.py params.in results.out

Active response data for evaluation 206:
Active set vector = { 1 1 1 1 1 1 1 1 1 }
                      4.6176800000e+00 flow_2.4
                      2.0043200000e+00 density_2.4
                      5.9410000000e-01 speed_2.4
                      4.9804300000e+00 flow_3.6
                      1.2661800000e+00 density_3.6
                      6.7275000000e-01 speed_3.6
                      5.3021700000e+00 flow_5.0
                      1.1184100000e+00 density_5.0
                      4.0622000000e-01 speed_5.0



---------------------
Begin Evaluation  207
---------------------
Parameters for evaluation 207:
                      9.0896293091e-01 desired_speed
                      1.7236036310e-01 radius
                      6.7992295159e-01 time_gap
                      8.8007617492e+00 strength_neighbor
                      5.5793026062e-02 range_neighbor

blocking fork: python3 driver.py params.in results.out

Active response data for evaluation 207:
Active set vector = { 1 1 1 1 1 1 1 1 1 }
                      4.1815500000e+00 flow_2.4
                      4.8169700000e+00 density_2.4
                      2.3671000000e-01 speed_2.4
                      6.4995400000e+00 flow_3.6
                      3.5195200000e+00 density_3.6
                      4.2967000000e-01 speed_3.6
                      7.5880800000e+00 flow_5.0
                      2.6774100000e+00 density_5.0
                      4.9190000000e-01 speed_5.0



---------------------
Begin Evaluation  208
---------------------
Parameters for evaluation 208:
                      1.2975766525e+00 desired_speed
                      2.4181140435e-01 radius
                      6.6166760734e-01 time_gap
                      2.9750573414e+00 strength_neighbor
                      2.4926319697e-01 range_neighbor

blocking fork: python3 driver.py params.in results.out

Active response data for evaluation 208:
Active set vector = { 1 1 1 1 1 1 1 1 1 }
                      3.1194300000e+00 flow_2.4
                      2.4122100000e+00 density_2.4
                      3.7651000000e-01 speed_2.4
                      5.4200500000e+00 flow_3.6
                      1.9584900000e+00 density_3.6
                      6.6482000000e-01 speed_3.6
                      7.2239400000e+00 flow_5.0
                      1.8204900000e+00 density_5.0
                      7.6048000000e-01 speed_5.0



---------------------
Begin Evaluation  209
---------------------
Parameters for evaluation 209:
                      8.1070724880e-01 desired_speed
                      1.9777157801e-01 radius
                      1.9992622932e-01 time_gap
                      4.6226720660e+00 strength_neighbor
                      1.5160004276e-01 range_neighbor

blocking fork: python3 driver.py params.in results.out

Active response data for evaluation 209:
Active set vector = { 1 1 1 1 1 1 1 1 1 }
                      5.7119500000e+00 flow_2.4
                      4.3994500000e+00 density_2.4
                      4.0026000000e-01 speed_2.4
                      9.1176500000e+00 flow_3.6
                      4.0009100000e+00 density_3.6
                      5.8606000000e-01 speed_3.6
                      1.3342830000e+01 flow_5.0
                      3.7271700000e+00 density_5.0
                      7.3204000000e-01 speed_5.0



---------------------
Begin Evaluation  210
---------------------
Parameters for evaluation 210:
                      9.1018748010e-01 desired_speed
                      2.3512914869e-01 radius
                      8.6993349466e-01 time_gap
                      4.5491663898e+00 strength_neighbor
                      1.1423176246e-01 range_neighbor

blocking fork: python3 driver.py params.in results.out

Active response data for evaluation 210:
Active set vector = { 1 1 1 1 1 1 1 1 1 }
                      2.3665200000e+00 flow_2.4
                      2.7046400000e+00 density_2.4
                      2.5145000000e-01 speed_2.4
                      3.6515400000e+00 flow_3.6
                      2.2403100000e+00 density_3.6
                      3.9832000000e-01 speed_3.6
                      4.4582900000e+00 flow_5.0
                      2.0994100000e+00 density_5.0
                      4.3521000000e-01 speed_5.0



---------------------
Begin Evaluation  211
---------------------
Parameters for evaluation 211:
                      8.6510827601e-01 desired_speed
                      1.3652724251e-01 radius
                      4.9969556623e-01 time_gap
                      8.2918333234e+00 strength_neighbor
                      1.9150462886e-01 range_neighbor

blocking fork: python3 driver.py params.in results.out

Active response data for evaluation 211:
Active set vector = { 1 1 1 1 1 1 1 1 1 }
                      6.3557400000e+00 flow_2.4
                      4.3182500000e+00 density_2.4
                      4.1771000000e-01 speed_2.4
                      9.9080000000e+00 flow_3.6
                      3.8423100000e+00 density_3.6
                      6.0190000000e-01 speed_3.6
                      1.3685240000e+01 flow_5.0
                      3.5855300000e+00 density_5.0
                      6.9750000000e-01 speed_5.0



---------------------
Begin Evaluation  212
---------------------
Parameters for evaluation 212:
                      8.7569311326e-01 desired_speed
                      1.4764891152e-01 radius
                      9.5168186413e-01 time_gap
                      3.3762602423e+00 strength_neighbor
                      2.9165878579e-01 range_neighbor

blocking fork: python3 driver.py params.in results.out

Active response data for evaluation 212:
Active set vector = { 1 1 1 1 1 1 1 1 1 }
                      4.1966400000e+00 flow_2.4
                      4.0896500000e+00 density_2.4
                      2.9454000000e-01 speed_2.4
                      6.4673200000e+00 flow_3.6
                      3.5168700000e+00 density_3.6
                      4.2717000000e-01 speed_3.6
                      9.4086000000e+00 flow_5.0
                      3.0716400000e+00 density_5.0
                      5.6100000000e-01 speed_5.0



---------------------
Begin Evaluation  213
---------------------
Parameters for evaluation 213:
                      1.5455784076e+00 desired_speed
                      2.1333250319e-01 radius
                      4.1390592912e-01 time_gap
                      7.9143132130e+00 strength_neighbor
                      1.3138445363e-01 range_neighbor

blocking fork: python3 driver.py params.in results.out

Active response data for evaluation 213:
Active set vector = { 1 1 1 1 1 1 1 1 1 }
                      5.1851900000e+00 flow_2.4
                      3.1986300000e+00 density_2.4
                      4.5607000000e-01 speed_2.4
                      8.1300800000e+00 flow_3.6
                      2.6378900000e+00 density_3.6
                      7.2587000000e-01 speed_3.6
                      1.0550460000e+01 flow_5.0
                      2.3614700000e+00 density_5.0
                      8.8011000000e-01 speed_5.0



---------------------
Begin Evaluation  214
---------------------
Parameters for evaluation 214:
                      1.2358661997e+00 desired_speed
                      1.4646207019e-01 radius
                      8.9105136190e-01 time_gap
                      4.0751805891e+00 strength_neighbor
                      8.3565530597e-02 range_neighbor

blocking fork: python3 driver.py params.in results.out

Active response data for evaluation 214:
Active set vector = { 1 1 1 1 1 1 1 1 1 }
                      4.5058100000e+00 flow_2.4
                      5.7469600000e+00 density_2.4
                      2.1693000000e-01 speed_2.4
                      5.6703100000e+00 flow_3.6
                      4.3771700000e+00 density_3.6
                      3.0470000000e-01 speed_3.6
                      7.2429900000e+00 flow_5.0
                      2.8082600000e+00 density_5.0
                      4.0838000000e-01 speed_5.0



---------------------
Begin Evaluation  215
---------------------
Parameters for evaluation 215:
                      1.4739899096e+00 desired_speed
                      1.7653766023e-01 radius
                      8.6138019142e-01 time_gap
                      8.9980335632e+00 strength_neighbor
                      2.1760204779e-01 range_neighbor

blocking fork: python3 driver.py params.in results.out

Active response data for evaluation 215:
Active set vector = { 1 1 1 1 1 1 1 1 1 }
                      3.9042800000e+00 flow_2.4
                      2.9650000000e+00 density_2.4
                      3.6260000000e-01 speed_2.4
                      5.5755400000e+00 flow_3.6
                      2.6020100000e+00 density_3.6
                      4.8425000000e-01 speed_3.6
                      7.5537600000e+00 flow_5.0
                      2.3588100000e+00 density_5.0
                      5.2750000000e-01 speed_5.0



---------------------
Begin Evaluation  216
---------------------
Parameters for evaluation 216:
                      9.5247888302e-01 desired_speed
                      1.9525626767e-01 radius
                      9.4071914386e-01 time_gap
                      4.1554313597e+00 strength_neighbor
                      2.4205563648e-01 range_neighbor

blocking fork: python3 driver.py params.in results.out

Active response data for evaluation 216:
Active set vector = { 1 1 1 1 1 1 1 1 1 }
                      3.0224500000e+00 flow_2.4
                      3.3076700000e+00 density_2.4
                      2.6132000000e-01 speed_2.4
                      4.6948400000e+00 flow_3.6
                      2.7160800000e+00 density_3.6
                      4.0345000000e-01 speed_3.6
                      6.7632900000e+00 flow_5.0
                      2.3912000000e+00 density_5.0
                      5.1622000000e-01 speed_5.0



---------------------
Begin Evaluation  217
---------------------
Parameters for evaluation 217:
                      1.2444045372e+00 desired_speed
                      2.2624204704e-01 radius
                      5.9989867629e-01 time_gap
                      4.9472287119e+00 strength_neighbor
                      2.8057629532e-01 range_neighbor

blocking fork: python3 driver.py params.in results.out

Active response data for evaluation 217:
Active set vector = { 1 1 1 1 1 1 1 1 1 }
                      3.7634400000e+00 flow_2.4
                      2.4585600000e+00 density_2.4
                      4.4837000000e-01 speed_2.4
                      5.7195600000e+00 flow_3.6
                      2.1612800000e+00 density_3.6
                      6.6399000000e-01 speed_3.6
                      8.3333300000e+00 flow_5.0
                      1.8672300000e+00 density_5.0
                      8.4743000000e-01 speed_5.0



---------------------
Begin Evaluation  218
---------------------
Parameters for evaluation 218:
                      1.5265341090e+00 desired_speed
                      1.8930058385e-01 radius
                      1.8207354548e-01 time_gap
                      7.4658779254e+00 strength_neighbor
                      1.8323563770e-01 range_neighbor

blocking fork: python3 driver.py params.in results.out

Active response data for evaluation 218:
Active set vector = { 1 1 1 1 1 1 1 1 1 }
                      9.0998000000e+00 flow_2.4
                      3.5393400000e+00 density_2.4
                      7.4643000000e-01 speed_2.4
                      1.4382140000e+01 flow_3.6
                      3.1871100000e+00 density_3.6
                      1.0824100000e+00 speed_3.6
                      2.0286580000e+01 flow_5.0
                      2.9657300000e+00 density_5.0
                      1.2577300000e+00 speed_5.0



---------------------
Begin Evaluation  219
---------------------
Parameters for evaluation 219:
                      1.4114271733e+00 desired_speed
                      2.0951559198e-01 radius
                      3.1560034292e-01 time_gap
                      4.2156741255e+00 strength_neighbor
                      9.2833869142e-02 range_neighbor

blocking fork: python3 driver.py params.in results.out

Active response data for evaluation 219:
Active set vector = { 1 1 1 1 1 1 1 1 1 }
                      6.1589400000e+00 flow_2.4
                      3.6208000000e+00 density_2.4
                      4.9962000000e-01 speed_2.4
                      1.0014310000e+01 flow_3.6
                      2.8659400000e+00 density_3.6
                      8.6644000000e-01 speed_3.6
                      1.2702700000e+01 flow_5.0
                      2.4898900000e+00 density_5.0
                      9.7601000000e-01 speed_5.0



---------------------
Begin Evaluation  220
---------------------
Parameters for evaluation 220:
                      1.1740236064e+00 desired_speed
                      1.3944435391e-01 radius
                      3.3641988366e-01 time_gap
                      6.5762238401e+00 strength_neighbor
                      2.8256178415e-01 range_neighbor

blocking fork: python3 driver.py params.in results.out

Active response data for evaluation 220:
Active set vector = { 1 1 1 1 1 1 1 1 1 }
                      7.7135000000e+00 flow_2.4
                      3.1494600000e+00 density_2.4
                      6.5549000000e-01 speed_2.4
                      1.1382110000e+01 flow_3.6
                      2.8189100000e+00 density_3.6
                      9.1602000000e-01 speed_3.6
                      1.5448500000e+01 flow_5.0
                      2.6803500000e+00 density_5.0
                      1.0174300000e+00 speed_5.0



---------------------
Begin Evaluation  221
---------------------
Parameters for evaluation 221:
                      1.0735390507e+00 desired_speed
                      1.9990570542e-01 radius
                      9.6822450587e-01 time_gap
                      4.7843416845e+00 strength_neighbor
                      2.0975492265e-01 range_neighbor

blocking fork: python3 driver.py params.in results.out

Active response data for evaluation 221:
Active set vector = { 1 1 1 1 1 1 1 1 1 }
                      2.9667300000e+00 flow_2.4
                      3.2097500000e+00 density_2.4
                      2.6106000000e-01 speed_2.4
                      4.6854100000e+00 flow_3.6
                      2.5913500000e+00 density_3.6
                      4.0777000000e-01 speed_3.6
                      6.0000000000e+00 flow_5.0
                      2.4383300000e+00 density_5.0
                      4.4358000000e-01 speed_5.0



---------------------
Begin Evaluation  222
---------------------
Parameters for evaluation 222:
                      1.0345317230e+00 desired_speed
                      1.7490013075e-01 radius
                      2.7072438193e-01 time_gap
                      2.2670022335e+00 strength_neighbor
                      2.6652960926e-01 range_neighbor

blocking fork: python3 driver.py params.in results.out

Active response data for evaluation 222:
Active set vector = { 1 1 1 1 1 1 1 1 1 }
                      6.9135800000e+00 flow_2.4
                      4.3866200000e+00 density_2.4
                      5.2203000000e-01 speed_2.4
                      1.0903430000e+01 flow_3.6
                      4.0263900000e+00 density_3.6
                      7.7157000000e-01 speed_3.6
                      1.7032970000e+01 flow_5.0
                      3.5812000000e+00 density_5.0
                      9.3040000000e-01 speed_5.0



---------------------
Begin Evaluation  223
---------------------
Parameters for evaluation 223:
                      9.8440809838e-01 desired_speed
                      1.9809808639e-01 radius
                      1.5085648614e-01 time_gap
                      5.9974296067e+00 strength_neighbor
                      4.1159998063e-02 range_neighbor

blocking fork: python3 driver.py params.in results.out

Active response data for evaluation 223:
Active set vector = { 1 1 1 1 1 1 1 1 1 }
                      7.1138200000e+00 flow_2.4
                      4.8651900000e+00 density_2.4
                      4.1722000000e-01 speed_2.4
                      1.1369190000e+01 flow_3.6
                      4.1798800000e+00 density_3.6
                      6.7481000000e-01 speed_3.6
                      1.4220180000e+01 flow_5.0
                      3.5208000000e+00 density_5.0
                      7.2850000000e-01 speed_5.0



---------------------
Begin Evaluation  224
---------------------
Parameters for evaluation 224:
                      1.1955277195e+00 desired_speed
                      1.8277617118e-01 radius
                      7.1061038096e-01 time_gap
                      6.7284240185e+00 strength_neighbor
                      6.9014891227e-02 range_neighbor

blocking fork: python3 driver.py params.in results.out

Active response data for evaluation 224:
Active set vector = { 1 1 1 1 1 1 1 1 1 }
                      4.1555400000e+00 flow_2.4
                      4.1166800000e+00 density_2.4
                      2.8169000000e-01 speed_2.4
                      5.7899100000e+00 flow_3.6
                      3.3149700000e+00 density_3.6
                      4.3063000000e-01 speed_3.6
                      7.0600100000e+00 flow_5.0
                      2.5679800000e+00 density_5.0
                      4.9060000000e-01 speed_5.0



---------------------
Begin Evaluation  225
---------------------
Parameters for evaluation 225:
                      1.4332530618e+00 desired_speed
                      1.4369048952e-01 radius
                      3.5284326451e-01 time_gap
                      2.3159002509e+00 strength_neighbor
                      2.5482622729e-01 range_neighbor

blocking fork: python3 driver.py params.in results.out

Active response data for evaluation 225:
Active set vector = { 1 1 1 1 1 1 1 1 1 }
                      9.8501100000e+00 flow_2.4
                      5.4098000000e+00 density_2.4
                      5.6055000000e-01 speed_2.4
                      1.6315790000e+01 flow_3.6
                      4.4567900000e+00 density_3.6
                      8.7961000000e-01 speed_3.6
                      2.2712420000e+01 flow_5.0
                      3.9895500000e+00 density_5.0
                      1.0188100000e+00 speed_5.0



---------------------
Begin Evaluation  226
---------------------
Parameters for evaluation 226:
                      1.1841510120e+00 desired_speed
                      1.7055025803e-01 radius
                      6.2691657234e-01 time_gap
                      8.7127423749e+00 strength_neighbor
                      1.1045736539e-01 range_neighbor

blocking fork: python3 driver.py params.in results.out

Active response data for evaluation 226:
Active set vector = { 1 1 1 1 1 1 1 1 1 }
                      4.8060400000e+00 flow_2.4
                      4.5640400000e+00 density_2.4
                      2.8794000000e-01 speed_2.4
                      7.2463800000e+00 flow_3.6
                      3.6503300000e+00 density_3.6
                      4.5921000000e-01 speed_3.6
                      9.0820300000e+00 flow_5.0
                      3.2602300000e+00 density_5.0
                      5.2152000000e-01 speed_5.0



---------------------
Begin Evaluation  227
---------------------
Parameters for evaluation 227:
                      1.2130636063e+00 desired_speed
                      1.8471244847e-01 radius
                      4.6554059615e-01 time_gap
                      5.7913822997e+00 strength_neighbor
                      2.5930838190e-02 range_neighbor

blocking fork: python3 driver.py params.in results.out

Active response data for evaluation 227:
Active set vector = { 1 1 1 1 1 1 1 1 1 }
                      4.9019600000e+00 flow_2.4
                      3.2853000000e+00 density_2.4
                      4.0464000000e-01 speed_2.4
                      5.0362300000e+00 flow_3.6
                      1.8621100000e+00 density_3.6
                      4.9895000000e-01 speed_3.6
                      5.4708900000e+00 flow_5.0
                      1.5099100000e+00 density_5.0
                      3.7068000000e-01 speed_5.0



---------------------
Begin Evaluation  228
---------------------
Parameters for evaluation 228:
                      1.1376582637e+00 desired_speed
                      2.1715413333e-01 radius
                      4.8101688134e-01 time_gap
                      8.6604149482e+00 strength_neighbor
                      2.9347187821e-02 range_neighbor

blocking fork: python3 driver.py params.in results.out

Active response data for evaluation 228:
Active set vector = { 1 1 1 1 1 1 1 1 1 }
                      4.1296600000e+00 flow_2.4
                      3.1246000000e+00 density_2.4
                      3.7436000000e-01 speed_2.4
                      4.6176800000e+00 flow_3.6
                      2.5446400000e+00 density_3.6
                      4.2810000000e-01 speed_3.6
                      5.2423900000e+00 flow_5.0
                      2.2582900000e+00 density_5.0
                      4.1600000000e-01 speed_5.0



---------------------
Begin Evaluation  229
---------------------
Parameters for evaluation 229:
                      1.0949263592e+00 desired_speed
                      1.5061946637e-01 radius
                      6.3473861735e-01 time_gap
                      5.5393541448e+00 strength_neighbor
                      1.7190689762e-01 range_neighbor

blocking fork: python3 driver.py params.in results.out

Active response data for evaluation 229:
Active set vector = { 1 1 1 1 1 1 1 1 1 }
                      5.7259700000e+00 flow_2.4
                      5.0549300000e+00 density_2.4
                      3.2416000000e-01 speed_2.4
                      8.6915900000e+00 flow_3.6
                      4.1004800000e+00 density_3.6
                      4.9115000000e-01 speed_3.6
                      1.1670860000e+01 flow_5.0
                      3.4493900000e+00 density_5.0
                      6.3262000000e-01 speed_5.0



---------------------
Begin Evaluation  230
---------------------
Parameters for evaluation 230:
                      1.1059086281e+00 desired_speed
                      1.3416085728e-01 radius
                      1.1794018088e-01 time_gap
                      6.6165751044e+00 strength_neighbor
                      2.0345781318e-01 range_neighbor

blocking fork: python3 driver.py params.in results.out

Active response data for evaluation 230:
Active set vector = { 1 1 1 1 1 1 1 1 1 }
                      1.1826600000e+01 flow_2.4
                      4.4575400000e+00 density_2.4
                      7.0021000000e-01 speed_2.4
                      1.7283950000e+01 flow_3.6
                      4.0056700000e+00 density_3.6
                      9.0985000000e-01 speed_3.6
                      2.2916670000e+01 flow_5.0
                      3.7766500000e+00 density_5.0
                      9.7216000000e-01 speed_5.0



---------------------
Begin Evaluation  231
---------------------
Parameters for evaluation 231:
                      1.5009221701e+00 desired_speed
                      1.7870394939e-01 radius
                      1.1023189233e-01 time_gap
                      3.5659663942e+00 strength_neighbor
                      1.7797317254e-01 range_neighbor

blocking fork: python3 driver.py params.in results.out

Active response data for evaluation 231:
Active set vector = { 1 1 1 1 1 1 1 1 1 }
                      1.3081940000e+01 flow_2.4
                      4.8015300000e+00 density_2.4
                      8.4508000000e-01 speed_2.4
                      2.0074070000e+01 flow_3.6
                      4.5116900000e+00 density_3.6
                      1.1331100000e+00 speed_3.6
                      2.9166670000e+01 flow_5.0
                      4.1126900000e+00 density_5.0
                      1.3215700000e+00 speed_5.0



---------------------
Begin Evaluation  232
---------------------
Parameters for evaluation 232:
                      9.3040630738e-01 desired_speed
                      2.1252463744e-01 radius
                      4.3173286367e-01 time_gap
                      8.4402865524e+00 strength_neighbor
                      2.4635330615e-01 range_neighbor

blocking fork: python3 driver.py params.in results.out

Active response data for evaluation 232:
Active set vector = { 1 1 1 1 1 1 1 1 1 }
                      3.9019000000e+00 flow_2.4
                      2.4266000000e+00 density_2.4
                      4.8403000000e-01 speed_2.4
                      5.9982900000e+00 flow_3.6
                      2.1955800000e+00 density_3.6
                      6.8703000000e-01 speed_3.6
                      8.4545500000e+00 flow_5.0
                      2.0417400000e+00 density_5.0
                      8.1066000000e-01 speed_5.0



---------------------
Begin Evaluation  233
---------------------
Parameters for evaluation 233:
                      8.9437061940e-01 desired_speed
                      2.0743168867e-01 radius
                      6.7250693035e-01 time_gap
                      5.1295585976e+00 strength_neighbor
                      2.3182875231e-01 range_neighbor

blocking fork: python3 driver.py params.in results.out

Active response data for evaluation 233:
Active set vector = { 1 1 1 1 1 1 1 1 1 }
                      3.3285800000e+00 flow_2.4
                      3.0913300000e+00 density_2.4
                      3.2340000000e-01 speed_2.4
                      5.2542400000e+00 flow_3.6
                      2.6023900000e+00 density_3.6
                      5.0420000000e-01 speed_3.6
                      7.8782700000e+00 flow_5.0
                      2.2456800000e+00 density_5.0
                      7.0069000000e-01 speed_5.0



---------------------
Begin Evaluation  234
---------------------
Parameters for evaluation 234:
                      1.5702311757e+00 desired_speed
                      1.5978484631e-01 radius
                      7.6193820289e-01 time_gap
                      8.3220123244e+00 strength_neighbor
                      2.3911954182e-01 range_neighbor

blocking fork: python3 driver.py params.in results.out

Active response data for evaluation 234:
Active set vector = { 1 1 1 1 1 1 1 1 1 }
                      4.8409400000e+00 flow_2.4
                      3.0644000000e+00 density_2.4
                      4.3074000000e-01 speed_2.4
                      7.0814400000e+00 flow_3.6
                      2.6666700000e+00 density_3.6
                      6.2288000000e-01 speed_3.6
                      9.6127200000e+00 flow_5.0
                      2.3558100000e+00 density_5.0
                      7.0310000000e-01 speed_5.0



---------------------
Begin Evaluation  235
---------------------
Parameters for evaluation 235:
                      1.1191330145e+00 desired_speed
                      1.3575880872e-01 radius
                      9.1968811733e-01 time_gap
                      6.8354774270e+00 strength_neighbor
                      2.5374064121e-01 range_neighbor

blocking fork: python3 driver.py params.in results.out

Active response data for evaluation 235:
Active set vector = { 1 1 1 1 1 1 1 1 1 }
                      4.6693300000e+00 flow_2.4
                      3.5285600000e+00 density_2.4
                      3.6910000000e-01 speed_2.4
                      7.1865400000e+00 flow_3.6
                      3.0613400000e+00 density_3.6
                      5.5140000000e-01 speed_3.6
                      9.5044100000e+00 flow_5.0
                      2.7660400000e+00 density_5.0
                      5.9874000000e-01 speed_5.0



---------------------
Begin Evaluation  236
---------------------
Parameters for evaluation 236:
                      1.2028352509e+00 desired_speed
                      2.4565001873e-01 radius
                      4.5349048402e-01 time_gap
                      8.5979384344e+00 strength_neighbor
                      1.2841053602e-01 range_neighbor

blocking fork: python3 driver.py params.in results.out

Active response data for evaluation 236:
Active set vector = { 1 1 1 1 1 1 1 1 1 }
                      3.5067900000e+00 flow_2.4
                      2.6348400000e+00 density_2.4
                      3.8241000000e-01 speed_2.4
                      5.4902000000e+00 flow_3.6
                      2.1867100000e+00 density_3.6
                      6.2464000000e-01 speed_3.6
                      7.5732900000e+00 flow_5.0
                      1.9393100000e+00 density_5.0
                      7.7759000000e-01 speed_5.0



---------------------
Begin Evaluation  237
---------------------
Parameters for evaluation 237:
                      9.6051467208e-01 desired_speed
                      2.1910209037e-01 radius
                      1.7576584402e-01 time_gap
                      6.3987510072e+00 strength_neighbor
                      1.4188046157e-01 range_neighbor

blocking fork: python3 driver.py params.in results.out

Active response data for evaluation 237:
Active set vector = { 1 1 1 1 1 1 1 1 1 }
                      5.6224900000e+00 flow_2.4
                      3.6468500000e+00 density_2.4
                      4.6479000000e-01 speed_2.4
                      9.1355600000e+00 flow_3.6
                      3.3042700000e+00 density_3.6
                      6.7277000000e-01 speed_3.6
                      1.2750460000e+01 flow_5.0
                      3.0761000000e+00 density_5.0
                      8.3527000000e-01 speed_5.0



---------------------
Begin Evaluation  238
---------------------
Parameters for evaluation 238:
                      1.5931576725e+00 desired_speed
                      2.2989601093e-01 radius
                      8.5011932413e-01 time_gap
                      3.1693684467e+00 strength_neighbor
                      3.9116713885e-02 range_neighbor

blocking fork: python3 driver.py params.in results.out

Active response data for evaluation 238:
Active set vector = { 1 1 1 1 1 1 1 1 1 }
                      2.5570800000e+00 flow_2.4
                      1.7807300000e+00 density_2.4
                      3.8463000000e-01 speed_2.4
                      2.8757000000e+00 flow_3.6
                      1.0169100000e+00 density_3.6
                      5.0714000000e-01 speed_3.6
                      3.1691700000e+00 flow_5.0
                      1.1132900000e+00 density_5.0
                      2.7578000000e-01 speed_5.0



---------------------
Begin Evaluation  239
---------------------
Parameters for evaluation 239:
                      1.0245683322e+00 desired_speed
                      2.3174118658e-01 radius
                      5.4605475908e-01 time_gap
                      9.5007292128e+00 strength_neighbor
                      2.9627899058e-01 range_neighbor

blocking fork: python3 driver.py params.in results.out

Active response data for evaluation 239:
Active set vector = { 1 1 1 1 1 1 1 1 1 }
                      3.0884600000e+00 flow_2.4
                      1.8042600000e+00 density_2.4
                      5.2148000000e-01 speed_2.4
                      4.5977000000e+00 flow_3.6
                      1.6586400000e+00 density_3.6
                      7.1327000000e-01 speed_3.6
                      6.4905000000e+00 flow_5.0
                      1.5394300000e+00 density_5.0
                      8.3418000000e-01 speed_5.0



---------------------
Begin Evaluation  240
---------------------
Parameters for evaluation 240:
                      8.5121328579e-01 desired_speed
                      1.4528175664e-01 radius
                      3.2864313354e-01 time_gap
                      5.0649871658e+00 strength_neighbor
                      1.6840095383e-01 range_neighbor

blocking fork: python3 driver.py params.in results.out

Active response data for evaluation 240:
Active set vector = { 1 1 1 1 1 1 1 1 1 }
                      8.1861000000e+00 flow_2.4
                      5.7857800000e+00 density_2.4
                      4.0141000000e-01 speed_2.4
                      1.2761130000e+01 flow_3.6
                      5.0155300000e+00 density_3.6
                      5.9333000000e-01 speed_3.6
                      1.8093390000e+01 flow_5.0
                      4.4407500000e+00 density_5.0
                      7.6521000000e-01 speed_5.0



---------------------
Begin Evaluation  241
---------------------
Parameters for evaluation 241:
                      1.5814418277e+00 desired_speed
                      2.0661617837e-01 radius
                      1.6199281940e-01 time_gap
                      7.6493902617e+00 strength_neighbor
                      2.2630911283e-01 range_neighbor

blocking fork: python3 driver.py params.in results.out

Active response data for evaluation 241:
Active set vector = { 1 1 1 1 1 1 1 1 1 }
                      8.2308100000e+00 flow_2.4
                      2.7258800000e+00 density_2.4
                      8.9818000000e-01 speed_2.4
                      1.2322700000e+01 flow_3.6
                      2.4943200000e+00 density_3.6
                      1.2018300000e+00 speed_3.6
                      1.7220170000e+01 flow_5.0
                      2.3503200000e+00 density_5.0
                      1.3879300000e+00 speed_5.0



---------------------
Begin Evaluation  242
---------------------
Parameters for evaluation 242:
                      9.4545403565e-01 desired_speed
                      2.1068641185e-01 radius
                      5.6214564319e-01 time_gap
                      6.9435082044e+00 strength_neighbor
                      1.4528246369e-01 range_neighbor

blocking fork: python3 driver.py params.in results.out

Active response data for evaluation 242:
Active set vector = { 1 1 1 1 1 1 1 1 1 }
                      3.7708000000e+00 flow_2.4
                      3.3421400000e+00 density_2.4
                      3.2277000000e-01 speed_2.4
                      5.5096400000e+00 flow_3.6
                      2.8375600000e+00 density_3.6
                      4.7927000000e-01 speed_3.6
                      8.0459800000e+00 flow_5.0
                      2.4895500000e+00 density_5.0
                      6.3568000000e-01 speed_5.0



---------------------
Begin Evaluation  243
---------------------
Parameters for evaluation 243:
                      8.0471067802e-01 desired_speed
                      1.4823295268e-01 radius
                      8.2480260917e-01 time_gap
                      2.8939457885e+00 strength_neighbor
                      1.1901735993e-01 range_neighbor

blocking fork: python3 driver.py params.in results.out

Active response data for evaluation 243:
Active set vector = { 1 1 1 1 1 1 1 1 1 }
                      4.5977000000e+00 flow_2.4
                      5.7951300000e+00 density_2.4
                      2.2423000000e-01 speed_2.4
                      6.5721000000e+00 flow_3.6
                      4.1051200000e+00 density_3.6
                      3.7336000000e-01 speed_3.6
                      7.9610500000e+00 flow_5.0
                      3.3279200000e+00 density_5.0
                      4.0644000000e-01 speed_5.0



---------------------
Begin Evaluation  244
---------------------
Parameters for evaluation 244:
                      1.3009730498e+00 desired_speed
                      2.0459998451e-01 radius
                      9.7955028262e-01 time_gap
                      9.7445000792e+00 strength_neighbor
                      1.9690049184e-01 range_neighbor

blocking fork: python3 driver.py params.in results.out

Active response data for evaluation 244:
Active set vector = { 1 1 1 1 1 1 1 1 1 }
                      2.8282800000e+00 flow_2.4
                      2.6525000000e+00 density_2.4
                      2.9729000000e-01 speed_2.4
                      4.3090200000e+00 flow_3.6
                      2.2784300000e+00 density_3.6
                      4.3096000000e-01 speed_3.6
                      5.6229800000e+00 flow_5.0
                      2.0432900000e+00 density_5.0
                      4.8822000000e-01 speed_5.0



---------------------
Begin Evaluation  245
---------------------
Parameters for evaluation 245:
                      1.0173803283e+00 desired_speed
                      1.9067009829e-01 radius
                      8.3145224634e-01 time_gap
                      7.0124335244e+00 strength_neighbor
                      6.7469366210e-02 range_neighbor

blocking fork: python3 driver.py params.in results.out

Active response data for evaluation 245:
Active set vector = { 1 1 1 1 1 1 1 1 1 }
                      3.2588500000e+00 flow_2.4
                      3.8647700000e+00 density_2.4
                      2.3495000000e-01 speed_2.4
                      5.0740300000e+00 flow_3.6
                      2.8615900000e+00 density_3.6
                      4.2603000000e-01 speed_3.6
                      6.1002200000e+00 flow_5.0
                      2.2393700000e+00 density_5.0
                      4.9374000000e-01 speed_5.0



---------------------
Begin Evaluation  246
---------------------
Parameters for evaluation 246:
                      1.0276054190e+00 desired_speed
                      1.4998876088e-01 radius
                      8.8637551778e-01 time_gap
                      7.1723149159e+00 strength_neighbor
                      7.4865863672e-02 range_neighbor

blocking fork: python3 driver.py params.in results.out

Active response data for evaluation 246:
Active set vector = { 1 1 1 1 1 1 1 1 1 }
                      4.2078500000e+00 flow_2.4
                      5.6929700000e+00 density_2.4
                      1.9977000000e-01 speed_2.4
                      5.7259700000e+00 flow_3.6
                      4.3382400000e+00 density_3.6
                      3.1381000000e-01 speed_3.6
                      7.2656300000e+00 flow_5.0
                      3.3599800000e+00 density_5.0
                      3.6689000000e-01 speed_5.0



---------------------
Begin Evaluation  247
---------------------
Parameters for evaluation 247:
                      1.3574135717e+00 desired_speed
                      1.4569324510e-01 radius
                      4.4700415157e-01 time_gap
                      3.9148956311e+00 strength_neighbor
                      1.5956830824e-01 range_neighbor

blocking fork: python3 driver.py params.in results.out

Active response data for evaluation 247:
Active set vector = { 1 1 1 1 1 1 1 1 1 }
                      8.3782200000e+00 flow_2.4
                      5.6979600000e+00 density_2.4
                      4.0578000000e-01 speed_2.4
                      1.2117240000e+01 flow_3.6
                      4.6601500000e+00 density_3.6
                      6.3366000000e-01 speed_3.6
                      1.7162330000e+01 flow_5.0
                      3.7943100000e+00 density_5.0
                      8.3877000000e-01 speed_5.0



---------------------
Begin Evaluation  248
---------------------
Parameters for evaluation 248:
                      8.8088781013e-01 desired_speed
                      2.1257885424e-01 radius
                      7.8331779910e-01 time_gap
                      3.8489462129e+00 strength_neighbor
                      7.7199791742e-02 range_neighbor

blocking fork: python3 driver.py params.in results.out

Active response data for evaluation 248:
Active set vector = { 1 1 1 1 1 1 1 1 1 }
                      3.0185400000e+00 flow_2.4
                      3.1972000000e+00 density_2.4
                      2.7200000000e-01 speed_2.4
                      4.3613700000e+00 flow_3.6
                      2.3596100000e+00 density_3.6
                      4.6843000000e-01 speed_3.6
                      5.6031000000e+00 flow_5.0
                      1.6315600000e+00 density_5.0
                      5.7068000000e-01 speed_5.0



---------------------
Begin Evaluation  249
---------------------
Parameters for evaluation 249:
                      1.1013324267e+00 desired_speed
                      1.2911563845e-01 radius
                      4.8552598882e-01 time_gap
                      3.6733807672e+00 strength_neighbor
                      1.3577363805e-01 range_neighbor

blocking fork: python3 driver.py params.in results.out

Active response data for evaluation 249:
Active set vector = { 1 1 1 1 1 1 1 1 1 }
                      8.4084100000e+00 flow_2.4
                      7.2289300000e+00 density_2.4
                      3.2057000000e-01 speed_2.4
                      1.2845300000e+01 flow_3.6
                      5.6975600000e+00 density_3.6
                      5.1089000000e-01 speed_3.6
                      1.7094020000e+01 flow_5.0
                      4.6676200000e+00 density_5.0
                      6.0884000000e-01 speed_5.0



---------------------
Begin Evaluation  250
---------------------
Parameters for evaluation 250:
                      1.5196292321e+00 desired_speed
                      1.7761816478e-01 radius
                      1.3519460211e-01 time_gap
                      6.2899690568e+00 strength_neighbor
                      6.2718696389e-02 range_neighbor

blocking fork: python3 driver.py params.in results.out

Active response data for evaluation 250:
Active set vector = { 1 1 1 1 1 1 1 1 1 }
                      1.2015500000e+01 flow_2.4
                      5.4225000000e+00 density_2.4
                      6.1873000000e-01 speed_2.4
                      1.9105690000e+01 flow_3.6
                      4.5893600000e+00 density_3.6
                      9.8922000000e-01 speed_3.6
                      2.5549450000e+01 flow_5.0
                      4.0281000000e+00 density_5.0
                      1.1263400000e+00 speed_5.0



---------------------
Begin Evaluation  251
---------------------
Parameters for evaluation 251:
                      1.1417660344e+00 desired_speed
                      2.1990897443e-01 radius
                      2.9391003514e-01 time_gap
                      9.4466666163e+00 strength_neighbor
                      3.6988378406e-02 range_neighbor

blocking fork: python3 driver.py params.in results.out

Active response data for evaluation 251:
Active set vector = { 1 1 1 1 1 1 1 1 1 }
                      4.8060400000e+00 flow_2.4
                      3.6107400000e+00 density_2.4
                      3.7522000000e-01 speed_2.4
                      7.2016500000e+00 flow_3.6
                      3.0227800000e+00 density_3.6
                      5.8211000000e-01 speed_3.6
                      8.2293500000e+00 flow_5.0
                      2.8339500000e+00 density_5.0
                      5.7923000000e-01 speed_5.0



---------------------
Begin Evaluation  252
---------------------
Parameters for evaluation 252:
                      1.0399406724e+00 desired_speed
                      1.3764836761e-01 radius
                      7.2692459725e-01 time_gap
                      9.3810936613e+00 strength_neighbor
                      1.9119514243e-01 range_neighbor

blocking fork: python3 driver.py params.in results.out

Active response data for evaluation 252:
Active set vector = { 1 1 1 1 1 1 1 1 1 }
                      5.3386900000e+00 flow_2.4
                      4.0244100000e+00 density_2.4
                      3.7578000000e-01 speed_2.4
                      7.6754400000e+00 flow_3.6
                      3.5599900000e+00 density_3.6
                      4.9731000000e-01 speed_3.6
                      1.0287610000e+01 flow_5.0
                      3.3006100000e+00 density_5.0
                      5.3106000000e-01 speed_5.0



---------------------
Begin Evaluation  253
---------------------
Parameters for evaluation 253:
                      1.0852893607e+00 desired_speed
                      1.8933571906e-01 radius
                      3.6353805318e-01 time_gap
                      2.7290642431e+00 strength_neighbor
                      1.2200082381e-01 range_neighbor

blocking fork: python3 driver.py params.in results.out

Active response data for evaluation 253:
Active set vector = { 1 1 1 1 1 1 1 1 1 }
                      6.3405800000e+00 flow_2.4
                      4.1992100000e+00 density_2.4
                      4.4705000000e-01 speed_2.4
                      9.6818800000e+00 flow_3.6
                      3.3318500000e+00 density_3.6
                      7.3266000000e-01 speed_3.6
                      1.1007030000e+01 flow_5.0
                      3.0398900000e+00 density_5.0
                      6.5247000000e-01 speed_5.0



---------------------
Begin Evaluation  254
---------------------
Parameters for evaluation 254:
                      9.3424115900e-01 desired_speed
                      1.6239174772e-01 radius
                      9.5670881694e-01 time_gap
                      2.4438034836e+00 strength_neighbor
                      8.7417883061e-02 range_neighbor

blocking fork: python3 driver.py params.in results.out

Active response data for evaluation 254:
Active set vector = { 1 1 1 1 1 1 1 1 1 }
                      3.7393200000e+00 flow_2.4
                      4.5500700000e+00 density_2.4
                      2.4640000000e-01 speed_2.4
                      4.3417400000e+00 flow_3.6
                      2.6582500000e+00 density_3.6
                      3.3392000000e-01 speed_3.6
                      5.2552600000e+00 flow_5.0
                      2.0257500000e+00 density_5.0
                      3.3528000000e-01 speed_5.0



---------------------
Begin Evaluation  255
---------------------
Parameters for evaluation 255:
                      8.5528005196e-01 desired_speed
                      1.9205225408e-01 radius
                      7.5138641368e-01 time_gap
                      6.1748383040e+00 strength_neighbor
                      4.8075609499e-02 range_neighbor

blocking fork: python3 driver.py params.in results.out

Active response data for evaluation 255:
Active set vector = { 1 1 1 1 1 1 1 1 1 }
                      3.4799900000e+00 flow_2.4
                      3.8277100000e+00 density_2.4
                      2.5653000000e-01 speed_2.4
                      4.8060400000e+00 flow_3.6
                      2.5694400000e+00 density_3.6
                      4.5003000000e-01 speed_3.6
                      5.0450500000e+00 flow_5.0
                      2.3094700000e+00 density_5.0
                      3.6111000000e-01 speed_5.0



---------------------
Begin Evaluation  256
---------------------
Parameters for evaluation 256:
                      1.1659662181e+00 desired_speed
                      1.7446365376e-01 radius
                      5.5456025083e-01 time_gap
                      5.8872030591e+00 strength_neighbor
                      8.1716265028e-02 range_neighbor

blocking fork: python3 driver.py params.in results.out

Active response data for evaluation 256:
Active set vector = { 1 1 1 1 1 1 1 1 1 }
                      5.2141500000e+00 flow_2.4
                      4.6350800000e+00 density_2.4
                      3.1372000000e-01 speed_2.4
                      7.4338600000e+00 flow_3.6
                      3.6939700000e+00 density_3.6
                      4.8775000000e-01 speed_3.6
                      9.3479700000e+00 flow_5.0
                      3.0314500000e+00 density_5.0
                      5.7662000000e-01 speed_5.0



---------------------
Begin Evaluation  257
---------------------
Parameters for evaluation 257:
                      9.1729973748e-01 desired_speed
                      1.3170545111e-01 radius
                      3.7975384261e-01 time_gap
                      9.9248941777e+00 strength_neighbor
                      2.7384331074e-01 range_neighbor

blocking fork: python3 driver.py params.in results.out

Active response data for evaluation 257:
Active set vector = { 1 1 1 1 1 1 1 1 1 }
                      5.4902000000e+00 flow_2.4
                      2.7148700000e+00 density_2.4
                      5.5621000000e-01 speed_2.4
                      8.0449800000e+00 flow_3.6
                      2.4651500000e+00 density_3.6
                      7.5144000000e-01 speed_3.6
                      1.1058450000e+01 flow_5.0
                      2.3302900000e+00 density_5.0
                      8.3376000000e-01 speed_5.0



---------------------
Begin Evaluation  258
---------------------
Parameters for evaluation 258:
                      1.3735416449e+00 desired_speed
                      2.3036679879e-01 radius
                      7.0009983829e-01 time_gap
                      9.2944016475e+00 strength_neighbor
                      9.6562338270e-02 range_neighbor

blocking fork: python3 driver.py params.in results.out

Active response data for evaluation 258:
Active set vector = { 1 1 1 1 1 1 1 1 1 }
                      3.0561000000e+00 flow_2.4
                      2.7539500000e+00 density_2.4
                      3.0422000000e-01 speed_2.4
                      4.3777400000e+00 flow_3.6
                      2.3249400000e+00 density_3.6
                      4.4078000000e-01 speed_3.6
                      5.6232200000e+00 flow_5.0
                      2.0440100000e+00 density_5.0
                      5.5332000000e-01 speed_5.0



---------------------
Begin Evaluation  259
---------------------
Parameters for evaluation 259:
                      8.1209651074e-01 desired_speed
                      2.2180702490e-01 radius
                      2.3615286363e-01 time_gap
                      9.0488711604e+00 strength_neighbor
                      5.8826366537e-02 range_neighbor

blocking fork: python3 driver.py params.in results.out

Active response data for evaluation 259:
Active set vector = { 1 1 1 1 1 1 1 1 1 }
                      4.4871800000e+00 flow_2.4
                      3.8397100000e+00 density_2.4
                      3.4153000000e-01 speed_2.4
                      7.3956700000e+00 flow_3.6
                      3.3759000000e+00 density_3.6
                      5.4191000000e-01 speed_3.6
                      1.0197370000e+01 flow_5.0
                      3.0630700000e+00 density_5.0
                      6.4927000000e-01 speed_5.0



---------------------
Begin Evaluation  260
---------------------
Parameters for evaluation 260:
                      1.5635940940e+00 desired_speed
                      1.2401202790e-01 radius
                      5.0786273301e-01 time_gap
                      4.3021459752e+00 strength_neighbor
                      2.6922333990e-01 range_neighbor

blocking fork: python3 driver.py params.in results.out

Active response data for evaluation 260:
Active set vector = { 1 1 1 1 1 1 1 1 1 }
                      9.2409200000e+00 flow_2.4
                      4.3834700000e+00 density_2.4
                      5.7180000000e-01 speed_2.4
                      1.3980100000e+01 flow_3.6
                      3.8408800000e+00 density_3.6
                      8.1647000000e-01 speed_3.6
                      1.9885550000e+01 flow_5.0
                      3.3188300000e+00 density_5.0
                      1.0826100000e+00 speed_5.0



---------------------
Begin Evaluation  261
---------------------
Parameters for evaluation 261:
                      1.1552696226e+00 desired_speed
                      1.5747862593e-01 radius
                      7.9866162511e-01 time_gap
                      2.0709593593e+00 strength_neighbor
                      2.2035741782e-01 range_neighbor

blocking fork: python3 driver.py params.in results.out

Active response data for evaluation 261:
Active set vector = { 1 1 1 1 1 1 1 1 1 }
                      5.1128100000e+00 flow_2.4
                      4.7641800000e+00 density_2.4
                      3.0002000000e-01 speed_2.4
                      6.9965000000e+00 flow_3.6
                      3.9291100000e+00 density_3.6
                      4.1838000000e-01 speed_3.6
                      9.4086000000e+00 flow_5.0
                      3.5901100000e+00 density_5.0
                      4.8406000000e-01 speed_5.0



---------------------
Begin Evaluation  262
---------------------
Parameters for evaluation 262:
                      1.5032276737e+00 desired_speed
                      1.4254049208e-01 radius
                      5.8187896209e-01 time_gap
                      5.2221475625e+00 strength_neighbor
                      2.9894260424e-01 range_neighbor

blocking fork: python3 driver.py params.in results.out

Active response data for evaluation 262:
Active set vector = { 1 1 1 1 1 1 1 1 1 }
                      6.8991100000e+00 flow_2.4
                      3.2902100000e+00 density_2.4
                      5.7674000000e-01 speed_2.4
                      1.0324480000e+01 flow_3.6
                      2.8906500000e+00 density_3.6
                      8.4256000000e-01 speed_3.6
                      1.4838040000e+01 flow_5.0
                      2.5786800000e+00 density_5.0
                      1.0488500000e+00 speed_5.0



---------------------
Begin Evaluation  263
---------------------
Parameters for evaluation 263:
                      1.4106104807e+00 desired_speed
                      1.3568715014e-01 radius
                      6.4609512807e-01 time_gap
                      6.4406722690e+00 strength_neighbor
                      3.2820593617e-02 range_neighbor

blocking fork: python3 driver.py params.in results.out

Active response data for evaluation 263:
Active set vector = { 1 1 1 1 1 1 1 1 1 }
                      5.8700200000e+00 flow_2.4
                      5.2499100000e+00 density_2.4
                      3.0718000000e-01 speed_2.4
                      5.9982900000e+00 flow_3.6
                      2.6852200000e+00 density_3.6
                      3.6519000000e-01 speed_3.6
                      7.1648700000e+00 flow_5.0
                      1.6340700000e+00 density_5.0
                      3.5640000000e-01 speed_5.0



---------------------
Begin Evaluation  264
---------------------
Parameters for evaluation 264:
                      1.4294923702e+00 desired_speed
                      2.3385882531e-01 radius
                      7.3171683654e-01 time_gap
                      3.0979129005e+00 strength_neighbor
                      1.5519205014e-01 range_neighbor

blocking fork: python3 driver.py params.in results.out

Active response data for evaluation 264:
Active set vector = { 1 1 1 1 1 1 1 1 1 }
                      3.2135500000e+00 flow_2.4
                      2.5609200000e+00 density_2.4
                      3.5885000000e-01 speed_2.4
                      4.9310700000e+00 flow_3.6
                      2.1078600000e+00 density_3.6
                      5.6337000000e-01 speed_3.6
                      6.0112800000e+00 flow_5.0
                      2.0005100000e+00 density_5.0
                      5.9205000000e-01 speed_5.0



---------------------
Begin Evaluation  265
---------------------
Parameters for evaluation 265:
                      1.5295956530e+00 desired_speed
                      1.3374374040e-01 radius
                      7.7068264783e-01 time_gap
                      5.3274655002e+00 strength_neighbor
                      2.6268362090e-01 range_neighbor

blocking fork: python3 driver.py params.in results.out

Active response data for evaluation 265:
Active set vector = { 1 1 1 1 1 1 1 1 1 }
                      6.1162100000e+00 flow_2.4
                      3.8897700000e+00 density_2.4
                      4.2154000000e-01 speed_2.4
                      8.8235300000e+00 flow_3.6
                      3.4030000000e+00 density_3.6
                      5.6694000000e-01 speed_3.6
                      1.1466010000e+01 flow_5.0
                      3.0843000000e+00 density_5.0
                      6.2211000000e-01 speed_5.0



---------------------
Begin Evaluation  266
---------------------
Parameters for evaluation 266:
                      1.2476178624e+00 desired_speed
                      1.7646346261e-01 radius
                      3.0696512124e-01 time_gap
                      9.8318832110e+00 strength_neighbor
                      1.7737651330e-01 range_neighbor

blocking fork: python3 driver.py params.in results.out

Active response data for evaluation 266:
Active set vector = { 1 1 1 1 1 1 1 1 1 }
                      6.9860300000e+00 flow_2.4
                      3.4659900000e+00 density_2.4
                      5.9043000000e-01 speed_2.4
                      1.0966980000e+01 flow_3.6
                      3.0852900000e+00 density_3.6
                      8.3838000000e-01 speed_3.6
                      1.5058950000e+01 flow_5.0
                      2.8760300000e+00 density_5.0
                      1.0132100000e+00 speed_5.0



---------------------
Begin Evaluation  267
---------------------
Parameters for evaluation 267:
                      1.2269892939e+00 desired_speed
                      1.5283379180e-01 radius
                      2.1975419187e-01 time_gap
                      4.8975985520e+00 strength_neighbor
                      2.3590379981e-01 range_neighbor

blocking fork: python3 driver.py params.in results.out

Active response data for evaluation 267:
Active set vector = { 1 1 1 1 1 1 1 1 1 }
                      1.0279000000e+01 flow_2.4
                      4.1750400000e+00 density_2.4
                      6.7489000000e-01 speed_2.4
                      1.5350880000e+01 flow_3.6
                      3.8079600000e+00 density_3.6
                      9.1362000000e-01 speed_3.6
                      2.1212120000e+01 flow_5.0
                      3.5132500000e+00 density_5.0
                      1.0733500000e+00 speed_5.0



---------------------
Begin Evaluation  268
---------------------
Parameters for evaluation 268:
                      1.5562024851e+00 desired_speed
                      1.8799615403e-01 radius
                      1.2831759712e-01 time_gap
                      3.2659655557e+00 strength_neighbor
                      1.1614755015e-01 range_neighbor

blocking fork: python3 driver.py params.in results.out

Active response data for evaluation 268:
Active set vector = { 1 1 1 1 1 1 1 1 1 }
                      1.1704830000e+01 flow_2.4
                      4.8540600000e+00 density_2.4
                      7.1557000000e-01 speed_2.4
                      1.9077130000e+01 flow_3.6
                      4.2166400000e+00 density_3.6
                      1.1657800000e+00 speed_3.6
                      2.6018520000e+01 flow_5.0
                      3.7154700000e+00 density_5.0
                      1.3759900000e+00 speed_5.0



---------------------
Begin Evaluation  269
---------------------
Parameters for evaluation 269:
                      1.3815489994e+00 desired_speed
                      1.6933853635e-01 radius
                      2.8512921616e-01 time_gap
                      8.0103846196e+00 strength_neighbor
                      2.1312751003e-01 range_neighbor

blocking fork: python3 driver.py params.in results.out

Active response data for evaluation 269:
Active set vector = { 1 1 1 1 1 1 1 1 1 }
                      7.9908700000e+00 flow_2.4
                      3.3635500000e+00 density_2.4
                      6.7146000000e-01 speed_2.4
                      1.2455200000e+01 flow_3.6
                      3.0055500000e+00 density_3.6
                      9.8512000000e-01 speed_3.6
                      1.7340690000e+01 flow_5.0
                      2.7773400000e+00 density_5.0
                      1.1817500000e+00 speed_5.0



---------------------
Begin Evaluation  270
---------------------
Parameters for evaluation 270:
                      8.4512423592e-01 desired_speed
                      2.3146957864e-01 radius
                      3.9074440927e-01 time_gap
                      4.4281248983e+00 strength_neighbor
                      2.7808698143e-01 range_neighbor

blocking fork: python3 driver.py params.in results.out

Active response data for evaluation 270:
Active set vector = { 1 1 1 1 1 1 1 1 1 }
                      3.4516800000e+00 flow_2.4
                      2.6483500000e+00 density_2.4
                      4.1238000000e-01 speed_2.4
                      5.3887600000e+00 flow_3.6
                      2.4172000000e+00 density_3.6
                      5.9729000000e-01 speed_3.6
                      7.9230300000e+00 flow_5.0
                      2.2569600000e+00 density_5.0
                      7.1053000000e-01 speed_5.0



---------------------
Begin Evaluation  271
---------------------
Parameters for evaluation 271:
                      9.0255705312e-01 desired_speed
                      2.4673423943e-01 radius
                      2.6555816439e-01 time_gap
                      2.5118162068e+00 strength_neighbor
                      1.6161201118e-01 range_neighbor

blocking fork: python3 driver.py params.in results.out

Active response data for evaluation 271:
Active set vector = { 1 1 1 1 1 1 1 1 1 }
                      3.9306800000e+00 flow_2.4
                      2.6731400000e+00 density_2.4
                      4.8801000000e-01 speed_2.4
                      6.2724000000e+00 flow_3.6
                      2.5652000000e+00 density_3.6
                      7.0735000000e-01 speed_3.6
                      9.0090100000e+00 flow_5.0
                      2.3874900000e+00 density_5.0
                      7.9855000000e-01 speed_5.0



---------------------
Begin Evaluation  272
---------------------
Parameters for evaluation 272:
                      1.4426923077e+00 desired_speed
                      2.0310672394e-01 radius
                      9.9150847283e-01 time_gap
                      9.6132012476e+00 strength_neighbor
                      5.4923915666e-02 range_neighbor

blocking fork: python3 driver.py params.in results.out

Active response data for evaluation 272:
Active set vector = { 1 1 1 1 1 1 1 1 1 }
                      2.6076500000e+00 flow_2.4
                      3.4607300000e+00 density_2.4
                      2.1011000000e-01 speed_2.4
                      4.0971600000e+00 flow_3.6
                      2.3851800000e+00 density_3.6
                      4.2455000000e-01 speed_3.6
                      4.1779000000e+00 flow_5.0
                      2.5742200000e+00 density_5.0
                      3.2562000000e-01 speed_5.0



---------------------
Begin Evaluation  273
---------------------
Parameters for evaluation 273:
                      8.7673359644e-01 desired_speed
                      1.2609075583e-01 radius
                      9.2719185769e-01 time_gap
                      5.4240529588e+00 strength_neighbor
                      2.2792135870e-01 range_neighbor

blocking fork: python3 driver.py params.in results.out

Active response data for evaluation 273:
Active set vector = { 1 1 1 1 1 1 1 1 1 }
                      5.0179200000e+00 flow_2.4
                      4.6685600000e+00 density_2.4
                      3.0236000000e-01 speed_2.4
                      7.5609800000e+00 flow_3.6
                      4.0639500000e+00 density_3.6
                      4.2307000000e-01 speed_3.6
                      9.9147100000e+00 flow_5.0
                      3.5626900000e+00 density_5.0
                      4.7831000000e-01 speed_5.0



---------------------
Begin Evaluation  274
---------------------
Parameters for evaluation 274:
                      1.2995923415e+00 desired_speed
                      1.5536094005e-01 radius
                      2.0509275651e-01 time_gap
                      5.6604917894e+00 strength_neighbor
                      2.0579929340e-01 range_neighbor

blocking fork: python3 driver.py params.in results.out

Active response data for evaluation 274:
Active set vector = { 1 1 1 1 1 1 1 1 1 }
                      1.0928960000e+01 flow_2.4
                      4.3962800000e+00 density_2.4
                      6.9747000000e-01 speed_2.4
                      1.6548040000e+01 flow_3.6
                      3.9178100000e+00 density_3.6
                      9.6551000000e-01 speed_3.6
                      2.2906400000e+01 flow_5.0
                      3.6318300000e+00 density_5.0
                      1.1361000000e+00 speed_5.0



---------------------
Begin Evaluation  275
---------------------
Parameters for evaluation 275:
                      1.4631400093e+00 desired_speed
                      1.3022416326e-01 radius
                      4.0309576634e-01 time_gap
                      7.5678125051e+00 strength_neighbor
                      2.0078691137e-01 range_neighbor

blocking fork: python3 driver.py params.in results.out

Active response data for evaluation 275:
Active set vector = { 1 1 1 1 1 1 1 1 1 }
                      9.5876300000e+00 flow_2.4
                      4.3716900000e+00 density_2.4
                      6.1586000000e-01 speed_2.4
                      1.4635420000e+01 flow_3.6
                      3.8378900000e+00 density_3.6
                      8.7710000000e-01 speed_3.6
                      1.9135800000e+01 flow_5.0
                      3.5026300000e+00 density_5.0
                      9.7521000000e-01 speed_5.0



---------------------
Begin Evaluation  276
---------------------
Parameters for evaluation 276:
                      1.1208959246e+00 desired_speed
                      2.2802201899e-01 radius
                      5.3474726669e-01 time_gap
                      3.7794234197e+00 strength_neighbor
                      9.8478879483e-02 range_neighbor

blocking fork: python3 driver.py params.in results.out

Active response data for evaluation 276:
Active set vector = { 1 1 1 1 1 1 1 1 1 }
                      3.7007700000e+00 flow_2.4
                      2.9509600000e+00 density_2.4
                      3.6142000000e-01 speed_2.4
                      5.5888200000e+00 flow_3.6
                      2.3970400000e+00 density_3.6
                      5.8907000000e-01 speed_3.6
                      7.5094500000e+00 flow_5.0
                      1.8348400000e+00 density_5.0
                      7.4221000000e-01 speed_5.0



---------------------
Begin Evaluation  277
---------------------
Parameters for evaluation 277:
                      1.0431668279e+00 desired_speed
                      1.8560710019e-01 radius
                      9.0052126252e-01 time_gap
                      7.3709340018e+00 strength_neighbor
                      1.8543167022e-01 range_neighbor

blocking fork: python3 driver.py params.in results.out

Active response data for evaluation 277:
Active set vector = { 1 1 1 1 1 1 1 1 1 }
                      3.3840900000e+00 flow_2.4
                      3.4265000000e+00 density_2.4
                      2.7710000000e-01 speed_2.4
                      4.9559100000e+00 flow_3.6
                      2.9711600000e+00 density_3.6
                      3.7650000000e-01 speed_3.6
                      7.2127800000e+00 flow_5.0
                      2.5005500000e+00 density_5.0
                      5.2697000000e-01 speed_5.0



---------------------
Begin Evaluation  278
---------------------
Parameters for evaluation 278:
                      1.5335961510e+00 desired_speed
                      1.8388896237e-01 radius
                      6.9372227845e-01 time_gap
                      2.1066569988e+00 strength_neighbor
                      4.6973225539e-02 range_neighbor

blocking fork: python3 driver.py params.in results.out

Active response data for evaluation 278:
Active set vector = { 1 1 1 1 1 1 1 1 1 }
                      3.5353500000e+00 flow_2.4
                      2.4430900000e+00 density_2.4
                      3.7541000000e-01 speed_2.4
                      4.1778600000e+00 flow_3.6
                      1.1888300000e+00 density_3.6
                      5.3685000000e-01 speed_3.6
                      4.2424200000e+00 flow_5.0
                      1.1750700000e+00 density_5.0
                      2.1925000000e-01 speed_5.0



---------------------
Begin Evaluation  279
---------------------
Parameters for evaluation 279:
                      1.0754923686e+00 desired_speed
                      2.4374677411e-01 radius
                      8.1863659670e-01 time_gap
                      9.1376116129e+00 strength_neighbor
                      2.6073821076e-01 range_neighbor

blocking fork: python3 driver.py params.in results.out

Active response data for evaluation 279:
Active set vector = { 1 1 1 1 1 1 1 1 1 }
                      2.4743700000e+00 flow_2.4
                      1.9272800000e+00 density_2.4
                      3.8288000000e-01 speed_2.4
                      3.8791900000e+00 flow_3.6
                      1.6549000000e+00 density_3.6
                      5.9096000000e-01 speed_3.6
                      5.2611800000e+00 flow_5.0
                      1.4943300000e+00 density_5.0
                      7.1065000000e-01 speed_5.0



---------------------
Begin Evaluation  280
---------------------
Parameters for evaluation 280:
                      1.4985341122e+00 desired_speed
                      2.2517640110e-01 radius
                      7.8687871917e-01 time_gap
                      2.6497067529e+00 strength_neighbor
                      1.6631121581e-01 range_neighbor

blocking fork: python3 driver.py params.in results.out

Active response data for evaluation 280:
Active set vector = { 1 1 1 1 1 1 1 1 1 }
                      3.2321100000e+00 flow_2.4
                      2.7067700000e+00 density_2.4
                      3.4028000000e-01 speed_2.4
                      4.6948400000e+00 flow_3.6
                      2.1626000000e+00 density_3.6
                      5.2659000000e-01 speed_3.6
                      5.7613200000e+00 flow_5.0
                      2.1404400000e+00 density_5.0
                      4.9822000000e-01 speed_5.0



---------------------
Begin Evaluation  281
---------------------
Parameters for evaluation 281:
                      1.4832649358e+00 desired_speed
                      1.2253950141e-01 radius
                      5.2242250567e-01 time_gap
                      8.1959638566e+00 strength_neighbor
                      1.0135935907e-01 range_neighbor

blocking fork: python3 driver.py params.in results.out

Active response data for evaluation 281:
Active set vector = { 1 1 1 1 1 1 1 1 1 }
                      8.5793400000e+00 flow_2.4
                      7.1642300000e+00 density_2.4
                      3.2371000000e-01 speed_2.4
                      1.2164500000e+01 flow_3.6
                      5.7522200000e+00 density_3.6
                      4.6600000000e-01 speed_3.6
                      1.6203700000e+01 flow_5.0
                      4.3617200000e+00 density_5.0
                      6.3456000000e-01 speed_5.0



---------------------
Begin Evaluation  282
---------------------
Parameters for evaluation 282:
                      8.2044115221e-01 desired_speed
                      1.5983530696e-01 radius
                      2.2737068936e-01 time_gap
                      7.8683678565e+00 strength_neighbor
                      2.8892139020e-01 range_neighbor

blocking fork: python3 driver.py params.in results.out

Active response data for evaluation 282:
Active set vector = { 1 1 1 1 1 1 1 1 1 }
                      4.7425500000e+00 flow_2.4
                      2.5901000000e+00 density_2.4
                      5.2455000000e-01 speed_2.4
                      7.1138200000e+00 flow_3.6
                      2.3559500000e+00 density_3.6
                      6.8154000000e-01 speed_3.6
                      9.5140300000e+00 flow_5.0
                      2.2240900000e+00 density_5.0
                      7.6924000000e-01 speed_5.0



---------------------
Begin Evaluation  283
---------------------
Parameters for evaluation 283:
                      1.2844663922e+00 desired_speed
                      2.4950055725e-01 radius
                      6.0743960917e-01 time_gap
                      7.7487888104e+00 strength_neighbor
                      1.4873278711e-01 range_neighbor

blocking fork: python3 driver.py params.in results.out

Active response data for evaluation 283:
Active set vector = { 1 1 1 1 1 1 1 1 1 }
                      2.9554600000e+00 flow_2.4
                      2.4328700000e+00 density_2.4
                      3.4591000000e-01 speed_2.4
                      4.5931800000e+00 flow_3.6
                      2.0076600000e+00 density_3.6
                      5.3027000000e-01 speed_3.6
                      6.3611500000e+00 flow_5.0
                      1.7837600000e+00 density_5.0
                      6.9140000000e-01 speed_5.0



---------------------
Begin Evaluation  284
---------------------
Parameters for evaluation 284:
                      1.3950596628e+00 desired_speed
                      1.6628582649e-01 radius
                      5.9318318776e-01 time_gap
                      6.0111762311e+00 strength_neighbor
                      1.3248047651e-01 range_neighbor

blocking fork: python3 driver.py params.in results.out

Active response data for evaluation 284:
Active set vector = { 1 1 1 1 1 1 1 1 1 }
                      5.5621800000e+00 flow_2.4
                      4.6434900000e+00 density_2.4
                      3.2693000000e-01 speed_2.4
                      8.0034400000e+00 flow_3.6
                      3.8491000000e+00 density_3.6
                      4.7439000000e-01 speed_3.6
                      1.0775190000e+01 flow_5.0
                      3.3920300000e+00 density_5.0
                      5.8393000000e-01 speed_5.0



---------------------
Begin Evaluation  285
---------------------
Parameters for evaluation 285:
                      1.2766648073e+00 desired_speed
                      2.0197336071e-01 radius
                      4.1817713431e-01 time_gap
                      7.2269849224e+00 strength_neighbor
                      1.0482910576e-01 range_neighbor

blocking fork: python3 driver.py params.in results.out

Active response data for evaluation 285:
Active set vector = { 1 1 1 1 1 1 1 1 1 }
                      5.0000000000e+00 flow_2.4
                      3.7501900000e+00 density_2.4
                      3.7407000000e-01 speed_2.4
                      7.4906400000e+00 flow_3.6
                      3.1275800000e+00 density_3.6
                      5.6732000000e-01 speed_3.6
                      1.0939970000e+01 flow_5.0
                      2.6891300000e+00 density_5.0
                      7.7549000000e-01 speed_5.0



---------------------
Begin Evaluation  286
---------------------
Parameters for evaluation 286:
                      1.1162231264e+00 desired_speed
                      1.9771745812e-01 radius
                      2.5563854332e-01 time_gap
                      3.4404085175e+00 strength_neighbor
                      2.0480910994e-02 range_neighbor

blocking fork: python3 driver.py params.in results.out

Active response data for evaluation 286:
Active set vector = { 1 1 1 1 1 1 1 1 1 }
                      4.6573500000e+00 flow_2.4
                      2.7873500000e+00 density_2.4
                      4.3172000000e-01 speed_2.4
                      4.8763500000e+00 flow_3.6
                      1.7611100000e+00 density_3.6
                      4.8562000000e-01 speed_3.6
                      5.4644800000e+00 flow_5.0
                      1.1445300000e+00 density_5.0
                      3.3780000000e-01 speed_5.0



---------------------
Begin Evaluation  287
---------------------
Parameters for evaluation 287:
                      1.1855420409e+00 desired_speed
                      2.3907564995e-01 radius
                      6.7992295159e-01 time_gap
                      8.8007617492e+00 strength_neighbor
                      5.5793026062e-02 range_neighbor

blocking fork: python3 driver.py params.in results.out

Active response data for evaluation 287:
Active set vector = { 1 1 1 1 1 1 1 1 1 }
                      2.8061700000e+00 flow_2.4
                      2.6548500000e+00 density_2.4
                      2.9889000000e-01 speed_2.4
                      4.5948600000e+00 flow_3.6
                      2.0162900000e+00 density_3.6
                      5.4050000000e-01 speed_3.6
                      4.7521400000e+00 flow_5.0
                      2.0389300000e+00 density_5.0
                      4.7162000000e-01 speed_5.0



---------------------
Begin Evaluation  288
---------------------
Parameters for evaluation 288:
                      1.1368430167e+00 desired_speed
                      2.3246131997e-01 radius
                      6.6166760734e-01 time_gap
                      2.9750573414e+00 strength_neighbor
                      2.4926319697e-01 range_neighbor

blocking fork: python3 driver.py params.in results.out

Active response data for evaluation 288:
Active set vector = { 1 1 1 1 1 1 1 1 1 }
                      3.3499600000e+00 flow_2.4
                      2.6039100000e+00 density_2.4
                      3.7365000000e-01 speed_2.4
                      5.2730700000e+00 flow_3.6
                      2.1614000000e+00 density_3.6
                      5.8402000000e-01 speed_3.6
                      7.2205000000e+00 flow_5.0
                      2.0185500000e+00 density_5.0
                      6.5980000000e-01 speed_5.0



---------------------
Begin Evaluation  289
---------------------
Parameters for evaluation 289:
                      9.2154330455e-01 desired_speed
                      1.7962302600e-01 radius
                      1.9992622932e-01 time_gap
                      4.6226720660e+00 strength_neighbor
                      1.5160004276e-01 range_neighbor

blocking fork: python3 driver.py params.in results.out

Active response data for evaluation 289:
Active set vector = { 1 1 1 1 1 1 1 1 1 }
                      7.6004300000e+00 flow_2.4
                      4.8989500000e+00 density_2.4
                      4.7437000000e-01 speed_2.4
                      1.2196180000e+01 flow_3.6
                      4.3961000000e+00 density_3.6
                      6.6659000000e-01 speed_3.6
                      1.7031630000e+01 flow_5.0
                      4.1344200000e+00 density_5.0
                      7.9550000000e-01 speed_5.0



---------------------
Begin Evaluation  290
---------------------
Parameters for evaluation 290:
                      1.2108179074e+00 desired_speed
                      1.3895186518e-01 radius
                      8.6993349466e-01 time_gap
                      4.5491663898e+00 strength_neighbor
                      1.1423176246e-01 range_neighbor

blocking fork: python3 driver.py params.in results.out

Active response data for evaluation 290:
Active set vector = { 1 1 1 1 1 1 1 1 1 }
                      4.6158900000e+00 flow_2.4
                      6.4682700000e+00 density_2.4
                      1.9569000000e-01 speed_2.4
                      6.7391300000e+00 flow_3.6
                      5.1199100000e+00 density_3.6
                      2.9391000000e-01 speed_3.6
                      9.0820300000e+00 flow_5.0
                      3.6292100000e+00 density_5.0
                      4.4615000000e-01 speed_5.0



---------------------
Begin Evaluation  291
---------------------
Parameters for evaluation 291:
                      1.1734147663e+00 desired_speed
                      2.0814434756e-01 radius
                      4.9969556623e-01 time_gap
                      8.2918333234e+00 strength_neighbor
                      1.9150462886e-01 range_neighbor

blocking fork: python3 driver.py params.in results.out

Active response data for evaluation 291:
Active set vector = { 1 1 1 1 1 1 1 1 1 }
                      4.3654500000e+00 flow_2.4
                      2.9312400000e+00 density_2.4
                      4.3394000000e-01 speed_2.4
                      6.7146300000e+00 flow_3.6
                      2.5210400000e+00 density_3.6
                      6.5197000000e-01 speed_3.6
                      9.1931200000e+00 flow_5.0
                      2.3730600000e+00 density_5.0
                      7.5967000000e-01 speed_5.0



---------------------
Begin Evaluation  292
---------------------
Parameters for evaluation 292:
                      1.5744767741e+00 desired_speed
                      1.7314999076e-01 radius
                      9.5168186413e-01 time_gap
                      3.3762602423e+00 strength_neighbor
                      2.9165878579e-01 range_neighbor

blocking fork: python3 driver.py params.in results.out

Active response data for evaluation 292:
Active set vector = { 1 1 1 1 1 1 1 1 1 }
                      3.9886000000e+00 flow_2.4
                      3.4524800000e+00 density_2.4
                      3.2871000000e-01 speed_2.4
                      5.9523800000e+00 flow_3.6
                      2.8259800000e+00 density_3.6
                      4.8149000000e-01 speed_3.6
                      7.9081600000e+00 flow_5.0
                      2.5060600000e+00 density_5.0
                      5.5424000000e-01 speed_5.0



---------------------
Begin Evaluation  293
---------------------
Parameters for evaluation 293:
                      8.9745365843e-01 desired_speed
                      2.1862365095e-01 radius
                      4.1390592912e-01 time_gap
                      7.9143132130e+00 strength_neighbor
                      1.3138445363e-01 range_neighbor

blocking fork: python3 driver.py params.in results.out

Active response data for evaluation 293:
Active set vector = { 1 1 1 1 1 1 1 1 1 }
                      3.9182800000e+00 flow_2.4
                      3.3350300000e+00 density_2.4
                      3.4091000000e-01 speed_2.4
                      6.1785400000e+00 flow_3.6
                      2.8258500000e+00 density_3.6
                      5.3692000000e-01 speed_3.6
                      8.8403000000e+00 flow_5.0
                      2.5457400000e+00 density_5.0
                      7.1415000000e-01 speed_5.0



---------------------
Begin Evaluation  294
---------------------
Parameters for evaluation 294:
                      1.3403979415e+00 desired_speed
                      2.4691266956e-01 radius
                      8.9105136190e-01 time_gap
                      4.0751805891e+00 strength_neighbor
                      8.3565530597e-02 range_neighbor

blocking fork: python3 driver.py params.in results.out

Active response data for evaluation 294:
Active set vector = { 1 1 1 1 1 1 1 1 1 }
                      2.4379700000e+00 flow_2.4
                      2.3299800000e+00 density_2.4
                      2.9796000000e-01 speed_2.4
                      3.9099900000e+00 flow_3.6
                      1.6357500000e+00 density_3.6
                      5.6913000000e-01 speed_3.6
                      4.6943600000e+00 flow_5.0
                      1.4039900000e+00 density_5.0
                      6.5602000000e-01 speed_5.0



---------------------
Begin Evaluation  295
---------------------
Parameters for evaluation 295:
                      1.0607368366e+00 desired_speed
                      2.2644655784e-01 radius
                      8.6138019142e-01 time_gap
                      8.9980335632e+00 strength_neighbor
                      2.1760204779e-01 range_neighbor

blocking fork: python3 driver.py params.in results.out

Active response data for evaluation 295:
Active set vector = { 1 1 1 1 1 1 1 1 1 }
                      2.6670500000e+00 flow_2.4
                      2.3230500000e+00 density_2.4
                      3.2933000000e-01 speed_2.4
                      4.0897100000e+00 flow_3.6
                      1.9835900000e+00 density_3.6
                      4.9423000000e-01 speed_3.6
                      5.5754700000e+00 flow_5.0
                      1.8306800000e+00 density_5.0
                      5.6341000000e-01 speed_5.0



---------------------
Begin Evaluation  296
---------------------
Parameters for evaluation 296:
                      1.0592480839e+00 desired_speed
                      1.5099720018e-01 radius
                      9.4071914386e-01 time_gap
                      4.1554313597e+00 strength_neighbor
                      2.4205563648e-01 range_neighbor

blocking fork: python3 driver.py params.in results.out

Active response data for evaluation 296:
Active set vector = { 1 1 1 1 1 1 1 1 1 }
                      4.4603200000e+00 flow_2.4
                      4.2481700000e+00 density_2.4
                      2.9796000000e-01 speed_2.4
                      6.2639800000e+00 flow_3.6
                      3.6765100000e+00 density_3.6
                      3.9562000000e-01 speed_3.6
                      8.6100900000e+00 flow_5.0
                      3.1791000000e+00 density_5.0
                      4.8583000000e-01 speed_5.0



---------------------
Begin Evaluation  297
---------------------
Parameters for evaluation 297:
                      1.3302829407e+00 desired_speed
                      2.4216110094e-01 radius
                      5.9989867629e-01 time_gap
                      4.9472287119e+00 strength_neighbor
                      2.8057629532e-01 range_neighbor

blocking fork: python3 driver.py params.in results.out

Active response data for evaluation 297:
Active set vector = { 1 1 1 1 1 1 1 1 1 }
                      3.3892100000e+00 flow_2.4
                      2.2684900000e+00 density_2.4
                      4.3538000000e-01 speed_2.4
                      5.4773100000e+00 flow_3.6
                      1.8828500000e+00 density_3.6
                      7.0530000000e-01 speed_3.6
                      7.7487800000e+00 flow_5.0
                      1.6705400000e+00 density_5.0
                      9.0852000000e-01 speed_5.0



---------------------
Begin Evaluation  298
---------------------
Parameters for evaluation 298:
                      1.3292386672e+00 desired_speed
                      1.7096380325e-01 radius
                      1.8207354548e-01 time_gap
                      7.4658779254e+00 strength_neighbor
                      1.8323563770e-01 range_neighbor

blocking fork: python3 driver.py params.in results.out

Active response data for evaluation 298:
Active set vector = { 1 1 1 1 1 1 1 1 1 }
                      9.8039200000e+00 flow_2.4
                      3.9083600000e+00 density_2.4
                      7.2779000000e-01 speed_2.4
                      1.5043290000e+01 flow_3.6
                      3.5465800000e+00 density_3.6
                      1.0001000000e+00 speed_3.6
                      2.0870870000e+01 flow_5.0
                      3.3095800000e+00 density_5.0
                      1.1304800000e+00 speed_5.0



---------------------
Begin Evaluation  299
---------------------
Parameters for evaluation 299:
                      1.0071327125e+00 desired_speed
                      2.3711791347e-01 radius
                      3.1560034292e-01 time_gap
                      4.2156741255e+00 strength_neighbor
                      9.2833869142e-02 range_neighbor

blocking fork: python3 driver.py params.in results.out

Active response data for evaluation 299:
Active set vector = { 1 1 1 1 1 1 1 1 1 }
                      4.2042000000e+00 flow_2.4
                      3.1159200000e+00 density_2.4
                      3.9538000000e-01 speed_2.4
                      6.8856400000e+00 flow_3.6
                      2.6483800000e+00 density_3.6
                      6.6286000000e-01 speed_3.6
                      9.6021900000e+00 flow_5.0
                      2.2513900000e+00 density_5.0
                      8.6248000000e-01 speed_5.0



---------------------
Begin Evaluation  300
---------------------
Parameters for evaluation 300:
                      1.0930511139e+00 desired_speed
                      1.9852943664e-01 radius
                      3.3641988366e-01 time_gap
                      6.5762238401e+00 strength_neighbor
                      2.8256178415e-01 range_neighbor

blocking fork: python3 driver.py params.in results.out

Active response data for evaluation 300:
Active set vector = { 1 1 1 1 1 1 1 1 1 }
                      5.1169600000e+00 flow_2.4
                      2.5463500000e+00 density_2.4
                      5.8862000000e-01 speed_2.4
                      7.7889400000e+00 flow_3.6
                      2.2805200000e+00 density_3.6
                      8.2597000000e-01 speed_3.6
                      1.0928960000e+01 flow_5.0
                      2.1829100000e+00 density_5.0
                      9.5068000000e-01 speed_5.0



---------------------
Begin Evaluation  301
---------------------
Parameters for evaluation 301:
                      1.2329128220e+00 desired_speed
                      1.6500052984e-01 radius
                      9.6822450587e-01 time_gap
                      4.7843416845e+00 strength_neighbor
                      2.0975492265e-01 range_neighbor

blocking fork: python3 driver.py params.in results.out

Active response data for evaluation 301:
Active set vector = { 1 1 1 1 1 1 1 1 1 }
                      3.8064200000e+00 flow_2.4
                      4.1404700000e+00 density_2.4
                      2.5881000000e-01 speed_2.4
                      5.5096400000e+00 flow_3.6
                      3.3998100000e+00 density_3.6
                      3.6617000000e-01 speed_3.6
                      7.4906400000e+00 flow_5.0
                      3.0337100000e+00 density_5.0
                      4.2507000000e-01 speed_5.0



---------------------
Begin Evaluation  302
---------------------
Parameters for evaluation 302:
                      9.5455952330e-01 desired_speed
                      1.8286991818e-01 radius
                      2.7072438193e-01 time_gap
                      2.2670022335e+00 strength_neighbor
                      2.6652960926e-01 range_neighbor

blocking fork: python3 driver.py params.in results.out

Active response data for evaluation 302:
Active set vector = { 1 1 1 1 1 1 1 1 1 }
                      5.8333300000e+00 flow_2.4
                      4.3251700000e+00 density_2.4
                      4.6464000000e-01 speed_2.4
                      9.4466900000e+00 flow_3.6
                      3.7698400000e+00 density_3.6
                      7.4702000000e-01 speed_3.6
                      1.5604030000e+01 flow_5.0
                      3.5660500000e+00 density_5.0
                      8.5327000000e-01 speed_5.0



---------------------
Begin Evaluation  303
---------------------
Parameters for evaluation 303:
                      1.3688872032e+00 desired_speed
                      1.4321066777e-01 radius
                      1.5085648614e-01 time_gap
                      5.9974296067e+00 strength_neighbor
                      4.1159998063e-02 range_neighbor

blocking fork: python3 driver.py params.in results.out

Active response data for evaluation 303:
Active set vector = { 1 1 1 1 1 1 1 1 1 }
                      1.4856230000e+01 flow_2.4
                      7.6654900000e+00 density_2.4
                      5.3509000000e-01 speed_2.4
                      2.1682100000e+01 flow_3.6
                      5.1464800000e+00 density_3.6
                      9.0426000000e-01 speed_3.6
                      2.6724140000e+01 flow_5.0
                      3.2244900000e+00 density_5.0
                      1.0506700000e+00 speed_5.0



---------------------
Begin Evaluation  304
---------------------
Parameters for evaluation 304:
                      1.5950559696e+00 desired_speed
                      2.2241729268e-01 radius
                      7.1061038096e-01 time_gap
                      6.7284240185e+00 strength_neighbor
                      6.9014891227e-02 range_neighbor

blocking fork: python3 driver.py params.in results.out

Active response data for evaluation 304:
Active set vector = { 1 1 1 1 1 1 1 1 1 }
                      3.3621500000e+00 flow_2.4
                      2.8306600000e+00 density_2.4
                      3.3109000000e-01 speed_2.4
                      5.2850100000e+00 flow_3.6
                      2.0840700000e+00 density_3.6
                      5.8894000000e-01 speed_3.6
                      5.3325700000e+00 flow_5.0
                      2.2216100000e+00 density_5.0
                      4.6739000000e-01 speed_5.0



---------------------
Begin Evaluation  305
---------------------
Parameters for evaluation 305:
                      1.3115723468e+00 desired_speed
                      1.9400269435e-01 radius
                      3.5284326451e-01 time_gap
                      2.3159002509e+00 strength_neighbor
                      2.5482622729e-01 range_neighbor

blocking fork: python3 driver.py params.in results.out

Active response data for evaluation 305:
Active set vector = { 1 1 1 1 1 1 1 1 1 }
                      5.4012300000e+00 flow_2.4
                      3.6942600000e+00 density_2.4
                      4.9572000000e-01 speed_2.4
                      9.3602700000e+00 flow_3.6
                      3.0861200000e+00 density_3.6
                      8.6719000000e-01 speed_3.6
                      1.4454730000e+01 flow_5.0
                      2.8609900000e+00 density_5.0
                      1.0764500000e+00 speed_5.0



---------------------
Begin Evaluation  306
---------------------
Parameters for evaluation 306:
                      1.2067600349e+00 desired_speed
                      2.4057333604e-01 radius
                      6.2691657234e-01 time_gap
                      8.7127423749e+00 strength_neighbor
                      1.1045736539e-01 range_neighbor

blocking fork: python3 driver.py params.in results.out

Active response data for evaluation 306:
Active set vector = { 1 1 1 1 1 1 1 1 1 }
                      3.0214400000e+00 flow_2.4
                      2.6614100000e+00 density_2.4
                      3.1874000000e-01 speed_2.4
                      4.4766500000e+00 flow_3.6
                      2.1642300000e+00 density_3.6
                      4.8751000000e-01 speed_3.6
                      6.2332400000e+00 flow_5.0
                      1.8724900000e+00 density_5.0
                      6.5912000000e-01 speed_5.0



---------------------
Begin Evaluation  307
---------------------
Parameters for evaluation 307:
                      1.4760521062e+00 desired_speed
                      1.4645171345e-01 radius
                      4.6554059615e-01 time_gap
                      5.7913822997e+00 strength_neighbor
                      2.5930838190e-02 range_neighbor

blocking fork: python3 driver.py params.in results.out

Active response data for evaluation 307:
Active set vector = { 1 1 1 1 1 1 1 1 1 }
                      6.0763900000e+00 flow_2.4
                      4.1515000000e+00 density_2.4
                      3.7059000000e-01 speed_2.4
                      6.4315400000e+00 flow_3.6
                      1.8148200000e+00 density_3.6
                      5.0565000000e-01 speed_3.6
                      7.1282100000e+00 flow_5.0
                      1.2066600000e+00 density_5.0
                      3.2571000000e-01 speed_5.0



---------------------
Begin Evaluation  308
---------------------
Parameters for evaluation 308:
                      1.4569550629e+00 desired_speed
                      2.1314417943e-01 radius
                      4.8101688134e-01 time_gap
                      8.6604149482e+00 strength_neighbor
                      2.9347187821e-02 range_neighbor

blocking fork: python3 driver.py params.in results.out

Active response data for evaluation 308:
Active set vector = { 1 1 1 1 1 1 1 1 1 }
                      4.6158900000e+00 flow_2.4
                      3.0387100000e+00 density_2.4
                      4.3034000000e-01 speed_2.4
                      5.1653700000e+00 flow_3.6
                      2.3725300000e+00 density_3.6
                      5.3284000000e-01 speed_3.6
                      5.4200500000e+00 flow_5.0
                      1.9170500000e+00 density_5.0
                      4.5500000000e-01 speed_5.0



---------------------
Begin Evaluation  309
---------------------
Parameters for evaluation 309:
                      1.5455640009e+00 desired_speed
                      1.8143858863e-01 radius
                      6.3473861735e-01 time_gap
                      5.5393541448e+00 strength_neighbor
                      1.7190689762e-01 range_neighbor

blocking fork: python3 driver.py params.in results.out

Active response data for evaluation 309:
Active set vector = { 1 1 1 1 1 1 1 1 1 }
                      4.8083500000e+00 flow_2.4
                      3.8736300000e+00 density_2.4
                      3.4953000000e-01 speed_2.4
                      7.3926900000e+00 flow_3.6
                      3.1652500000e+00 density_3.6
                      5.4074000000e-01 speed_3.6
                      9.5238100000e+00 flow_5.0
                      2.9731600000e+00 density_5.0
                      5.4722000000e-01 speed_5.0



---------------------
Begin Evaluation  310
---------------------
Parameters for evaluation 310:
                      1.4009447809e+00 desired_speed
                      2.1462469934e-01 radius
                      1.1794018088e-01 time_gap
                      6.6165751044e+00 strength_neighbor
                      2.0345781318e-01 range_neighbor

blocking fork: python3 driver.py params.in results.out

Active response data for evaluation 310:
Active set vector = { 1 1 1 1 1 1 1 1 1 }
                      8.2742300000e+00 flow_2.4
                      3.0587900000e+00 density_2.4
                      8.0064000000e-01 speed_2.4
                      1.2522520000e+01 flow_3.6
                      2.8147900000e+00 density_3.6
                      1.0756700000e+00 speed_3.6
                      1.7816090000e+01 flow_5.0
                      2.6397200000e+00 density_5.0
                      1.2055800000e+00 speed_5.0



---------------------
Begin Evaluation  311
---------------------
Parameters for evaluation 311:
                      9.9362787922e-01 desired_speed
                      1.4045266097e-01 radius
                      1.1023189233e-01 time_gap
                      3.5659663942e+00 strength_neighbor
                      1.7797317254e-01 range_neighbor

blocking fork: python3 driver.py params.in results.out

Active response data for evaluation 311:
Active set vector = { 1 1 1 1 1 1 1 1 1 }
                      1.3182670000e+01 flow_2.4
                      6.6116700000e+00 density_2.4
                      5.8160000000e-01 speed_2.4
                      2.1505380000e+01 flow_3.6
                      5.9051400000e+00 density_3.6
                      8.0448000000e-01 speed_3.6
                      2.8658540000e+01 flow_5.0
                      5.2110400000e+00 density_5.0
                      8.9969000000e-01 speed_5.0



---------------------
Begin Evaluation  312
---------------------
Parameters for evaluation 312:
                      1.2624868993e+00 desired_speed
                      1.9568079003e-01 radius
                      4.3173286367e-01 time_gap
                      8.4402865524e+00 strength_neighbor
                      2.4635330615e-01 range_neighbor

blocking fork: python3 driver.py params.in results.out

Active response data for evaluation 312:
Active set vector = { 1 1 1 1 1 1 1 1 1 }
                      5.0614600000e+00 flow_2.4
                      2.5443000000e+00 density_2.4
                      5.8586000000e-01 speed_2.4
                      7.6151800000e+00 flow_3.6
                      2.3025900000e+00 density_3.6
                      7.9978000000e-01 speed_3.6
                      1.1031750000e+01 flow_5.0
                      2.1093500000e+00 density_5.0
                      1.0277100000e+00 speed_5.0



---------------------
Begin Evaluation  313
---------------------
Parameters for evaluation 313:
                      9.7873507102e-01 desired_speed
                      2.3687931577e-01 radius
                      6.7250693035e-01 time_gap
                      5.1295585976e+00 strength_neighbor
                      2.3182875231e-01 range_neighbor

blocking fork: python3 driver.py params.in results.out

Active response data for evaluation 313:
Active set vector = { 1 1 1 1 1 1 1 1 1 }
                      2.8472600000e+00 flow_2.4
                      2.5623900000e+00 density_2.4
                      3.2722000000e-01 speed_2.4
                      4.5931800000e+00 flow_3.6
                      2.1147600000e+00 density_3.6
                      5.4337000000e-01 speed_3.6
                      6.4763200000e+00 flow_5.0
                      1.8758700000e+00 density_5.0
                      7.0867000000e-01 speed_5.0



---------------------
Begin Evaluation  314
---------------------
Parameters for evaluation 314:
                      1.4317776495e+00 desired_speed
                      1.2693750782e-01 radius
                      7.6193820289e-01 time_gap
                      8.3220123244e+00 strength_neighbor
                      2.3911954182e-01 range_neighbor

blocking fork: python3 driver.py params.in results.out

Active response data for evaluation 314:
Active set vector = { 1 1 1 1 1 1 1 1 1 }
                      5.9752500000e+00 flow_2.4
                      3.5367200000e+00 density_2.4
                      4.6330000000e-01 speed_2.4
                      8.4997000000e+00 flow_3.6
                      3.1434400000e+00 density_3.6
                      6.0333000000e-01 speed_3.6
                      1.1124400000e+01 flow_5.0
                      2.8805800000e+00 density_5.0
                      6.4942000000e-01 speed_5.0



---------------------
Begin Evaluation  315
---------------------
Parameters for evaluation 315:
                      9.8551140974e-01 desired_speed
                      2.1590949183e-01 radius
                      9.1968811733e-01 time_gap
                      6.8354774270e+00 strength_neighbor
                      2.5374064121e-01 range_neighbor

blocking fork: python3 driver.py params.in results.out

Active response data for evaluation 315:
Active set vector = { 1 1 1 1 1 1 1 1 1 }
                      2.7226800000e+00 flow_2.4
                      2.4834400000e+00 density_2.4
                      3.1161000000e-01 speed_2.4
                      4.2465800000e+00 flow_3.6
                      2.0864800000e+00 density_3.6
                      4.8467000000e-01 speed_3.6
                      5.9372300000e+00 flow_5.0
                      1.9082400000e+00 density_5.0
                      5.8495000000e-01 speed_5.0



---------------------
Begin Evaluation  316
---------------------
Parameters for evaluation 316:
                      8.6666183786e-01 desired_speed
                      1.6199169188e-01 radius
                      4.5349048402e-01 time_gap
                      8.5979384344e+00 strength_neighbor
                      1.2841053602e-01 range_neighbor

blocking fork: python3 driver.py params.in results.out

Active response data for evaluation 316:
Active set vector = { 1 1 1 1 1 1 1 1 1 }
                      5.7827300000e+00 flow_2.4
                      4.8645200000e+00 density_2.4
                      3.3854000000e-01 speed_2.4
                      8.9058500000e+00 flow_3.6
                      4.2027200000e+00 density_3.6
                      5.1698000000e-01 speed_3.6
                      1.2313100000e+01 flow_5.0
                      3.6503800000e+00 density_5.0
                      6.6391000000e-01 speed_5.0



---------------------
Begin Evaluation  317
---------------------
Parameters for evaluation 317:
                      8.3494329572e-01 desired_speed
                      2.0047260705e-01 radius
                      1.7576584402e-01 time_gap
                      6.3987510072e+00 strength_neighbor
                      1.4188046157e-01 range_neighbor

blocking fork: python3 driver.py params.in results.out

Active response data for evaluation 317:
Active set vector = { 1 1 1 1 1 1 1 1 1 }
                      6.0684900000e+00 flow_2.4
                      4.1138700000e+00 density_2.4
                      4.4417000000e-01 speed_2.4
                      9.6273300000e+00 flow_3.6
                      3.8108800000e+00 density_3.6
                      6.2959000000e-01 speed_3.6
                      1.3448610000e+01 flow_5.0
                      3.5883600000e+00 density_5.0
                      7.3200000000e-01 speed_5.0



---------------------
Begin Evaluation  318
---------------------
Parameters for evaluation 318:
                      9.6957471165e-01 desired_speed
                      1.6784958822e-01 radius
                      8.5011932413e-01 time_gap
                      3.1693684467e+00 strength_neighbor
                      3.9116713885e-02 range_neighbor

blocking fork: python3 driver.py params.in results.out

Active response data for evaluation 318:
Active set vector = { 1 1 1 1 1 1 1 1 1 }
                      3.4389600000e+00 flow_2.4
                      3.1064600000e+00 density_2.4
                      2.9719000000e-01 speed_2.4
                      3.7634400000e+00 flow_3.6
                      1.5375000000e+00 density_3.6
                      3.9728000000e-01 speed_3.6
                      4.1043700000e+00 flow_5.0
                      1.1776600000e+00 density_5.0
                      2.0226000000e-01 speed_5.0



---------------------
Begin Evaluation  319
---------------------
Parameters for evaluation 319:
                      1.1945542657e+00 desired_speed
                      1.2066059487e-01 radius
                      5.4605475908e-01 time_gap
                      9.5007292128e+00 strength_neighbor
                      2.9627899058e-01 range_neighbor

blocking fork: python3 driver.py params.in results.out

Active response data for evaluation 319:
Active set vector = { 1 1 1 1 1 1 1 1 1 }
                      6.0060100000e+00 flow_2.4
                      2.6338100000e+00 density_2.4
                      6.2110000000e-01 speed_2.4
                      8.8888900000e+00 flow_3.6
                      2.3618300000e+00 density_3.6
                      8.5349000000e-01 speed_3.6
                      1.1849960000e+01 flow_5.0
                      2.2572000000e+00 density_5.0
                      9.5349000000e-01 speed_5.0



---------------------
Begin Evaluation  320
---------------------
Parameters for evaluation 320:
                      1.2514489676e+00 desired_speed
                      1.5607724041e-01 radius
                      3.2864313354e-01 time_gap
                      5.0649871658e+00 strength_neighbor
                      1.6840095383e-01 range_neighbor

blocking fork: python3 driver.py params.in results.out

Active response data for evaluation 320:
Active set vector = { 1 1 1 1 1 1 1 1 1 }
                      8.8551500000e+00 flow_2.4
                      5.1806000000e+00 density_2.4
                      4.8994000000e-01 speed_2.4
                      1.4271150000e+01 flow_3.6
                      4.3080400000e+00 density_3.6
                      8.0158000000e-01 speed_3.6
                      1.9305560000e+01 flow_5.0
                      3.7818600000e+00 density_5.0
                      9.9018000000e-01 speed_5.0



---------------------
Begin Evaluation  321
---------------------
Parameters for evaluation 321:
                      1.5814418277e+00 desired_speed
                      2.0414940701e-01 radius
                      3.1194092193e-01 time_gap
                      7.6493902617e+00 strength_neighbor
                      2.2630911283e-01 range_neighbor

blocking fork: python3 driver.py params.in results.out

Active response data for evaluation 321:
Active set vector = { 1 1 1 1 1 1 1 1 1 }
                      6.3926900000e+00 flow_2.4
                      2.7643200000e+00 density_2.4
                      6.6954000000e-01 speed_2.4
                      9.9637700000e+00 flow_3.6
                      2.4624300000e+00 density_3.6
                      9.9290000000e-01 speed_3.6
                      1.4248970000e+01 flow_5.0
                      2.2241800000e+00 density_5.0
                      1.2513100000e+00 speed_5.0



---------------------
Begin Evaluation  322
---------------------
Parameters for evaluation 322:
                      9.4545403565e-01 desired_speed
                      1.5856763460e-01 radius
                      3.3317109435e-01 time_gap
                      6.9435082044e+00 strength_neighbor
                      1.4528246369e-01 range_neighbor

blocking fork: python3 driver.py params.in results.out

Active response data for evaluation 322:
Active set vector = { 1 1 1 1 1 1 1 1 1 }
                      7.3030800000e+00 flow_2.4
                      5.0853800000e+00 density_2.4
                      4.1268000000e-01 speed_2.4
                      1.1551160000e+01 flow_3.6
                      4.4193100000e+00 density_3.6
                      6.2939000000e-01 speed_3.6
                      1.6147640000e+01 flow_5.0
                      3.9612100000e+00 density_5.0
                      7.7975000000e-01 speed_5.0



---------------------
Begin Evaluation  323
---------------------
Parameters for evaluation 323:
                      8.0471067802e-01 desired_speed
                      1.2100301688e-01 radius
                      8.6582826623e-01 time_gap
                      2.8939457885e+00 strength_neighbor
                      1.1901735993e-01 range_neighbor

blocking fork: python3 driver.py params.in results.out

Active response data for evaluation 323:
Active set vector = { 1 1 1 1 1 1 1 1 1 }
                      5.4517100000e+00 flow_2.4
                      7.9142400000e+00 density_2.4
                      1.9538000000e-01 speed_2.4
                      8.1442700000e+00 flow_3.6
                      5.9644100000e+00 density_3.6
                      3.1804000000e-01 speed_3.6
                      9.7833700000e+00 flow_5.0
                      3.8688000000e+00 density_5.0
                      3.9566000000e-01 speed_5.0



---------------------
Begin Evaluation  324
---------------------
Parameters for evaluation 324:
                      1.3009730498e+00 desired_speed
                      1.2646326562e-01 radius
                      1.0145455596e-01 time_gap
                      9.7445000792e+00 strength_neighbor
                      1.9690049184e-01 range_neighbor

blocking fork: python3 driver.py params.in results.out

Active response data for evaluation 324:
Active set vector = { 1 1 1 1 1 1 1 1 1 }
                      1.1596010000e+01 flow_2.4
                      3.9516700000e+00 density_2.4
                      7.9639000000e-01 speed_2.4
                      1.7348200000e+01 flow_3.6
                      3.5555600000e+00 density_3.6
                      1.0432400000e+00 speed_3.6
                      2.3350250000e+01 flow_5.0
                      3.3522700000e+00 density_5.0
                      1.1444700000e+00 speed_5.0



---------------------
Begin Evaluation  325
---------------------
Parameters for evaluation 325:
                      1.0173803283e+00 desired_speed
                      2.0780318386e-01 radius
                      3.2017695338e-01 time_gap
                      7.0124335244e+00 strength_neighbor
                      6.7469366210e-02 range_neighbor

blocking fork: python3 driver.py params.in results.out

Active response data for evaluation 325:
Active set vector = { 1 1 1 1 1 1 1 1 1 }
                      4.9964300000e+00 flow_2.4
                      3.9543500000e+00 density_2.4
                      3.5823000000e-01 speed_2.4
                      7.9526200000e+00 flow_3.6
                      3.2471600000e+00 density_3.6
                      6.0901000000e-01 speed_3.6
                      1.0965950000e+01 flow_5.0
                      2.8008600000e+00 density_5.0
                      7.4806000000e-01 speed_5.0



---------------------
Begin Evaluation  326
---------------------
Parameters for evaluation 326:
                      1.0276054190e+00 desired_speed
                      2.1992134893e-01 radius
                      3.4616249583e-01 time_gap
                      7.1723149159e+00 strength_neighbor
                      7.4865863672e-02 range_neighbor

blocking fork: python3 driver.py params.in results.out

Active response data for evaluation 326:
Active set vector = { 1 1 1 1 1 1 1 1 1 }
                      4.5722700000e+00 flow_2.4
                      3.4910900000e+00 density_2.4
                      3.7137000000e-01 speed_2.4
                      6.8931600000e+00 flow_3.6
                      3.0130600000e+00 density_3.6
                      5.5784000000e-01 speed_3.6
                      1.0043200000e+01 flow_5.0
                      2.5519600000e+00 density_5.0
                      7.9374000000e-01 speed_5.0



---------------------
Begin Evaluation  327
---------------------
Parameters for evaluation 327:
                      1.3574135717e+00 desired_speed
                      2.3743754606e-01 radius
                      5.6387903510e-01 time_gap
                      3.9148956311e+00 strength_neighbor
                      1.5956830824e-01 range_neighbor

blocking fork: python3 driver.py params.in results.out

Active response data for evaluation 327:
Active set vector = { 1 1 1 1 1 1 1 1 1 }
                      3.7095900000e+00 flow_2.4
                      2.6053800000e+00 density_2.4
                      4.1334000000e-01 speed_2.4
                      5.8446900000e+00 flow_3.6
                      2.1315900000e+00 density_3.6
                      6.6403000000e-01 speed_3.6
                      7.6880800000e+00 flow_5.0
                      1.9393200000e+00 density_5.0
                      8.1637000000e-01 speed_5.0



---------------------
Begin Evaluation  328
---------------------
Parameters for evaluation 328:
                      8.8088781013e-01 desired_speed
                      1.8610764092e-01 radius
                      9.5499972397e-01 time_gap
                      3.8489462129e+00 strength_neighbor
                      7.7199791742e-02 range_neighbor

blocking fork: python3 driver.py params.in results.out

Active response data for evaluation 328:
Active set vector = { 1 1 1 1 1 1 1 1 1 }
                      2.9387100000e+00 flow_2.4
                      4.0151000000e+00 density_2.4
                      2.0793000000e-01 speed_2.4
                      4.2308900000e+00 flow_3.6
                      2.9207100000e+00 density_3.6
                      3.5561000000e-01 speed_3.6
                      5.2730700000e+00 flow_5.0
                      1.9304300000e+00 density_5.0
                      4.3259000000e-01 speed_5.0



---------------------
Begin Evaluation  329
---------------------
Parameters for evaluation 329:
                      1.1013324267e+00 desired_speed
                      1.8726152465e-01 radius
                      8.1441162201e-01 time_gap
                      3.6733807672e+00 strength_neighbor
                      1.3577363805e-01 range_neighbor

blocking fork: python3 driver.py params.in results.out

Active response data for evaluation 329:
Active set vector = { 1 1 1 1 1 1 1 1 1 }
                      3.9125600000e+00 flow_2.4
                      3.8027700000e+00 density_2.4
                      2.8450000000e-01 speed_2.4
                      5.5422600000e+00 flow_3.6
                      3.0950200000e+00 density_3.6
                      4.3684000000e-01 speed_3.6
                      6.8426200000e+00 flow_5.0
                      2.8945300000e+00 density_5.0
                      4.4785000000e-01 speed_5.0



---------------------
Begin Evaluation  330
---------------------
Parameters for evaluation 330:
                      1.5196292321e+00 desired_speed
                      1.2226119036e-01 radius
                      1.1971157534e-01 time_gap
                      6.2899690568e+00 strength_neighbor
                      6.2718696389e-02 range_neighbor

blocking fork: python3 driver.py params.in results.out

Active response data for evaluation 330:
Active set vector = { 1 1 1 1 1 1 1 1 1 }
                      2.2116900000e+01 flow_2.4
                      9.4819700000e+00 density_2.4
                      6.4750000000e-01 speed_2.4
                      3.4962410000e+01 flow_3.6
                      7.1655100000e+00 density_3.6
                      1.0602500000e+00 speed_3.6
                      4.5307440000e+01 flow_5.0
                      5.3794600000e+00 density_5.0
                      1.2442500000e+00 speed_5.0



---------------------
Begin Evaluation  331
---------------------
Parameters for evaluation 331:
                      1.1417660344e+00 desired_speed
                      1.5218401280e-01 radius
                      7.4460707711e-01 time_gap
                      9.4466666163e+00 strength_neighbor
                      3.6988378406e-02 range_neighbor

blocking fork: python3 driver.py params.in results.out

Active response data for evaluation 331:
Active set vector = { 1 1 1 1 1 1 1 1 1 }
                      5.0035600000e+00 flow_2.4
                      5.3098800000e+00 density_2.4
                      2.6078000000e-01 speed_2.4
                      5.9296900000e+00 flow_3.6
                      3.4855400000e+00 density_3.6
                      3.7040000000e-01 speed_3.6
                      6.6287900000e+00 flow_5.0
                      2.2223900000e+00 density_5.0
                      3.9606000000e-01 speed_5.0



---------------------
Begin Evaluation  332
---------------------
Parameters for evaluation 332:
                      1.0399406724e+00 desired_speed
                      2.3674366663e-01 radius
                      7.0190346493e-01 time_gap
                      9.3810936613e+00 strength_neighbor
                      1.9119514243e-01 range_neighbor

blocking fork: python3 driver.py params.in results.out

Active response data for evaluation 332:
Active set vector = { 1 1 1 1 1 1 1 1 1 }
                      2.7319200000e+00 flow_2.4
                      2.3805700000e+00 density_2.4
                      3.3710000000e-01 speed_2.4
                      4.2774200000e+00 flow_3.6
                      2.0382000000e+00 density_3.6
                      5.1653000000e-01 speed_3.6
                      6.0311300000e+00 flow_5.0
                      1.8155500000e+00 density_5.0
                      6.7214000000e-01 speed_5.0



---------------------
Begin Evaluation  333
---------------------
Parameters for evaluation 333:
                      1.0852893607e+00 desired_speed
                      1.6449386681e-01 radius
                      9.7805247541e-01 time_gap
                      2.7290642431e+00 strength_neighbor
                      1.2200082381e-01 range_neighbor

blocking fork: python3 driver.py params.in results.out

Active response data for evaluation 333:
Active set vector = { 1 1 1 1 1 1 1 1 1 }
                      3.6446200000e+00 flow_2.4
                      4.7313100000e+00 density_2.4
                      2.1514000000e-01 speed_2.4
                      5.6360700000e+00 flow_3.6
                      3.2746000000e+00 density_3.6
                      4.2346000000e-01 speed_3.6
                      6.0408500000e+00 flow_5.0
                      2.7901800000e+00 density_5.0
                      3.9091000000e-01 speed_5.0



---------------------
Begin Evaluation  334
---------------------
Parameters for evaluation 334:
                      9.3424115900e-01 desired_speed
                      2.0558018189e-01 radius
                      4.4778222170e-01 time_gap
                      2.4438034836e+00 strength_neighbor
                      8.7417883061e-02 range_neighbor

blocking fork: python3 driver.py params.in results.out

Active response data for evaluation 334:
Active set vector = { 1 1 1 1 1 1 1 1 1 }
                      4.5484100000e+00 flow_2.4
                      3.4881400000e+00 density_2.4
                      3.8610000000e-01 speed_2.4
                      6.2639800000e+00 flow_3.6
                      2.5213000000e+00 density_3.6
                      6.0352000000e-01 speed_3.6
                      7.0922000000e+00 flow_5.0
                      1.9599500000e+00 density_5.0
                      5.4440000000e-01 speed_5.0



---------------------
Begin Evaluation  335
---------------------
Parameters for evaluation 335:
                      8.5528005196e-01 desired_speed
                      1.2413711261e-01 radius
                      6.3736921851e-01 time_gap
                      6.1748383040e+00 strength_neighbor
                      4.8075609499e-02 range_neighbor

blocking fork: python3 driver.py params.in results.out

Active response data for evaluation 335:
Active set vector = { 1 1 1 1 1 1 1 1 1 }
                      6.2724000000e+00 flow_2.4
                      7.7890700000e+00 density_2.4
                      2.2568000000e-01 speed_2.4
                      9.4658600000e+00 flow_3.6
                      3.9802600000e+00 density_3.6
                      5.3437000000e-01 speed_3.6
                      1.0211520000e+01 flow_5.0
                      2.8602600000e+00 density_5.0
                      4.5200000000e-01 speed_5.0



---------------------
Begin Evaluation  336
---------------------
Parameters for evaluation 336:
                      1.1659662181e+00 desired_speed
                      2.4481415707e-01 radius
                      5.2970928150e-01 time_gap
                      5.8872030591e+00 strength_neighbor
                      8.1716265028e-02 range_neighbor

blocking fork: python3 driver.py params.in results.out

Active response data for evaluation 336:
Active set vector = { 1 1 1 1 1 1 1 1 1 }
                      3.2608700000e+00 flow_2.4
                      2.6581700000e+00 density_2.4
                      3.4839000000e-01 speed_2.4
                      5.5029600000e+00 flow_3.6
                      2.0537800000e+00 density_3.6
                      6.5904000000e-01 speed_3.6
                      6.6906500000e+00 flow_5.0
                      1.8334400000e+00 density_5.0
                      7.4118000000e-01 speed_5.0



---------------------
Begin Evaluation  337
---------------------
Parameters for evaluation 337:
                      9.1729973748e-01 desired_speed
                      2.4279448079e-01 radius
                      7.2068908262e-01 time_gap
                      9.9248941777e+00 strength_neighbor
                      2.7384331074e-01 range_neighbor

blocking fork: python3 driver.py params.in results.out

Active response data for evaluation 337:
Active set vector = { 1 1 1 1 1 1 1 1 1 }
                      2.4280300000e+00 flow_2.4
                      1.8243400000e+00 density_2.4
                      4.0996000000e-01 speed_2.4
                      3.7095900000e+00 flow_3.6
                      1.6255800000e+00 density_3.6
                      5.9441000000e-01 speed_3.6
                      5.2375600000e+00 flow_5.0
                      1.4902300000e+00 density_5.0
                      7.1326000000e-01 speed_5.0



---------------------
Begin Evaluation  338
---------------------
Parameters for evaluation 338:
                      1.3735416449e+00 desired_speed
                      1.6132204884e-01 radius
                      6.2843610656e-01 time_gap
                      9.2944016475e+00 strength_neighbor
                      9.6562338270e-02 range_neighbor

blocking fork: python3 driver.py params.in results.out

Active response data for evaluation 338:
Active set vector = { 1 1 1 1 1 1 1 1 1 }
                      5.1113500000e+00 flow_2.4
                      5.0064500000e+00 density_2.4
                      2.8218000000e-01 speed_2.4
                      7.3145200000e+00 flow_3.6
                      4.1440300000e+00 density_3.6
                      4.0160000000e-01 speed_3.6
                      9.6563600000e+00 flow_5.0
                      3.3763200000e+00 density_5.0
                      5.4289000000e-01 speed_5.0



---------------------
Begin Evaluation  339
---------------------
Parameters for evaluation 339:
                      8.1209651074e-01 desired_speed
                      1.6598196756e-01 radius
                      5.4806524882e-01 time_gap
                      9.0488711604e+00 strength_neighbor
                      5.8826366537e-02 range_neighbor

blocking fork: python3 driver.py params.in results.out

Active response data for evaluation 339:
Active set vector = { 1 1 1 1 1 1 1 1 1 }
                      4.9009400000e+00 flow_2.4
                      5.3601200000e+00 density_2.4
                      2.5352000000e-01 speed_2.4
                      7.3986300000e+00 flow_3.6
                      4.1955800000e+00 density_3.6
                      4.0619000000e-01 speed_3.6
                      8.5477900000e+00 flow_5.0
                      3.6467900000e+00 density_5.0
                      4.3687000000e-01 speed_5.0



---------------------
Begin Evaluation  340
---------------------
Parameters for evaluation 340:
                      1.5635940940e+00 desired_speed
                      1.6833498274e-01 radius
                      9.2168782860e-01 time_gap
                      4.3021459752e+00 strength_neighbor
                      2.6922333990e-01 range_neighbor

blocking fork: python3 driver.py params.in results.out

Active response data for evaluation 340:
Active set vector = { 1 1 1 1 1 1 1 1 1 }
                      4.2046100000e+00 flow_2.4
                      3.5517700000e+00 density_2.4
                      3.2442000000e-01 speed_2.4
                      6.1484400000e+00 flow_3.6
                      2.9255200000e+00 density_3.6
                      4.7522000000e-01 speed_3.6
                      7.8932400000e+00 flow_5.0
                      2.6588300000e+00 density_5.0
                      5.2495000000e-01 speed_5.0



---------------------
Begin Evaluation  341
---------------------
Parameters for evaluation 341:
                      1.1552696226e+00 desired_speed
                      2.3998895558e-01 radius
                      6.7903053976e-01 time_gap
                      2.0709593593e+00 strength_neighbor
                      2.2035741782e-01 range_neighbor

blocking fork: python3 driver.py params.in results.out

Active response data for evaluation 341:
Active set vector = { 1 1 1 1 1 1 1 1 1 }
                      3.1362000000e+00 flow_2.4
                      2.4439900000e+00 density_2.4
                      3.8340000000e-01 speed_2.4
                      5.0875300000e+00 flow_3.6
                      1.9994100000e+00 density_3.6
                      6.3059000000e-01 speed_3.6
                      6.0725200000e+00 flow_5.0
                      1.9474600000e+00 density_5.0
                      5.9619000000e-01 speed_5.0



---------------------
Begin Evaluation  342
---------------------
Parameters for evaluation 342:
                      1.5032276737e+00 desired_speed
                      2.4893979831e-01 radius
                      9.6926441224e-01 time_gap
                      5.2221475625e+00 strength_neighbor
                      2.9894260424e-01 range_neighbor

blocking fork: python3 driver.py params.in results.out

Active response data for evaluation 342:
Active set vector = { 1 1 1 1 1 1 1 1 1 }
                      2.4616200000e+00 flow_2.4
                      1.9963200000e+00 density_2.4
                      3.5073000000e-01 speed_2.4
                      3.6992800000e+00 flow_3.6
                      1.6410700000e+00 density_3.6
                      5.3832000000e-01 speed_3.6
                      4.9982000000e+00 flow_5.0
                      1.4924600000e+00 density_5.0
                      6.1395000000e-01 speed_5.0



---------------------
Begin Evaluation  343
---------------------
Parameters for evaluation 343:
                      1.4106104807e+00 desired_speed
                      1.5563927467e-01 radius
                      3.6775678950e-01 time_gap
                      6.4406722690e+00 strength_neighbor
                      3.2820593617e-02 range_neighbor

blocking fork: python3 driver.py params.in results.out

Active response data for evaluation 343:
Active set vector = { 1 1 1 1 1 1 1 1 1 }
                      8.2889300000e+00 flow_2.4
                      5.1057500000e+00 density_2.4
                      4.5731000000e-01 speed_2.4
                      9.0264300000e+00 flow_3.6
                      2.8181900000e+00 density_3.6
                      6.1259000000e-01 speed_3.6
                      1.0449440000e+01 flow_5.0
                      1.6900200000e+00 density_5.0
                      5.7106000000e-01 speed_5.0



---------------------
Begin Evaluation  344
---------------------
Parameters for evaluation 344:
                      1.4294923702e+00 desired_speed
                      1.6251583056e-01 radius
                      5.8603237354e-01 time_gap
                      3.0979129005e+00 strength_neighbor
                      1.5519205014e-01 range_neighbor

blocking fork: python3 driver.py params.in results.out

Active response data for evaluation 344:
Active set vector = { 1 1 1 1 1 1 1 1 1 }
                      5.9691900000e+00 flow_2.4
                      4.8972100000e+00 density_2.4
                      3.4359000000e-01 speed_2.4
                      8.7256700000e+00 flow_3.6
                      3.8899700000e+00 density_3.6
                      5.2455000000e-01 speed_3.6
                      1.1412150000e+01 flow_5.0
                      3.3231000000e+00 density_5.0
                      6.5748000000e-01 speed_5.0



---------------------
Begin Evaluation  345
---------------------
Parameters for evaluation 345:
                      1.5295956530e+00 desired_speed
                      1.9165771814e-01 radius
                      6.8601014726e-01 time_gap
                      5.3274655002e+00 strength_neighbor
                      2.6268362090e-01 range_neighbor

blocking fork: python3 driver.py params.in results.out

Active response data for evaluation 345:
Active set vector = { 1 1 1 1 1 1 1 1 1 }
                      4.3573000000e+00 flow_2.4
                      2.9904100000e+00 density_2.4
                      4.0854000000e-01 speed_2.4
                      7.2016500000e+00 flow_3.6
                      2.4455200000e+00 density_3.6
                      7.0232000000e-01 speed_3.6
                      9.1567900000e+00 flow_5.0
                      2.2369000000e+00 density_5.0
                      7.4619000000e-01 speed_5.0



---------------------
Begin Evaluation  346
---------------------
Parameters for evaluation 346:
                      1.2476178624e+00 desired_speed
                      1.6978310594e-01 radius
                      6.4957342850e-01 time_gap
                      9.8318832110e+00 strength_neighbor
                      1.7737651330e-01 range_neighbor

blocking fork: python3 driver.py params.in results.out

Active response data for evaluation 346:
Active set vector = { 1 1 1 1 1 1 1 1 1 }
                      4.8510000000e+00 flow_2.4
                      3.5221000000e+00 density_2.4
                      3.8937000000e-01 speed_2.4
                      6.9051200000e+00 flow_3.6
                      3.0591000000e+00 density_3.6
                      5.0700000000e-01 speed_3.6
                      9.7833700000e+00 flow_5.0
                      2.7581400000e+00 density_5.0
                      6.1453000000e-01 speed_5.0



---------------------
Begin Evaluation  347
---------------------
Parameters for evaluation 347:
                      1.2269892939e+00 desired_speed
                      1.3160556382e-01 radius
                      1.8623827684e-01 time_gap
                      4.8975985520e+00 strength_neighbor
                      2.3590379981e-01 range_neighbor

blocking fork: python3 driver.py params.in results.out

Active response data for evaluation 347:
Active set vector = { 1 1 1 1 1 1 1 1 1 }
                      1.2555850000e+01 flow_2.4
                      4.5545300000e+00 density_2.4
                      7.1740000000e-01 speed_2.4
                      1.8445320000e+01 flow_3.6
                      4.1022200000e+00 density_3.6
                      9.7045000000e-01 speed_3.6
                      2.5000000000e+01 flow_5.0
                      3.8195000000e+00 density_5.0
                      1.0757500000e+00 speed_5.0



---------------------
Begin Evaluation  348
---------------------
Parameters for evaluation 348:
                      1.5562024851e+00 desired_speed
                      2.4715315765e-01 radius
                      8.2245233990e-01 time_gap
                      3.2659655557e+00 strength_neighbor
                      1.1614755015e-01 range_neighbor

blocking fork: python3 driver.py params.in results.out

Active response data for evaluation 348:
Active set vector = { 1 1 1 1 1 1 1 1 1 }
                      2.5704800000e+00 flow_2.4
                      2.3985800000e+00 density_2.4
                      3.0260000000e-01 speed_2.4
                      4.3843300000e+00 flow_3.6
                      1.7003400000e+00 density_3.6
                      5.9816000000e-01 speed_3.6
                      4.9310700000e+00 flow_5.0
                      1.5740400000e+00 density_5.0
                      6.4590000000e-01 speed_5.0



---------------------
Begin Evaluation  349
---------------------
Parameters for evaluation 349:
                      1.3815489994e+00 desired_speed
                      2.2084301793e-01 radius
                      7.6677408245e-01 time_gap
                      8.0103846196e+00 strength_neighbor
                      2.1312751003e-01 range_neighbor

blocking fork: python3 driver.py params.in results.out

Active response data for evaluation 349:
Active set vector = { 1 1 1 1 1 1 1 1 1 }
                      3.1832700000e+00 flow_2.4
                      2.5009700000e+00 density_2.4
                      3.6375000000e-01 speed_2.4
                      4.7594700000e+00 flow_3.6
                      2.1151000000e+00 density_3.6
                      5.1323000000e-01 speed_3.6
                      6.9196400000e+00 flow_5.0
                      1.8690300000e+00 density_5.0
                      6.5517000000e-01 speed_5.0



---------------------
Begin Evaluation  350
---------------------
Parameters for evaluation 350:
                      8.4512423592e-01 desired_speed
                      1.2731471142e-01 radius
                      1.2872437448e-01 time_gap
                      4.4281248983e+00 strength_neighbor
                      2.7808698143e-01 range_neighbor

blocking fork: python3 driver.py params.in results.out

Active response data for evaluation 350:
Active set vector = { 1 1 1 1 1 1 1 1 1 }
                      8.8364800000e+00 flow_2.4
                      4.0361900000e+00 density_2.4
                      5.4059000000e-01 speed_2.4
                      1.2612610000e+01 flow_3.6
                      3.6417000000e+00 density_3.6
                      6.9227000000e-01 speed_3.6
                      1.6786570000e+01 flow_5.0
                      3.4472600000e+00 density_5.0
                      7.7190000000e-01 speed_5.0



---------------------
Begin Evaluation  351
---------------------
Parameters for evaluation 351:
                      9.0255705312e-01 desired_speed
                      1.7768555848e-01 radius
                      8.5760222035e-01 time_gap
                      2.5118162068e+00 strength_neighbor
                      1.6161201118e-01 range_neighbor

blocking fork: python3 driver.py params.in results.out

Active response data for evaluation 351:
Active set vector = { 1 1 1 1 1 1 1 1 1 }
                      3.6499200000e+00 flow_2.4
                      4.1582600000e+00 density_2.4
                      2.5893000000e-01 speed_2.4
                      4.9174600000e+00 flow_3.6
                      3.6603400000e+00 density_3.6
                      3.3179000000e-01 speed_3.6
                      6.9819800000e+00 flow_5.0
                      2.8828400000e+00 density_5.0
                      4.3592000000e-01 speed_5.0



---------------------
Begin Evaluation  352
---------------------
Parameters for evaluation 352:
                      1.4426923077e+00 desired_speed
                      2.3247197043e-01 radius
                      8.4449365058e-01 time_gap
                      9.6132012476e+00 strength_neighbor
                      5.4923915666e-02 range_neighbor

blocking fork: python3 driver.py params.in results.out

Active response data for evaluation 352:
Active set vector = { 1 1 1 1 1 1 1 1 1 }
                      2.8263900000e+00 flow_2.4
                      2.5659100000e+00 density_2.4
                      3.0633000000e-01 speed_2.4
                      4.0861200000e+00 flow_3.6
                      2.0105400000e+00 density_3.6
                      4.7809000000e-01 speed_3.6
                      4.2703500000e+00 flow_5.0
                      2.0667300000e+00 density_5.0
                      4.2336000000e-01 speed_5.0



---------------------
Begin Evaluation  353
---------------------
Parameters for evaluation 353:
                      8.7673359644e-01 desired_speed
                      2.0264592712e-01 radius
                      2.9042566395e-01 time_gap
                      5.4240529588e+00 strength_neighbor
                      2.2792135870e-01 range_neighbor

blocking fork: python3 driver.py params.in results.out

Active response data for evaluation 353:
Active set vector = { 1 1 1 1 1 1 1 1 1 }
                      5.0125300000e+00 flow_2.4
                      3.3428500000e+00 density_2.4
                      4.5398000000e-01 speed_2.4
                      7.8563400000e+00 flow_3.6
                      2.9940000000e+00 density_3.6
                      6.4751000000e-01 speed_3.6
                      1.1422760000e+01 flow_5.0
                      2.7963200000e+00 density_5.0
                      7.7262000000e-01 speed_5.0



---------------------
Begin Evaluation  354
---------------------
Parameters for evaluation 354:
                      1.2995923415e+00 desired_speed
                      1.4257913025e-01 radius
                      4.5758946626e-01 time_gap
                      5.6604917894e+00 strength_neighbor
                      2.0579929340e-01 range_neighbor

blocking fork: python3 driver.py params.in results.out

Active response data for evaluation 354:
Active set vector = { 1 1 1 1 1 1 1 1 1 }
                      8.0321300000e+00 flow_2.4
                      4.6637200000e+00 density_2.4
                      4.8410000000e-01 speed_2.4
                      1.2785390000e+01 flow_3.6
                      3.8890500000e+00 density_3.6
                      7.7032000000e-01 speed_3.6
                      1.7550510000e+01 flow_5.0
                      3.4743900000e+00 density_5.0
                      9.2491000000e-01 speed_5.0



---------------------
Begin Evaluation  355
---------------------
Parameters for evaluation 355:
                      1.4631400093e+00 desired_speed
                      1.3130049055e-01 radius
                      6.0383053787e-01 time_gap
                      7.5678125051e+00 strength_neighbor
                      2.0078691137e-01 range_neighbor

blocking fork: python3 driver.py params.in results.out

Active response data for evaluation 355:
Active set vector = { 1 1 1 1 1 1 1 1 1 }
                      7.1465000000e+00 flow_2.4
                      4.3774600000e+00 density_2.4
                      4.4766000000e-01 speed_2.4
                      1.0752690000e+01 flow_3.6
                      3.8193800000e+00 density_3.6
                      6.0273000000e-01 speed_3.6
                      1.3815140000e+01 flow_5.0
                      3.4768900000e+00 density_5.0
                      6.9147000000e-01 speed_5.0



---------------------
Begin Evaluation  356
---------------------
Parameters for evaluation 356:
                      1.1208959246e+00 desired_speed
                      1.5322906206e-01 radius
                      7.6136070475e-01 time_gap
                      3.7794234197e+00 strength_neighbor
                      9.8478879483e-02 range_neighbor

blocking fork: python3 driver.py params.in results.out

Active response data for evaluation 356:
Active set vector = { 1 1 1 1 1 1 1 1 1 }
                      5.1267900000e+00 flow_2.4
                      5.3888100000e+00 density_2.4
                      2.6401000000e-01 speed_2.4
                      6.6145100000e+00 flow_3.6
                      4.1325100000e+00 density_3.6
                      3.8839000000e-01 speed_3.6
                      8.1578900000e+00 flow_5.0
                      2.9994400000e+00 density_5.0
                      4.5592000000e-01 speed_5.0



---------------------
Begin Evaluation  357
---------------------
Parameters for evaluation 357:
                      1.0431668279e+00 desired_speed
                      1.4057450276e-01 radius
                      3.7947366086e-01 time_gap
                      7.3709340018e+00 strength_neighbor
                      1.8543167022e-01 range_neighbor

blocking fork: python3 driver.py params.in results.out

Active response data for evaluation 357:
Active set vector = { 1 1 1 1 1 1 1 1 1 }
                      8.2015200000e+00 flow_2.4
                      4.5817700000e+00 density_2.4
                      5.0276000000e-01 speed_2.4
                      1.2345680000e+01 flow_3.6
                      4.0661500000e+00 density_3.6
                      7.1519000000e-01 speed_3.6
                      1.7226370000e+01 flow_5.0
                      3.6743200000e+00 density_5.0
                      8.6467000000e-01 speed_5.0



---------------------
Begin Evaluation  358
---------------------
Parameters for evaluation 358:
                      1.5335961510e+00 desired_speed
                      1.9340742248e-01 radius
                      5.5216081334e-01 time_gap
                      2.1066569988e+00 strength_neighbor
                      4.6973225539e-02 range_neighbor

blocking fork: python3 driver.py params.in results.out

Active response data for evaluation 358:
Active set vector = { 1 1 1 1 1 1 1 1 1 }
                      4.1039300000e+00 flow_2.4
                      2.2250300000e+00 density_2.4
                      4.7622000000e-01 speed_2.4
                      4.5965600000e+00 flow_3.6
                      1.2519500000e+00 density_3.6
                      6.2733000000e-01 speed_3.6
                      5.1001800000e+00 flow_5.0
                      8.7687000000e-01 density_5.0
                      3.7132000000e-01 speed_5.0



---------------------
Begin Evaluation  359
---------------------
Parameters for evaluation 359:
                      1.0754923686e+00 desired_speed
                      1.2913841144e-01 radius
                      2.1858647132e-01 time_gap
                      9.1376116129e+00 strength_neighbor
                      2.6073821076e-01 range_neighbor

blocking fork: python3 driver.py params.in results.out

Active response data for evaluation 359:
Active set vector = { 1 1 1 1 1 1 1 1 1 }
                      7.3030800000e+00 flow_2.4
                      2.9882800000e+00 density_2.4
                      6.5482000000e-01 speed_2.4
                      1.0802470000e+01 flow_3.6
                      2.7099100000e+00 density_3.6
                      8.9487000000e-01 speed_3.6
                      1.4479170000e+01 flow_5.0
                      2.5778800000e+00 density_5.0
                      9.7086000000e-01 speed_5.0



---------------------
Begin Evaluation  360
---------------------
Parameters for evaluation 360:
                      1.4985341122e+00 desired_speed
                      1.5715723142e-01 radius
                      7.1299982406e-01 time_gap
                      2.6497067529e+00 strength_neighbor
                      1.6631121581e-01 range_neighbor

blocking fork: python3 driver.py params.in results.out

Active response data for evaluation 360:
Active set vector = { 1 1 1 1 1 1 1 1 1 }
                      5.3708000000e+00 flow_2.4
                      5.0644300000e+00 density_2.4
                      2.9296000000e-01 speed_2.4
                      7.9513300000e+00 flow_3.6
                      3.9164600000e+00 density_3.6
                      4.8367000000e-01 speed_3.6
                      1.0138580000e+01 flow_5.0
                      3.3382700000e+00 density_5.0
                      5.5116000000e-01 speed_5.0



---------------------
Begin Evaluation  361
---------------------
Parameters for evaluation 361:
                      1.4832649358e+00 desired_speed
                      2.2497805622e-01 radius
                      1.9766813254e-01 time_gap
                      8.1959638566e+00 strength_neighbor
                      1.0135935907e-01 range_neighbor

blocking fork: python3 driver.py params.in results.out

Active response data for evaluation 361:
Active set vector = { 1 1 1 1 1 1 1 1 1 }
                      6.8872500000e+00 flow_2.4
                      3.3364800000e+00 density_2.4
                      5.9701000000e-01 speed_2.4
                      1.0739030000e+01 flow_3.6
                      2.9287400000e+00 density_3.6
                      9.0385000000e-01 speed_3.6
                      1.5107530000e+01 flow_5.0
                      2.6820200000e+00 density_5.0
                      1.1228700000e+00 speed_5.0



---------------------
Begin Evaluation  362
---------------------
Parameters for evaluation 362:
                      8.2044115221e-01 desired_speed
                      2.2798411810e-01 radius
                      6.1703128263e-01 time_gap
                      7.8683678565e+00 strength_neighbor
                      2.8892139020e-01 range_neighbor

blocking fork: python3 driver.py params.in results.out

Active response data for evaluation 362:
Active set vector = { 1 1 1 1 1 1 1 1 1 }
                      2.8095500000e+00 flow_2.4
                      2.0632400000e+00 density_2.4
                      4.1505000000e-01 speed_2.4
                      4.2385700000e+00 flow_3.6
                      1.8557200000e+00 density_3.6
                      5.7658000000e-01 speed_3.6
                      5.9982900000e+00 flow_5.0
                      1.7297800000e+00 density_5.0
                      6.9448000000e-01 speed_5.0



---------------------
Begin Evaluation  363
---------------------
Parameters for evaluation 363:
                      1.2844663922e+00 desired_speed
                      1.9004849302e-01 radius
                      7.8045731001e-01 time_gap
                      7.7487888104e+00 strength_neighbor
                      1.4873278711e-01 range_neighbor

blocking fork: python3 driver.py params.in results.out

Active response data for evaluation 363:
Active set vector = { 1 1 1 1 1 1 1 1 1 }
                      3.6978300000e+00 flow_2.4
                      3.6149800000e+00 density_2.4
                      2.8050000000e-01 speed_2.4
                      5.3646400000e+00 flow_3.6
                      2.9574600000e+00 density_3.6
                      4.1163000000e-01 speed_3.6
                      7.3375300000e+00 flow_5.0
                      2.6581100000e+00 density_5.0
                      4.7500000000e-01 speed_5.0



---------------------
Begin Evaluation  364
---------------------
Parameters for evaluation 364:
                      1.3950596628e+00 desired_speed
                      2.1473358608e-01 radius
                      2.2781856945e-01 time_gap
                      6.0111762311e+00 strength_neighbor
                      1.3248047651e-01 range_neighbor

blocking fork: python3 driver.py params.in results.out

Active response data for evaluation 364:
Active set vector = { 1 1 1 1 1 1 1 1 1 }
                      6.8513100000e+00 flow_2.4
                      3.5841700000e+00 density_2.4
                      5.5704000000e-01 speed_2.4
                      1.0472970000e+01 flow_3.6
                      3.0943000000e+00 density_3.6
                      8.3471000000e-01 speed_3.6
                      1.5981740000e+01 flow_5.0
                      2.7395200000e+00 density_5.0
                      1.1610800000e+00 speed_5.0



---------------------
Begin Evaluation  365
---------------------
Parameters for evaluation 365:
                      1.2766648073e+00 desired_speed
                      1.8023894340e-01 radius
                      7.4043928394e-01 time_gap
                      7.2269849224e+00 strength_neighbor
                      1.0482910576e-01 range_neighbor

blocking fork: python3 driver.py params.in results.out

Active response data for evaluation 365:
Active set vector = { 1 1 1 1 1 1 1 1 1 }
                      3.8567500000e+00 flow_2.4
                      4.2495900000e+00 density_2.4
                      2.4834000000e-01 speed_2.4
                      6.1322800000e+00 flow_3.6
                      3.2808400000e+00 density_3.6
                      4.2527000000e-01 speed_3.6
                      7.5634800000e+00 flow_5.0
                      2.9111800000e+00 density_5.0
                      5.0799000000e-01 speed_5.0



---------------------
Begin Evaluation  366
---------------------
Parameters for evaluation 366:
                      1.1162231264e+00 desired_speed
                      2.2378227571e-01 radius
                      4.2242866640e-01 time_gap
                      3.4404085175e+00 strength_neighbor
                      2.0480910994e-02 range_neighbor

blocking fork: python3 driver.py params.in results.out

Active response data for evaluation 366:
Active set vector = { 1 1 1 1 1 1 1 1 1 }
                      2.9849200000e+00 flow_2.4
                      1.7701300000e+00 density_2.4
                      4.1721000000e-01 speed_2.4
                      3.4799900000e+00 flow_3.6
                      9.3025000000e-01 density_3.6
                      5.0796000000e-01 speed_3.6
                      3.5542000000e+00 flow_5.0
                      1.0184300000e+00 density_5.0
                      2.7320000000e-01 speed_5.0



---------------------
Begin Evaluation  367
---------------------
Parameters for evaluation 367:
                      1.1855420409e+00 desired_speed
                      1.7236036310e-01 radius
                      8.9753942341e-01 time_gap
                      8.8007617492e+00 strength_neighbor
                      5.5793026062e-02 range_neighbor

blocking fork: python3 driver.py params.in results.out

Active response data for evaluation 367:
Active set vector = { 1 1 1 1 1 1 1 1 1 }
                      3.7184600000e+00 flow_2.4
                      4.3922000000e+00 density_2.4
                      2.3032000000e-01 speed_2.4
                      5.2025300000e+00 flow_3.6
                      3.3200800000e+00 density_3.6
                      3.7633000000e-01 speed_3.6
                      5.8333300000e+00 flow_5.0
                      2.6897200000e+00 density_5.0
                      3.8449000000e-01 speed_5.0



---------------------
Begin Evaluation  368
---------------------
Parameters for evaluation 368:
                      1.1368430167e+00 desired_speed
                      2.4181140435e-01 radius
                      9.5965892786e-01 time_gap
                      2.9750573414e+00 strength_neighbor
                      2.4926319697e-01 range_neighbor

blocking fork: python3 driver.py params.in results.out

Active response data for evaluation 368:
Active set vector = { 1 1 1 1 1 1 1 1 1 }
                      2.5403700000e+00 flow_2.4
                      2.3420300000e+00 density_2.4
                      3.1610000000e-01 speed_2.4
                      3.9051600000e+00 flow_3.6
                      1.7875100000e+00 density_3.6
                      5.3283000000e-01 speed_3.6
                      5.1909500000e+00 flow_5.0
                      1.7394800000e+00 density_5.0
                      5.5159000000e-01 speed_5.0



---------------------
Begin Evaluation  369
---------------------
Parameters for evaluation 369:
                      9.2154330455e-01 desired_speed
                      1.9777157801e-01 radius
                      3.0047253320e-01 time_gap
                      4.6226720660e+00 strength_neighbor
                      1.5160004276e-01 range_neighbor

blocking fork: python3 driver.py params.in results.out

Active response data for evaluation 369:
Active set vector = { 1 1 1 1 1 1 1 1 1 }
                      5.4457400000e+00 flow_2.4
                      4.1565000000e+00 density_2.4
                      3.8615000000e-01 speed_2.4
                      8.9376600000e+00 flow_3.6
                      3.6241500000e+00 density_3.6
                      6.1684000000e-01 speed_3.6
                      1.2623540000e+01 flow_5.0
                      3.2512500000e+00 density_5.0
                      8.0562000000e-01 speed_5.0



---------------------
Begin Evaluation  370
---------------------
Parameters for evaluation 370:
                      1.2108179074e+00 desired_speed
                      2.3512914869e-01 radius
                      4.0087846364e-01 time_gap
                      4.5491663898e+00 strength_neighbor
                      1.1423176246e-01 range_neighbor

blocking fork: python3 driver.py params.in results.out

Active response data for evaluation 370:
Active set vector = { 1 1 1 1 1 1 1 1 1 }
                      4.2192200000e+00 flow_2.4
                      2.9154900000e+00 density_2.4
                      4.1932000000e-01 speed_2.4
                      6.9755900000e+00 flow_3.6
                      2.3824600000e+00 density_3.6
                      7.3001000000e-01 speed_3.6
                      9.3038800000e+00 flow_5.0
                      2.1357000000e+00 density_5.0
                      8.8427000000e-01 speed_5.0



---------------------
Begin Evaluation  371
---------------------
Parameters for evaluation 371:
                      1.1734147663e+00 desired_speed
                      1.3652724251e-01 radius
                      3.8518665875e-01 time_gap
                      8.2918333234e+00 strength_neighbor
                      1.9150462886e-01 range_neighbor

blocking fork: python3 driver.py params.in results.out

Active response data for evaluation 371:
Active set vector = { 1 1 1 1 1 1 1 1 1 }
                      8.5485900000e+00 flow_2.4
                      4.2952500000e+00 density_2.4
                      5.5273000000e-01 speed_2.4
                      1.2999070000e+01 flow_3.6
                      3.8090300000e+00 density_3.6
                      7.9236000000e-01 speed_3.6
                      1.7613640000e+01 flow_5.0
                      3.4925900000e+00 density_5.0
                      9.2076000000e-01 speed_5.0



---------------------
Begin Evaluation  372
---------------------
Parameters for evaluation 372:
                      1.5744767741e+00 desired_speed
                      1.4764891152e-01 radius
                      5.0367147004e-01 time_gap
                      3.3762602423e+00 strength_neighbor
                      2.9165878579e-01 range_neighbor

blocking fork: python3 driver.py params.in results.out

Active response data for evaluation 372:
Active set vector = { 1 1 1 1 1 1 1 1 1 }
                      7.9337900000e+00 flow_2.4
                      4.0717300000e+00 density_2.4
                      5.5621000000e-01 speed_2.4
                      1.2207790000e+01 flow_3.6
                      3.4608600000e+00 density_3.6
                      8.5194000000e-01 speed_3.6
                      1.7543860000e+01 flow_5.0
                      3.0343800000e+00 density_5.0
                      1.0272500000e+00 speed_5.0



---------------------
Begin Evaluation  373
---------------------
Parameters for evaluation 373:
                      8.9745365843e-01 desired_speed
                      2.1333250319e-01 radius
                      9.1720198701e-01 time_gap
                      7.9143132130e+00 strength_neighbor
                      1.3138445363e-01 range_neighbor

blocking fork: python3 driver.py params.in results.out

Active response data for evaluation 373:
Active set vector = { 1 1 1 1 1 1 1 1 1 }
                      2.5348500000e+00 flow_2.4
                      3.1848100000e+00 density_2.4
                      2.2198000000e-01 speed_2.4
                      3.7007700000e+00 flow_3.6
                      2.6249400000e+00 density_3.6
                      3.3570000000e-01 speed_3.6
                      5.1424300000e+00 flow_5.0
                      2.3071700000e+00 density_5.0
                      4.1977000000e-01 speed_5.0



---------------------
Begin Evaluation  374
---------------------
Parameters for evaluation 374:
                      1.3403979415e+00 desired_speed
                      1.4646207019e-01 radius
                      5.8066378328e-01 time_gap
                      4.0751805891e+00 strength_neighbor
                      8.3565530597e-02 range_neighbor

blocking fork: python3 driver.py params.in results.out

Active response data for evaluation 374:
Active set vector = { 1 1 1 1 1 1 1 1 1 }
                      6.2416100000e+00 flow_2.4
                      6.2349200000e+00 density_2.4
                      2.7868000000e-01 speed_2.4
                      8.4694500000e+00 flow_3.6
                      4.5532500000e+00 density_3.6
                      4.2272000000e-01 speed_3.6
                      1.1206190000e+01 flow_5.0
                      3.0709900000e+00 density_5.0
                      6.0681000000e-01 speed_5.0



---------------------
Begin Evaluation  375
---------------------
Parameters for evaluation 375:
                      1.0607368366e+00 desired_speed
                      1.7653766023e-01 radius
                      1.3505743664e-01 time_gap
                      8.9980335632e+00 strength_neighbor
                      2.1760204779e-01 range_neighbor

blocking fork: python3 driver.py params.in results.out

Active response data for evaluation 375:
Active set vector = { 1 1 1 1 1 1 1 1 1 }
                      6.9547900000e+00 flow_2.4
                      3.0141900000e+00 density_2.4
                      6.6637000000e-01 speed_2.4
                      1.0256410000e+01 flow_3.6
                      2.7416200000e+00 density_3.6
                      8.8295000000e-01 speed_3.6
                      1.3888890000e+01 flow_5.0
                      2.5890200000e+00 density_5.0
                      9.5704000000e-01 speed_5.0



---------------------
Begin Evaluation  376
---------------------
Parameters for evaluation 376:
                      1.0592480839e+00 desired_speed
                      1.9525626767e-01 radius
                      9.9164357175e-01 time_gap
                      4.1554313597e+00 strength_neighbor
                      2.4205563648e-01 range_neighbor

blocking fork: python3 driver.py params.in results.out

Active response data for evaluation 376:
Active set vector = { 1 1 1 1 1 1 1 1 1 }
                      3.0762500000e+00 flow_2.4
                      3.2539300000e+00 density_2.4
                      2.6495000000e-01 speed_2.4
                      4.5132200000e+00 flow_3.6
                      2.6985900000e+00 density_3.6
                      3.7177000000e-01 speed_3.6
                      6.2555900000e+00 flow_5.0
                      2.3979300000e+00 density_5.0
                      4.5398000000e-01 speed_5.0



---------------------
Begin Evaluation  377
---------------------
Parameters for evaluation 377:
                      1.3302829407e+00 desired_speed
                      2.2624204704e-01 radius
                      1.5721750805e-01 time_gap
                      4.9472287119e+00 strength_neighbor
                      2.8057629532e-01 range_neighbor

blocking fork: python3 driver.py params.in results.out

Active response data for evaluation 377:
Active set vector = { 1 1 1 1 1 1 1 1 1 }
                      6.5913400000e+00 flow_2.4
                      2.6093100000e+00 density_2.4
                      7.5181000000e-01 speed_2.4
                      9.7833700000e+00 flow_3.6
                      2.4092200000e+00 density_3.6
                      1.0297700000e+00 speed_3.6
                      1.4184400000e+01 flow_5.0
                      2.2927500000e+00 density_5.0
                      1.2109600000e+00 speed_5.0



---------------------
Begin Evaluation  378
---------------------
Parameters for evaluation 378:
                      1.3292386672e+00 desired_speed
                      1.8930058385e-01 radius
                      3.5290269947e-01 time_gap
                      7.4658779254e+00 strength_neighbor
                      1.8323563770e-01 range_neighbor

blocking fork: python3 driver.py params.in results.out

Active response data for evaluation 378:
Active set vector = { 1 1 1 1 1 1 1 1 1 }
                      6.3179300000e+00 flow_2.4
                      3.5237000000e+00 density_2.4
                      5.2249000000e-01 speed_2.4
                      9.9156100000e+00 flow_3.6
                      3.0248100000e+00 density_3.6
                      7.8892000000e-01 speed_3.6
                      1.4141410000e+01 flow_5.0
                      2.7066200000e+00 density_5.0
                      1.0385200000e+00 speed_5.0



---------------------
Begin Evaluation  379
---------------------
Parameters for evaluation 379:
                      1.0071327125e+00 desired_speed
                      2.0951559198e-01 radius
                      8.3768767322e-01 time_gap
                      4.2156741255e+00 strength_neighbor
                      9.2833869142e-02 range_neighbor

blocking fork: python3 driver.py params.in results.out

Active response data for evaluation 379:
Active set vector = { 1 1 1 1 1 1 1 1 1 }
                      2.9034900000e+00 flow_2.4
                      3.3130900000e+00 density_2.4
                      2.4829000000e-01 speed_2.4
                      4.6204600000e+00 flow_3.6
                      2.3821900000e+00 density_3.6
                      4.6673000000e-01 speed_3.6
                      5.2083300000e+00 flow_5.0
                      2.3626400000e+00 density_5.0
                      4.4200000000e-01 speed_5.0



---------------------
Begin Evaluation  380
---------------------
Parameters for evaluation 380:
                      1.0930511139e+00 desired_speed
                      1.3944435391e-01 radius
                      1.4711291678e-01 time_gap
                      6.5762238401e+00 strength_neighbor
                      2.8256178415e-01 range_neighbor

blocking fork: python3 driver.py params.in results.out

Active response data for evaluation 380:
Active set vector = { 1 1 1 1 1 1 1 1 1 }
                      8.0183300000e+00 flow_2.4
                      3.0942200000e+00 density_2.4
                      6.7945000000e-01 speed_2.4
                      1.1579820000e+01 flow_3.6
                      2.7979100000e+00 density_3.6
                      9.0688000000e-01 speed_3.6
                      1.5600450000e+01 flow_5.0
                      2.6653900000e+00 density_5.0
                      9.9082000000e-01 speed_5.0



---------------------
Begin Evaluation  381
---------------------
Parameters for evaluation 381:
                      1.2329128220e+00 desired_speed
                      1.9990570542e-01 radius
                      6.6861543621e-01 time_gap
                      4.7843416845e+00 strength_neighbor
                      2.0975492265e-01 range_neighbor

blocking fork: python3 driver.py params.in results.out

Active response data for evaluation 381:
Active set vector = { 1 1 1 1 1 1 1 1 1 }
                      3.9818000000e+00 flow_2.4
                      3.2977100000e+00 density_2.4
                      3.3708000000e-01 speed_2.4
                      6.2025900000e+00 flow_3.6
                      2.7225000000e+00 density_3.6
                      5.2507000000e-01 speed_3.6
                      8.6419800000e+00 flow_5.0
                      2.4759000000e+00 density_5.0
                      6.0682000000e-01 speed_5.0



---------------------
Begin Evaluation  382
---------------------
Parameters for evaluation 382:
                      9.5455952330e-01 desired_speed
                      1.7490013075e-01 radius
                      6.5336782204e-01 time_gap
                      2.2670022335e+00 strength_neighbor
                      2.6652960926e-01 range_neighbor

blocking fork: python3 driver.py params.in results.out

Active response data for evaluation 382:
Active set vector = { 1 1 1 1 1 1 1 1 1 }
                      4.5469300000e+00 flow_2.4
                      3.9363700000e+00 density_2.4
                      3.6081000000e-01 speed_2.4
                      7.2868200000e+00 flow_3.6
                      3.2961100000e+00 density_3.6
                      6.0126000000e-01 speed_3.6
                      9.8039200000e+00 flow_5.0
                      3.2232700000e+00 density_5.0
                      5.6441000000e-01 speed_5.0



---------------------
Begin Evaluation  383
---------------------
Parameters for evaluation 383:
                      1.3688872032e+00 desired_speed
                      1.9809808639e-01 radius
                      4.7443833293e-01 time_gap
                      5.9974296067e+00 strength_neighbor
                      4.1159998063e-02 range_neighbor

blocking fork: python3 driver.py params.in results.out

Active response data for evaluation 383:
Active set vector = { 1 1 1 1 1 1 1 1 1 }
                      5.0576000000e+00 flow_2.4
                      3.5987800000e+00 density_2.4
                      3.9394000000e-01 speed_2.4
                      6.0843100000e+00 flow_3.6
                      2.6657800000e+00 density_3.6
                      5.5242000000e-01 speed_3.6
                      7.0281100000e+00 flow_5.0
                      2.0059100000e+00 density_5.0
                      5.3520000000e-01 speed_5.0



---------------------
Begin Evaluation  384
---------------------
Parameters for evaluation 384:
                      1.5950559696e+00 desired_speed
                      1.8277617118e-01 radius
                      4.1244331019e-01 time_gap
                      6.7284240185e+00 strength_neighbor
                      6.9014891227e-02 range_neighbor

blocking fork: python3 driver.py params.in results.out

Active response data for evaluation 384:
Active set vector = { 1 1 1 1 1 1 1 1 1 }
                      6.4388700000e+00 flow_2.4
                      4.3135700000e+00 density_2.4
                      4.1243000000e-01 speed_2.4
                      1.0093390000e+01 flow_3.6
                      3.2077600000e+00 density_3.6
                      7.4573000000e-01 speed_3.6
                      1.1466010000e+01 flow_5.0
                      2.7070200000e+00 density_5.0
                      7.3468000000e-01 speed_5.0



---------------------
Begin Evaluation  385
---------------------
Parameters for evaluation 385:
                      1.3115723468e+00 desired_speed
                      1.4369048952e-01 radius
                      2.7352821195e-01 time_gap
                      2.3159002509e+00 strength_neighbor
                      2.5482622729e-01 range_neighbor

blocking fork: python3 driver.py params.in results.out

Active response data for evaluation 385:
Active set vector = { 1 1 1 1 1 1 1 1 1 }
                      1.0534240000e+01 flow_2.4
                      5.5602500000e+00 density_2.4
                      5.8190000000e-01 speed_2.4
                      1.7875320000e+01 flow_3.6
                      4.7888400000e+00 density_3.6
                      9.2730000000e-01 speed_3.6
                      2.5409840000e+01 flow_5.0
                      4.2837700000e+00 density_5.0
                      1.1150100000e+00 speed_5.0



---------------------
Begin Evaluation  386
---------------------
Parameters for evaluation 386:
                      1.2067600349e+00 desired_speed
                      1.7055025803e-01 radius
                      4.8661683158e-01 time_gap
                      8.7127423749e+00 strength_neighbor
                      1.1045736539e-01 range_neighbor

blocking fork: python3 driver.py params.in results.out

Active response data for evaluation 386:
Active set vector = { 1 1 1 1 1 1 1 1 1 }
                      5.7400600000e+00 flow_2.4
                      4.6082000000e+00 density_2.4
                      3.4185000000e-01 speed_2.4
                      8.7752500000e+00 flow_3.6
                      3.8610600000e+00 density_3.6
                      5.1904000000e-01 speed_3.6
                      1.2601630000e+01 flow_5.0
                      3.1114900000e+00 density_5.0
                      7.5937000000e-01 speed_5.0



---------------------
Begin Evaluation  387
---------------------
Parameters for evaluation 387:
                      1.4760521062e+00 desired_speed
                      1.8471244847e-01 radius
                      4.3633558740e-01 time_gap
                      5.7913822997e+00 strength_neighbor
                      2.5930838190e-02 range_neighbor

blocking fork: python3 driver.py params.in results.out

Active response data for evaluation 387:
Active set vector = { 1 1 1 1 1 1 1 1 1 }
                      5.4773100000e+00 flow_2.4
                      3.1477100000e+00 density_2.4
                      4.7425000000e-01 speed_2.4
                      5.4012300000e+00 flow_3.6
                      2.0646200000e+00 density_3.6
                      5.0930000000e-01 speed_3.6
                      5.9249800000e+00 flow_5.0
                      1.5195700000e+00 density_5.0
                      3.5938000000e-01 speed_5.0



---------------------
Begin Evaluation  388
---------------------
Parameters for evaluation 388:
                      1.4569550629e+00 desired_speed
                      2.1715413333e-01 radius
                      8.8310851429e-01 time_gap
                      8.6604149482e+00 strength_neighbor
                      2.9347187821e-02 range_neighbor

blocking fork: python3 driver.py params.in results.out

Active response data for evaluation 388:
Active set vector = { 1 1 1 1 1 1 1 1 1 }
                      2.7100300000e+00 flow_2.4
                      2.6295500000e+00 density_2.4
                      2.8658000000e-01 speed_2.4
                      3.2497700000e+00 flow_3.6
                      1.8133000000e+00 density_3.6
                      4.1227000000e-01 speed_3.6
                      3.2865500000e+00 flow_5.0
                      1.6392000000e+00 density_5.0
                      3.0607000000e-01 speed_5.0



---------------------
Begin Evaluation  389
---------------------
Parameters for evaluation 389:
                      1.5455640009e+00 desired_speed
                      1.5061946637e-01 radius
                      4.6712873764e-01 time_gap
                      5.5393541448e+00 strength_neighbor
                      1.7190689762e-01 range_neighbor

blocking fork: python3 driver.py params.in results.out

Active response data for evaluation 389:
Active set vector = { 1 1 1 1 1 1 1 1 1 }
                      7.8203000000e+00 flow_2.4
                      5.0038600000e+00 density_2.4
                      4.2883000000e-01 speed_2.4
                      1.1437910000e+01 flow_3.6
                      4.1813700000e+00 density_3.6
                      6.3664000000e-01 speed_3.6
                      1.5397350000e+01 flow_5.0
                      3.6374400000e+00 density_5.0
                      7.2633000000e-01 speed_5.0



---------------------
Begin Evaluation  390
---------------------
Parameters for evaluation 390:
                      1.4009447809e+00 desired_speed
                      1.3416085728e-01 radius
                      2.6046872504e-01 time_gap
                      6.6165751044e+00 strength_neighbor
                      2.0345781318e-01 range_neighbor

blocking fork: python3 driver.py params.in results.out

Active response data for evaluation 390:
Active set vector = { 1 1 1 1 1 1 1 1 1 }
                      1.1904760000e+01 flow_2.4
                      4.5379000000e+00 density_2.4
                      7.1591000000e-01 speed_2.4
                      1.7676770000e+01 flow_3.6
                      4.0458200000e+00 density_3.6
                      9.9866000000e-01 speed_3.6
                      2.4473680000e+01 flow_5.0
                      3.7266300000e+00 density_5.0
                      1.1389200000e+00 speed_5.0



---------------------
Begin Evaluation  391
---------------------
Parameters for evaluation 391:
                      9.9362787922e-01 desired_speed
                      1.7870394939e-01 radius
                      8.0262189277e-01 time_gap
                      3.5659663942e+00 strength_neighbor
                      1.7797317254e-01 range_neighbor

blocking fork: python3 driver.py params.in results.out

Active response data for evaluation 391:
Active set vector = { 1 1 1 1 1 1 1 1 1 }
                      4.1928700000e+00 flow_2.4
                      4.0156100000e+00 density_2.4
                      2.9300000000e-01 speed_2.4
                      6.0645200000e+00 flow_3.6
                      3.3270400000e+00 density_3.6
                      4.2831000000e-01 speed_3.6
                      7.5782100000e+00 flow_5.0
                      3.2036100000e+00 density_5.0
                      4.3560000000e-01 speed_5.0



---------------------
Begin Evaluation  392
---------------------
Parameters for evaluation 392:
                      1.2624868993e+00 desired_speed
                      2.1252463744e-01 radius
                      9.3411248854e-01 time_gap
                      8.4402865524e+00 strength_neighbor
                      2.4635330615e-01 range_neighbor

blocking fork: python3 driver.py params.in results.out

Active response data for evaluation 392:
Active set vector = { 1 1 1 1 1 1 1 1 1 }
                      2.9498500000e+00 flow_2.4
                      2.2921000000e+00 density_2.4
                      3.5876000000e-01 speed_2.4
                      4.4915000000e+00 flow_3.6
                      1.9806000000e+00 density_3.6
                      5.1520000000e-01 speed_3.6
                      5.7001200000e+00 flow_5.0
                      1.8190900000e+00 density_5.0
                      5.4336000000e-01 speed_5.0



---------------------
Begin Evaluation  393
---------------------
Parameters for evaluation 393:
                      9.7873507102e-01 desired_speed
                      2.0743168867e-01 radius
                      1.7821113901e-01 time_gap
                      5.1295585976e+00 strength_neighbor
                      2.3182875231e-01 range_neighbor

blocking fork: python3 driver.py params.in results.out

Active response data for evaluation 393:
Active set vector = { 1 1 1 1 1 1 1 1 1 }
                      6.0370800000e+00 flow_2.4
                      3.2998800000e+00 density_2.4
                      5.7245000000e-01 speed_2.4
                      9.3147000000e+00 flow_3.6
                      3.0186400000e+00 density_3.6
                      7.9037000000e-01 speed_3.6
                      1.2978520000e+01 flow_5.0
                      2.8491600000e+00 density_5.0
                      8.4643000000e-01 speed_5.0



---------------------
Begin Evaluation  394
---------------------
Parameters for evaluation 394:
                      1.4317776495e+00 desired_speed
                      1.5978484631e-01 radius
                      2.0495767778e-01 time_gap
                      8.3220123244e+00 strength_neighbor
                      2.3911954182e-01 range_neighbor

blocking fork: python3 driver.py params.in results.out

Active response data for evaluation 394:
Active set vector = { 1 1 1 1 1 1 1 1 1 }
                      8.9743600000e+00 flow_2.4
                      3.0610800000e+00 density_2.4
                      8.2270000000e-01 speed_2.4
                      1.3439310000e+01 flow_3.6
                      2.7578200000e+00 density_3.6
                      1.1102100000e+00 speed_3.6
                      1.8445320000e+01 flow_5.0
                      2.5942100000e+00 density_5.0
                      1.2526500000e+00 speed_5.0



---------------------
Begin Evaluation  395
---------------------
Parameters for evaluation 395:
                      9.8551140974e-01 desired_speed
                      1.3575880872e-01 radius
                      5.2238555444e-01 time_gap
                      6.8354774270e+00 strength_neighbor
                      2.5374064121e-01 range_neighbor

blocking fork: python3 driver.py params.in results.out

Active response data for evaluation 395:
Active set vector = { 1 1 1 1 1 1 1 1 1 }
                      6.3405800000e+00 flow_2.4
                      3.5450200000e+00 density_2.4
                      4.9814000000e-01 speed_2.4
                      9.6763100000e+00 flow_3.6
                      3.2006600000e+00 density_3.6
                      7.0984000000e-01 speed_3.6
                      1.3371540000e+01 flow_5.0
                      3.0000000000e+00 density_5.0
                      7.9043000000e-01 speed_5.0



---------------------
Begin Evaluation  396
---------------------
Parameters for evaluation 396:
                      8.6666183786e-01 desired_speed
                      2.4565001873e-01 radius
                      5.1121950145e-01 time_gap
                      8.5979384344e+00 strength_neighbor
                      1.2841053602e-01 range_neighbor

blocking fork: python3 driver.py params.in results.out

Active response data for evaluation 396:
Active set vector = { 1 1 1 1 1 1 1 1 1 }
                      2.8351600000e+00 flow_2.4
                      2.7071900000e+00 density_2.4
                      3.0246000000e-01 speed_2.4
                      4.4603200000e+00 flow_3.6
                      2.2699500000e+00 density_3.6
                      4.8403000000e-01 speed_3.6
                      6.5400800000e+00 flow_5.0
                      2.0540700000e+00 density_5.0
                      6.5150000000e-01 speed_5.0



---------------------
Begin Evaluation  397
---------------------
Parameters for evaluation 397:
                      8.3494329572e-01 desired_speed
                      2.1910209037e-01 radius
                      9.0010694539e-01 time_gap
                      6.3987510072e+00 strength_neighbor
                      1.4188046157e-01 range_neighbor

blocking fork: python3 driver.py params.in results.out

Active response data for evaluation 397:
Active set vector = { 1 1 1 1 1 1 1 1 1 }
                      2.5514900000e+00 flow_2.4
                      2.9978500000e+00 density_2.4
                      2.4163000000e-01 speed_2.4
                      3.8977400000e+00 flow_3.6
                      2.4416700000e+00 density_3.6
                      3.7863000000e-01 speed_3.6
                      4.9310700000e+00 flow_5.0
                      2.3064800000e+00 density_5.0
                      4.1354000000e-01 speed_5.0



---------------------
Begin Evaluation  398
---------------------
Parameters for evaluation 398:
                      9.6957471165e-01 desired_speed
                      2.2989601093e-01 radius
                      2.5216874874e-01 time_gap
                      3.1693684467e+00 strength_neighbor
                      3.9116713885e-02 range_neighbor

blocking fork: python3 driver.py params.in results.out

Active response data for evaluation 398:
Active set vector = { 1 1 1 1 1 1 1 1 1 }
                      4.4699900000e+00 flow_2.4
                      3.2247100000e+00 density_2.4
                      4.0228000000e-01 speed_2.4
                      5.8848300000e+00 flow_3.6
                      1.9386500000e+00 density_3.6
                      6.6863000000e-01 speed_3.6
                      6.5493000000e+00 flow_5.0
                      1.9027500000e+00 density_5.0
                      5.0008000000e-01 speed_5.0



---------------------
Begin Evaluation  399
---------------------
Parameters for evaluation 399:
                      1.1945542657e+00 desired_speed
                      2.3174118658e-01 radius
                      7.9622760393e-01 time_gap
                      9.5007292128e+00 strength_neighbor
                      2.9627899058e-01 range_neighbor

blocking fork: python3 driver.py params.in results.out

Active response data for evaluation 399:
Active set vector = { 1 1 1 1 1 1 1 1 1 }
                      2.7147600000e+00 flow_2.4
                      1.7882100000e+00 density_2.4
                      4.4835000000e-01 speed_2.4
                      4.1967500000e+00 flow_3.6
                      1.5763900000e+00 density_3.6
                      6.7512000000e-01 speed_3.6
                      5.9146600000e+00 flow_5.0
                      1.4222400000e+00 density_5.0
                      8.2803000000e-01 speed_5.0



---------------------
Begin Evaluation  400
---------------------
Parameters for evaluation 400:
                      1.2514489676e+00 desired_speed
                      1.4528175664e-01 radius
                      2.4295578178e-01 time_gap
                      5.0649871658e+00 strength_neighbor
                      1.6840095383e-01 range_neighbor

blocking fork: python3 driver.py params.in results.out

Active response data for evaluation 400:
Active set vector = { 1 1 1 1 1 1 1 1 1 }
                      1.1326860000e+01 flow_2.4
                      5.7190400000e+00 density_2.4
                      5.6327000000e-01 speed_2.4
                      1.7748090000e+01 flow_3.6
                      4.9069800000e+00 density_3.6
                      8.3973000000e-01 speed_3.6
                      2.6177020000e+01 flow_5.0
                      4.3188200000e+00 density_5.0
                      1.1152800000e+00 speed_5.0



---------------------
Begin Evaluation  401
---------------------
Parameters for evaluation 401:
                      1.5814418277e+00 desired_speed
                      2.0414940701e-01 radius
                      1.6199281940e-01 time_gap
                      2.5897737029e+00 strength_neighbor
                      2.2630911283e-01 range_neighbor

blocking fork: python3 driver.py params.in results.out

Active response data for evaluation 401:
Active set vector = { 1 1 1 1 1 1 1 1 1 }
                      8.3632000000e+00 flow_2.4
                      3.6925000000e+00 density_2.4
                      7.6656000000e-01 speed_2.4
                      1.4430240000e+01 flow_3.6
                      3.3837600000e+00 density_3.6
                      1.1735700000e+00 speed_3.6
                      2.1604940000e+01 flow_5.0
                      3.2126400000e+00 density_5.0
                      1.3733500000e+00 speed_5.0



---------------------
Begin Evaluation  402
---------------------
Parameters for evaluation 402:
                      9.4545403565e-01 desired_speed
                      1.5856763460e-01 radius
                      5.6214564319e-01 time_gap
                      8.1649573259e+00 strength_neighbor
                      1.4528246369e-01 range_neighbor

blocking fork: python3 driver.py params.in results.out

Active response data for evaluation 402:
Active set vector = { 1 1 1 1 1 1 1 1 1 }
                      5.2910100000e+00 flow_2.4
                      4.6879600000e+00 density_2.4
                      3.1818000000e-01 speed_2.4
                      8.2015200000e+00 flow_3.6
                      3.9467400000e+00 density_3.6
                      5.0223000000e-01 speed_3.6
                      1.1497110000e+01 flow_5.0
                      3.4498800000e+00 density_5.0
                      6.5238000000e-01 speed_5.0



---------------------
Begin Evaluation  403
---------------------
Parameters for evaluation 403:
                      8.0471067802e-01 desired_speed
                      1.2100301688e-01 radius
                      8.2480260917e-01 time_gap
                      4.5824331394e+00 strength_neighbor
                      1.1901735993e-01 range_neighbor

blocking fork: python3 driver.py params.in results.out

Active response data for evaluation 403:
Active set vector = { 1 1 1 1 1 1 1 1 1 }
                      5.7049700000e+00 flow_2.4
                      7.6441200000e+00 density_2.4
                      2.0680000000e-01 speed_2.4
                      8.0869600000e+00 flow_3.6
                      6.0212100000e+00 density_3.6
                      3.0475000000e-01 speed_3.6
                      1.0534240000e+01 flow_5.0
                      4.8483800000e+00 density_5.0
                      3.6137000000e-01 speed_5.0



---------------------
Begin Evaluation  404
---------------------
Parameters for evaluation 404:
                      1.3009730498e+00 desired_speed
                      1.2646326562e-01 radius
                      9.7955028262e-01 time_gap
                      6.1748407720e+00 strength_neighbor
                      1.9690049184e-01 range_neighbor

blocking fork: python3 driver.py params.in results.out

Active response data for evaluation 404:
Active set vector = { 1 1 1 1 1 1 1 1 1 }
                      4.9910900000e+00 flow_2.4
                      5.0276600000e+00 density_2.4
                      2.6853000000e-01 speed_2.4
                      7.1794900000e+00 flow_3.6
                      4.2714500000e+00 density_3.6
                      3.7221000000e-01 speed_3.6
                      9.3254000000e+00 flow_5.0
                      3.7599000000e+00 density_5.0
                      4.0587000000e-01 speed_5.0



---------------------
Begin Evaluation  405
---------------------
Parameters for evaluation 405:
                      1.0173803283e+00 desired_speed
                      2.0780318386e-01 radius
                      8.3145224634e-01 time_gap
                      5.1157669755e+00 strength_neighbor
                      6.7469366210e-02 range_neighbor

blocking fork: python3 driver.py params.in results.out

Active response data for evaluation 405:
Active set vector = { 1 1 1 1 1 1 1 1 1 }
                      3.0010700000e+00 flow_2.4
                      3.3336400000e+00 density_2.4
                      2.5629000000e-01 speed_2.4
                      4.5439800000e+00 flow_3.6
                      2.3730200000e+00 density_3.6
                      4.7834000000e-01 speed_3.6
                      4.7546000000e+00 flow_5.0
                      2.1344700000e+00 density_5.0
                      4.0462000000e-01 speed_5.0



---------------------
Begin Evaluation  406
---------------------
Parameters for evaluation 406:
                      1.0276054190e+00 desired_speed
                      2.1992134893e-01 radius
                      8.8637551778e-01 time_gap
                      5.6340688484e+00 strength_neighbor
                      7.4865863672e-02 range_neighbor

blocking fork: python3 driver.py params.in results.out

Active response data for evaluation 406:
Active set vector = { 1 1 1 1 1 1 1 1 1 }
                      2.5626900000e+00 flow_2.4
                      3.0414000000e+00 density_2.4
                      2.3752000000e-01 speed_2.4
                      4.2739000000e+00 flow_3.6
                      2.1777800000e+00 density_3.6
                      4.6304000000e-01 speed_3.6
                      4.6869700000e+00 flow_5.0
                      2.0211500000e+00 density_5.0
                      4.4272000000e-01 speed_5.0



---------------------
Begin Evaluation  407
---------------------
Parameters for evaluation 407:
                      1.3574135717e+00 desired_speed
                      2.3743754606e-01 radius
                      4.4700415157e-01 time_gap
                      2.2730708126e+00 strength_neighbor
                      1.5956830824e-01 range_neighbor

blocking fork: python3 driver.py params.in results.out

Active response data for evaluation 407:
Active set vector = { 1 1 1 1 1 1 1 1 1 }
                      4.2385700000e+00 flow_2.4
                      2.6625300000e+00 density_2.4
                      4.8524000000e-01 speed_2.4
                      6.4983600000e+00 flow_3.6
                      2.2394000000e+00 density_3.6
                      7.4071000000e-01 speed_3.6
                      8.3184300000e+00 flow_5.0
                      1.9499400000e+00 density_5.0
                      8.3387000000e-01 speed_5.0



---------------------
Begin Evaluation  408
---------------------
Parameters for evaluation 408:
                      8.8088781013e-01 desired_speed
                      1.8610764092e-01 radius
                      7.8331779910e-01 time_gap
                      9.2971624295e+00 strength_neighbor
                      7.7199791742e-02 range_neighbor

blocking fork: python3 driver.py params.in results.out

Active response data for evaluation 408:
Active set vector = { 1 1 1 1 1 1 1 1 1 }
                      3.3791900000e+00 flow_2.4
                      4.1478400000e+00 density_2.4
                      2.2620000000e-01 speed_2.4
                      5.2025300000e+00 flow_3.6
                      3.1932100000e+00 density_3.6
                      3.8551000000e-01 speed_3.6
                      6.4724900000e+00 flow_5.0
                      2.8878100000e+00 density_5.0
                      4.2377000000e-01 speed_5.0



---------------------
Begin Evaluation  409
---------------------
Parameters for evaluation 409:
                      1.1013324267e+00 desired_speed
                      1.8726152465e-01 radius
                      4.8552598882e-01 time_gap
                      6.0864119670e+00 strength_neighbor
                      1.3577363805e-01 range_neighbor

blocking fork: python3 driver.py params.in results.out

Active response data for evaluation 409:
Active set vector = { 1 1 1 1 1 1 1 1 1 }
                      5.0614600000e+00 flow_2.4
                      4.1013400000e+00 density_2.4
                      3.5001000000e-01 speed_2.4
                      7.8917400000e+00 flow_3.6
                      3.3239900000e+00 density_3.6
                      5.7734000000e-01 speed_3.6
                      1.0678870000e+01 flow_5.0
                      2.9929100000e+00 density_5.0
                      6.8584000000e-01 speed_5.0



---------------------
Begin Evaluation  410
---------------------
Parameters for evaluation 410:
                      1.5196292321e+00 desired_speed
                      1.2226119036e-01 radius
                      1.3519460211e-01 time_gap
                      9.6204939769e+00 strength_neighbor
                      6.2718696389e-02 range_neighbor

blocking fork: python3 driver.py params.in results.out

Active response data for evaluation 410:
Active set vector = { 1 1 1 1 1 1 1 1 1 }
                      2.0965310000e+01 flow_2.4
                      8.7998700000e+00 density_2.4
                      6.3971000000e-01 speed_2.4
                      3.2159620000e+01 flow_3.6
                      7.1391100000e+00 density_3.6
                      9.6439000000e-01 speed_3.6
                      4.2813460000e+01 flow_5.0
                      5.5892900000e+00 density_5.0
                      1.1946200000e+00 speed_5.0



---------------------
Begin Evaluation  411
---------------------
Parameters for evaluation 411:
                      1.1417660344e+00 desired_speed
                      1.5218401280e-01 radius
                      2.9391003514e-01 time_gap
                      8.8880124789e+00 strength_neighbor
                      3.6988378406e-02 range_neighbor

blocking fork: python3 driver.py params.in results.out

Active response data for evaluation 411:
Active set vector = { 1 1 1 1 1 1 1 1 1 }
                      8.9967600000e+00 flow_2.4
                      6.4029600000e+00 density_2.4
                      3.9364000000e-01 speed_2.4
                      1.1637570000e+01 flow_3.6
                      4.7441400000e+00 density_3.6
                      5.4907000000e-01 speed_3.6
                      1.5151520000e+01 flow_5.0
                      2.9490300000e+00 density_5.0
                      7.2561000000e-01 speed_5.0



---------------------
Begin Evaluation  412
---------------------
Parameters for evaluation 412:
                      1.0399406724e+00 desired_speed
                      2.3674366663e-01 radius
                      7.2692459725e-01 time_gap
                      7.4359107529e+00 strength_neighbor
                      1.9119514243e-01 range_neighbor

blocking fork: python3 driver.py params.in results.out

Active response data for evaluation 412:
Active set vector = { 1 1 1 1 1 1 1 1 1 }
                      2.7794300000e+00 flow_2.4
                      2.4975600000e+00 density_2.4
                      3.1813000000e-01 speed_2.4
                      4.3249900000e+00 flow_3.6
                      2.0841600000e+00 density_3.6
                      5.0609000000e-01 speed_3.6
                      5.8948300000e+00 flow_5.0
                      1.8408500000e+00 density_5.0
                      6.1899000000e-01 speed_5.0



---------------------
Begin Evaluation  413
---------------------
Parameters for evaluation 413:
                      1.0852893607e+00 desired_speed
                      1.6449386681e-01 radius
                      3.6353805318e-01 time_gap
                      4.9991295721e+00 strength_neighbor
                      1.2200082381e-01 range_neighbor

blocking fork: python3 driver.py params.in results.out

Active response data for evaluation 413:
Active set vector = { 1 1 1 1 1 1 1 1 1 }
                      7.3956700000e+00 flow_2.4
                      5.3147600000e+00 density_2.4
                      3.9741000000e-01 speed_2.4
                      1.1354420000e+01 flow_3.6
                      4.3637300000e+00 density_3.6
                      6.4286000000e-01 speed_3.6
                      1.5146580000e+01 flow_5.0
                      3.9639400000e+00 density_5.0
                      7.0449000000e-01 speed_5.0



---------------------
Begin Evaluation  414
---------------------
Parameters for evaluation 414:
                      9.3424115900e-01 desired_speed
                      2.0558018189e-01 radius
                      9.5670881694e-01 time_gap
                      6.3817035361e+00 strength_neighbor
                      8.7417883061e-02 range_neighbor

blocking fork: python3 driver.py params.in results.out

Active response data for evaluation 414:
Active set vector = { 1 1 1 1 1 1 1 1 1 }
                      2.6636200000e+00 flow_2.4
                      3.3981500000e+00 density_2.4
                      2.1741000000e-01 speed_2.4
                      3.8791900000e+00 flow_3.6
                      2.6845000000e+00 density_3.6
                      3.5803000000e-01 speed_3.6
                      4.6305600000e+00 flow_5.0
                      2.5198600000e+00 density_5.0
                      3.5900000000e-01 speed_5.0



---------------------
Begin Evaluation  415
---------------------
Parameters for evaluation 415:
                      8.5528005196e-01 desired_speed
                      1.2413711261e-01 radius
                      7.5138641368e-01 time_gap
                      2.8274780512e+00 strength_neighbor
                      4.8075609499e-02 range_neighbor

blocking fork: python3 driver.py params.in results.out

Active response data for evaluation 415:
Active set vector = { 1 1 1 1 1 1 1 1 1 }
                      5.2327700000e+00 flow_2.4
                      5.0735400000e+00 density_2.4
                      2.8895000000e-01 speed_2.4
                      6.0370800000e+00 flow_3.6
                      2.2884400000e+00 density_3.6
                      4.2530000000e-01 speed_3.6
                      7.0030100000e+00 flow_5.0
                      1.7016600000e+00 density_5.0
                      2.3004000000e-01 speed_5.0



---------------------
Begin Evaluation  416
---------------------
Parameters for evaluation 416:
                      1.1659662181e+00 desired_speed
                      2.4481415707e-01 radius
                      5.5456025083e-01 time_gap
                      8.5841353772e+00 strength_neighbor
                      8.1716265028e-02 range_neighbor

blocking fork: python3 driver.py params.in results.out

Active response data for evaluation 416:
Active set vector = { 1 1 1 1 1 1 1 1 1 }
                      3.0501100000e+00 flow_2.4
                      2.6482500000e+00 density_2.4
                      3.2613000000e-01 speed_2.4
                      4.7138000000e+00 flow_3.6
                      2.1506100000e+00 density_3.6
                      5.2890000000e-01 speed_3.6
                      6.4014600000e+00 flow_5.0
                      1.9322400000e+00 density_5.0
                      6.4597000000e-01 speed_5.0



---------------------
Begin Evaluation  417
---------------------
Parameters for evaluation 417:
                      9.1729973748e-01 desired_speed
                      2.4279448079e-01 radius
                      3.7975384261e-01 time_gap
                      3.1995443175e+00 strength_neighbor
                      2.7384331074e-01 range_neighbor

blocking fork: python3 driver.py params.in results.out

Active response data for evaluation 417:
Active set vector = { 1 1 1 1 1 1 1 1 1 }
                      3.2161700000e+00 flow_2.4
                      2.5302500000e+00 density_2.4
                      4.2926000000e-01 speed_2.4
                      5.6224900000e+00 flow_3.6
                      2.3639800000e+00 density_3.6
                      6.2373000000e-01 speed_3.6
                      8.1578900000e+00 flow_5.0
                      2.1782000000e+00 density_5.0
                      7.7128000000e-01 speed_5.0



---------------------
Begin Evaluation  418
---------------------
Parameters for evaluation 418:
                      1.3735416449e+00 desired_speed
                      1.6132204884e-01 radius
                      7.0009983829e-01 time_gap
                      6.7081571043e+00 strength_neighbor
                      9.6562338270e-02 range_neighbor

blocking fork: python3 driver.py params.in results.out

Active response data for evaluation 418:
Active set vector = { 1 1 1 1 1 1 1 1 1 }
                      4.7522100000e+00 flow_2.4
                      5.1386100000e+00 density_2.4
                      2.5434000000e-01 speed_2.4
                      6.8369800000e+00 flow_3.6
                      4.0725200000e+00 density_3.6
                      3.9077000000e-01 speed_3.6
                      8.7092700000e+00 flow_5.0
                      3.4746000000e+00 density_5.0
                      4.7126000000e-01 speed_5.0



---------------------
Begin Evaluation  419
---------------------
Parameters for evaluation 419:
                      8.1209651074e-01 desired_speed
                      1.6598196756e-01 radius
                      2.3615286363e-01 time_gap
                      4.8170033540e+00 strength_neighbor
                      5.8826366537e-02 range_neighbor

blocking fork: python3 driver.py params.in results.out

Active response data for evaluation 419:
Active set vector = { 1 1 1 1 1 1 1 1 1 }
                      7.8168600000e+00 flow_2.4
                      6.0845700000e+00 density_2.4
                      3.6902000000e-01 speed_2.4
                      1.1737680000e+01 flow_3.6
                      4.9227700000e+00 density_3.6
                      5.7913000000e-01 speed_3.6
                      1.5452540000e+01 flow_5.0
                      3.9144300000e+00 density_5.0
                      6.5537000000e-01 speed_5.0



---------------------
Begin Evaluation  420
---------------------
Parameters for evaluation 420:
                      1.5635940940e+00 desired_speed
                      1.6833498274e-01 radius
                      5.0786273301e-01 time_gap
                      5.4895570329e+00 strength_neighbor
                      2.6922333990e-01 range_neighbor

blocking fork: python3 driver.py params.in results.out

Active response data for evaluation 420:
Active set vector = { 1 1 1 1 1 1 1 1 1 }
                      6.5318500000e+00 flow_2.4
                      3.2389100000e+00 density_2.4
                      5.7143000000e-01 speed_2.4
                      1.0072460000e+01 flow_3.6
                      2.7510100000e+00 density_3.6
                      8.7534000000e-01 speed_3.6
                      1.4133740000e+01 flow_5.0
                      2.4572500000e+00 density_5.0
                      1.1273100000e+00 speed_5.0



---------------------
Begin Evaluation  421
---------------------
Parameters for evaluation 421:
                      1.1552696226e+00 desired_speed
                      2.3998895558e-01 radius
                      7.9866162511e-01 time_gap
                      9.5997812400e+00 strength_neighbor
                      2.2035741782e-01 range_neighbor

blocking fork: python3 driver.py params.in results.out

Active response data for evaluation 421:
Active set vector = { 1 1 1 1 1 1 1 1 1 }
                      2.6173100000e+00 flow_2.4
                      2.1205400000e+00 density_2.4
                      3.5832000000e-01 speed_2.4
                      4.0579700000e+00 flow_3.6
                      1.8125500000e+00 density_3.6
                      5.4656000000e-01 speed_3.6
                      5.5889400000e+00 flow_5.0
                      1.5711300000e+00 density_5.0
                      6.9761000000e-01 speed_5.0



---------------------
Begin Evaluation  422
---------------------
Parameters for evaluation 422:
                      1.5032276737e+00 desired_speed
                      2.4893979831e-01 radius
                      5.8187896209e-01 time_gap
                      2.1276641547e+00 strength_neighbor
                      2.9894260424e-01 range_neighbor

blocking fork: python3 driver.py params.in results.out

Active response data for evaluation 422:
Active set vector = { 1 1 1 1 1 1 1 1 1 }
                      3.0742200000e+00 flow_2.4
                      2.0344700000e+00 density_2.4
                      5.1502000000e-01 speed_2.4
                      5.7628500000e+00 flow_3.6
                      1.8380700000e+00 density_3.6
                      7.9399000000e-01 speed_3.6
                      7.9526200000e+00 flow_5.0
                      1.6843600000e+00 density_5.0
                      9.3206000000e-01 speed_5.0



---------------------
Begin Evaluation  423
---------------------
Parameters for evaluation 423:
                      1.4106104807e+00 desired_speed
                      1.5563927467e-01 radius
                      6.4609512807e-01 time_gap
                      5.5707431507e+00 strength_neighbor
                      3.2820593617e-02 range_neighbor

blocking fork: python3 driver.py params.in results.out

Active response data for evaluation 423:
Active set vector = { 1 1 1 1 1 1 1 1 1 }
                      5.0890600000e+00 flow_2.4
                      4.3604100000e+00 density_2.4
                      3.1558000000e-01 speed_2.4
                      5.5161500000e+00 flow_3.6
                      2.1257800000e+00 density_3.6
                      4.5748000000e-01 speed_3.6
                      6.2082800000e+00 flow_5.0
                      1.5364300000e+00 density_5.0
                      3.5625000000e-01 speed_5.0



---------------------
Begin Evaluation  424
---------------------
Parameters for evaluation 424:
                      1.4294923702e+00 desired_speed
                      1.6251583056e-01 radius
                      7.3171683654e-01 time_gap
                      9.8240570315e+00 strength_neighbor
                      1.5519205014e-01 range_neighbor

blocking fork: python3 driver.py params.in results.out

Active response data for evaluation 424:
Active set vector = { 1 1 1 1 1 1 1 1 1 }
                      4.8011000000e+00 flow_2.4
                      4.0157500000e+00 density_2.4
                      3.2267000000e-01 speed_2.4
                      6.7639900000e+00 flow_3.6
                      3.4641800000e+00 density_3.6
                      4.3927000000e-01 speed_3.6
                      8.9080500000e+00 flow_5.0
                      3.0650800000e+00 density_5.0
                      4.9141000000e-01 speed_5.0



---------------------
Begin Evaluation  425
---------------------
Parameters for evaluation 425:
                      1.5295956530e+00 desired_speed
                      1.9165771814e-01 radius
                      7.7068264783e-01 time_gap
                      8.6153740207e+00 strength_neighbor
                      2.6268362090e-01 range_neighbor

blocking fork: python3 driver.py params.in results.out

Active response data for evaluation 425:
Active set vector = { 1 1 1 1 1 1 1 1 1 }
                      3.9092900000e+00 flow_2.4
                      2.3987300000e+00 density_2.4
                      4.7275000000e-01 speed_2.4
                      5.8860800000e+00 flow_3.6
                      2.1117000000e+00 density_3.6
                      6.3841000000e-01 speed_3.6
                      8.0878100000e+00 flow_5.0
                      1.8391600000e+00 density_5.0
                      7.9383000000e-01 speed_5.0



---------------------
Begin Evaluation  426
---------------------
Parameters for evaluation 426:
                      1.2476178624e+00 desired_speed
                      1.6978310594e-01 radius
                      3.0696512124e-01 time_gap
                      6.6158033661e+00 strength_neighbor
                      1.7737651330e-01 range_neighbor

blocking fork: python3 driver.py params.in results.out

Active response data for evaluation 426:
Active set vector = { 1 1 1 1 1 1 1 1 1 }
                      7.9096000000e+00 flow_2.4
                      4.2074600000e+00 density_2.4
                      5.3413000000e-01 speed_2.4
                      1.2222220000e+01 flow_3.6
                      3.6877800000e+00 density_3.6
                      8.1074000000e-01 speed_3.6
                      1.7345680000e+01 flow_5.0
                      3.3197200000e+00 density_5.0
                      9.9237000000e-01 speed_5.0



---------------------
Begin Evaluation  427
---------------------
Parameters for evaluation 427:
                      1.2269892939e+00 desired_speed
                      1.3160556382e-01 radius
                      2.1975419187e-01 time_gap
                      3.8057731488e+00 strength_neighbor
                      2.3590379981e-01 range_neighbor

blocking fork: python3 driver.py params.in results.out

Active response data for evaluation 427:
Active set vector = { 1 1 1 1 1 1 1 1 1 }
                      1.2813370000e+01 flow_2.4
                      5.2261900000e+00 density_2.4
                      6.6441000000e-01 speed_2.4
                      1.9716310000e+01 flow_3.6
                      4.6398300000e+00 density_3.6
                      9.4896000000e-01 speed_3.6
                      2.6685930000e+01 flow_5.0
                      4.2436400000e+00 density_5.0
                      1.0894600000e+00 speed_5.0



---------------------
Begin Evaluation  428
---------------------
Parameters for evaluation 428:
                      1.5562024851e+00 desired_speed
                      2.4715315765e-01 radius
                      1.2831759712e-01 time_gap
                      4.4540760835e+00 strength_neighbor
                      1.1614755015e-01 range_neighbor

blocking fork: python3 driver.py params.in results.out

Active response data for evaluation 428:
Active set vector = { 1 1 1 1 1 1 1 1 1 }
                      7.0281100000e+00 flow_2.4
                      3.0448400000e+00 density_2.4
                      7.0758000000e-01 speed_2.4
                      1.1463620000e+01 flow_3.6
                      2.7531600000e+00 density_3.6
                      1.0945000000e+00 speed_3.6
                      1.7032970000e+01 flow_5.0
                      2.5840700000e+00 density_5.0
                      1.3623200000e+00 speed_5.0



---------------------
Begin Evaluation  429
---------------------
Parameters for evaluation 429:
                      1.3815489994e+00 desired_speed
                      2.2084301793e-01 radius
                      2.8512921616e-01 time_gap
                      2.9146316222e+00 strength_neighbor
                      2.1312751003e-01 range_neighbor

blocking fork: python3 driver.py params.in results.out

Active response data for evaluation 429:
Active set vector = { 1 1 1 1 1 1 1 1 1 }
                      5.6565700000e+00 flow_2.4
                      3.0426300000e+00 density_2.4
                      6.0458000000e-01 speed_2.4
                      9.2556000000e+00 flow_3.6
                      2.7535900000e+00 density_3.6
                      8.8444000000e-01 speed_3.6
                      1.3725490000e+01 flow_5.0
                      2.5455600000e+00 density_5.0
                      1.1156200000e+00 speed_5.0



---------------------
Begin Evaluation  430
---------------------
Parameters for evaluation 430:
                      8.4512423592e-01 desired_speed
                      1.2731471142e-01 radius
                      3.9074440927e-01 time_gap
                      9.9819542084e+00 strength_neighbor
                      2.7808698143e-01 range_neighbor

blocking fork: python3 driver.py params.in results.out

Active response data for evaluation 430:
Active set vector = { 1 1 1 1 1 1 1 1 1 }
                      5.0669600000e+00 flow_2.4
                      2.7136300000e+00 density_2.4
                      5.1927000000e-01 speed_2.4
                      7.4758800000e+00 flow_3.6
                      2.4435300000e+00 density_3.6
                      7.0145000000e-01 speed_3.6
                      1.0219780000e+01 flow_5.0
                      2.3061600000e+00 density_5.0
                      7.6307000000e-01 speed_5.0



---------------------
Begin Evaluation  431
---------------------
Parameters for evaluation 431:
                      9.0255705312e-01 desired_speed
                      1.7768555848e-01 radius
                      2.6555816439e-01 time_gap
                      6.9307683728e+00 strength_neighbor
                      1.6161201118e-01 range_neighbor

blocking fork: python3 driver.py params.in results.out

Active response data for evaluation 431:
Active set vector = { 1 1 1 1 1 1 1 1 1 }
                      6.6857700000e+00 flow_2.4
                      4.3273600000e+00 density_2.4
                      4.5187000000e-01 speed_2.4
                      1.0393470000e+01 flow_3.6
                      3.8777800000e+00 density_3.6
                      6.3672000000e-01 speed_3.6
                      1.4531250000e+01 flow_5.0
                      3.5981300000e+00 density_5.0
                      7.8550000000e-01 speed_5.0



---------------------
Begin Evaluation  432
---------------------
Parameters for evaluation 432:
                      1.4426923077e+00 desired_speed
                      2.3247197043e-01 radius
                      9.9150847283e-01 time_gap
                      5.2691977509e+00 strength_neighbor
                      5.4923915666e-02 range_neighbor

blocking fork: python3 driver.py params.in results.out

Active response data for evaluation 432:
Active set vector = { 1 1 1 1 1 1 1 1 1 }
                      2.5768500000e+00 flow_2.4
                      2.4189900000e+00 density_2.4
                      2.9620000000e-01 speed_2.4
                      3.5300100000e+00 flow_3.6
                      1.6506000000e+00 density_3.6
                      5.0650000000e-01 speed_3.6
                      3.7155000000e+00 flow_5.0
                      1.5680800000e+00 density_5.0
                      4.0223000000e-01 speed_5.0



---------------------
Begin Evaluation  433
---------------------
Parameters for evaluation 433:
                      8.7673359644e-01 desired_speed
                      2.0264592712e-01 radius
                      9.2719185769e-01 time_gap
                      8.2419582761e+00 strength_neighbor
                      2.2792135870e-01 range_neighbor

blocking fork: python3 driver.py params.in results.out

Active response data for evaluation 433:
Active set vector = { 1 1 1 1 1 1 1 1 1 }
                      2.7978300000e+00 flow_2.4
                      2.6748100000e+00 density_2.4
                      3.0406000000e-01 speed_2.4
                      4.2347200000e+00 flow_3.6
                      2.2995700000e+00 density_3.6
                      4.5635000000e-01 speed_3.6
                      5.8187900000e+00 flow_5.0
                      2.0510100000e+00 density_5.0
                      5.3954000000e-01 speed_5.0



---------------------
Begin Evaluation  434
---------------------
Parameters for evaluation 434:
                      1.2995923415e+00 desired_speed
                      1.4257913025e-01 radius
                      2.0509275651e-01 time_gap
                      7.5094881334e+00 strength_neighbor
                      2.0579929340e-01 range_neighbor

blocking fork: python3 driver.py params.in results.out

Active response data for evaluation 434:
Active set vector = { 1 1 1 1 1 1 1 1 1 }
                      1.0928960000e+01 flow_2.4
                      4.0028400000e+00 density_2.4
                      7.5020000000e-01 speed_2.4
                      1.6431920000e+01 flow_3.6
                      3.6466200000e+00 density_3.6
                      1.0104100000e+00 speed_3.6
                      2.2572820000e+01 flow_5.0
                      3.4101100000e+00 density_5.0
                      1.1416600000e+00 speed_5.0



---------------------
Begin Evaluation  435
---------------------
Parameters for evaluation 435:
                      1.4631400093e+00 desired_speed
                      1.3130049055e-01 radius
                      4.0309576634e-01 time_gap
                      7.2727152072e+00 strength_neighbor
                      2.0078691137e-01 range_neighbor

blocking fork: python3 driver.py params.in results.out

Active response data for evaluation 435:
Active set vector = { 1 1 1 1 1 1 1 1 1 }
                      9.7077200000e+00 flow_2.4
                      4.4404800000e+00 density_2.4
                      6.0660000000e-01 speed_2.4
                      1.4662450000e+01 flow_3.6
                      3.8852000000e+00 density_3.6
                      8.7984000000e-01 speed_3.6
                      1.8600000000e+01 flow_5.0
                      3.5941900000e+00 density_5.0
                      9.1829000000e-01 speed_5.0



---------------------
Begin Evaluation  436
---------------------
Parameters for evaluation 436:
                      1.1208959246e+00 desired_speed
                      1.5322906206e-01 radius
                      5.3474726669e-01 time_gap
                      6.2290872446e+00 strength_neighbor
                      9.8478879483e-02 range_neighbor

blocking fork: python3 driver.py params.in results.out

Active response data for evaluation 436:
Active set vector = { 1 1 1 1 1 1 1 1 1 }
                      6.1810200000e+00 flow_2.4
                      5.7303500000e+00 density_2.4
                      2.9866000000e-01 speed_2.4
                      8.9571300000e+00 flow_3.6
                      4.7273500000e+00 density_3.6
                      4.3370000000e-01 speed_3.6
                      1.1904760000e+01 flow_5.0
                      4.0380800000e+00 density_5.0
                      5.1003000000e-01 speed_5.0



---------------------
Begin Evaluation  437
---------------------
Parameters for evaluation 437:
                      1.0431668279e+00 desired_speed
                      1.4057450276e-01 radius
                      9.0052126252e-01 time_gap
                      3.7491815548e+00 strength_neighbor
                      1.8543167022e-01 range_neighbor

blocking fork: python3 driver.py params.in results.out

Active response data for evaluation 437:
Active set vector = { 1 1 1 1 1 1 1 1 1 }
                      4.8011000000e+00 flow_2.4
                      5.4768000000e+00 density_2.4
                      2.4420000000e-01 speed_2.4
                      7.1100900000e+00 flow_3.6
                      4.4642900000e+00 density_3.6
                      3.6817000000e-01 speed_3.6
                      9.3602700000e+00 flow_5.0
                      3.9706900000e+00 density_5.0
                      4.1801000000e-01 speed_5.0



---------------------
Begin Evaluation  438
---------------------
Parameters for evaluation 438:
                      1.5335961510e+00 desired_speed
                      1.9340742248e-01 radius
                      6.9372227845e-01 time_gap
                      9.7159647158e+00 strength_neighbor
                      4.6973225539e-02 range_neighbor

blocking fork: python3 driver.py params.in results.out

Active response data for evaluation 438:
Active set vector = { 1 1 1 1 1 1 1 1 1 }
                      4.0478200000e+00 flow_2.4
                      3.6616400000e+00 density_2.4
                      3.0600000000e-01 speed_2.4
                      5.5955200000e+00 flow_3.6
                      2.7307500000e+00 density_3.6
                      4.9205000000e-01 speed_3.6
                      6.1403500000e+00 flow_5.0
                      2.4779400000e+00 density_5.0
                      4.5475000000e-01 speed_5.0



---------------------
Begin Evaluation  439
---------------------
Parameters for evaluation 439:
                      1.0754923686e+00 desired_speed
                      1.2913841144e-01 radius
                      8.1863659670e-01 time_gap
                      2.7835246311e+00 strength_neighbor
                      2.6073821076e-01 range_neighbor

blocking fork: python3 driver.py params.in results.out

Active response data for evaluation 439:
Active set vector = { 1 1 1 1 1 1 1 1 1 }
                      5.8033900000e+00 flow_2.4
                      5.3551500000e+00 density_2.4
                      3.1441000000e-01 speed_2.4
                      8.9399700000e+00 flow_3.6
                      4.4540400000e+00 density_3.6
                      4.5766000000e-01 speed_3.6
                      1.1596010000e+01 flow_5.0
                      3.9534500000e+00 density_5.0
                      4.7961000000e-01 speed_5.0



---------------------
Begin Evaluation  440
---------------------
Parameters for evaluation 440:
                      1.4985341122e+00 desired_speed
                      1.5715723142e-01 radius
                      7.8687871917e-01 time_gap
                      5.7340005925e+00 strength_neighbor
                      1.6631121581e-01 range_neighbor

blocking fork: python3 driver.py params.in results.out

Active response data for evaluation 440:
Active set vector = { 1 1 1 1 1 1 1 1 1 }
                      4.7912400000e+00 flow_2.4
                      4.6677700000e+00 density_2.4
                      2.7935000000e-01 speed_2.4
                      7.1355800000e+00 flow_3.6
                      3.8249700000e+00 density_3.6
                      4.1561000000e-01 speed_3.6
                      9.1782600000e+00 flow_5.0
                      3.2787700000e+00 density_5.0
                      5.0889000000e-01 speed_5.0



---------------------
Begin Evaluation  441
---------------------
Parameters for evaluation 441:
                      1.4832649358e+00 desired_speed
                      2.2497805622e-01 radius
                      5.2242250567e-01 time_gap
                      5.9696749988e+00 strength_neighbor
                      1.0135935907e-01 range_neighbor

blocking fork: python3 driver.py params.in results.out

Active response data for evaluation 441:
Active set vector = { 1 1 1 1 1 1 1 1 1 }
                      4.3491800000e+00 flow_2.4
                      2.8694500000e+00 density_2.4
                      4.2551000000e-01 speed_2.4
                      6.2388600000e+00 flow_3.6
                      2.4213200000e+00 density_3.6
                      6.0905000000e-01 speed_3.6
                      7.6457600000e+00 flow_5.0
                      2.2214100000e+00 density_5.0
                      7.0386000000e-01 speed_5.0



---------------------
Begin Evaluation  442
---------------------
Parameters for evaluation 442:
                      8.2044115221e-01 desired_speed
                      2.2798411810e-01 radius
                      2.2737068936e-01 time_gap
                      7.3919860416e+00 strength_neighbor
                      2.8892139020e-01 range_neighbor

blocking fork: python3 driver.py params.in results.out

Active response data for evaluation 442:
Active set vector = { 1 1 1 1 1 1 1 1 1 }
                      3.5814800000e+00 flow_2.4
                      2.1062900000e+00 density_2.4
                      5.2519000000e-01 speed_2.4
                      5.4137700000e+00 flow_3.6
                      1.9303500000e+00 density_3.6
                      6.9894000000e-01 speed_3.6
                      7.4428500000e+00 flow_5.0
                      1.8488400000e+00 density_5.0
                      7.4884000000e-01 speed_5.0



---------------------
Begin Evaluation  443
---------------------
Parameters for evaluation 443:
                      1.2844663922e+00 desired_speed
                      1.9004849302e-01 radius
                      6.0743960917e-01 time_gap
                      3.6070132508e+00 strength_neighbor
                      1.4873278711e-01 range_neighbor

blocking fork: python3 driver.py params.in results.out

Active response data for evaluation 443:
Active set vector = { 1 1 1 1 1 1 1 1 1 }
                      4.4871800000e+00 flow_2.4
                      3.9208500000e+00 density_2.4
                      3.2587000000e-01 speed_2.4
                      7.0884100000e+00 flow_3.6
                      3.1091000000e+00 density_3.6
                      5.3150000000e-01 speed_3.6
                      9.0849700000e+00 flow_5.0
                      2.7344800000e+00 density_5.0
                      6.2163000000e-01 speed_5.0



---------------------
Begin Evaluation  444
---------------------
Parameters for evaluation 444:
                      1.3950596628e+00 desired_speed
                      2.1473358608e-01 radius
                      5.9318318776e-01 time_gap
                      2.0209373350e+00 strength_neighbor
                      1.3248047651e-01 range_neighbor

blocking fork: python3 driver.py params.in results.out

Active response data for evaluation 444:
Active set vector = { 1 1 1 1 1 1 1 1 1 }
                      4.2004200000e+00 flow_2.4
                      2.9631300000e+00 density_2.4
                      4.1400000000e-01 speed_2.4
                      5.8033900000e+00 flow_3.6
                      2.2677200000e+00 density_3.6
                      6.7749000000e-01 speed_3.6
                      6.5126100000e+00 flow_5.0
                      1.8549000000e+00 density_5.0
                      6.0816000000e-01 speed_5.0



---------------------
Begin Evaluation  445
---------------------
Parameters for evaluation 445:
                      1.2766648073e+00 desired_speed
                      1.8023894340e-01 radius
                      4.1817713431e-01 time_gap
                      5.0260345074e+00 strength_neighbor
                      1.0482910576e-01 range_neighbor

blocking fork: python3 driver.py params.in results.out

Active response data for evaluation 445:
Active set vector = { 1 1 1 1 1 1 1 1 1 }
                      6.2808400000e+00 flow_2.4
                      4.5300500000e+00 density_2.4
                      3.8885000000e-01 speed_2.4
                      9.7872300000e+00 flow_3.6
                      3.4815700000e+00 density_3.6
                      6.8081000000e-01 speed_3.6
                      1.1904760000e+01 flow_5.0
                      3.3719600000e+00 density_5.0
                      6.7115000000e-01 speed_5.0



---------------------
Begin Evaluation  446
---------------------
Parameters for evaluation 446:
                      1.1162231264e+00 desired_speed
                      2.2378227571e-01 radius
                      2.5563854332e-01 time_gap
                      4.0082871015e+00 strength_neighbor
                      2.0480910994e-02 range_neighbor

blocking fork: python3 driver.py params.in results.out

Active response data for evaluation 446:
Active set vector = { 1 1 1 1 1 1 1 1 1 }
                      4.2232300000e+00 flow_2.4
                      2.6874500000e+00 density_2.4
                      4.3228000000e-01 speed_2.4
                      4.5706800000e+00 flow_3.6
                      1.5858300000e+00 density_3.6
                      5.5497000000e-01 speed_3.6
                      4.8538600000e+00 flow_5.0
                      1.4455200000e+00 density_5.0
                      3.7374000000e-01 speed_5.0



---------------------
Begin Evaluation  447
---------------------
Parameters for evaluation 447:
                      1.1855420409e+00 desired_speed
                      1.7236036310e-01 radius
                      6.7992295159e-01 time_gap
                      7.1560986267e+00 strength_neighbor
                      5.5793026062e-02 range_neighbor

blocking fork: python3 driver.py params.in results.out

Active response data for evaluation 447:
Active set vector = { 1 1 1 1 1 1 1 1 1 }
                      4.5751600000e+00 flow_2.4
                      4.4642900000e+00 density_2.4
                      2.8252000000e-01 speed_2.4
                      6.5635300000e+00 flow_3.6
                      3.3650200000e+00 density_3.6
                      4.6160000000e-01 speed_3.6
                      7.3956700000e+00 flow_5.0
                      2.6562500000e+00 density_5.0
                      4.8038000000e-01 speed_5.0



---------------------
Begin Evaluation  448
---------------------
Parameters for evaluation 448:
                      1.1368430167e+00 desired_speed
                      2.4181140435e-01 radius
                      6.6166760734e-01 time_gap
                      6.8694963438e+00 strength_neighbor
                      2.4926319697e-01 range_neighbor

blocking fork: python3 driver.py params.in results.out

Active response data for evaluation 448:
Active set vector = { 1 1 1 1 1 1 1 1 1 }
                      2.9780900000e+00 flow_2.4
                      2.2209800000e+00 density_2.4
                      3.8635000000e-01 speed_2.4
                      4.5796500000e+00 flow_3.6
                      1.8905800000e+00 density_3.6
                      5.8934000000e-01 speed_3.6
                      6.7632900000e+00 flow_5.0
                      1.6686500000e+00 density_5.0
                      8.0625000000e-01 speed_5.0



---------------------
Begin Evaluation  449
---------------------
Parameters for evaluation 449:
                      9.2154330455e-01 desired_speed
                      1.9777157801e-01 radius
                      1.9992622932e-01 time_gap
                      7.7405898984e+00 strength_neighbor
                      1.5160004276e-01 range_neighbor

blocking fork: python3 driver.py params.in results.out

Active response data for evaluation 449:
Active set vector = { 1 1 1 1 1 1 1 1 1 }
                      6.2056700000e+00 flow_2.4
                      3.8415400000e+00 density_2.4
                      4.8123000000e-01 speed_2.4
                      9.9502500000e+00 flow_3.6
                      3.4768200000e+00 density_3.6
                      6.9686000000e-01 speed_3.6
                      1.3872260000e+01 flow_5.0
                      3.2697200000e+00 density_5.0
                      8.0297000000e-01 speed_5.0



---------------------
Begin Evaluation  450
---------------------
Parameters for evaluation 450:
                      1.2108179074e+00 desired_speed
                      2.3512914869e-01 radius
                      8.6993349466e-01 time_gap
                      8.9703739700e+00 strength_neighbor
                      1.1423176246e-01 range_neighbor

blocking fork: python3 driver.py params.in results.out

Active response data for evaluation 450:
Active set vector = { 1 1 1 1 1 1 1 1 1 }
                      2.3415300000e+00 flow_2.4
                      2.6874400000e+00 density_2.4
                      2.4238000000e-01 speed_2.4
                      3.8345700000e+00 flow_3.6
                      2.0921300000e+00 density_3.6
                      4.1721000000e-01 speed_3.6
                      4.7038900000e+00 flow_5.0
                      1.9277000000e+00 density_5.0
                      4.6858000000e-01 speed_5.0



---------------------
Begin Evaluation  451
---------------------
Parameters for evaluation 451:
                      1.1734147663e+00 desired_speed
                      1.3652724251e-01 radius
                      4.9969556623e-01 time_gap
                      9.3623403614e+00 strength_neighbor
                      1.9150462886e-01 range_neighbor

blocking fork: python3 driver.py params.in results.out

Active response data for evaluation 451:
Active set vector = { 1 1 1 1 1 1 1 1 1 }
                      7.0959600000e+00 flow_2.4
                      4.0671600000e+00 density_2.4
                      4.9387000000e-01 speed_2.4
                      1.0852710000e+01 flow_3.6
                      3.5780600000e+00 density_3.6
                      7.0609000000e-01 speed_3.6
                      1.4220180000e+01 flow_5.0
                      3.3797900000e+00 density_5.0
                      7.4338000000e-01 speed_5.0



---------------------
Begin Evaluation  452
---------------------
Parameters for evaluation 452:
                      1.5744767741e+00 desired_speed
                      1.4764891152e-01 radius
                      9.5168186413e-01 time_gap
                      3.0652223125e+00 strength_neighbor
                      2.9165878579e-01 range_neighbor

blocking fork: python3 driver.py params.in results.out

Active response data for evaluation 452:
Active set vector = { 1 1 1 1 1 1 1 1 1 }
                      4.7090500000e+00 flow_2.4
                      4.1354000000e+00 density_2.4
                      3.1969000000e-01 speed_2.4
                      7.1029900000e+00 flow_3.6
                      3.4330200000e+00 density_3.6
                      4.5698000000e-01 speed_3.6
                      9.2518400000e+00 flow_5.0
                      3.0821400000e+00 density_5.0
                      5.1073000000e-01 speed_5.0



---------------------
Begin Evaluation  453
---------------------
Parameters for evaluation 453:
                      8.9745365843e-01 desired_speed
                      2.1333250319e-01 radius
                      4.1390592912e-01 time_gap
                      7.9538463692e+00 strength_neighbor
                      1.3138445363e-01 range_neighbor

blocking fork: python3 driver.py params.in results.out

Active response data for evaluation 453:
Active set vector = { 1 1 1 1 1 1 1 1 1 }
                      4.1778600000e+00 flow_2.4
                      3.4251200000e+00 density_2.4
                      3.5366000000e-01 speed_2.4
                      6.5350300000e+00 flow_3.6
                      2.9137300000e+00 density_3.6
                      5.4344000000e-01 speed_3.6
                      9.3479700000e+00 flow_5.0
                      2.5757700000e+00 density_5.0
                      7.3858000000e-01 speed_5.0



---------------------
Begin Evaluation  454
---------------------
Parameters for evaluation 454:
                      1.3403979415e+00 desired_speed
                      1.4646207019e-01 radius
                      8.9105136190e-01 time_gap
                      3.2956449512e+00 strength_neighbor
                      8.3565530597e-02 range_neighbor

blocking fork: python3 driver.py params.in results.out

Active response data for evaluation 454:
Active set vector = { 1 1 1 1 1 1 1 1 1 }
                      4.5735700000e+00 flow_2.4
                      5.5132400000e+00 density_2.4
                      2.2953000000e-01 speed_2.4
                      6.1426700000e+00 flow_3.6
                      3.6166600000e+00 density_3.6
                      4.0389000000e-01 speed_3.6
                      6.9819800000e+00 flow_5.0
                      2.4577000000e+00 density_5.0
                      4.2838000000e-01 speed_5.0



---------------------
Begin Evaluation  455
---------------------
Parameters for evaluation 455:
                      1.0607368366e+00 desired_speed
                      1.7653766023e-01 radius
                      8.6138019142e-01 time_gap
                      3.5547130754e+00 strength_neighbor
                      2.1760204779e-01 range_neighbor

blocking fork: python3 driver.py params.in results.out

Active response data for evaluation 455:
Active set vector = { 1 1 1 1 1 1 1 1 1 }
                      4.0682400000e+00 flow_2.4
                      3.9057800000e+00 density_2.4
                      2.9111000000e-01 speed_2.4
                      6.1082000000e+00 flow_3.6
                      3.1711000000e+00 density_3.6
                      4.5175000000e-01 speed_3.6
                      8.0310900000e+00 flow_5.0
                      2.9251800000e+00 density_5.0
                      4.9121000000e-01 speed_5.0



---------------------
Begin Evaluation  456
---------------------
Parameters for evaluation 456:
                      1.0592480839e+00 desired_speed
                      1.9525626767e-01 radius
                      9.4071914386e-01 time_gap
                      4.2959707191e+00 strength_neighbor
                      2.4205563648e-01 range_neighbor

blocking fork: python3 driver.py params.in results.out

Active response data for evaluation 456:
Active set vector = { 1 1 1 1 1 1 1 1 1 }
                      3.1794500000e+00 flow_2.4
                      3.1992600000e+00 density_2.4
                      2.8749000000e-01 speed_2.4
                      4.8159600000e+00 flow_3.6
                      2.6802300000e+00 density_3.6
                      4.2350000000e-01 speed_3.6
                      6.3492100000e+00 flow_5.0
                      2.4041600000e+00 density_5.0
                      4.7579000000e-01 speed_5.0



---------------------
Begin Evaluation  457
---------------------
Parameters for evaluation 457:
                      1.3302829407e+00 desired_speed
                      2.2624204704e-01 radius
                      5.9989867629e-01 time_gap
                      8.3309961635e+00 strength_neighbor
                      2.8057629532e-01 range_neighbor

blocking fork: python3 driver.py params.in results.out

Active response data for evaluation 457:
Active set vector = { 1 1 1 1 1 1 1 1 1 }
                      3.5623400000e+00 flow_2.4
                      2.0366100000e+00 density_2.4
                      5.1918000000e-01 speed_2.4
                      5.3340900000e+00 flow_3.6
                      1.7690600000e+00 density_3.6
                      7.4519000000e-01 speed_3.6
                      7.6377500000e+00 flow_5.0
                      1.6229000000e+00 density_5.0
                      9.7394000000e-01 speed_5.0



---------------------
Begin Evaluation  458
---------------------
Parameters for evaluation 458:
                      1.3292386672e+00 desired_speed
                      1.8930058385e-01 radius
                      1.8207354548e-01 time_gap
                      4.6837462428e+00 strength_neighbor
                      1.8323563770e-01 range_neighbor

blocking fork: python3 driver.py params.in results.out

Active response data for evaluation 458:
Active set vector = { 1 1 1 1 1 1 1 1 1 }
                      8.9228800000e+00 flow_2.4
                      4.1432700000e+00 density_2.4
                      6.2980000000e-01 speed_2.4
                      1.4064060000e+01 flow_3.6
                      3.7735200000e+00 density_3.6
                      9.0932000000e-01 speed_3.6
                      1.9844630000e+01 flow_5.0
                      3.4862900000e+00 density_5.0
                      1.1181300000e+00 speed_5.0



---------------------
Begin Evaluation  459
---------------------
Parameters for evaluation 459:
                      1.0071327125e+00 desired_speed
                      2.0951559198e-01 radius
                      3.1560034292e-01 time_gap
                      8.0313819112e+00 strength_neighbor
                      9.2833869142e-02 range_neighbor

blocking fork: python3 driver.py params.in results.out

Active response data for evaluation 459:
Active set vector = { 1 1 1 1 1 1 1 1 1 }
                      5.0450500000e+00 flow_2.4
                      3.8043800000e+00 density_2.4
                      3.7886000000e-01 speed_2.4
                      7.9784200000e+00 flow_3.6
                      3.2322000000e+00 density_3.6
                      6.0801000000e-01 speed_3.6
                      1.1313870000e+01 flow_5.0
                      2.8809800000e+00 density_5.0
                      7.7485000000e-01 speed_5.0



---------------------
Begin Evaluation  460
---------------------
Parameters for evaluation 460:
                      1.0930511139e+00 desired_speed
                      1.3944435391e-01 radius
                      3.3641988366e-01 time_gap
                      8.7496664955e+00 strength_neighbor
                      2.8256178415e-01 range_neighbor

blocking fork: python3 driver.py params.in results.out

Active response data for evaluation 460:
Active set vector = { 1 1 1 1 1 1 1 1 1 }
                      6.3685600000e+00 flow_2.4
                      2.6921000000e+00 density_2.4
                      6.5087000000e-01 speed_2.4
                      9.3708200000e+00 flow_3.6
                      2.4545500000e+00 density_3.6
                      8.8023000000e-01 speed_3.6
                      1.2739730000e+01 flow_5.0
                      2.3331400000e+00 density_5.0
                      9.6031000000e-01 speed_5.0



---------------------
Begin Evaluation  461
---------------------
Parameters for evaluation 461:
                      1.2329128220e+00 desired_speed
                      1.9990570542e-01 radius
                      9.6822450587e-01 time_gap
                      3.9129658384e+00 strength_neighbor
                      2.0975492265e-01 range_neighbor

blocking fork: python3 driver.py params.in results.out

Active response data for evaluation 461:
Active set vector = { 1 1 1 1 1 1 1 1 1 }
                      2.9166700000e+00 flow_2.4
                      3.3567200000e+00 density_2.4
                      2.4245000000e-01 speed_2.4
                      4.6786500000e+00 flow_3.6
                      2.5989100000e+00 density_3.6
                      4.1583000000e-01 speed_3.6
                      6.0705000000e+00 flow_5.0
                      2.4764900000e+00 density_5.0
                      4.4505000000e-01 speed_5.0



---------------------
Begin Evaluation  462
---------------------
Parameters for evaluation 462:
                      9.5455952330e-01 desired_speed
                      1.7490013075e-01 radius
                      2.7072438193e-01 time_gap
                      7.8139467127e+00 strength_neighbor
                      2.6652960926e-01 range_neighbor

blocking fork: python3 driver.py params.in results.out

Active response data for evaluation 462:
Active set vector = { 1 1 1 1 1 1 1 1 1 }
                      5.4195800000e+00 flow_2.4
                      2.6916700000e+00 density_2.4
                      5.7921000000e-01 speed_2.4
                      8.1722300000e+00 flow_3.6
                      2.4608400000e+00 density_3.6
                      7.9185000000e-01 speed_3.6
                      1.1151080000e+01 flow_5.0
                      2.3385200000e+00 density_5.0
                      8.6632000000e-01 speed_5.0



---------------------
Begin Evaluation  463
---------------------
Parameters for evaluation 463:
                      1.3688872032e+00 desired_speed
                      1.9809808639e-01 radius
                      1.5085648614e-01 time_gap
                      7.0841419618e+00 strength_neighbor
                      4.1159998063e-02 range_neighbor

blocking fork: python3 driver.py params.in results.out

Active response data for evaluation 463:
Active set vector = { 1 1 1 1 1 1 1 1 1 }
                      8.5009100000e+00 flow_2.4
                      4.7116100000e+00 density_2.4
                      5.1154000000e-01 speed_2.4
                      1.3192490000e+01 flow_3.6
                      3.9702000000e+00 density_3.6
                      7.9451000000e-01 speed_3.6
                      1.6374270000e+01 flow_5.0
                      3.3834900000e+00 density_5.0
                      8.7862000000e-01 speed_5.0



---------------------
Begin Evaluation  464
---------------------
Parameters for evaluation 464:
                      1.5950559696e+00 desired_speed
                      1.8277617118e-01 radius
                      7.1061038096e-01 time_gap
                      3.3355729091e+00 strength_neighbor
                      6.9014891227e-02 range_neighbor

blocking fork: python3 driver.py params.in results.out

Active response data for evaluation 464:
Active set vector = { 1 1 1 1 1 1 1 1 1 }
                      4.4699900000e+00 flow_2.4
                      3.5599800000e+00 density_2.4
                      3.5534000000e-01 speed_2.4
                      5.1955300000e+00 flow_3.6
                      2.6620300000e+00 density_3.6
                      4.6434000000e-01 speed_3.6
                      5.6497200000e+00 flow_5.0
                      1.8466100000e+00 density_5.0
                      4.2549000000e-01 speed_5.0



---------------------
Begin Evaluation  465
---------------------
Parameters for evaluation 465:
                      1.3115723468e+00 desired_speed
                      1.4369048952e-01 radius
                      3.5284326451e-01 time_gap
                      2.6478978298e+00 strength_neighbor
                      2.5482622729e-01 range_neighbor

blocking fork: python3 driver.py params.in results.out

Active response data for evaluation 465:
Active set vector = { 1 1 1 1 1 1 1 1 1 }
                      9.3069300000e+00 flow_2.4
                      5.2018600000e+00 density_2.4
                      5.4244000000e-01 speed_2.4
                      1.5043290000e+01 flow_3.6
                      4.4111200000e+00 density_3.6
                      8.7899000000e-01 speed_3.6
                      2.1929820000e+01 flow_5.0
                      3.8809500000e+00 density_5.0
                      1.0623500000e+00 speed_5.0



---------------------
Begin Evaluation  466
---------------------
Parameters for evaluation 466:
                      1.2067600349e+00 desired_speed
                      1.7055025803e-01 radius
                      6.2691657234e-01 time_gap
                      2.3251741511e+00 strength_neighbor
                      1.1045736539e-01 range_neighbor

blocking fork: python3 driver.py params.in results.out

Active response data for evaluation 466:
Active set vector = { 1 1 1 1 1 1 1 1 1 }
                      5.4906500000e+00 flow_2.4
                      4.3511400000e+00 density_2.4
                      3.5965000000e-01 speed_2.4
                      7.4252100000e+00 flow_3.6
                      2.8434300000e+00 density_3.6
                      6.0299000000e-01 speed_3.6
                      7.9081600000e+00 flow_5.0
                      2.3314300000e+00 density_5.0
                      4.9819000000e-01 speed_5.0



---------------------
Begin Evaluation  467
---------------------
Parameters for evaluation 467:
                      1.4760521062e+00 desired_speed
                      1.8471244847e-01 radius
                      4.6554059615e-01 time_gap
                      6.4741082401e+00 strength_neighbor
                      2.5930838190e-02 range_neighbor

blocking fork: python3 driver.py params.in results.out

Active response data for evaluation 467:
Active set vector = { 1 1 1 1 1 1 1 1 1 }
                      5.2730700000e+00 flow_2.4
                      3.1814300000e+00 density_2.4
                      4.5631000000e-01 speed_2.4
                      5.2165700000e+00 flow_3.6
                      2.2764800000e+00 density_3.6
                      4.8239000000e-01 speed_3.6
                      5.8909900000e+00 flow_5.0
                      1.5055200000e+00 density_5.0
                      3.9285000000e-01 speed_5.0



---------------------
Begin Evaluation  468
---------------------
Parameters for evaluation 468:
                      1.4569550629e+00 desired_speed
                      2.1715413333e-01 radius
                      4.8101688134e-01 time_gap
                      9.1678883041e+00 strength_neighbor
                      2.9347187821e-02 range_neighbor

blocking fork: python3 driver.py params.in results.out

Active response data for evaluation 468:
Active set vector = { 1 1 1 1 1 1 1 1 1 }
                      4.4668600000e+00 flow_2.4
                      3.0105200000e+00 density_2.4
                      4.2238000000e-01 speed_2.4
                      5.0307600000e+00 flow_3.6
                      2.2912100000e+00 density_3.6
                      5.2128000000e-01 speed_3.6
                      5.2730700000e+00 flow_5.0
                      2.1206900000e+00 density_5.0
                      4.2633000000e-01 speed_5.0



---------------------
Begin Evaluation  469
---------------------
Parameters for evaluation 469:
                      1.5455640009e+00 desired_speed
                      1.5061946637e-01 radius
                      6.3473861735e-01 time_gap
                      6.5847721954e+00 strength_neighbor
                      1.7190689762e-01 range_neighbor

blocking fork: python3 driver.py params.in results.out

Active response data for evaluation 469:
Active set vector = { 1 1 1 1 1 1 1 1 1 }
                      5.9905900000e+00 flow_2.4
                      4.7097100000e+00 density_2.4
                      3.4958000000e-01 speed_2.4
                      8.7554700000e+00 flow_3.6
                      3.8703900000e+00 density_3.6
                      5.1144000000e-01 speed_3.6
                      1.1772150000e+01 flow_5.0
                      3.3590400000e+00 density_5.0
                      5.8251000000e-01 speed_5.0



---------------------
Begin Evaluation  470
---------------------
Parameters for evaluation 470:
                      1.4009447809e+00 desired_speed
                      1.3416085728e-01 radius
                      1.1794018088e-01 time_gap
                      3.4435520552e+00 strength_neighbor
                      2.0345781318e-01 range_neighbor

blocking fork: python3 driver.py params.in results.out

Active response data for evaluation 470:
Active set vector = { 1 1 1 1 1 1 1 1 1 }
                      1.7943810000e+01 flow_2.4
                      6.1532200000e+00 density_2.4
                      8.0297000000e-01 speed_2.4
                      2.7131780000e+01 flow_3.6
                      5.4634600000e+00 density_3.6
                      1.0852800000e+00 speed_3.6
                      3.6933330000e+01 flow_5.0
                      4.9263000000e+00 density_5.0
                      1.2459900000e+00 speed_5.0



---------------------
Begin Evaluation  471
---------------------
Parameters for evaluation 471:
                      9.9362787922e-01 desired_speed
                      1.7870394939e-01 radius
                      1.1023189233e-01 time_gap
                      8.4877212035e+00 strength_neighbor
                      1.7797317254e-01 range_neighbor

blocking fork: python3 driver.py params.in results.out

Active response data for evaluation 471:
Active set vector = { 1 1 1 1 1 1 1 1 1 }
                      7.9500300000e+00 flow_2.4
                      3.6309500000e+00 density_2.4
                      6.2992000000e-01 speed_2.4
                      1.1737680000e+01 flow_3.6
                      3.2892900000e+00 density_3.6
                      8.2526000000e-01 speed_3.6
                      1.6147640000e+01 flow_5.0
                      3.1040600000e+00 density_5.0
                      9.0242000000e-01 speed_5.0



---------------------
Begin Evaluation  472
---------------------
Parameters for evaluation 472:
                      1.2624868993e+00 desired_speed
                      2.1252463744e-01 radius
                      4.3173286367e-01 time_gap
                      9.4367702983e+00 strength_neighbor
                      2.4635330615e-01 range_neighbor

blocking fork: python3 driver.py params.in results.out

Active response data for evaluation 472:
Active set vector = { 1 1 1 1 1 1 1 1 1 }
                      4.4317800000e+00 flow_2.4
                      2.2450200000e+00 density_2.4
                      5.9284000000e-01 speed_2.4
                      6.7541300000e+00 flow_3.6
                      2.0342100000e+00 density_3.6
                      8.2681000000e-01 speed_3.6
                      9.6618400000e+00 flow_5.0
                      1.8864400000e+00 density_5.0
                      1.0051400000e+00 speed_5.0



---------------------
Begin Evaluation  473
---------------------
Parameters for evaluation 473:
                      9.7873507102e-01 desired_speed
                      2.0743168867e-01 radius
                      6.7250693035e-01 time_gap
                      5.3470665981e+00 strength_neighbor
                      2.3182875231e-01 range_neighbor

blocking fork: python3 driver.py params.in results.out

Active response data for evaluation 473:
Active set vector = { 1 1 1 1 1 1 1 1 1 }
                      3.4774000000e+00 flow_2.4
                      3.0611100000e+00 density_2.4
                      3.3240000000e-01 speed_2.4
                      5.5093100000e+00 flow_3.6
                      2.5562000000e+00 density_3.6
                      5.2982000000e-01 speed_3.6
                      8.1585100000e+00 flow_5.0
                      2.2294900000e+00 density_5.0
                      7.3239000000e-01 speed_5.0



---------------------
Begin Evaluation  474
---------------------
Parameters for evaluation 474:
                      1.4317776495e+00 desired_speed
                      1.5978484631e-01 radius
                      7.6193820289e-01 time_gap
                      7.6726689755e+00 strength_neighbor
                      2.3911954182e-01 range_neighbor

blocking fork: python3 driver.py params.in results.out

Active response data for evaluation 474:
Active set vector = { 1 1 1 1 1 1 1 1 1 }
                      4.8691100000e+00 flow_2.4
                      3.1834700000e+00 density_2.4
                      4.2205000000e-01 speed_2.4
                      6.9755900000e+00 flow_3.6
                      2.7643900000e+00 density_3.6
                      5.9791000000e-01 speed_3.6
                      9.5092000000e+00 flow_5.0
                      2.4573600000e+00 density_5.0
                      6.8177000000e-01 speed_5.0



---------------------
Begin Evaluation  475
---------------------
Parameters for evaluation 475:
                      9.8551140974e-01 desired_speed
                      1.3575880872e-01 radius
                      9.1968811733e-01 time_gap
                      4.7998283125e+00 strength_neighbor
                      2.5374064121e-01 range_neighbor

blocking fork: python3 driver.py params.in results.out

Active response data for evaluation 475:
Active set vector = { 1 1 1 1 1 1 1 1 1 }
                      4.8459700000e+00 flow_2.4
                      4.2751600000e+00 density_2.4
                      3.1713000000e-01 speed_2.4
                      7.1138200000e+00 flow_3.6
                      3.6410100000e+00 density_3.6
                      4.4222000000e-01 speed_3.6
                      9.3792200000e+00 flow_5.0
                      3.3210700000e+00 density_5.0
                      4.7510000000e-01 speed_5.0



---------------------
Begin Evaluation  476
---------------------
Parameters for evaluation 476:
                      8.6666183786e-01 desired_speed
                      2.4565001873e-01 radius
                      4.5349048402e-01 time_gap
                      9.0798964316e+00 strength_neighbor
                      1.2841053602e-01 range_neighbor

blocking fork: python3 driver.py params.in results.out

Active response data for evaluation 476:
Active set vector = { 1 1 1 1 1 1 1 1 1 }
                      3.0283400000e+00 flow_2.4
                      2.7297600000e+00 density_2.4
                      3.2094000000e-01 speed_2.4
                      4.7546500000e+00 flow_3.6
                      2.3417100000e+00 density_3.6
                      5.1086000000e-01 speed_3.6
                      6.7437400000e+00 flow_5.0
                      2.1183800000e+00 density_5.0
                      6.6385000000e-01 speed_5.0



---------------------
Begin Evaluation  477
---------------------
Parameters for evaluation 477:
                      8.3494329572e-01 desired_speed
                      2.1910209037e-01 radius
                      1.7576584402e-01 time_gap
                      4.1860053463e+00 strength_neighbor
                      1.4188046157e-01 range_neighbor

blocking fork: python3 driver.py params.in results.out

Active response data for evaluation 477:
Active set vector = { 1 1 1 1 1 1 1 1 1 }
                      4.6407200000e+00 flow_2.4
                      3.7423400000e+00 density_2.4
                      4.0862000000e-01 speed_2.4
                      8.4854000000e+00 flow_3.6
                      3.5288200000e+00 density_3.6
                      6.0278000000e-01 speed_3.6
                      1.2132990000e+01 flow_5.0
                      3.2668900000e+00 density_5.0
                      7.5734000000e-01 speed_5.0



---------------------
Begin Evaluation  478
---------------------
Parameters for evaluation 478:
                      9.6957471165e-01 desired_speed
                      2.2989601093e-01 radius
                      8.5011932413e-01 time_gap
                      5.8064673193e+00 strength_neighbor
                      3.9116713885e-02 range_neighbor

blocking fork: python3 driver.py params.in results.out

Active response data for evaluation 478:
Active set vector = { 1 1 1 1 1 1 1 1 1 }
                      2.3943900000e+00 flow_2.4
                      2.6613600000e+00 density_2.4
                      2.5676000000e-01 speed_2.4
                      3.6091800000e+00 flow_3.6
                      1.2972000000e+00 density_3.6
                      5.8216000000e-01 speed_3.6
                      3.4572500000e+00 flow_5.0
                      1.3292000000e+00 density_5.0
                      3.7595000000e-01 speed_5.0



---------------------
Begin Evaluation  479
---------------------
Parameters for evaluation 479:
                      1.1945542657e+00 desired_speed
                      2.3174118658e-01 radius
                      5.4605475908e-01 time_gap
                      4.3218397902e+00 strength_neighbor
                      2.9627899058e-01 range_neighbor

blocking fork: python3 driver.py params.in results.out

Active response data for evaluation 479:
Active set vector = { 1 1 1 1 1 1 1 1 1 }
                      3.5326800000e+00 flow_2.4
                      2.3108900000e+00 density_2.4
                      4.8961000000e-01 speed_2.4
                      5.8860800000e+00 flow_3.6
                      2.1108000000e+00 density_3.6
                      6.9814000000e-01 speed_3.6
                      8.5321100000e+00 flow_5.0
                      1.8982200000e+00 density_5.0
                      9.1463000000e-01 speed_5.0



---------------------
Begin Evaluation  480
---------------------
Parameters for evaluation 480:
                      1.2514489676e+00 desired_speed
                      1.4528175664e-01 radius
                      3.2864313354e-01 time_gap
                      2.4651122765e+00 strength_neighbor
                      1.6840095383e-01 range_neighbor

blocking fork: python3 driver.py params.in results.out

Active response data for evaluation 480:
Active set vector = { 1 1 1 1 1 1 1 1 1 }
                      9.8501100000e+00 flow_2.4
                      6.3736300000e+00 density_2.4
                      4.5498000000e-01 speed_2.4
                      1.6252960000e+01 flow_3.6
                      4.8441400000e+00 density_3.6
                      8.2124000000e-01 speed_3.6
                      2.1527780000e+01 flow_5.0
                      4.4116200000e+00 density_5.0
                      8.5838000000e-01 speed_5.0



---------------------
Begin Evaluation  481
---------------------
Parameters for evaluation 481:
                      1.5814418277e+00 desired_speed
                      2.0414940701e-01 radius
                      1.6199281940e-01 time_gap
                      7.6493902617e+00 strength_neighbor
                      3.0378298521e-02 range_neighbor

blocking fork: python3 driver.py params.in results.out

Active response data for evaluation 481:
Active set vector = { 1 1 1 1 1 1 1 1 1 }
                      8.5328400000e+00 flow_2.4
                      4.2259700000e+00 density_2.4
                      5.7085000000e-01 speed_2.4
                      1.1397060000e+01 flow_3.6
                      3.6814500000e+00 density_3.6
                      7.3653000000e-01 speed_3.6
                      1.3872260000e+01 flow_5.0
                      2.7318800000e+00 density_5.0
                      8.4134000000e-01 speed_5.0



---------------------
Begin Evaluation  482
---------------------
Parameters for evaluation 482:
                      9.4545403565e-01 desired_speed
                      1.5856763460e-01 radius
                      5.6214564319e-01 time_gap
                      6.9435082044e+00 strength_neighbor
                      1.0831011361e-01 range_neighbor

blocking fork: python3 driver.py params.in results.out

Active response data for evaluation 482:
Active set vector = { 1 1 1 1 1 1 1 1 1 }
                      5.5754000000e+00 flow_2.4
                      5.3503500000e+00 density_2.4
                      2.8970000000e-01 speed_2.4
                      7.9351500000e+00 flow_3.6
                      4.4941000000e+00 density_3.6
                      4.1026000000e-01 speed_3.6
                      1.1164270000e+01 flow_5.0
                      3.5607700000e+00 density_5.0
                      5.6494000000e-01 speed_5.0



---------------------
Begin Evaluation  483
---------------------
Parameters for evaluation 483:
                      8.0471067802e-01 desired_speed
                      1.2100301688e-01 radius
                      8.2480260917e-01 time_gap
                      2.8939457885e+00 strength_neighbor
                      2.1327831712e-01 range_neighbor

blocking fork: python3 driver.py params.in results.out

Active response data for evaluation 483:
Active set vector = { 1 1 1 1 1 1 1 1 1 }
                      5.9448000000e+00 flow_2.4
                      6.5514800000e+00 density_2.4
                      2.6001000000e-01 speed_2.4
                      8.8659100000e+00 flow_3.6
                      5.4770800000e+00 density_3.6
                      3.6992000000e-01 speed_3.6
                      1.1935210000e+01 flow_5.0
                      4.5380800000e+00 density_5.0
                      4.6871000000e-01 speed_5.0



---------------------
Begin Evaluation  484
---------------------
Parameters for evaluation 484:
                      1.3009730498e+00 desired_speed
                      1.2646326562e-01 radius
                      9.7955028262e-01 time_gap
                      9.7445000792e+00 strength_neighbor
                      2.3180874529e-01 range_neighbor

blocking fork: python3 driver.py params.in results.out

Active response data for evaluation 484:
Active set vector = { 1 1 1 1 1 1 1 1 1 }
                      4.7935900000e+00 flow_2.4
                      3.4171400000e+00 density_2.4
                      3.7064000000e-01 speed_2.4
                      6.8126500000e+00 flow_3.6
                      3.0141100000e+00 density_3.6
                      4.8548000000e-01 speed_3.6
                      9.0439300000e+00 flow_5.0
                      2.7828800000e+00 density_5.0
                      5.5672000000e-01 speed_5.0



---------------------
Begin Evaluation  485
---------------------
Parameters for evaluation 485:
                      1.0173803283e+00 desired_speed
                      2.0780318386e-01 radius
                      8.3145224634e-01 time_gap
                      7.0124335244e+00 strength_neighbor
                      1.3827816795e-01 range_neighbor

blocking fork: python3 driver.py params.in results.out

Active response data for evaluation 485:
Active set vector = { 1 1 1 1 1 1 1 1 1 }
                      2.9780900000e+00 flow_2.4
                      3.2638300000e+00 density_2.4
                      2.5350000000e-01 speed_2.4
                      4.4402200000e+00 flow_3.6
                      2.6980900000e+00 density_3.6
                      3.8243000000e-01 speed_3.6
                      6.7391300000e+00 flow_5.0
                      2.1808500000e+00 density_5.0
                      5.8397000000e-01 speed_5.0



---------------------
Begin Evaluation  486
---------------------
Parameters for evaluation 486:
                      1.0276054190e+00 desired_speed
                      2.1992134893e-01 radius
                      8.8637551778e-01 time_gap
                      7.1723149159e+00 strength_neighbor
                      1.1605255688e-01 range_neighbor

blocking fork: python3 driver.py params.in results.out

Active response data for evaluation 486:
Active set vector = { 1 1 1 1 1 1 1 1 1 }
                      2.5198000000e+00 flow_2.4
                      3.0483400000e+00 density_2.4
                      2.3010000000e-01 speed_2.4
                      3.7273700000e+00 flow_3.6
                      2.4860300000e+00 density_3.6
                      3.5265000000e-01 speed_3.6
                      5.2141500000e+00 flow_5.0
                      2.1303000000e+00 density_5.0
                      4.9256000000e-01 speed_5.0



---------------------
Begin Evaluation  487
---------------------
Parameters for evaluation 487:
                      1.3574135717e+00 desired_speed
                      2.3743754606e-01 radius
                      4.4700415157e-01 time_gap
                      3.9148956311e+00 strength_neighbor
                      1.6337852673e-01 range_neighbor

blocking fork: python3 driver.py params.in results.out

Active response data for evaluation 487:
Active set vector = { 1 1 1 1 1 1 1 1 1 }
                      3.9182800000e+00 flow_2.4
                      2.7437400000e+00 density_2.4
                      4.2158000000e-01 speed_2.4
                      6.8888900000e+00 flow_3.6
                      2.1975400000e+00 density_3.6
                      7.8240000000e-01 speed_3.6
                      9.2666700000e+00 flow_5.0
                      2.0986600000e+00 density_5.0
                      8.7973000000e-01 speed_5.0



---------------------
Begin Evaluation  488
---------------------
Parameters for evaluation 488:
                      8.8088781013e-01 desired_speed
                      1.8610764092e-01 radius
                      7.8331779910e-01 time_gap
                      3.8489462129e+00 strength_neighbor
                      2.2923965136e-01 range_neighbor

blocking fork: python3 driver.py params.in results.out

Active response data for evaluation 488:
Active set vector = { 1 1 1 1 1 1 1 1 1 }
                      3.7066500000e+00 flow_2.4
                      3.6818300000e+00 density_2.4
                      2.8604000000e-01 speed_2.4
                      5.6490400000e+00 flow_3.6
                      3.1328200000e+00 density_3.6
                      4.2894000000e-01 speed_3.6
                      7.8813600000e+00 flow_5.0
                      2.7411200000e+00 density_5.0
                      5.3549000000e-01 speed_5.0



---------------------
Begin Evaluation  489
---------------------
Parameters for evaluation 489:
                      1.1013324267e+00 desired_speed
                      1.8726152465e-01 radius
                      4.8552598882e-01 time_gap
                      3.6733807672e+00 strength_neighbor
                      1.3123834393e-01 range_neighbor

blocking fork: python3 driver.py params.in results.out

Active response data for evaluation 489:
Active set vector = { 1 1 1 1 1 1 1 1 1 }
                      5.5096400000e+00 flow_2.4
                      4.0945100000e+00 density_2.4
                      3.9029000000e-01 speed_2.4
                      8.1159400000e+00 flow_3.6
                      3.3717800000e+00 density_3.6
                      5.8209000000e-01 speed_3.6
                      1.0496610000e+01 flow_5.0
                      3.0803600000e+00 density_5.0
                      6.2790000000e-01 speed_5.0



---------------------
Begin Evaluation  490
---------------------
Parameters for evaluation 490:
                      1.5196292321e+00 desired_speed
                      1.2226119036e-01 radius
                      1.3519460211e-01 time_gap
                      6.2899690568e+00 strength_neighbor
                      5.2334527042e-02 range_neighbor

blocking fork: python3 driver.py params.in results.out

Active response data for evaluation 490:
Active set vector = { 1 1 1 1 1 1 1 1 1 }
                      2.1527780000e+01 flow_2.4
                      9.3071100000e+00 density_2.4
                      6.3900000000e-01 speed_2.4
                      3.1319910000e+01 flow_3.6
                      6.8476200000e+00 density_3.6
                      9.9798000000e-01 speed_3.6
                      4.0373560000e+01 flow_5.0
                      4.4337600000e+00 density_5.0
                      1.2393200000e+00 speed_5.0



---------------------
Begin Evaluation  491
---------------------
Parameters for evaluation 491:
                      1.1417660344e+00 desired_speed
                      1.5218401280e-01 radius
                      2.9391003514e-01 time_gap
                      9.4466666163e+00 strength_neighbor
                      1.8702052932e-01 range_neighbor

blocking fork: python3 driver.py params.in results.out

Active response data for evaluation 491:
Active set vector = { 1 1 1 1 1 1 1 1 1 }
                      8.1866200000e+00 flow_2.4
                      3.8275200000e+00 density_2.4
                      6.0410000000e-01 speed_2.4
                      1.2544800000e+01 flow_3.6
                      3.4646700000e+00 density_3.6
                      8.4720000000e-01 speed_3.6
                      1.7283950000e+01 flow_5.0
                      3.2030800000e+00 density_5.0
                      9.5929000000e-01 speed_5.0



---------------------
Begin Evaluation  492
---------------------
Parameters for evaluation 492:
                      1.0399406724e+00 desired_speed
                      2.3674366663e-01 radius
                      7.2692459725e-01 time_gap
                      9.3810936613e+00 strength_neighbor
                      6.0941829825e-02 range_neighbor

blocking fork: python3 driver.py params.in results.out

Active response data for evaluation 492:
Active set vector = { 1 1 1 1 1 1 1 1 1 }
                      2.7274500000e+00 flow_2.4
                      2.6726300000e+00 density_2.4
                      2.8696000000e-01 speed_2.4
                      4.3876300000e+00 flow_3.6
                      1.9936800000e+00 density_3.6
                      5.3279000000e-01 speed_3.6
                      5.1057600000e+00 flow_5.0
                      1.9461400000e+00 density_5.0
                      5.4594000000e-01 speed_5.0



---------------------
Begin Evaluation  493
---------------------
Parameters for evaluation 493:
                      1.0852893607e+00 desired_speed
                      1.6449386681e-01 radius
                      3.6353805318e-01 time_gap
                      2.7290642431e+00 strength_neighbor
                      2.6241849572e-01 range_neighbor

blocking fork: python3 driver.py params.in results.out

Active response data for evaluation 493:
Active set vector = { 1 1 1 1 1 1 1 1 1 }
                      7.2317300000e+00 flow_2.4
                      4.4118800000e+00 density_2.4
                      4.8811000000e-01 speed_2.4
                      1.1637570000e+01 flow_3.6
                      3.9503400000e+00 density_3.6
                      7.2762000000e-01 speed_3.6
                      1.6787000000e+01 flow_5.0
                      3.5585800000e+00 density_5.0
                      9.1451000000e-01 speed_5.0



---------------------
Begin Evaluation  494
---------------------
Parameters for evaluation 494:
                      9.3424115900e-01 desired_speed
                      2.0558018189e-01 radius
                      9.5670881694e-01 time_gap
                      2.4438034836e+00 strength_neighbor
                      2.7367620406e-01 range_neighbor

blocking fork: python3 driver.py params.in results.out

Active response data for evaluation 494:
Active set vector = { 1 1 1 1 1 1 1 1 1 }
                      2.9578400000e+00 flow_2.4
                      3.0438000000e+00 density_2.4
                      2.8512000000e-01 speed_2.4
                      4.2005400000e+00 flow_3.6
                      2.5502800000e+00 density_3.6
                      4.0260000000e-01 speed_3.6
                      6.2139400000e+00 flow_5.0
                      2.3119300000e+00 density_5.0
                      4.8501000000e-01 speed_5.0



---------------------
Begin Evaluation  495
---------------------
Parameters for evaluation 495:
                      8.5528005196e-01 desired_speed
                      1.2413711261e-01 radius
                      7.5138641368e-01 time_gap
                      6.1748383040e+00 strength_neighbor
                      2.7865269782e-01 range_neighbor

blocking fork: python3 driver.py params.in results.out

Active response data for evaluation 495:
Active set vector = { 1 1 1 1 1 1 1 1 1 }
                      5.2611800000e+00 flow_2.4
                      3.5044600000e+00 density_2.4
                      4.0266000000e-01 speed_2.4
                      8.0459800000e+00 flow_3.6
                      3.1396000000e+00 density_3.6
                      5.9168000000e-01 speed_3.6
                      1.0606060000e+01 flow_5.0
                      2.9373200000e+00 density_5.0
                      6.3795000000e-01 speed_5.0



---------------------
Begin Evaluation  496
---------------------
Parameters for evaluation 496:
                      1.1659662181e+00 desired_speed
                      2.4481415707e-01 radius
                      5.5456025083e-01 time_gap
                      5.8872030591e+00 strength_neighbor
                      7.6755823141e-02 range_neighbor

blocking fork: python3 driver.py params.in results.out

Active response data for evaluation 496:
Active set vector = { 1 1 1 1 1 1 1 1 1 }
                      3.1751400000e+00 flow_2.4
                      2.6474800000e+00 density_2.4
                      3.4242000000e-01 speed_2.4
                      5.2306000000e+00 flow_3.6
                      2.0264800000e+00 density_3.6
                      6.3432000000e-01 speed_3.6
                      6.0137500000e+00 flow_5.0
                      1.9596900000e+00 density_5.0
                      6.1304000000e-01 speed_5.0



---------------------
Begin Evaluation  497
---------------------
Parameters for evaluation 497:
                      9.1729973748e-01 desired_speed
                      2.4279448079e-01 radius
                      3.7975384261e-01 time_gap
                      9.9248941777e+00 strength_neighbor
                      2.4742283344e-01 range_neighbor

blocking fork: python3 driver.py params.in results.out

Active response data for evaluation 497:
Active set vector = { 1 1 1 1 1 1 1 1 1 }
                      3.2611200000e+00 flow_2.4
                      1.9922200000e+00 density_2.4
                      5.1317000000e-01 speed_2.4
                      4.9382700000e+00 flow_3.6
                      1.8221500000e+00 density_3.6
                      7.1069000000e-01 speed_3.6
                      6.9033500000e+00 flow_5.0
                      1.7284800000e+00 density_5.0
                      7.9961000000e-01 speed_5.0



---------------------
Begin Evaluation  498
---------------------
Parameters for evaluation 498:
                      1.3735416449e+00 desired_speed
                      1.6132204884e-01 radius
                      7.0009983829e-01 time_gap
                      9.2944016475e+00 strength_neighbor
                      2.8376379321e-01 range_neighbor

blocking fork: python3 driver.py params.in results.out

Active response data for evaluation 498:
Active set vector = { 1 1 1 1 1 1 1 1 1 }
                      4.6379700000e+00 flow_2.4
                      2.4294600000e+00 density_2.4
                      5.4112000000e-01 speed_2.4
                      7.0707100000e+00 flow_3.6
                      2.0961200000e+00 density_3.6
                      8.0949000000e-01 speed_3.6
                      9.6114500000e+00 flow_5.0
                      1.9256600000e+00 density_5.0
                      9.7272000000e-01 speed_5.0



---------------------
Begin Evaluation  499
---------------------
Parameters for evaluation 499:
                      8.1209651074e-01 desired_speed
                      1.6598196756e-01 radius
                      2.3615286363e-01 time_gap
                      9.0488711604e+00 strength_neighbor
                      1.5092770949e-01 range_neighbor

blocking fork: python3 driver.py params.in results.out

Active response data for evaluation 499:
Active set vector = { 1 1 1 1 1 1 1 1 1 }
                      7.0030100000e+00 flow_2.4
                      4.3571400000e+00 density_2.4
                      4.6617000000e-01 speed_2.4
                      1.0719700000e+01 flow_3.6
                      3.9342400000e+00 density_3.6
                      6.3914000000e-01 speed_3.6
                      1.4675050000e+01 flow_5.0
                      3.6845100000e+00 density_5.0
                      6.9841000000e-01 speed_5.0



---------------------
Begin Evaluation  500
---------------------
Parameters for evaluation 500:
                      1.5635940940e+00 desired_speed
                      1.6833498274e-01 radius
                      5.0786273301e-01 time_gap
                      4.3021459752e+00 strength_neighbor
                      2.2074860991e-01 range_neighbor

blocking fork: python3 driver.py params.in results.out

Active response data for evaluation 500:
Active set vector = { 1 1 1 1 1 1 1 1 1 }
                      6.6382200000e+00 flow_2.4
                      4.1089200000e+00 density_2.4
                      4.5544000000e-01 speed_2.4
                      1.0416670000e+01 flow_3.6
                      3.3705900000e+00 density_3.6
                      7.0484000000e-01 speed_3.6
                      1.3276030000e+01 flow_5.0
                      3.0525500000e+00 density_5.0
                      7.6712000000e-01 speed_5.0



---------------------
Begin Evaluation  501
---------------------
Parameters for evaluation 501:
                      1.1552696226e+00 desired_speed
                      2.3998895558e-01 radius
                      7.9866162511e-01 time_gap
                      2.0709593593e+00 strength_neighbor
                      7.5749745963e-02 range_neighbor

blocking fork: python3 driver.py params.in results.out

Active response data for evaluation 501:
Active set vector = { 1 1 1 1 1 1 1 1 1 }
                      2.5089600000e+00 flow_2.4
                      2.0494900000e+00 density_2.4
                      3.6949000000e-01 speed_2.4
                      3.2980000000e+00 flow_3.6
                      1.2051000000e+00 density_3.6
                      6.1234000000e-01 speed_3.6
                      3.4169100000e+00 flow_5.0
                      1.1209100000e+00 density_5.0
                      3.6098000000e-01 speed_5.0



---------------------
Begin Evaluation  502
---------------------
Parameters for evaluation 502:
                      1.5032276737e+00 desired_speed
                      2.4893979831e-01 radius
                      5.8187896209e-01 time_gap
                      5.2221475625e+00 strength_neighbor
                      2.0919474541e-01 range_neighbor

blocking fork: python3 driver.py params.in results.out

Active response data for evaluation 502:
Active set vector = { 1 1 1 1 1 1 1 1 1 }
                      3.4389600000e+00 flow_2.4
                      2.3099900000e+00 density_2.4
                      4.2555000000e-01 speed_2.4
                      5.4263600000e+00 flow_3.6
                      1.8875500000e+00 density_3.6
                      6.8383000000e-01 speed_3.6
                      7.3809500000e+00 flow_5.0
                      1.6977000000e+00 density_5.0
                      8.5591000000e-01 speed_5.0



---------------------
Begin Evaluation  503
---------------------
Parameters for evaluation 503:
                      1.4106104807e+00 desired_speed
                      1.5563927467e-01 radius
                      6.4609512807e-01 time_gap
                      6.4406722690e+00 strength_neighbor
                      2.9259422634e-01 range_neighbor

blocking fork: python3 driver.py params.in results.out

Active response data for evaluation 503:
Active set vector = { 1 1 1 1 1 1 1 1 1 }
                      5.5357100000e+00 flow_2.4
                      2.8798600000e+00 density_2.4
                      5.2620000000e-01 speed_2.4
                      8.3184800000e+00 flow_3.6
                      2.5467100000e+00 density_3.6
                      7.5539000000e-01 speed_3.6
                      1.1596010000e+01 flow_5.0
                      2.2659000000e+00 density_5.0
                      9.8243000000e-01 speed_5.0



---------------------
Begin Evaluation  504
---------------------
Parameters for evaluation 504:
                      1.4294923702e+00 desired_speed
                      1.6251583056e-01 radius
                      7.3171683654e-01 time_gap
                      3.0979129005e+00 strength_neighbor
                      2.9757144554e-01 range_neighbor

blocking fork: python3 driver.py params.in results.out

Active response data for evaluation 504:
Active set vector = { 1 1 1 1 1 1 1 1 1 }
                      5.2025300000e+00 flow_2.4
                      3.8669300000e+00 density_2.4
                      4.0379000000e-01 speed_2.4
                      8.0172400000e+00 flow_3.6
                      3.1500500000e+00 density_3.6
                      6.0858000000e-01 speed_3.6
                      1.0592260000e+01 flow_5.0
                      2.8405000000e+00 density_5.0
                      6.5765000000e-01 speed_5.0



---------------------
Begin Evaluation  505
---------------------
Parameters for evaluation 505:
                      1.5295956530e+00 desired_speed
                      1.9165771814e-01 radius
                      7.7068264783e-01 time_gap
                      5.3274655002e+00 strength_neighbor
                      1.4383325105e-01 range_neighbor

blocking fork: python3 driver.py params.in results.out

Active response data for evaluation 505:
Active set vector = { 1 1 1 1 1 1 1 1 1 }
                      3.7423100000e+00 flow_2.4
                      3.7002100000e+00 density_2.4
                      2.8279000000e-01 speed_2.4
                      5.7125300000e+00 flow_3.6
                      2.9769900000e+00 density_3.6
                      4.4695000000e-01 speed_3.6
                      7.8828800000e+00 flow_5.0
                      2.4217100000e+00 density_5.0
                      6.1095000000e-01 speed_5.0



---------------------
Begin Evaluation  506
---------------------
Parameters for evaluation 506:
                      1.2476178624e+00 desired_speed
                      1.6978310594e-01 radius
                      3.0696512124e-01 time_gap
                      9.8318832110e+00 strength_neighbor
                      5.7917907595e-02 range_neighbor

blocking fork: python3 driver.py params.in results.out

Active response data for evaluation 506:
Active set vector = { 1 1 1 1 1 1 1 1 1 }
                      7.6628400000e+00 flow_2.4
                      5.3609500000e+00 density_2.4
                      3.9552000000e-01 speed_2.4
                      1.1506960000e+01 flow_3.6
                      4.3785000000e+00 density_3.6
                      6.1365000000e-01 speed_3.6
                      1.4629050000e+01 flow_5.0
                      3.6322500000e+00 density_5.0
                      7.4615000000e-01 speed_5.0



---------------------
Begin Evaluation  507
---------------------
Parameters for evaluation 507:
                      1.2269892939e+00 desired_speed
                      1.3160556382e-01 radius
                      2.1975419187e-01 time_gap
                      4.8975985520e+00 strength_neighbor
                      2.4930700013e-01 range_neighbor

blocking fork: python3 driver.py params.in results.out

Active response data for evaluation 507:
Active set vector = { 1 1 1 1 1 1 1 1 1 }
                      1.1670860000e+01 flow_2.4
                      4.2884100000e+00 density_2.4
                      7.2135000000e-01 speed_2.4
                      1.7286250000e+01 flow_3.6
                      3.8809500000e+00 density_3.6
                      9.7017000000e-01 speed_3.6
                      2.3366830000e+01 flow_5.0
                      3.6089300000e+00 density_5.0
                      1.0892700000e+00 speed_5.0



---------------------
Begin Evaluation  508
---------------------
Parameters for evaluation 508:
                      1.5562024851e+00 desired_speed
                      2.4715315765e-01 radius
                      1.2831759712e-01 time_gap
                      3.2659655557e+00 strength_neighbor
                      4.2688739635e-02 range_neighbor

blocking fork: python3 driver.py params.in results.out

Active response data for evaluation 508:
Active set vector = { 1 1 1 1 1 1 1 1 1 }
                      6.9651700000e+00 flow_2.4
                      2.9558800000e+00 density_2.4
                      6.7744000000e-01 speed_2.4
                      9.6418700000e+00 flow_3.6
                      2.3354200000e+00 density_3.6
                      1.0005100000e+00 speed_3.6
                      1.1111110000e+01 flow_5.0
                      1.9856500000e+00 density_5.0
                      9.6935000000e-01 speed_5.0



---------------------
Begin Evaluation  509
---------------------
Parameters for evaluation 509:
                      1.3815489994e+00 desired_speed
                      2.2084301793e-01 radius
                      2.8512921616e-01 time_gap
                      8.0103846196e+00 strength_neighbor
                      1.0497753110e-01 range_neighbor

blocking fork: python3 driver.py params.in results.out

Active response data for evaluation 509:
Active set vector = { 1 1 1 1 1 1 1 1 1 }
                      5.6841300000e+00 flow_2.4
                      3.3226900000e+00 density_2.4
                      4.9027000000e-01 speed_2.4
                      9.0614900000e+00 flow_3.6
                      2.7765100000e+00 density_3.6
                      8.0082000000e-01 speed_3.6
                      1.2624890000e+01 flow_5.0
                      2.4805900000e+00 density_5.0
                      1.0155300000e+00 speed_5.0



---------------------
Begin Evaluation  510
---------------------
Parameters for evaluation 510:
                      8.4512423592e-01 desired_speed
                      1.2731471142e-01 radius
                      3.9074440927e-01 time_gap
                      4.4281248983e+00 strength_neighbor
                      9.8101285480e-02 range_neighbor

blocking fork: python3 driver.py params.in results.out

Active response data for evaluation 510:
Active set vector = { 1 1 1 1 1 1 1 1 1 }
                      9.0968200000e+00 flow_2.4
                      8.0708000000e+00 density_2.4
                      3.2115000000e-01 speed_2.4
                      1.4322120000e+01 flow_3.6
                      6.1438400000e+00 density_3.6
                      5.3938000000e-01 speed_3.6
                      1.9047620000e+01 flow_5.0
                      4.5180000000e+00 density_5.0
                      6.7424000000e-01 speed_5.0



---------------------
Begin Evaluation  511
---------------------
Parameters for evaluation 511:
                      9.0255705312e-01 desired_speed
                      1.7768555848e-01 radius
                      2.6555816439e-01 time_gap
                      2.5118162068e+00 strength_neighbor
                      1.7520082850e-01 range_neighbor

blocking fork: python3 driver.py params.in results.out

Active response data for evaluation 511:
Active set vector = { 1 1 1 1 1 1 1 1 1 }
                      6.7535000000e+00 flow_2.4
                      5.0585800000e+00 density_2.4
                      4.0432000000e-01 speed_2.4
                      1.0730590000e+01 flow_3.6
                      4.2938500000e+00 density_3.6
                      6.8534000000e-01 speed_3.6
                      1.6317020000e+01 flow_5.0
                      3.9596800000e+00 density_5.0
                      7.9099000000e-01 speed_5.0



---------------------
Begin Evaluation  512
---------------------
Parameters for evaluation 512:
                      1.4426923077e+00 desired_speed
                      2.3247197043e-01 radius
                      9.9150847283e-01 time_gap
                      9.6132012476e+00 strength_neighbor
                      3.0870726037e-02 range_neighbor

blocking fork: python3 driver.py params.in results.out

Active response data for evaluation 512:
Active set vector = { 1 1 1 1 1 1 1 1 1 }
                      2.4055000000e+00 flow_2.4
                      2.3801200000e+00 density_2.4
                      2.8620000000e-01 speed_2.4
                      2.7274500000e+00 flow_3.6
                      1.8675900000e+00 density_3.6
                      3.6896000000e-01 speed_3.6
                      2.8788800000e+00 flow_5.0
                      1.9412800000e+00 density_5.0
                      2.9245000000e-01 speed_5.0



---------------------
Begin Evaluation  513
---------------------
Parameters for evaluation 513:
                      8.7673359644e-01 desired_speed
                      2.0264592712e-01 radius
                      9.2719185769e-01 time_gap
                      5.4240529588e+00 strength_neighbor
                      2.3754691849e-01 range_neighbor

blocking fork: python3 driver.py params.in results.out

Active response data for evaluation 513:
Active set vector = { 1 1 1 1 1 1 1 1 1 }
                      2.9203200000e+00 flow_2.4
                      2.9916000000e+00 density_2.4
                      2.7668000000e-01 speed_2.4
                      4.5014500000e+00 flow_3.6
                      2.5013800000e+00 density_3.6
                      4.3675000000e-01 speed_3.6
                      6.3063100000e+00 flow_5.0
                      2.3344400000e+00 density_5.0
                      4.9030000000e-01 speed_5.0



---------------------
Begin Evaluation  514
---------------------
Parameters for evaluation 514:
                      1.2995923415e+00 desired_speed
                      1.4257913025e-01 radius
                      2.0509275651e-01 time_gap
                      5.6604917894e+00 strength_neighbor
                      1.4871238736e-01 range_neighbor

blocking fork: python3 driver.py params.in results.out

Active response data for evaluation 514:
Active set vector = { 1 1 1 1 1 1 1 1 1 }
                      1.2962960000e+01 flow_2.4
                      6.0457100000e+00 density_2.4
                      5.9826000000e-01 speed_2.4
                      1.9583330000e+01 flow_3.6
                      5.1726400000e+00 density_3.6
                      8.8270000000e-01 speed_3.6
                      2.8455280000e+01 flow_5.0
                      4.5855000000e+00 density_5.0
                      1.1368600000e+00 speed_5.0



---------------------
Begin Evaluation  515
---------------------
Parameters for evaluation 515:
                      1.4631400093e+00 desired_speed
                      1.3130049055e-01 radius
                      4.0309576634e-01 time_gap
                      7.5678125051e+00 strength_neighbor
                      1.4087157205e-01 range_neighbor

blocking fork: python3 driver.py params.in results.out

Active response data for evaluation 515:
Active set vector = { 1 1 1 1 1 1 1 1 1 }
                      9.6818800000e+00 flow_2.4
                      5.9106000000e+00 density_2.4
                      4.4781000000e-01 speed_2.4
                      1.4675050000e+01 flow_3.6
                      4.9283500000e+00 density_3.6
                      6.9183000000e-01 speed_3.6
                      1.8674700000e+01 flow_5.0
                      4.2871400000e+00 density_5.0
                      7.7118000000e-01 speed_5.0



---------------------
Begin Evaluation  516
---------------------
Parameters for evaluation 516:
                      1.1208959246e+00 desired_speed
                      1.5322906206e-01 radius
                      5.3474726669e-01 time_gap
                      3.7794234197e+00 strength_neighbor
                      1.2533448385e-01 range_neighbor

blocking fork: python3 driver.py params.in results.out

Active response data for evaluation 516:
Active set vector = { 1 1 1 1 1 1 1 1 1 }
                      6.4635300000e+00 flow_2.4
                      5.6789700000e+00 density_2.4
                      3.1785000000e-01 speed_2.4
                      9.3750000000e+00 flow_3.6
                      4.5756700000e+00 density_3.6
                      4.7886000000e-01 speed_3.6
                      1.3535650000e+01 flow_5.0
                      3.4479200000e+00 density_5.0
                      6.8290000000e-01 speed_5.0



---------------------
Begin Evaluation  517
---------------------
Parameters for evaluation 517:
                      1.0431668279e+00 desired_speed
                      1.4057450276e-01 radius
                      9.0052126252e-01 time_gap
                      7.3709340018e+00 strength_neighbor
                      1.1250785257e-01 range_neighbor

blocking fork: python3 driver.py params.in results.out

Active response data for evaluation 517:
Active set vector = { 1 1 1 1 1 1 1 1 1 }
                      4.2852800000e+00 flow_2.4
                      6.1541600000e+00 density_2.4
                      1.9039000000e-01 speed_2.4
                      6.2113200000e+00 flow_3.6
                      4.9212400000e+00 density_3.6
                      2.8675000000e-01 speed_3.6
                      8.3783800000e+00 flow_5.0
                      3.7448600000e+00 density_5.0
                      4.0283000000e-01 speed_5.0



---------------------
Begin Evaluation  518
---------------------
Parameters for evaluation 518:
                      1.5335961510e+00 desired_speed
                      1.9340742248e-01 radius
                      6.9372227845e-01 time_gap
                      2.1066569988e+00 strength_neighbor
                      2.5275962867e-01 range_neighbor

blocking fork: python3 driver.py params.in results.out

Active response data for evaluation 518:
Active set vector = { 1 1 1 1 1 1 1 1 1 }
                      4.3215600000e+00 flow_2.4
                      3.3525700000e+00 density_2.4
                      3.9081000000e-01 speed_2.4
                      6.2893100000e+00 flow_3.6
                      2.6680000000e+00 density_3.6
                      6.1232000000e-01 speed_3.6
                      9.0968200000e+00 flow_5.0
                      2.5621900000e+00 density_5.0
                      6.7612000000e-01 speed_5.0



---------------------
Begin Evaluation  519
---------------------
Parameters for evaluation 519:
                      1.0754923686e+00 desired_speed
                      1.2913841144e-01 radius
                      8.1863659670e-01 time_gap
                      9.1376116129e+00 strength_neighbor
                      1.8089300209e-01 range_neighbor

blocking fork: python3 driver.py params.in results.out

Active response data for evaluation 519:
Active set vector = { 1 1 1 1 1 1 1 1 1 }
                      5.2025300000e+00 flow_2.4
                      4.4959000000e+00 density_2.4
                      3.2419000000e-01 speed_2.4
                      7.4547400000e+00 flow_3.6
                      3.9208800000e+00 density_3.6
                      4.3858000000e-01 speed_3.6
                      1.0115190000e+01 flow_5.0
                      3.6180000000e+00 density_5.0
                      4.7197000000e-01 speed_5.0



---------------------
Begin Evaluation  520
---------------------
Parameters for evaluation 520:
                      1.4985341122e+00 desired_speed
                      1.5715723142e-01 radius
                      7.8687871917e-01 time_gap
                      2.6497067529e+00 strength_neighbor
                      4.9004674177e-02 range_neighbor

blocking fork: python3 driver.py params.in results.out

Active response data for evaluation 520:
Active set vector = { 1 1 1 1 1 1 1 1 1 }
                      4.5175900000e+00 flow_2.4
                      3.0934000000e+00 density_2.4
                      3.8609000000e-01 speed_2.4
                      4.8159600000e+00 flow_3.6
                      1.7597600000e+00 density_3.6
                      4.9092000000e-01 speed_3.6
                      5.0142800000e+00 flow_5.0
                      1.4677200000e+00 density_5.0
                      2.4675000000e-01 speed_5.0



---------------------
Begin Evaluation  521
---------------------
Parameters for evaluation 521:
                      1.4832649358e+00 desired_speed
                      2.2497805622e-01 radius
                      5.2242250567e-01 time_gap
                      8.1959638566e+00 strength_neighbor
                      2.4216926117e-01 range_neighbor

blocking fork: python3 driver.py params.in results.out

Active response data for evaluation 521:
Active set vector = { 1 1 1 1 1 1 1 1 1 }
                      4.2154200000e+00 flow_2.4
                      2.2546200000e+00 density_2.4
                      5.4483000000e-01 speed_2.4
                      6.3148400000e+00 flow_3.6
                      1.9828700000e+00 density_3.6
                      7.7389000000e-01 speed_3.6
                      8.8740500000e+00 flow_5.0
                      1.7717700000e+00 density_5.0
                      1.0225700000e+00 speed_5.0



---------------------
Begin Evaluation  522
---------------------
Parameters for evaluation 522:
                      8.2044115221e-01 desired_speed
                      2.2798411810e-01 radius
                      2.2737068936e-01 time_gap
                      7.8683678565e+00 strength_neighbor
                      2.2897519815e-02 range_neighbor

blocking fork: python3 driver.py params.in results.out

Active response data for evaluation 522:
Active set vector = { 1 1 1 1 1 1 1 1 1 }
                      4.0828200000e+00 flow_2.4
                      3.6488500000e+00 density_2.4
                      3.2334000000e-01 speed_2.4
                      5.5555600000e+00 flow_3.6
                      3.1244700000e+00 density_3.6
                      4.3542000000e-01 speed_3.6
                      6.5035000000e+00 flow_5.0
                      2.8651200000e+00 density_5.0
                      4.3500000000e-01 speed_5.0



---------------------
Begin Evaluation  523
---------------------
Parameters for evaluation 523:
                      1.2844663922e+00 desired_speed
                      1.9004849302e-01 radius
                      6.0743960917e-01 time_gap
                      7.7487888104e+00 strength_neighbor
                      1.7348980725e-01 range_neighbor

blocking fork: python3 driver.py params.in results.out

Active response data for evaluation 523:
Active set vector = { 1 1 1 1 1 1 1 1 1 }
                      4.5767700000e+00 flow_2.4
                      3.4504500000e+00 density_2.4
                      3.7198000000e-01 speed_2.4
                      6.7345000000e+00 flow_3.6
                      2.8838400000e+00 density_3.6
                      5.4043000000e-01 speed_3.6
                      9.2961500000e+00 flow_5.0
                      2.5805900000e+00 density_5.0
                      6.4033000000e-01 speed_5.0



---------------------
Begin Evaluation  524
---------------------
Parameters for evaluation 524:
                      1.3950596628e+00 desired_speed
                      2.1473358608e-01 radius
                      5.9318318776e-01 time_gap
                      6.0111762311e+00 strength_neighbor
                      1.0260871686e-01 range_neighbor

blocking fork: python3 driver.py params.in results.out

Active response data for evaluation 524:
Active set vector = { 1 1 1 1 1 1 1 1 1 }
                      3.9440200000e+00 flow_2.4
                      3.1116800000e+00 density_2.4
                      3.5560000000e-01 speed_2.4
                      6.1892100000e+00 flow_3.6
                      2.4945600000e+00 density_3.6
                      5.8152000000e-01 speed_3.6
                      7.7201800000e+00 flow_5.0
                      2.2263300000e+00 density_5.0
                      6.7896000000e-01 speed_5.0



---------------------
Begin Evaluation  525
---------------------
Parameters for evaluation 525:
                      1.2766648073e+00 desired_speed
                      1.8023894340e-01 radius
                      4.1817713431e-01 time_gap
                      7.2269849224e+00 strength_neighbor
                      8.0770766979e-02 range_neighbor

blocking fork: python3 driver.py params.in results.out

Active response data for evaluation 525:
Active set vector = { 1 1 1 1 1 1 1 1 1 }
                      5.9905900000e+00 flow_2.4
                      4.5837900000e+00 density_2.4
                      3.6741000000e-01 speed_2.4
                      8.9080500000e+00 flow_3.6
                      3.7175600000e+00 density_3.6
                      5.8002000000e-01 speed_3.6
                      1.1494250000e+01 flow_5.0
                      3.1559300000e+00 density_5.0
                      6.7944000000e-01 speed_5.0



---------------------
Begin Evaluation  526
---------------------
Parameters for evaluation 526:
                      1.1162231264e+00 desired_speed
                      2.2378227571e-01 radius
                      2.5563854332e-01 time_gap
                      3.4404085175e+00 strength_neighbor
                      2.3507290418e-01 range_neighbor

blocking fork: python3 driver.py params.in results.out

Active response data for evaluation 526:
Active set vector = { 1 1 1 1 1 1 1 1 1 }
                      4.9573600000e+00 flow_2.4
                      3.0684200000e+00 density_2.4
                      5.3666000000e-01 speed_2.4
                      7.8828800000e+00 flow_3.6
                      2.7505400000e+00 density_3.6
                      8.3306000000e-01 speed_3.6
                      1.1910880000e+01 flow_5.0
                      2.6611700000e+00 density_5.0
                      9.3607000000e-01 speed_5.0



---------------------
Begin Evaluation  527
---------------------
Parameters for evaluation 527:
                      1.1855420409e+00 desired_speed
                      1.7236036310e-01 radius
                      6.7992295159e-01 time_gap
                      8.8007617492e+00 strength_neighbor
                      1.1988806276e-01 range_neighbor

blocking fork: python3 driver.py params.in results.out

Active response data for evaluation 527:
Active set vector = { 1 1 1 1 1 1 1 1 1 }
                      4.3695400000e+00 flow_2.4
                      4.3324900000e+00 density_2.4
                      2.7793000000e-01 speed_2.4
                      6.4545900000e+00 flow_3.6
                      3.6104000000e+00 density_3.6
                      4.0205000000e-01 speed_3.6
                      8.4848500000e+00 flow_5.0
                      3.1711800000e+00 density_5.0
                      4.8596000000e-01 speed_5.0



---------------------
Begin Evaluation  528
---------------------
Parameters for evaluation 528:
                      1.1368430167e+00 desired_speed
                      2.4181140435e-01 radius
                      6.6166760734e-01 time_gap
                      2.9750573414e+00 strength_neighbor
                      2.9456033562e-01 range_neighbor

blocking fork: python3 driver.py params.in results.out

Active response data for evaluation 528:
Active set vector = { 1 1 1 1 1 1 1 1 1 }
                      2.9648500000e+00 flow_2.4
                      2.2977300000e+00 density_2.4
                      3.9441000000e-01 speed_2.4
                      4.7473700000e+00 flow_3.6
                      2.0183700000e+00 density_3.6
                      5.7653000000e-01 speed_3.6
                      6.7731000000e+00 flow_5.0
                      1.6842700000e+00 density_5.0
                      8.6465000000e-01 speed_5.0



---------------------
Begin Evaluation  529
---------------------
Parameters for evaluation 529:
                      9.2154330455e-01 desired_speed
                      1.9777157801e-01 radius
                      1.9992622932e-01 time_gap
                      4.6226720660e+00 strength_neighbor
                      6.5589347555e-02 range_neighbor

blocking fork: python3 driver.py params.in results.out

Active response data for evaluation 529:
Active set vector = { 1 1 1 1 1 1 1 1 1 }
                      6.3093600000e+00 flow_2.4
                      4.7130300000e+00 density_2.4
                      3.8645000000e-01 speed_2.4
                      1.0640730000e+01 flow_3.6
                      3.9799400000e+00 density_3.6
                      6.6108000000e-01 speed_3.6
                      1.4227640000e+01 flow_5.0
                      3.2197100000e+00 density_5.0
                      8.2832000000e-01 speed_5.0



---------------------
Begin Evaluation  530
---------------------
Parameters for evaluation 530:
                      1.2108179074e+00 desired_speed
                      2.3512914869e-01 radius
                      8.6993349466e-01 time_gap
                      4.5491663898e+00 strength_neighbor
                      2.1859958045e-01 range_neighbor

blocking fork: python3 driver.py params.in results.out

Active response data for evaluation 530:
Active set vector = { 1 1 1 1 1 1 1 1 1 }
                      2.7565200000e+00 flow_2.4
                      2.4855000000e+00 density_2.4
                      3.1476000000e-01 speed_2.4
                      4.5677800000e+00 flow_3.6
                      1.9099600000e+00 density_3.6
                      5.5809000000e-01 speed_3.6
                      5.8798600000e+00 flow_5.0
                      1.7508600000e+00 density_5.0
                      6.3768000000e-01 speed_5.0



---------------------
Begin Evaluation  531
---------------------
Parameters for evaluation 531:
                      1.1734147663e+00 desired_speed
                      1.3652724251e-01 radius
                      4.9969556623e-01 time_gap
                      8.2918333234e+00 strength_neighbor
                      2.6525913228e-01 range_neighbor

blocking fork: python3 driver.py params.in results.out

Active response data for evaluation 531:
Active set vector = { 1 1 1 1 1 1 1 1 1 }
                      6.2724000000e+00 flow_2.4
                      3.0685500000e+00 density_2.4
                      5.8121000000e-01 speed_2.4
                      9.4798100000e+00 flow_3.6
                      2.7301700000e+00 density_3.6
                      8.1218000000e-01 speed_3.6
                      1.2820510000e+01 flow_5.0
                      2.5880600000e+00 density_5.0
                      8.8825000000e-01 speed_5.0



---------------------
Begin Evaluation  532
---------------------
Parameters for evaluation 532:
                      1.5744767741e+00 desired_speed
                      1.4764891152e-01 radius
                      9.5168186413e-01 time_gap
                      3.3762602423e+00 strength_neighbor
                      1.9794196382e-01 range_neighbor

blocking fork: python3 driver.py params.in results.out

Active response data for evaluation 532:
Active set vector = { 1 1 1 1 1 1 1 1 1 }
                      4.4754600000e+00 flow_2.4
                      5.1339300000e+00 density_2.4
                      2.4436000000e-01 speed_2.4
                      6.6571600000e+00 flow_3.6
                      4.1292700000e+00 density_3.6
                      3.6400000000e-01 speed_3.6
                      8.5981300000e+00 flow_5.0
                      3.5231200000e+00 density_5.0
                      4.4012000000e-01 speed_5.0



---------------------
Begin Evaluation  533
---------------------
Parameters for evaluation 533:
                      8.9745365843e-01 desired_speed
                      2.1333250319e-01 radius
                      4.1390592912e-01 time_gap
                      7.9143132130e+00 strength_neighbor
                      6.9322460567e-02 range_neighbor

blocking fork: python3 driver.py params.in results.out

Active response data for evaluation 533:
Active set vector = { 1 1 1 1 1 1 1 1 1 }
                      4.0131400000e+00 flow_2.4
                      3.6763100000e+00 density_2.4
                      3.1501000000e-01 speed_2.4
                      6.4102600000e+00 flow_3.6
                      3.0266500000e+00 density_3.6
                      5.3242000000e-01 speed_3.6
                      8.7421400000e+00 flow_5.0
                      2.7222900000e+00 density_5.0
                      6.4019000000e-01 speed_5.0



---------------------
Begin Evaluation  534
---------------------
Parameters for evaluation 534:
                      1.3403979415e+00 desired_speed
                      1.4646207019e-01 radius
                      8.9105136190e-01 time_gap
                      4.0751805891e+00 strength_neighbor
                      2.0215924058e-01 range_neighbor

blocking fork: python3 driver.py params.in results.out

Active response data for evaluation 534:
Active set vector = { 1 1 1 1 1 1 1 1 1 }
                      4.8916800000e+00 flow_2.4
                      4.9053900000e+00 density_2.4
                      2.7739000000e-01 speed_2.4
                      6.7443000000e+00 flow_3.6
                      4.1463400000e+00 density_3.6
                      3.7172000000e-01 speed_3.6
                      9.1863500000e+00 flow_5.0
                      3.5581000000e+00 density_5.0
                      4.5292000000e-01 speed_5.0



---------------------
Begin Evaluation  535
---------------------
Parameters for evaluation 535:
                      1.0607368366e+00 desired_speed
                      1.7653766023e-01 radius
                      8.6138019142e-01 time_gap
                      8.9980335632e+00 strength_neighbor
                      9.2969063636e-02 range_neighbor

blocking fork: python3 driver.py params.in results.out

Active response data for evaluation 535:
Active set vector = { 1 1 1 1 1 1 1 1 1 }
                      3.3840900000e+00 flow_2.4
                      4.4323200000e+00 density_2.4
                      2.0780000000e-01 speed_2.4
                      5.0071500000e+00 flow_3.6
                      3.4673100000e+00 density_3.6
                      3.3871000000e-01 speed_3.6
                      6.5493000000e+00 flow_5.0
                      2.9086300000e+00 density_5.0
                      4.4804000000e-01 speed_5.0



---------------------
Begin Evaluation  536
---------------------
Parameters for evaluation 536:
                      1.0592480839e+00 desired_speed
                      1.9525626767e-01 radius
                      9.4071914386e-01 time_gap
                      4.1554313597e+00 strength_neighbor
                      2.0557733535e-01 range_neighbor

blocking fork: python3 driver.py params.in results.out

Active response data for evaluation 536:
Active set vector = { 1 1 1 1 1 1 1 1 1 }
                      3.2723400000e+00 flow_2.4
                      3.3432500000e+00 density_2.4
                      2.7270000000e-01 speed_2.4
                      4.8437500000e+00 flow_3.6
                      2.7272600000e+00 density_3.6
                      4.1571000000e-01 speed_3.6
                      6.5359500000e+00 flow_5.0
                      2.5579400000e+00 density_5.0
                      4.6179000000e-01 speed_5.0



---------------------
Begin Evaluation  537
---------------------
Parameters for evaluation 537:
                      1.3302829407e+00 desired_speed
                      2.2624204704e-01 radius
                      5.9989867629e-01 time_gap
                      4.9472287119e+00 strength_neighbor
                      2.8909484500e-01 range_neighbor

blocking fork: python3 driver.py params.in results.out

Active response data for evaluation 537:
Active set vector = { 1 1 1 1 1 1 1 1 1 }
                      3.6316500000e+00 flow_2.4
                      2.4970800000e+00 density_2.4
                      4.4330000000e-01 speed_2.4
                      5.8649800000e+00 flow_3.6
                      2.0692600000e+00 density_3.6
                      7.0439000000e-01 speed_3.6
                      8.7554700000e+00 flow_5.0
                      1.7910600000e+00 density_5.0
                      9.7043000000e-01 speed_5.0



---------------------
Begin Evaluation  538
---------------------
Parameters for evaluation 538:
                      1.3292386672e+00 desired_speed
                      1.8930058385e-01 radius
                      1.8207354548e-01 time_gap
                      7.4658779254e+00 strength_neighbor
                      1.2375076243e-01 range_neighbor

blocking fork: python3 driver.py params.in results.out

Active response data for evaluation 538:
Active set vector = { 1 1 1 1 1 1 1 1 1 }
                      8.8719900000e+00 flow_2.4
                      4.3365400000e+00 density_2.4
                      5.7994000000e-01 speed_2.4
                      1.4090910000e+01 flow_3.6
                      3.8244500000e+00 density_3.6
                      8.7108000000e-01 speed_3.6
                      1.9690580000e+01 flow_5.0
                      3.3883600000e+00 density_5.0
                      1.0899200000e+00 speed_5.0



---------------------
Begin Evaluation  539
---------------------
Parameters for evaluation 539:
                      1.0071327125e+00 desired_speed
                      2.0951559198e-01 radius
                      3.1560034292e-01 time_gap
                      4.2156741255e+00 strength_neighbor
                      1.5380792694e-01 range_neighbor

blocking fork: python3 driver.py params.in results.out

Active response data for evaluation 539:
Active set vector = { 1 1 1 1 1 1 1 1 1 }
                      5.2141500000e+00 flow_2.4
                      3.7103400000e+00 density_2.4
                      4.0788000000e-01 speed_2.4
                      8.5003000000e+00 flow_3.6
                      3.1844200000e+00 density_3.6
                      6.7095000000e-01 speed_3.6
                      1.2236840000e+01 flow_5.0
                      2.8435500000e+00 density_5.0
                      8.6837000000e-01 speed_5.0



---------------------
Begin Evaluation  540
---------------------
Parameters for evaluation 540:
                      1.0930511139e+00 desired_speed
                      1.3944435391e-01 radius
                      3.3641988366e-01 time_gap
                      6.5762238401e+00 strength_neighbor
                      2.2406640250e-01 range_neighbor

blocking fork: python3 driver.py params.in results.out

Active response data for evaluation 540:
Active set vector = { 1 1 1 1 1 1 1 1 1 }
                      8.6431200000e+00 flow_2.4
                      4.0266400000e+00 density_2.4
                      5.9200000000e-01 speed_2.4
                      1.2988830000e+01 flow_3.6
                      3.6445500000e+00 density_3.6
                      8.3938000000e-01 speed_3.6
                      1.7613640000e+01 flow_5.0
                      3.3659000000e+00 density_5.0
                      9.2165000000e-01 speed_5.0



---------------------
Begin Evaluation  541
---------------------
Parameters for evaluation 541:
                      1.2329128220e+00 desired_speed
                      1.9990570542e-01 radius
                      9.6822450587e-01 time_gap
                      4.7843416845e+00 strength_neighbor
                      1.9045179123e-01 range_neighbor

blocking fork: python3 driver.py params.in results.out

Active response data for evaluation 541:
Active set vector = { 1 1 1 1 1 1 1 1 1 }
                      3.0864200000e+00 flow_2.4
                      3.2835700000e+00 density_2.4
                      2.5991000000e-01 speed_2.4
                      4.5247400000e+00 flow_3.6
                      2.6594100000e+00 density_3.6
                      3.8248000000e-01 speed_3.6
                      5.9221700000e+00 flow_5.0
                      2.3517600000e+00 density_5.0
                      4.7941000000e-01 speed_5.0



---------------------
Begin Evaluation  542
---------------------
Parameters for evaluation 542:
                      9.5455952330e-01 desired_speed
                      1.7490013075e-01 radius
                      2.7072438193e-01 time_gap
                      2.2670022335e+00 strength_neighbor
                      2.7921797818e-01 range_neighbor

blocking fork: python3 driver.py params.in results.out

Active response data for evaluation 542:
Active set vector = { 1 1 1 1 1 1 1 1 1 }
                      6.6100100000e+00 flow_2.4
                      4.3756300000e+00 density_2.4
                      5.0368000000e-01 speed_2.4
                      1.0014310000e+01 flow_3.6
                      3.9228400000e+00 density_3.6
                      7.5284000000e-01 speed_3.6
                      1.6203700000e+01 flow_5.0
                      3.6733800000e+00 density_5.0
                      8.7242000000e-01 speed_5.0



---------------------
Begin Evaluation  543
---------------------
Parameters for evaluation 543:
                      1.3688872032e+00 desired_speed
                      1.9809808639e-01 radius
                      1.5085648614e-01 time_gap
                      5.9974296067e+00 strength_neighbor
                      2.7130989790e-01 range_neighbor

blocking fork: python3 driver.py params.in results.out

Active response data for evaluation 543:
Active set vector = { 1 1 1 1 1 1 1 1 1 }
                      7.6502700000e+00 flow_2.4
                      2.7367300000e+00 density_2.4
                      8.0975000000e-01 speed_2.4
                      1.1453200000e+01 flow_3.6
                      2.4793800000e+00 density_3.6
                      1.1066500000e+00 speed_3.6
                      1.5974630000e+01 flow_5.0
                      2.3546800000e+00 density_5.0
                      1.2034000000e+00 speed_5.0



---------------------
Begin Evaluation  544
---------------------
Parameters for evaluation 544:
                      1.5950559696e+00 desired_speed
                      1.8277617118e-01 radius
                      7.1061038096e-01 time_gap
                      6.7284240185e+00 strength_neighbor
                      1.6503650945e-01 range_neighbor

blocking fork: python3 driver.py params.in results.out

Active response data for evaluation 544:
Active set vector = { 1 1 1 1 1 1 1 1 1 }
                      4.3209900000e+00 flow_2.4
                      3.7903100000e+00 density_2.4
                      3.1276000000e-01 speed_2.4
                      6.8226100000e+00 flow_3.6
                      2.9846200000e+00 density_3.6
                      5.1968000000e-01 speed_3.6
                      8.5793400000e+00 flow_5.0
                      2.7397400000e+00 density_5.0
                      5.5725000000e-01 speed_5.0



---------------------
Begin Evaluation  545
---------------------
Parameters for evaluation 545:
                      1.3115723468e+00 desired_speed
                      1.4369048952e-01 radius
                      3.5284326451e-01 time_gap
                      2.3159002509e+00 strength_neighbor
                      3.8502064449e-02 range_neighbor

blocking fork: python3 driver.py params.in results.out

Active response data for evaluation 545:
Active set vector = { 1 1 1 1 1 1 1 1 1 }
                      7.0814400000e+00 flow_2.4
                      3.3338700000e+00 density_2.4
                      5.2001000000e-01 speed_2.4
                      8.1167000000e+00 flow_3.6
                      1.5175500000e+00 density_3.6
                      6.6058000000e-01 speed_3.6
                      8.5171600000e+00 flow_5.0
                      1.0229400000e+00 density_5.0
                      2.6716000000e-01 speed_5.0



---------------------
Begin Evaluation  546
---------------------
Parameters for evaluation 546:
                      1.2067600349e+00 desired_speed
                      1.7055025803e-01 radius
                      6.2691657234e-01 time_gap
                      8.7127423749e+00 strength_neighbor
                      1.9898711780e-01 range_neighbor

blocking fork: python3 driver.py params.in results.out

Active response data for evaluation 546:
Active set vector = { 1 1 1 1 1 1 1 1 1 }
                      4.9910900000e+00 flow_2.4
                      3.3718700000e+00 density_2.4
                      4.1691000000e-01 speed_2.4
                      7.3839700000e+00 flow_3.6
                      2.9045400000e+00 density_3.6
                      5.9679000000e-01 speed_3.6
                      1.0301690000e+01 flow_5.0
                      2.6152500000e+00 density_5.0
                      7.5932000000e-01 speed_5.0



---------------------
Begin Evaluation  547
---------------------
Parameters for evaluation 547:
                      1.4760521062e+00 desired_speed
                      1.8471244847e-01 radius
                      4.6554059615e-01 time_gap
                      5.7913822997e+00 strength_neighbor
                      2.5578968093e-01 range_neighbor

blocking fork: python3 driver.py params.in results.out

Active response data for evaluation 547:
Active set vector = { 1 1 1 1 1 1 1 1 1 }
                      5.8260500000e+00 flow_2.4
                      3.0913800000e+00 density_2.4
                      5.3470000000e-01 speed_2.4
                      9.1293000000e+00 flow_3.6
                      2.6434800000e+00 density_3.6
                      8.3747000000e-01 speed_3.6
                      1.2477720000e+01 flow_5.0
                      2.3481000000e+00 density_5.0
                      1.0378800000e+00 speed_5.0



---------------------
Begin Evaluation  548
---------------------
Parameters for evaluation 548:
                      1.4569550629e+00 desired_speed
                      2.1715413333e-01 radius
                      4.8101688134e-01 time_gap
                      8.6604149482e+00 strength_neighbor
                      3.6445835008e-02 range_neighbor

blocking fork: python3 driver.py params.in results.out

Active response data for evaluation 548:
Active set vector = { 1 1 1 1 1 1 1 1 1 }
                      4.5045000000e+00 flow_2.4
                      3.1307700000e+00 density_2.4
                      4.0531000000e-01 speed_2.4
                      5.4641600000e+00 flow_3.6
                      2.5117400000e+00 density_3.6
                      5.4461000000e-01 speed_3.6
                      6.2165800000e+00 flow_5.0
                      2.1998400000e+00 density_5.0
                      5.4473000000e-01 speed_5.0



---------------------
Begin Evaluation  549
---------------------
Parameters for evaluation 549:
                      1.5455640009e+00 desired_speed
                      1.5061946637e-01 radius
                      6.3473861735e-01 time_gap
                      5.5393541448e+00 strength_neighbor
                      2.6090150377e-01 range_neighbor

blocking fork: python3 driver.py params.in results.out

Active response data for evaluation 549:
Active set vector = { 1 1 1 1 1 1 1 1 1 }
                      6.1242300000e+00 flow_2.4
                      3.5800900000e+00 density_2.4
                      4.7068000000e-01 speed_2.4
                      9.3625500000e+00 flow_3.6
                      3.0502700000e+00 density_3.6
                      7.1183000000e-01 speed_3.6
                      1.2117240000e+01 flow_5.0
                      2.8206800000e+00 density_5.0
                      7.3069000000e-01 speed_5.0



---------------------
Begin Evaluation  550
---------------------
Parameters for evaluation 550:
                      1.4009447809e+00 desired_speed
                      1.3416085728e-01 radius
                      1.1794018088e-01 time_gap
                      6.6165751044e+00 strength_neighbor
                      8.5911163814e-02 range_neighbor

blocking fork: python3 driver.py params.in results.out

Active response data for evaluation 550:
Active set vector = { 1 1 1 1 1 1 1 1 1 }
                      1.8970190000e+01 flow_2.4
                      7.9012400000e+00 density_2.4
                      6.6571000000e-01 speed_2.4
                      2.9375000000e+01 flow_3.6
                      6.7025300000e+00 density_3.6
                      9.7975000000e-01 speed_3.6
                      3.9655170000e+01 flow_5.0
                      5.6196600000e+00 density_5.0
                      1.1606400000e+00 speed_5.0



---------------------
Begin Evaluation  551
---------------------
Parameters for evaluation 551:
                      9.9362787922e-01 desired_speed
                      1.7870394939e-01 radius
                      1.1023189233e-01 time_gap
                      3.5659663942e+00 strength_neighbor
                      1.5686980722e-01 range_neighbor

blocking fork: python3 driver.py params.in results.out

Active response data for evaluation 551:
Active set vector = { 1 1 1 1 1 1 1 1 1 }
                      9.7280300000e+00 flow_2.4
                      5.2762500000e+00 density_2.4
                      5.9526000000e-01 speed_2.4
                      1.4814810000e+01 flow_3.6
                      4.8310400000e+00 density_3.6
                      8.1368000000e-01 speed_3.6
                      2.1253820000e+01 flow_5.0
                      4.4887500000e+00 density_5.0
                      8.8533000000e-01 speed_5.0



---------------------
Begin Evaluation  552
---------------------
Parameters for evaluation 552:
                      1.2624868993e+00 desired_speed
                      2.1252463744e-01 radius
                      4.3173286367e-01 time_gap
                      8.4402865524e+00 strength_neighbor
                      2.4558744020e-02 range_neighbor

blocking fork: python3 driver.py params.in results.out

Active response data for evaluation 552:
Active set vector = { 1 1 1 1 1 1 1 1 1 }
                      4.5484100000e+00 flow_2.4
                      3.0277200000e+00 density_2.4
                      4.2187000000e-01 speed_2.4
                      4.9468100000e+00 flow_3.6
                      2.4421200000e+00 density_3.6
                      4.8360000000e-01 speed_3.6
                      5.2601800000e+00 flow_5.0
                      1.9883000000e+00 density_5.0
                      4.1084000000e-01 speed_5.0



---------------------
Begin Evaluation  553
---------------------
Parameters for evaluation 553:
                      9.7873507102e-01 desired_speed
                      2.0743168867e-01 radius
                      6.7250693035e-01 time_gap
                      5.1295585976e+00 strength_neighbor
                      4.6997615904e-02 range_neighbor

blocking fork: python3 driver.py params.in results.out

Active response data for evaluation 553:
Active set vector = { 1 1 1 1 1 1 1 1 1 }
                      3.4898200000e+00 flow_2.4
                      3.2851600000e+00 density_2.4
                      3.0230000000e-01 speed_2.4
                      4.9019600000e+00 flow_3.6
                      1.9195000000e+00 density_3.6
                      5.7044000000e-01 speed_3.6
                      5.0358400000e+00 flow_5.0
                      1.9477900000e+00 density_5.0
                      4.4232000000e-01 speed_5.0



---------------------
Begin Evaluation  554
---------------------
Parameters for evaluation 554:
                      1.4317776495e+00 desired_speed
                      1.5978484631e-01 radius
                      7.6193820289e-01 time_gap
                      8.3220123244e+00 strength_neighbor
                      6.5052628300e-02 range_neighbor

blocking fork: python3 driver.py params.in results.out

Active response data for evaluation 554:
Active set vector = { 1 1 1 1 1 1 1 1 1 }
                      4.6342300000e+00 flow_2.4
                      5.1303900000e+00 density_2.4
                      2.4212000000e-01 speed_2.4
                      6.8931600000e+00 flow_3.6
                      3.6206800000e+00 density_3.6
                      4.4107000000e-01 speed_3.6
                      7.7155400000e+00 flow_5.0
                      3.2195700000e+00 density_5.0
                      4.3028000000e-01 speed_5.0



---------------------
Begin Evaluation  555
---------------------
Parameters for evaluation 555:
                      9.8551140974e-01 desired_speed
                      1.3575880872e-01 radius
                      9.1968811733e-01 time_gap
                      6.8354774270e+00 strength_neighbor
                      1.6962859558e-01 range_neighbor

blocking fork: python3 driver.py params.in results.out

Active response data for evaluation 555:
Active set vector = { 1 1 1 1 1 1 1 1 1 }
                      4.5219600000e+00 flow_2.4
                      5.1930900000e+00 density_2.4
                      2.4097000000e-01 speed_2.4
                      6.8570000000e+00 flow_3.6
                      4.2476000000e+00 density_3.6
                      3.6627000000e-01 speed_3.6
                      8.8719900000e+00 flow_5.0
                      3.8658900000e+00 density_5.0
                      3.8122000000e-01 speed_5.0



---------------------
Begin Evaluation  556
---------------------
Parameters for evaluation 556:
                      8.6666183786e-01 desired_speed
                      2.4565001873e-01 radius
                      4.5349048402e-01 time_gap
                      8.5979384344e+00 strength_neighbor
                      1.3492919247e-01 range_neighbor

blocking fork: python3 driver.py params.in results.out

Active response data for evaluation 556:
Active set vector = { 1 1 1 1 1 1 1 1 1 }
                      3.0165900000e+00 flow_2.4
                      2.7234400000e+00 density_2.4
                      3.2350000000e-01 speed_2.4
                      4.8159600000e+00 flow_3.6
                      2.3183000000e+00 density_3.6
                      5.0971000000e-01 speed_3.6
                      6.7678200000e+00 flow_5.0
                      2.1036900000e+00 density_5.0
                      6.7962000000e-01 speed_5.0



---------------------
Begin Evaluation  557
---------------------
Parameters for evaluation 557:
                      8.3494329572e-01 desired_speed
                      2.1910209037e-01 radius
                      1.7576584402e-01 time_gap
                      6.3987510072e+00 strength_neighbor
                      9.6018445298e-02 range_neighbor

blocking fork: python3 driver.py params.in results.out

Active response data for evaluation 557:
Active set vector = { 1 1 1 1 1 1 1 1 1 }
                      5.2552600000e+00 flow_2.4
                      3.9538800000e+00 density_2.4
                      3.9148000000e-01 speed_2.4
                      8.4235900000e+00 flow_3.6
                      3.5839800000e+00 density_3.6
                      5.8769000000e-01 speed_3.6
                      1.2225150000e+01 flow_5.0
                      3.3477400000e+00 density_5.0
                      7.1417000000e-01 speed_5.0



---------------------
Begin Evaluation  558
---------------------
Parameters for evaluation 558:
                      9.6957471165e-01 desired_speed
                      2.2989601093e-01 radius
                      8.5011932413e-01 time_gap
                      3.1693684467e+00 strength_neighbor
                      1.9293531967e-01 range_neighbor

blocking fork: python3 driver.py params.in results.out

Active response data for evaluation 558:
Active set vector = { 1 1 1 1 1 1 1 1 1 }
                      2.6365300000e+00 flow_2.4
                      2.7380600000e+00 density_2.4
                      2.7433000000e-01 speed_2.4
                      4.2540300000e+00 flow_3.6
                      2.1646500000e+00 density_3.6
                      4.8947000000e-01 speed_3.6
                      5.7620800000e+00 flow_5.0
                      1.9729000000e+00 density_5.0
                      5.6767000000e-01 speed_5.0



---------------------
Begin Evaluation  559
---------------------
Parameters for evaluation 559:
                      1.1945542657e+00 desired_speed
                      2.3174118658e-01 radius
                      5.4605475908e-01 time_gap
                      9.5007292128e+00 strength_neighbor
                      8.9300200645e-02 range_neighbor

blocking fork: python3 driver.py params.in results.out

Active response data for evaluation 559:
Active set vector = { 1 1 1 1 1 1 1 1 1 }
                      3.4339000000e+00 flow_2.4
                      2.8610800000e+00 density_2.4
                      3.3708000000e-01 speed_2.4
                      5.4708900000e+00 flow_3.6
                      2.2963400000e+00 density_3.6
                      5.6388000000e-01 speed_3.6
                      7.1574600000e+00 flow_5.0
                      2.0438600000e+00 density_5.0
                      6.8646000000e-01 speed_5.0



---------------------
Begin Evaluation  560
---------------------
Parameters for evaluation 560:
                      1.2514489676e+00 desired_speed
                      1.4528175664e-01 radius
                      3.2864313354e-01 time_gap
                      5.0649871658e+00 strength_neighbor
                      1.8431984677e-01 range_neighbor

blocking fork: python3 driver.py params.in results.out

Active response data for evaluation 560:
Active set vector = { 1 1 1 1 1 1 1 1 1 }
                      9.6963400000e+00 flow_2.4
                      5.2401900000e+00 density_2.4
                      5.2827000000e-01 speed_2.4
                      1.5146580000e+01 flow_3.6
                      4.5071900000e+00 density_3.6
                      8.0216000000e-01 speed_3.6
                      2.0870870000e+01 flow_5.0
                      4.0110500000e+00 density_5.0
                      9.6645000000e-01 speed_5.0


<<<<< Function evaluation summary: 560 total (560 new, 0 duplicate)

Global sensitivity indices for each response function:
flow_2.4 Sobol' indices:
                                  Main             Total
                     -2.0840495288e-02  5.8050557212e-02 desired_speed
                      1.0606551613e-01  3.9722519810e-01 radius
                      3.1769967439e-01  3.0788976144e-01 time_gap
                      1.2081342719e-02  2.4512917850e-02 strength_neighbor
                      2.8274281457e-03  3.2483095713e-02 range_neighbor
density_2.4 Sobol' indices:
                                  Main             Total
                      1.6638083312e-02  6.3465238344e-03 desired_speed
                      5.3415594779e-01  7.4696048832e-01 radius
                      4.0774993939e-02  3.8077211199e-02 time_gap
                      4.0190308761e-02  1.2321760111e-01 strength_neighbor
                      2.7558024779e-01  3.9551282899e-01 range_neighbor
speed_2.4 Sobol' indices:
                                  Main             Total
                      4.8342999444e-03  1.2951152869e-01 desired_speed
                     -1.0059094254e-01  3.3114979948e-02 radius
                      6.3588968219e-01  5.4447827927e-01 time_gap
                     -8.4607874219e-03  4.7147022055e-02 strength_neighbor
                      1.5827722785e-01  2.6140895511e-01 range_neighbor
flow_3.6 Sobol' indices:
                                  Main             Total
                     -1.2203714937e-02  4.9414017821e-02 desired_speed
                      4.3268312752e-02  3.3468474302e-01 radius
                      3.5873492470e-01  3.3508774798e-01 time_gap
                      2.6336491001e-02  3.3222719626e-02 strength_neighbor
                      4.7259587786e-02  7.2945900519e-02 range_neighbor
density_3.6 Sobol' indices:
                                  Main             Total
                      3.1728746997e-02  1.8054373111e-02 desired_speed
                      5.4482791949e-01  6.8136404028e-01 radius
                      8.5363138937e-02  8.8905545377e-02 time_gap
                      3.4898460867e-02  1.3412398674e-01 strength_neighbor
                      1.9870588395e-01  3.3577289981e-01 range_neighbor
speed_3.6 Sobol' indices:
                                  Main             Total
                      1.3403862597e-02  1.8249648362e-01 desired_speed
                     -3.9698006881e-02  6.2648984788e-02 radius
                      6.7492385198e-01  5.6355814413e-01 time_gap
                      2.2333670346e-02  3.8837805222e-02 strength_neighbor
                      2.1501011800e-01  2.8561577260e-01 range_neighbor
flow_5.0 Sobol' indices:
                                  Main             Total
                     -8.9482901343e-03  4.7321695852e-02 desired_speed
                      2.7002776574e-02  2.7995529550e-01 radius
                      4.0024838471e-01  3.7351207780e-01 time_gap
                      8.7021677759e-03  3.7612472052e-02 strength_neighbor
                      6.3243509640e-02  1.1640910973e-01 range_neighbor
density_5.0 Sobol' indices:
                                  Main             Total
                      4.9844412629e-02  1.4935816187e-02 desired_speed
                      4.9332069096e-01  5.5761352240e-01 radius
                      9.3099570370e-02  9.3886357161e-02 time_gap
                      6.1006662956e-03  1.6844011954e-01 strength_neighbor
                      1.2024096779e-01  3.3059260703e-01 range_neighbor
speed_5.0 Sobol' indices:
                                  Main             Total
                      3.8760450747e-02  1.5606588617e-01 desired_speed
                      9.0398121924e-03  4.2367457558e-02 radius
                      6.6602629799e-01  5.5979553533e-01 time_gap
                      1.3596349901e-02  3.5417943041e-02 strength_neighbor
                      4.5564715105e-01  4.2010531726e-01 range_neighbor

<<<<< Iterator random_sampling completed.
<<<<< Environment execution completed.
DAKOTA execution time in seconds:
  Total CPU        =   0.972661 [parent =   0.972712, child =   -5.1e-05]
  Total wall clock =    4712.34
