Dakota version 6.24 released May 15 2026.
Repository revision 1ab1c9924 (2026-05-11) built May 11 2026 11:08:44.
Running MPI Dakota executable in serial mode.
Start time: Sat Sep  5 12:27:05 2026

------------------
Begin Dakota input
------------------
# Sobol indices of the 5 parameters kept after Morris screening, per observable.
# Wall repulsion fixed at defaults (strength 5, range 0.02). Cost 40*(5+2)=280 evals.
# Run:  HERMES_WIDTHS=2.4,3.6,5.0 dakota -i dakota.in -o dakota.out

environment
  tabular_data
    tabular_data_file = 'sobol_samples.dat'

method
  sampling
    sample_type lhs
    samples = 40
    seed = 3
    variance_based_decomp

variables
  uniform_uncertain = 5
    descriptors  'desired_speed' 'radius' 'time_gap' 'strength_neighbor' 'range_neighbor'
    lower_bounds  0.8   0.12  0.10   2.0   0.02
    upper_bounds  1.6   0.25  1.00  10.0   0.30

interface
  fork
    analysis_drivers = 'python3 driver.py'
    parameters_file  = 'params.in'
    results_file     = 'results.out'
    work_directory named 'runs/run' directory_tag
    link_files = '../driver.py' '../observables.py' '../scenario.py' '../exp_observables.json'
  asynchronous evaluation_concurrency = 2

responses
  response_functions = 9
    descriptors 'flow_2.4' 'density_2.4' 'speed_2.4' 'flow_3.6' 'density_3.6' 'speed_3.6' 'flow_5.0' 'density_5.0' 'speed_5.0'
  no_gradients
  no_hessians

----------------
End Dakota input
----------------

Using Dakota parser: standard
Writing new restart file 'dakota.rst'.

>>>>> Executing environment.

>>>>> Running random_sampling iterator.

NonD lhs Samples = 40 Seed (user-specified) = 3

NonD lhs Samples = 40 Seed not reset from previous LHS execution

---------------------
Begin Evaluation    1
---------------------
Parameters for evaluation 1:
                      1.1049577660e+00 desired_speed
                      1.4000982016e-01 radius
                      6.8142342610e-01 time_gap
                      8.3851465569e+00 strength_neighbor
                      2.2062228132e-01 range_neighbor

(Asynchronous job 1 added to queue)

---------------------
Begin Evaluation    2
---------------------
Parameters for evaluation 2:
                      1.3255697457e+00 desired_speed
                      1.8154324687e-01 radius
                      3.1720669418e-01 time_gap
                      8.0133938845e+00 strength_neighbor
                      1.0895026422e-01 range_neighbor

(Asynchronous job 2 added to queue)

---------------------
Begin Evaluation    3
---------------------
Parameters for evaluation 3:
                      1.5251850489e+00 desired_speed
                      2.0904672061e-01 radius
                      9.5068815024e-01 time_gap
                      3.9043208674e+00 strength_neighbor
                      2.7586991202e-01 range_neighbor

(Asynchronous job 3 added to queue)

---------------------
Begin Evaluation    4
---------------------
Parameters for evaluation 4:
                      1.1938964731e+00 desired_speed
                      1.5503602298e-01 radius
                      5.5462173265e-01 time_gap
                      3.1080239203e+00 strength_neighbor
                      2.0905057042e-02 range_neighbor

(Asynchronous job 4 added to queue)

---------------------
Begin Evaluation    5
---------------------
Parameters for evaluation 5:
                      1.4404796377e+00 desired_speed
                      1.7165246160e-01 radius
                      3.8319069029e-01 time_gap
                      6.9447878273e+00 strength_neighbor
                      1.2797310966e-01 range_neighbor

(Asynchronous job 5 added to queue)

---------------------
Begin Evaluation    6
---------------------
Parameters for evaluation 6:
                      1.0179258618e+00 desired_speed
                      1.7326090659e-01 radius
                      1.0914669813e-01 time_gap
                      4.8485350843e+00 strength_neighbor
                      2.8737466404e-01 range_neighbor

(Asynchronous job 6 added to queue)

---------------------
Begin Evaluation    7
---------------------
Parameters for evaluation 7:
                      1.0203749602e+00 desired_speed
                      1.6308715220e-01 radius
                      8.8180179001e-01 time_gap
                      2.6978582511e+00 strength_neighbor
                      1.8660422458e-01 range_neighbor

(Asynchronous job 7 added to queue)

---------------------
Begin Evaluation    8
---------------------
Parameters for evaluation 8:
                      1.2005975243e+00 desired_speed
                      2.0724869034e-01 radius
                      9.2554959075e-01 time_gap
                      2.0747200238e+00 strength_neighbor
                      2.4250011234e-01 range_neighbor

(Asynchronous job 8 added to queue)

---------------------
Begin Evaluation    9
---------------------
Parameters for evaluation 9:
                      8.2141449761e-01 desired_speed
                      2.3606908868e-01 radius
                      1.3516232717e-01 time_gap
                      2.8679697328e+00 strength_neighbor
                      2.1440917078e-01 range_neighbor

(Asynchronous job 9 added to queue)

---------------------
Begin Evaluation   10
---------------------
Parameters for evaluation 10:
                      1.0841448576e+00 desired_speed
                      2.3817508548e-01 radius
                      7.8314896486e-01 time_gap
                      5.4638990070e+00 strength_neighbor
                      2.8281767832e-01 range_neighbor

(Asynchronous job 10 added to queue)

---------------------
Begin Evaluation   11
---------------------
Parameters for evaluation 11:
                      1.2690634460e+00 desired_speed
                      1.6622136312e-01 radius
                      6.8696266077e-01 time_gap
                      6.6052052533e+00 strength_neighbor
                      3.7872944120e-02 range_neighbor

(Asynchronous job 11 added to queue)

---------------------
Begin Evaluation   12
---------------------
Parameters for evaluation 12:
                      8.1101595809e-01 desired_speed
                      1.5840710486e-01 radius
                      3.6241044099e-01 time_gap
                      7.2950177213e+00 strength_neighbor
                      5.5602005008e-02 range_neighbor

(Asynchronous job 12 added to queue)

---------------------
Begin Evaluation   13
---------------------
Parameters for evaluation 13:
                      1.2929828810e+00 desired_speed
                      1.8817198514e-01 radius
                      2.2621653244e-01 time_gap
                      7.5836060045e+00 strength_neighbor
                      1.7736167967e-01 range_neighbor

(Asynchronous job 13 added to queue)

---------------------
Begin Evaluation   14
---------------------
Parameters for evaluation 14:
                      1.4382660291e+00 desired_speed
                      1.2424567204e-01 radius
                      5.2919200256e-01 time_gap
                      9.6200208688e+00 strength_neighbor
                      1.4473846510e-01 range_neighbor

(Asynchronous job 14 added to queue)

---------------------
Begin Evaluation   15
---------------------
Parameters for evaluation 15:
                      1.1688161968e+00 desired_speed
                      2.2980820013e-01 radius
                      3.4436201301e-01 time_gap
                      7.1011148116e+00 strength_neighbor
                      8.5306999505e-02 range_neighbor

(Asynchronous job 15 added to queue)

---------------------
Begin Evaluation   16
---------------------
Parameters for evaluation 16:
                      8.7679898085e-01 desired_speed
                      1.5999568148e-01 radius
                      4.2137847686e-01 time_gap
                      6.1382955019e+00 strength_neighbor
                      1.5187435142e-01 range_neighbor

(Asynchronous job 16 added to queue)

---------------------
Begin Evaluation   17
---------------------
Parameters for evaluation 17:
                      1.2229074029e+00 desired_speed
                      1.9368524696e-01 radius
                      6.1893482054e-01 time_gap
                      8.6554646098e+00 strength_neighbor
                      2.9879615482e-01 range_neighbor

(Asynchronous job 17 added to queue)

---------------------
Begin Evaluation   18
---------------------
Parameters for evaluation 18:
                      9.7785893916e-01 desired_speed
                      1.9580724508e-01 radius
                      8.9778997394e-01 time_gap
                      2.3687574191e+00 strength_neighbor
                      1.1984720669e-01 range_neighbor

(Asynchronous job 18 added to queue)

---------------------
Begin Evaluation   19
---------------------
Parameters for evaluation 19:
                      1.3898527184e+00 desired_speed
                      2.2612358542e-01 radius
                      4.5575262452e-01 time_gap
                      4.4123057858e+00 strength_neighbor
                      3.2264980210e-02 range_neighbor

(Asynchronous job 19 added to queue)

---------------------
Begin Evaluation   20
---------------------
Parameters for evaluation 20:
                      1.5683020239e+00 desired_speed
                      2.4777624356e-01 radius
                      7.4088067450e-01 time_gap
                      8.4145124275e+00 strength_neighbor
                      1.5699899321e-01 range_neighbor

(Asynchronous job 20 added to queue)

---------------------
Begin Evaluation   21
---------------------
Parameters for evaluation 21:
                      1.4118172562e+00 desired_speed
                      2.3231298248e-01 radius
                      2.6207547690e-01 time_gap
                      3.5652256149e+00 strength_neighbor
                      1.9744947655e-01 range_neighbor

(Asynchronous job 21 added to queue)

---------------------
Begin Evaluation   22
---------------------
Parameters for evaluation 22:
                      1.1418710299e+00 desired_speed
                      1.2875269824e-01 radius
                      4.1209912114e-01 time_gap
                      3.6651614322e+00 strength_neighbor
                      2.5298385160e-01 range_neighbor

(Asynchronous job 22 added to queue)

---------------------
Begin Evaluation   23
---------------------
Parameters for evaluation 23:
                      9.3021655202e-01 desired_speed
                      2.0093421083e-01 radius
                      2.9029794396e-01 time_gap
                      9.5980602377e+00 strength_neighbor
                      2.0721326626e-01 range_neighbor

(Asynchronous job 23 added to queue)

---------------------
Begin Evaluation   24
---------------------
Parameters for evaluation 24:
                      1.2491366645e+00 desired_speed
                      2.2209458572e-01 radius
                      2.4156533740e-01 time_gap
                      6.2964891605e+00 strength_neighbor
                      2.2927547661e-01 range_neighbor

(Asynchronous job 24 added to queue)

---------------------
Begin Evaluation   25
---------------------
Parameters for evaluation 25:
                      8.8581809487e-01 desired_speed
                      2.0387901990e-01 radius
                      6.5156578871e-01 time_gap
                      9.0352124230e+00 strength_neighbor
                      1.3848707979e-01 range_neighbor

(Asynchronous job 25 added to queue)

---------------------
Begin Evaluation   26
---------------------
Parameters for evaluation 26:
                      1.0425117063e+00 desired_speed
                      2.1222848065e-01 radius
                      7.6253275992e-01 time_gap
                      5.6461168414e+00 strength_neighbor
                      4.9314703775e-02 range_neighbor

(Asynchronous job 26 added to queue)

---------------------
Begin Evaluation   27
---------------------
Parameters for evaluation 27:
                      1.5194729654e+00 desired_speed
                      1.8181699713e-01 radius
                      5.8961301603e-01 time_gap
                      3.3145587731e+00 strength_neighbor
                      1.9389472232e-01 range_neighbor

(Asynchronous job 27 added to queue)

---------------------
Begin Evaluation   28
---------------------
Parameters for evaluation 28:
                      8.5416295644e-01 desired_speed
                      2.4032513210e-01 radius
                      7.2308425931e-01 time_gap
                      7.8413932271e+00 strength_neighbor
                      2.3639782683e-01 range_neighbor

(Asynchronous job 28 added to queue)

---------------------
Begin Evaluation   29
---------------------
Parameters for evaluation 29:
                      1.0608126148e+00 desired_speed
                      2.1563028023e-01 radius
                      9.7050655937e-01 time_gap
                      4.0890290104e+00 strength_neighbor
                      6.8664708715e-02 range_neighbor

(Asynchronous job 29 added to queue)

---------------------
Begin Evaluation   30
---------------------
Parameters for evaluation 30:
                      1.1210293442e+00 desired_speed
                      2.1779970529e-01 radius
                      8.5411212894e-01 time_gap
                      5.1614045350e+00 strength_neighbor
                      4.1813516133e-02 range_neighbor

(Asynchronous job 30 added to queue)

---------------------
Begin Evaluation   31
---------------------
Parameters for evaluation 31:
                      9.0242657159e-01 desired_speed
                      1.3443147460e-01 radius
                      5.9953102107e-01 time_gap
                      5.3943205219e+00 strength_neighbor
                      2.7117335913e-01 range_neighbor

(Asynchronous job 31 added to queue)

---------------------
Begin Evaluation   32
---------------------
Parameters for evaluation 32:
                      1.5480472128e+00 desired_speed
                      2.4423142713e-01 radius
                      5.1522899685e-01 time_gap
                      9.9385301233e+00 strength_neighbor
                      9.9531554323e-02 range_neighbor

(Asynchronous job 32 added to queue)

---------------------
Begin Evaluation   33
---------------------
Parameters for evaluation 33:
                      1.3043115402e+00 desired_speed
                      1.3165651491e-01 radius
                      1.8433354233e-01 time_gap
                      2.5336269610e+00 strength_neighbor
                      9.3787137713e-02 range_neighbor

(Asynchronous job 33 added to queue)

---------------------
Begin Evaluation   34
---------------------
Parameters for evaluation 34:
                      1.4911770817e+00 desired_speed
                      1.4422747524e-01 radius
                      8.0565266032e-01 time_gap
                      5.8042451480e+00 strength_neighbor
                      1.7316777518e-01 range_neighbor

(Asynchronous job 34 added to queue)

---------------------
Begin Evaluation   35
---------------------
Parameters for evaluation 35:
                      1.4753165275e+00 desired_speed
                      1.5171241205e-01 radius
                      8.3592294904e-01 time_gap
                      7.7193327555e+00 strength_neighbor
                      2.6056158409e-01 range_neighbor

(Asynchronous job 35 added to queue)

---------------------
Begin Evaluation   36
---------------------
Parameters for evaluation 36:
                      1.3735250981e+00 desired_speed
                      1.7758487158e-01 radius
                      4.6625449396e-01 time_gap
                      6.5300953723e+00 strength_neighbor
                      2.4843565897e-01 range_neighbor

(Asynchronous job 36 added to queue)

---------------------
Begin Evaluation   37
---------------------
Parameters for evaluation 37:
                      1.5910554390e+00 desired_speed
                      1.3714349035e-01 radius
                      1.5555115552e-01 time_gap
                      4.2285198693e+00 strength_neighbor
                      1.1468277700e-01 range_neighbor

(Asynchronous job 37 added to queue)

---------------------
Begin Evaluation   38
---------------------
Parameters for evaluation 38:
                      1.3470781015e+00 desired_speed
                      1.4777010929e-01 radius
                      1.9605780056e-01 time_gap
                      4.6604527227e+00 strength_neighbor
                      7.3659372253e-02 range_neighbor

(Asynchronous job 38 added to queue)

---------------------
Begin Evaluation   39
---------------------
Parameters for evaluation 39:
                      9.8874123880e-01 desired_speed
                      1.2092145653e-01 radius
                      9.8461640201e-01 time_gap
                      9.2303721985e+00 strength_neighbor
                      1.6508423649e-01 range_neighbor

(Asynchronous job 39 added to queue)

---------------------
Begin Evaluation   40
---------------------
Parameters for evaluation 40:
                      9.5138622651e-01 desired_speed
                      1.8871383132e-01 radius
                      4.9091780638e-01 time_gap
                      8.8397952050e+00 strength_neighbor
                      8.0771282470e-02 range_neighbor

(Asynchronous job 40 added to queue)

---------------------
Begin Evaluation   41
---------------------
Parameters for evaluation 41:
                      1.5044664596e+00 desired_speed
                      2.3508354067e-01 radius
                      4.4304704802e-01 time_gap
                      5.0226888172e+00 strength_neighbor
                      2.4073685227e-01 range_neighbor

(Asynchronous job 41 added to queue)

---------------------
Begin Evaluation   42
---------------------
Parameters for evaluation 42:
                      1.5646419678e+00 desired_speed
                      2.1357829870e-01 radius
                      8.1173475482e-01 time_gap
                      4.8680664950e+00 strength_neighbor
                      1.6681159799e-01 range_neighbor

(Asynchronous job 42 added to queue)

---------------------
Begin Evaluation   43
---------------------
Parameters for evaluation 43:
                      9.0137099845e-01 desired_speed
                      1.9391744559e-01 radius
                      9.3638166058e-01 time_gap
                      3.1351993178e+00 strength_neighbor
                      1.3492755965e-01 range_neighbor

(Asynchronous job 43 added to queue)

---------------------
Begin Evaluation   44
---------------------
Parameters for evaluation 44:
                      1.4518305201e+00 desired_speed
                      1.4624631167e-01 radius
                      4.1726299854e-01 time_gap
                      5.7132762951e+00 strength_neighbor
                      2.4783829612e-01 range_neighbor

(Asynchronous job 44 added to queue)

---------------------
Begin Evaluation   45
---------------------
Parameters for evaluation 45:
                      1.2890862356e+00 desired_speed
                      1.6412903093e-01 radius
                      3.8313842708e-01 time_gap
                      8.5348660750e+00 strength_neighbor
                      2.5188506110e-01 range_neighbor

(Asynchronous job 45 added to queue)

---------------------
Begin Evaluation   46
---------------------
Parameters for evaluation 46:
                      1.0998584711e+00 desired_speed
                      2.4350155615e-01 radius
                      5.2888466618e-01 time_gap
                      8.7429773335e+00 strength_neighbor
                      1.7054259685e-01 range_neighbor

(Asynchronous job 46 added to queue)

---------------------
Begin Evaluation   47
---------------------
Parameters for evaluation 47:
                      1.2674562301e+00 desired_speed
                      1.5833441490e-01 radius
                      9.7399620172e-01 time_gap
                      5.5016314863e+00 strength_neighbor
                      1.0252182639e-01 range_neighbor

(Asynchronous job 47 added to queue)

---------------------
Begin Evaluation   48
---------------------
Parameters for evaluation 48:
                      1.4630617860e+00 desired_speed
                      1.9595893601e-01 radius
                      2.7126086132e-01 time_gap
                      7.8691034677e+00 strength_neighbor
                      3.0503958859e-02 range_neighbor

(Asynchronous job 48 added to queue)

---------------------
Begin Evaluation   49
---------------------
Parameters for evaluation 49:
                      8.0722167550e-01 desired_speed
                      2.2339804284e-01 radius
                      3.5688850518e-01 time_gap
                      8.2113745145e+00 strength_neighbor
                      1.9177910501e-01 range_neighbor

(Asynchronous job 49 added to queue)

---------------------
Begin Evaluation   50
---------------------
Parameters for evaluation 50:
                      1.3757717827e+00 desired_speed
                      1.4327819225e-01 radius
                      3.0344569421e-01 time_gap
                      9.7578088513e+00 strength_neighbor
                      1.1727017669e-01 range_neighbor

(Asynchronous job 50 added to queue)

---------------------
Begin Evaluation   51
---------------------
Parameters for evaluation 51:
                      1.3431448931e+00 desired_speed
                      2.1956148628e-01 radius
                      5.7913060359e-01 time_gap
                      4.1659740073e+00 strength_neighbor
                      1.1027486291e-01 range_neighbor

(Asynchronous job 51 added to queue)

---------------------
Begin Evaluation   52
---------------------
Parameters for evaluation 52:
                      8.8612254593e-01 desired_speed
                      2.1499006692e-01 radius
                      9.0678399470e-01 time_gap
                      2.9592652031e+00 strength_neighbor
                      5.7033394239e-02 range_neighbor

(Asynchronous job 52 added to queue)

---------------------
Begin Evaluation   53
---------------------
Parameters for evaluation 53:
                      1.5895901462e+00 desired_speed
                      2.2810905796e-01 radius
                      4.7129327523e-01 time_gap
                      3.4891828221e+00 strength_neighbor
                      2.8326319209e-01 range_neighbor

(Asynchronous job 53 added to queue)

---------------------
Begin Evaluation   54
---------------------
Parameters for evaluation 54:
                      9.2567378900e-01 desired_speed
                      1.5145838088e-01 radius
                      1.4901712376e-01 time_gap
                      7.3646467115e+00 strength_neighbor
                      2.9643842192e-01 range_neighbor

(Asynchronous job 54 added to queue)

---------------------
Begin Evaluation   55
---------------------
Parameters for evaluation 55:
                      1.5448595637e+00 desired_speed
                      2.0818620905e-01 radius
                      1.2576902407e-01 time_gap
                      4.2920737004e+00 strength_neighbor
                      4.3922933356e-02 range_neighbor

(Asynchronous job 55 added to queue)

---------------------
Begin Evaluation   56
---------------------
Parameters for evaluation 56:
                      1.4123490836e+00 desired_speed
                      1.2739257178e-01 radius
                      8.8737670060e-01 time_gap
                      6.3855058553e+00 strength_neighbor
                      2.0804276126e-01 range_neighbor

(Asynchronous job 56 added to queue)

---------------------
Begin Evaluation   57
---------------------
Parameters for evaluation 57:
                      1.2324102536e+00 desired_speed
                      2.4764554550e-01 radius
                      7.6905310122e-01 time_gap
                      9.0828837721e+00 strength_neighbor
                      1.5903823559e-01 range_neighbor

(Asynchronous job 57 added to queue)

---------------------
Begin Evaluation   58
---------------------
Parameters for evaluation 58:
                      8.6891620357e-01 desired_speed
                      1.7437301850e-01 radius
                      6.8435250032e-01 time_gap
                      9.8954183278e+00 strength_neighbor
                      5.4400663072e-02 range_neighbor

(Asynchronous job 58 added to queue)

---------------------
Begin Evaluation   59
---------------------
Parameters for evaluation 59:
                      9.6425788671e-01 desired_speed
                      2.2647208372e-01 radius
                      1.1195792043e-01 time_gap
                      6.9632538497e+00 strength_neighbor
                      2.7643072373e-01 range_neighbor

(Asynchronous job 59 added to queue)

---------------------
Begin Evaluation   60
---------------------
Parameters for evaluation 60:
                      1.0215113281e+00 desired_speed
                      1.6687352936e-01 radius
                      8.5297809406e-01 time_gap
                      4.5269546438e+00 strength_neighbor
                      2.2014731773e-01 range_neighbor

(Asynchronous job 60 added to queue)

---------------------
Begin Evaluation   61
---------------------
Parameters for evaluation 61:
                      1.3123747317e+00 desired_speed
                      2.4329190958e-01 radius
                      6.3973253685e-01 time_gap
                      6.0054063749e+00 strength_neighbor
                      1.9580452563e-01 range_neighbor

(Asynchronous job 61 added to queue)

---------------------
Begin Evaluation   62
---------------------
Parameters for evaluation 62:
                      9.9077585324e-01 desired_speed
                      1.5339164454e-01 radius
                      6.5553121378e-01 time_gap
                      2.5713236317e+00 strength_neighbor
                      1.7439690096e-01 range_neighbor

(Asynchronous job 62 added to queue)

---------------------
Begin Evaluation   63
---------------------
Parameters for evaluation 63:
                      1.0425164208e+00 desired_speed
                      1.2984851191e-01 radius
                      9.1751911686e-01 time_gap
                      8.9816716040e+00 strength_neighbor
                      8.7681513057e-02 range_neighbor

(Asynchronous job 63 added to queue)

---------------------
Begin Evaluation   64
---------------------
Parameters for evaluation 64:
                      9.4152992561e-01 desired_speed
                      2.3257367186e-01 radius
                      2.3556306886e-01 time_gap
                      3.7430758139e+00 strength_neighbor
                      7.5304976112e-02 range_neighbor

(Asynchronous job 64 added to queue)

---------------------
Begin Evaluation   65
---------------------
Parameters for evaluation 65:
                      1.0636754463e+00 desired_speed
                      1.8190046267e-01 radius
                      8.3389025409e-01 time_gap
                      7.5808024948e+00 strength_neighbor
                      1.8497531521e-01 range_neighbor

(Asynchronous job 65 added to queue)

---------------------
Begin Evaluation   66
---------------------
Parameters for evaluation 66:
                      1.5206185839e+00 desired_speed
                      1.4039949573e-01 radius
                      7.1834154374e-01 time_gap
                      4.7560006445e+00 strength_neighbor
                      2.1433481090e-01 range_neighbor

(Asynchronous job 66 added to queue)

---------------------
Begin Evaluation   67
---------------------
Parameters for evaluation 67:
                      1.1499556566e+00 desired_speed
                      1.8558740607e-01 radius
                      2.0730550806e-01 time_gap
                      5.2382566582e+00 strength_neighbor
                      1.2675132258e-01 range_neighbor

(Asynchronous job 67 added to queue)

---------------------
Begin Evaluation   68
---------------------
Parameters for evaluation 68:
                      1.1087271417e+00 desired_speed
                      1.3606122168e-01 radius
                      5.5158331959e-01 time_gap
                      6.4105950041e+00 strength_neighbor
                      2.6389568859e-01 range_neighbor

(Asynchronous job 68 added to queue)

---------------------
Begin Evaluation   69
---------------------
Parameters for evaluation 69:
                      1.1286706858e+00 desired_speed
                      2.3912918521e-01 radius
                      7.9400005704e-01 time_gap
                      9.5470648366e+00 strength_neighbor
                      2.2421257504e-01 range_neighbor

(Asynchronous job 69 added to queue)

---------------------
Begin Evaluation   70
---------------------
Parameters for evaluation 70:
                      1.1723341057e+00 desired_speed
                      1.7652061356e-01 radius
                      3.3234094012e-01 time_gap
                      7.0503860602e+00 strength_neighbor
                      6.7349079701e-02 range_neighbor

(Asynchronous job 70 added to queue)

---------------------
Begin Evaluation   71
---------------------
Parameters for evaluation 71:
                      1.1916662382e+00 desired_speed
                      1.8049936573e-01 radius
                      6.1387532667e-01 time_gap
                      5.9742979091e+00 strength_neighbor
                      2.3627944525e-01 range_neighbor

(Asynchronous job 71 added to queue)

---------------------
Begin Evaluation   72
---------------------
Parameters for evaluation 72:
                      1.4359743654e+00 desired_speed
                      2.0702447661e-01 radius
                      9.9613971831e-01 time_gap
                      3.9343140497e+00 strength_neighbor
                      1.4543874427e-01 range_neighbor

(Asynchronous job 72 added to queue)

---------------------
Begin Evaluation   73
---------------------
Parameters for evaluation 73:
                      8.5768129337e-01 desired_speed
                      2.0319026053e-01 radius
                      6.8779354564e-01 time_gap
                      6.6440672662e+00 strength_neighbor
                      7.7439476863e-02 range_neighbor

(Asynchronous job 73 added to queue)

---------------------
Begin Evaluation   74
---------------------
Parameters for evaluation 74:
                      1.2195815451e+00 desired_speed
                      1.7100798616e-01 radius
                      7.4200588604e-01 time_gap
                      8.0373901991e+00 strength_neighbor
                      2.9153833524e-01 range_neighbor

(Asynchronous job 74 added to queue)

---------------------
Begin Evaluation   75
---------------------
Parameters for evaluation 75:
                      1.4824924350e+00 desired_speed
                      1.2004145535e-01 radius
                      3.9259599491e-01 time_gap
                      7.6046045948e+00 strength_neighbor
                      2.0620044993e-02 range_neighbor

(Asynchronous job 75 added to queue)

---------------------
Begin Evaluation   76
---------------------
Parameters for evaluation 76:
                      1.2458670903e+00 desired_speed
                      1.9918781543e-01 radius
                      2.2525899739e-01 time_gap
                      2.0812554370e+00 strength_neighbor
                      1.5282460515e-01 range_neighbor

(Asynchronous job 76 added to queue)

---------------------
Begin Evaluation   77
---------------------
Parameters for evaluation 77:
                      1.3855101695e+00 desired_speed
                      1.3775003150e-01 radius
                      2.8148207239e-01 time_gap
                      9.3431831399e+00 strength_neighbor
                      1.2320172499e-01 range_neighbor

(Asynchronous job 77 added to queue)

---------------------
Begin Evaluation   78
---------------------
Parameters for evaluation 78:
                      1.0084053299e+00 desired_speed
                      1.6220458564e-01 radius
                      1.8329545282e-01 time_gap
                      3.2211482998e+00 strength_neighbor
                      9.1622487461e-02 range_neighbor

(Asynchronous job 78 added to queue)

---------------------
Begin Evaluation   79
---------------------
Parameters for evaluation 79:
                      1.3279627382e+00 desired_speed
                      1.8967811996e-01 radius
                      4.9838626410e-01 time_gap
                      2.7733907381e+00 strength_neighbor
                      3.7020627572e-02 range_neighbor

(Asynchronous job 79 added to queue)

---------------------
Begin Evaluation   80
---------------------
Parameters for evaluation 80:
                      8.3768482857e-01 desired_speed
                      1.2325242294e-01 radius
                      5.2302241526e-01 time_gap
                      2.2084139040e+00 strength_neighbor
                      2.6551041963e-01 range_neighbor

(Asynchronous job 80 added to queue)

---------------------
Begin Evaluation   81
---------------------
Parameters for evaluation 81:
                      1.1049577660e+00 desired_speed
                      2.3508354067e-01 radius
                      4.4304704802e-01 time_gap
                      5.0226888172e+00 strength_neighbor
                      2.4073685227e-01 range_neighbor

(Asynchronous job 81 added to queue)

---------------------
Begin Evaluation   82
---------------------
Parameters for evaluation 82:
                      1.3255697457e+00 desired_speed
                      2.1357829870e-01 radius
                      8.1173475482e-01 time_gap
                      4.8680664950e+00 strength_neighbor
                      1.6681159799e-01 range_neighbor

(Asynchronous job 82 added to queue)

---------------------
Begin Evaluation   83
---------------------
Parameters for evaluation 83:
                      1.5251850489e+00 desired_speed
                      1.9391744559e-01 radius
                      9.3638166058e-01 time_gap
                      3.1351993178e+00 strength_neighbor
                      1.3492755965e-01 range_neighbor

(Asynchronous job 83 added to queue)

---------------------
Begin Evaluation   84
---------------------
Parameters for evaluation 84:
                      1.1938964731e+00 desired_speed
                      1.4624631167e-01 radius
                      4.1726299854e-01 time_gap
                      5.7132762951e+00 strength_neighbor
                      2.4783829612e-01 range_neighbor

(Asynchronous job 84 added to queue)

---------------------
Begin Evaluation   85
---------------------
Parameters for evaluation 85:
                      1.4404796377e+00 desired_speed
                      1.6412903093e-01 radius
                      3.8313842708e-01 time_gap
                      8.5348660750e+00 strength_neighbor
                      2.5188506110e-01 range_neighbor

(Asynchronous job 85 added to queue)

---------------------
Begin Evaluation   86
---------------------
Parameters for evaluation 86:
                      1.0179258618e+00 desired_speed
                      2.4350155615e-01 radius
                      5.2888466618e-01 time_gap
                      8.7429773335e+00 strength_neighbor
                      1.7054259685e-01 range_neighbor

(Asynchronous job 86 added to queue)

---------------------
Begin Evaluation   87
---------------------
Parameters for evaluation 87:
                      1.0203749602e+00 desired_speed
                      1.5833441490e-01 radius
                      9.7399620172e-01 time_gap
                      5.5016314863e+00 strength_neighbor
                      1.0252182639e-01 range_neighbor

(Asynchronous job 87 added to queue)

---------------------
Begin Evaluation   88
---------------------
Parameters for evaluation 88:
                      1.2005975243e+00 desired_speed
                      1.9595893601e-01 radius
                      2.7126086132e-01 time_gap
                      7.8691034677e+00 strength_neighbor
                      3.0503958859e-02 range_neighbor

(Asynchronous job 88 added to queue)

---------------------
Begin Evaluation   89
---------------------
Parameters for evaluation 89:
                      8.2141449761e-01 desired_speed
                      2.2339804284e-01 radius
                      3.5688850518e-01 time_gap
                      8.2113745145e+00 strength_neighbor
                      1.9177910501e-01 range_neighbor

(Asynchronous job 89 added to queue)

---------------------
Begin Evaluation   90
---------------------
Parameters for evaluation 90:
                      1.0841448576e+00 desired_speed
                      1.4327819225e-01 radius
                      3.0344569421e-01 time_gap
                      9.7578088513e+00 strength_neighbor
                      1.1727017669e-01 range_neighbor

(Asynchronous job 90 added to queue)

---------------------
Begin Evaluation   91
---------------------
Parameters for evaluation 91:
                      1.2690634460e+00 desired_speed
                      2.1956148628e-01 radius
                      5.7913060359e-01 time_gap
                      4.1659740073e+00 strength_neighbor
                      1.1027486291e-01 range_neighbor

(Asynchronous job 91 added to queue)

---------------------
Begin Evaluation   92
---------------------
Parameters for evaluation 92:
                      8.1101595809e-01 desired_speed
                      2.1499006692e-01 radius
                      9.0678399470e-01 time_gap
                      2.9592652031e+00 strength_neighbor
                      5.7033394239e-02 range_neighbor

(Asynchronous job 92 added to queue)

---------------------
Begin Evaluation   93
---------------------
Parameters for evaluation 93:
                      1.2929828810e+00 desired_speed
                      2.2810905796e-01 radius
                      4.7129327523e-01 time_gap
                      3.4891828221e+00 strength_neighbor
                      2.8326319209e-01 range_neighbor

(Asynchronous job 93 added to queue)

---------------------
Begin Evaluation   94
---------------------
Parameters for evaluation 94:
                      1.4382660291e+00 desired_speed
                      1.5145838088e-01 radius
                      1.4901712376e-01 time_gap
                      7.3646467115e+00 strength_neighbor
                      2.9643842192e-01 range_neighbor

(Asynchronous job 94 added to queue)

---------------------
Begin Evaluation   95
---------------------
Parameters for evaluation 95:
                      1.1688161968e+00 desired_speed
                      2.0818620905e-01 radius
                      1.2576902407e-01 time_gap
                      4.2920737004e+00 strength_neighbor
                      4.3922933356e-02 range_neighbor

(Asynchronous job 95 added to queue)

---------------------
Begin Evaluation   96
---------------------
Parameters for evaluation 96:
                      8.7679898085e-01 desired_speed
                      1.2739257178e-01 radius
                      8.8737670060e-01 time_gap
                      6.3855058553e+00 strength_neighbor
                      2.0804276126e-01 range_neighbor

(Asynchronous job 96 added to queue)

---------------------
Begin Evaluation   97
---------------------
Parameters for evaluation 97:
                      1.2229074029e+00 desired_speed
                      2.4764554550e-01 radius
                      7.6905310122e-01 time_gap
                      9.0828837721e+00 strength_neighbor
                      1.5903823559e-01 range_neighbor

(Asynchronous job 97 added to queue)

---------------------
Begin Evaluation   98
---------------------
Parameters for evaluation 98:
                      9.7785893916e-01 desired_speed
                      1.7437301850e-01 radius
                      6.8435250032e-01 time_gap
                      9.8954183278e+00 strength_neighbor
                      5.4400663072e-02 range_neighbor

(Asynchronous job 98 added to queue)

---------------------
Begin Evaluation   99
---------------------
Parameters for evaluation 99:
                      1.3898527184e+00 desired_speed
                      2.2647208372e-01 radius
                      1.1195792043e-01 time_gap
                      6.9632538497e+00 strength_neighbor
                      2.7643072373e-01 range_neighbor

(Asynchronous job 99 added to queue)

---------------------
Begin Evaluation  100
---------------------
Parameters for evaluation 100:
                      1.5683020239e+00 desired_speed
                      1.6687352936e-01 radius
                      8.5297809406e-01 time_gap
                      4.5269546438e+00 strength_neighbor
                      2.2014731773e-01 range_neighbor

(Asynchronous job 100 added to queue)

---------------------
Begin Evaluation  101
---------------------
Parameters for evaluation 101:
                      1.4118172562e+00 desired_speed
                      2.4329190958e-01 radius
                      6.3973253685e-01 time_gap
                      6.0054063749e+00 strength_neighbor
                      1.9580452563e-01 range_neighbor

(Asynchronous job 101 added to queue)

---------------------
Begin Evaluation  102
---------------------
Parameters for evaluation 102:
                      1.1418710299e+00 desired_speed
                      1.5339164454e-01 radius
                      6.5553121378e-01 time_gap
                      2.5713236317e+00 strength_neighbor
                      1.7439690096e-01 range_neighbor

(Asynchronous job 102 added to queue)

---------------------
Begin Evaluation  103
---------------------
Parameters for evaluation 103:
                      9.3021655202e-01 desired_speed
                      1.2984851191e-01 radius
                      9.1751911686e-01 time_gap
                      8.9816716040e+00 strength_neighbor
                      8.7681513057e-02 range_neighbor

(Asynchronous job 103 added to queue)

---------------------
Begin Evaluation  104
---------------------
Parameters for evaluation 104:
                      1.2491366645e+00 desired_speed
                      2.3257367186e-01 radius
                      2.3556306886e-01 time_gap
                      3.7430758139e+00 strength_neighbor
                      7.5304976112e-02 range_neighbor

(Asynchronous job 104 added to queue)

---------------------
Begin Evaluation  105
---------------------
Parameters for evaluation 105:
                      8.8581809487e-01 desired_speed
                      1.8190046267e-01 radius
                      8.3389025409e-01 time_gap
                      7.5808024948e+00 strength_neighbor
                      1.8497531521e-01 range_neighbor

(Asynchronous job 105 added to queue)

---------------------
Begin Evaluation  106
---------------------
Parameters for evaluation 106:
                      1.0425117063e+00 desired_speed
                      1.4039949573e-01 radius
                      7.1834154374e-01 time_gap
                      4.7560006445e+00 strength_neighbor
                      2.1433481090e-01 range_neighbor

(Asynchronous job 106 added to queue)

---------------------
Begin Evaluation  107
---------------------
Parameters for evaluation 107:
                      1.5194729654e+00 desired_speed
                      1.8558740607e-01 radius
                      2.0730550806e-01 time_gap
                      5.2382566582e+00 strength_neighbor
                      1.2675132258e-01 range_neighbor

(Asynchronous job 107 added to queue)

---------------------
Begin Evaluation  108
---------------------
Parameters for evaluation 108:
                      8.5416295644e-01 desired_speed
                      1.3606122168e-01 radius
                      5.5158331959e-01 time_gap
                      6.4105950041e+00 strength_neighbor
                      2.6389568859e-01 range_neighbor

(Asynchronous job 108 added to queue)

---------------------
Begin Evaluation  109
---------------------
Parameters for evaluation 109:
                      1.0608126148e+00 desired_speed
                      2.3912918521e-01 radius
                      7.9400005704e-01 time_gap
                      9.5470648366e+00 strength_neighbor
                      2.2421257504e-01 range_neighbor

(Asynchronous job 109 added to queue)

---------------------
Begin Evaluation  110
---------------------
Parameters for evaluation 110:
                      1.1210293442e+00 desired_speed
                      1.7652061356e-01 radius
                      3.3234094012e-01 time_gap
                      7.0503860602e+00 strength_neighbor
                      6.7349079701e-02 range_neighbor

(Asynchronous job 110 added to queue)

---------------------
Begin Evaluation  111
---------------------
Parameters for evaluation 111:
                      9.0242657159e-01 desired_speed
                      1.8049936573e-01 radius
                      6.1387532667e-01 time_gap
                      5.9742979091e+00 strength_neighbor
                      2.3627944525e-01 range_neighbor

(Asynchronous job 111 added to queue)

---------------------
Begin Evaluation  112
---------------------
Parameters for evaluation 112:
                      1.5480472128e+00 desired_speed
                      2.0702447661e-01 radius
                      9.9613971831e-01 time_gap
                      3.9343140497e+00 strength_neighbor
                      1.4543874427e-01 range_neighbor

(Asynchronous job 112 added to queue)

---------------------
Begin Evaluation  113
---------------------
Parameters for evaluation 113:
                      1.3043115402e+00 desired_speed
                      2.0319026053e-01 radius
                      6.8779354564e-01 time_gap
                      6.6440672662e+00 strength_neighbor
                      7.7439476863e-02 range_neighbor

(Asynchronous job 113 added to queue)

---------------------
Begin Evaluation  114
---------------------
Parameters for evaluation 114:
                      1.4911770817e+00 desired_speed
                      1.7100798616e-01 radius
                      7.4200588604e-01 time_gap
                      8.0373901991e+00 strength_neighbor
                      2.9153833524e-01 range_neighbor

(Asynchronous job 114 added to queue)

---------------------
Begin Evaluation  115
---------------------
Parameters for evaluation 115:
                      1.4753165275e+00 desired_speed
                      1.2004145535e-01 radius
                      3.9259599491e-01 time_gap
                      7.6046045948e+00 strength_neighbor
                      2.0620044993e-02 range_neighbor

(Asynchronous job 115 added to queue)

---------------------
Begin Evaluation  116
---------------------
Parameters for evaluation 116:
                      1.3735250981e+00 desired_speed
                      1.9918781543e-01 radius
                      2.2525899739e-01 time_gap
                      2.0812554370e+00 strength_neighbor
                      1.5282460515e-01 range_neighbor

(Asynchronous job 116 added to queue)

---------------------
Begin Evaluation  117
---------------------
Parameters for evaluation 117:
                      1.5910554390e+00 desired_speed
                      1.3775003150e-01 radius
                      2.8148207239e-01 time_gap
                      9.3431831399e+00 strength_neighbor
                      1.2320172499e-01 range_neighbor

(Asynchronous job 117 added to queue)

---------------------
Begin Evaluation  118
---------------------
Parameters for evaluation 118:
                      1.3470781015e+00 desired_speed
                      1.6220458564e-01 radius
                      1.8329545282e-01 time_gap
                      3.2211482998e+00 strength_neighbor
                      9.1622487461e-02 range_neighbor

(Asynchronous job 118 added to queue)

---------------------
Begin Evaluation  119
---------------------
Parameters for evaluation 119:
                      9.8874123880e-01 desired_speed
                      1.8967811996e-01 radius
                      4.9838626410e-01 time_gap
                      2.7733907381e+00 strength_neighbor
                      3.7020627572e-02 range_neighbor

(Asynchronous job 119 added to queue)

---------------------
Begin Evaluation  120
---------------------
Parameters for evaluation 120:
                      9.5138622651e-01 desired_speed
                      1.2325242294e-01 radius
                      5.2302241526e-01 time_gap
                      2.2084139040e+00 strength_neighbor
                      2.6551041963e-01 range_neighbor

(Asynchronous job 120 added to queue)

---------------------
Begin Evaluation  121
---------------------
Parameters for evaluation 121:
                      1.5044664596e+00 desired_speed
                      1.4000982016e-01 radius
                      4.4304704802e-01 time_gap
                      5.0226888172e+00 strength_neighbor
                      2.4073685227e-01 range_neighbor

(Asynchronous job 121 added to queue)

---------------------
Begin Evaluation  122
---------------------
Parameters for evaluation 122:
                      1.5646419678e+00 desired_speed
                      1.8154324687e-01 radius
                      8.1173475482e-01 time_gap
                      4.8680664950e+00 strength_neighbor
                      1.6681159799e-01 range_neighbor

(Asynchronous job 122 added to queue)

---------------------
Begin Evaluation  123
---------------------
Parameters for evaluation 123:
                      9.0137099845e-01 desired_speed
                      2.0904672061e-01 radius
                      9.3638166058e-01 time_gap
                      3.1351993178e+00 strength_neighbor
                      1.3492755965e-01 range_neighbor

(Asynchronous job 123 added to queue)

---------------------
Begin Evaluation  124
---------------------
Parameters for evaluation 124:
                      1.4518305201e+00 desired_speed
                      1.5503602298e-01 radius
                      4.1726299854e-01 time_gap
                      5.7132762951e+00 strength_neighbor
                      2.4783829612e-01 range_neighbor

(Asynchronous job 124 added to queue)

---------------------
Begin Evaluation  125
---------------------
Parameters for evaluation 125:
                      1.2890862356e+00 desired_speed
                      1.7165246160e-01 radius
                      3.8313842708e-01 time_gap
                      8.5348660750e+00 strength_neighbor
                      2.5188506110e-01 range_neighbor

(Asynchronous job 125 added to queue)

---------------------
Begin Evaluation  126
---------------------
Parameters for evaluation 126:
                      1.0998584711e+00 desired_speed
                      1.7326090659e-01 radius
                      5.2888466618e-01 time_gap
                      8.7429773335e+00 strength_neighbor
                      1.7054259685e-01 range_neighbor

(Asynchronous job 126 added to queue)

---------------------
Begin Evaluation  127
---------------------
Parameters for evaluation 127:
                      1.2674562301e+00 desired_speed
                      1.6308715220e-01 radius
                      9.7399620172e-01 time_gap
                      5.5016314863e+00 strength_neighbor
                      1.0252182639e-01 range_neighbor

(Asynchronous job 127 added to queue)

---------------------
Begin Evaluation  128
---------------------
Parameters for evaluation 128:
                      1.4630617860e+00 desired_speed
                      2.0724869034e-01 radius
                      2.7126086132e-01 time_gap
                      7.8691034677e+00 strength_neighbor
                      3.0503958859e-02 range_neighbor

(Asynchronous job 128 added to queue)

---------------------
Begin Evaluation  129
---------------------
Parameters for evaluation 129:
                      8.0722167550e-01 desired_speed
                      2.3606908868e-01 radius
                      3.5688850518e-01 time_gap
                      8.2113745145e+00 strength_neighbor
                      1.9177910501e-01 range_neighbor

(Asynchronous job 129 added to queue)

---------------------
Begin Evaluation  130
---------------------
Parameters for evaluation 130:
                      1.3757717827e+00 desired_speed
                      2.3817508548e-01 radius
                      3.0344569421e-01 time_gap
                      9.7578088513e+00 strength_neighbor
                      1.1727017669e-01 range_neighbor

(Asynchronous job 130 added to queue)

---------------------
Begin Evaluation  131
---------------------
Parameters for evaluation 131:
                      1.3431448931e+00 desired_speed
                      1.6622136312e-01 radius
                      5.7913060359e-01 time_gap
                      4.1659740073e+00 strength_neighbor
                      1.1027486291e-01 range_neighbor

(Asynchronous job 131 added to queue)

---------------------
Begin Evaluation  132
---------------------
Parameters for evaluation 132:
                      8.8612254593e-01 desired_speed
                      1.5840710486e-01 radius
                      9.0678399470e-01 time_gap
                      2.9592652031e+00 strength_neighbor
                      5.7033394239e-02 range_neighbor

(Asynchronous job 132 added to queue)

---------------------
Begin Evaluation  133
---------------------
Parameters for evaluation 133:
                      1.5895901462e+00 desired_speed
                      1.8817198514e-01 radius
                      4.7129327523e-01 time_gap
                      3.4891828221e+00 strength_neighbor
                      2.8326319209e-01 range_neighbor

(Asynchronous job 133 added to queue)

---------------------
Begin Evaluation  134
---------------------
Parameters for evaluation 134:
                      9.2567378900e-01 desired_speed
                      1.2424567204e-01 radius
                      1.4901712376e-01 time_gap
                      7.3646467115e+00 strength_neighbor
                      2.9643842192e-01 range_neighbor

(Asynchronous job 134 added to queue)

---------------------
Begin Evaluation  135
---------------------
Parameters for evaluation 135:
                      1.5448595637e+00 desired_speed
                      2.2980820013e-01 radius
                      1.2576902407e-01 time_gap
                      4.2920737004e+00 strength_neighbor
                      4.3922933356e-02 range_neighbor

(Asynchronous job 135 added to queue)

---------------------
Begin Evaluation  136
---------------------
Parameters for evaluation 136:
                      1.4123490836e+00 desired_speed
                      1.5999568148e-01 radius
                      8.8737670060e-01 time_gap
                      6.3855058553e+00 strength_neighbor
                      2.0804276126e-01 range_neighbor

(Asynchronous job 136 added to queue)

---------------------
Begin Evaluation  137
---------------------
Parameters for evaluation 137:
                      1.2324102536e+00 desired_speed
                      1.9368524696e-01 radius
                      7.6905310122e-01 time_gap
                      9.0828837721e+00 strength_neighbor
                      1.5903823559e-01 range_neighbor

(Asynchronous job 137 added to queue)

---------------------
Begin Evaluation  138
---------------------
Parameters for evaluation 138:
                      8.6891620357e-01 desired_speed
                      1.9580724508e-01 radius
                      6.8435250032e-01 time_gap
                      9.8954183278e+00 strength_neighbor
                      5.4400663072e-02 range_neighbor

(Asynchronous job 138 added to queue)

---------------------
Begin Evaluation  139
---------------------
Parameters for evaluation 139:
                      9.6425788671e-01 desired_speed
                      2.2612358542e-01 radius
                      1.1195792043e-01 time_gap
                      6.9632538497e+00 strength_neighbor
                      2.7643072373e-01 range_neighbor

(Asynchronous job 139 added to queue)

---------------------
Begin Evaluation  140
---------------------
Parameters for evaluation 140:
                      1.0215113281e+00 desired_speed
                      2.4777624356e-01 radius
                      8.5297809406e-01 time_gap
                      4.5269546438e+00 strength_neighbor
                      2.2014731773e-01 range_neighbor

(Asynchronous job 140 added to queue)

---------------------
Begin Evaluation  141
---------------------
Parameters for evaluation 141:
                      1.3123747317e+00 desired_speed
                      2.3231298248e-01 radius
                      6.3973253685e-01 time_gap
                      6.0054063749e+00 strength_neighbor
                      1.9580452563e-01 range_neighbor

(Asynchronous job 141 added to queue)

---------------------
Begin Evaluation  142
---------------------
Parameters for evaluation 142:
                      9.9077585324e-01 desired_speed
                      1.2875269824e-01 radius
                      6.5553121378e-01 time_gap
                      2.5713236317e+00 strength_neighbor
                      1.7439690096e-01 range_neighbor

(Asynchronous job 142 added to queue)

---------------------
Begin Evaluation  143
---------------------
Parameters for evaluation 143:
                      1.0425164208e+00 desired_speed
                      2.0093421083e-01 radius
                      9.1751911686e-01 time_gap
                      8.9816716040e+00 strength_neighbor
                      8.7681513057e-02 range_neighbor

(Asynchronous job 143 added to queue)

---------------------
Begin Evaluation  144
---------------------
Parameters for evaluation 144:
                      9.4152992561e-01 desired_speed
                      2.2209458572e-01 radius
                      2.3556306886e-01 time_gap
                      3.7430758139e+00 strength_neighbor
                      7.5304976112e-02 range_neighbor

(Asynchronous job 144 added to queue)

---------------------
Begin Evaluation  145
---------------------
Parameters for evaluation 145:
                      1.0636754463e+00 desired_speed
                      2.0387901990e-01 radius
                      8.3389025409e-01 time_gap
                      7.5808024948e+00 strength_neighbor
                      1.8497531521e-01 range_neighbor

(Asynchronous job 145 added to queue)

---------------------
Begin Evaluation  146
---------------------
Parameters for evaluation 146:
                      1.5206185839e+00 desired_speed
                      2.1222848065e-01 radius
                      7.1834154374e-01 time_gap
                      4.7560006445e+00 strength_neighbor
                      2.1433481090e-01 range_neighbor

(Asynchronous job 146 added to queue)

---------------------
Begin Evaluation  147
---------------------
Parameters for evaluation 147:
                      1.1499556566e+00 desired_speed
                      1.8181699713e-01 radius
                      2.0730550806e-01 time_gap
                      5.2382566582e+00 strength_neighbor
                      1.2675132258e-01 range_neighbor

(Asynchronous job 147 added to queue)

---------------------
Begin Evaluation  148
---------------------
Parameters for evaluation 148:
                      1.1087271417e+00 desired_speed
                      2.4032513210e-01 radius
                      5.5158331959e-01 time_gap
                      6.4105950041e+00 strength_neighbor
                      2.6389568859e-01 range_neighbor

(Asynchronous job 148 added to queue)

---------------------
Begin Evaluation  149
---------------------
Parameters for evaluation 149:
                      1.1286706858e+00 desired_speed
                      2.1563028023e-01 radius
                      7.9400005704e-01 time_gap
                      9.5470648366e+00 strength_neighbor
                      2.2421257504e-01 range_neighbor

(Asynchronous job 149 added to queue)

---------------------
Begin Evaluation  150
---------------------
Parameters for evaluation 150:
                      1.1723341057e+00 desired_speed
                      2.1779970529e-01 radius
                      3.3234094012e-01 time_gap
                      7.0503860602e+00 strength_neighbor
                      6.7349079701e-02 range_neighbor

(Asynchronous job 150 added to queue)

---------------------
Begin Evaluation  151
---------------------
Parameters for evaluation 151:
                      1.1916662382e+00 desired_speed
                      1.3443147460e-01 radius
                      6.1387532667e-01 time_gap
                      5.9742979091e+00 strength_neighbor
                      2.3627944525e-01 range_neighbor

(Asynchronous job 151 added to queue)

---------------------
Begin Evaluation  152
---------------------
Parameters for evaluation 152:
                      1.4359743654e+00 desired_speed
                      2.4423142713e-01 radius
                      9.9613971831e-01 time_gap
                      3.9343140497e+00 strength_neighbor
                      1.4543874427e-01 range_neighbor

(Asynchronous job 152 added to queue)

---------------------
Begin Evaluation  153
---------------------
Parameters for evaluation 153:
                      8.5768129337e-01 desired_speed
                      1.3165651491e-01 radius
                      6.8779354564e-01 time_gap
                      6.6440672662e+00 strength_neighbor
                      7.7439476863e-02 range_neighbor

(Asynchronous job 153 added to queue)

---------------------
Begin Evaluation  154
---------------------
Parameters for evaluation 154:
                      1.2195815451e+00 desired_speed
                      1.4422747524e-01 radius
                      7.4200588604e-01 time_gap
                      8.0373901991e+00 strength_neighbor
                      2.9153833524e-01 range_neighbor

(Asynchronous job 154 added to queue)

---------------------
Begin Evaluation  155
---------------------
Parameters for evaluation 155:
                      1.4824924350e+00 desired_speed
                      1.5171241205e-01 radius
                      3.9259599491e-01 time_gap
                      7.6046045948e+00 strength_neighbor
                      2.0620044993e-02 range_neighbor

(Asynchronous job 155 added to queue)

---------------------
Begin Evaluation  156
---------------------
Parameters for evaluation 156:
                      1.2458670903e+00 desired_speed
                      1.7758487158e-01 radius
                      2.2525899739e-01 time_gap
                      2.0812554370e+00 strength_neighbor
                      1.5282460515e-01 range_neighbor

(Asynchronous job 156 added to queue)

---------------------
Begin Evaluation  157
---------------------
Parameters for evaluation 157:
                      1.3855101695e+00 desired_speed
                      1.3714349035e-01 radius
                      2.8148207239e-01 time_gap
                      9.3431831399e+00 strength_neighbor
                      1.2320172499e-01 range_neighbor

(Asynchronous job 157 added to queue)

---------------------
Begin Evaluation  158
---------------------
Parameters for evaluation 158:
                      1.0084053299e+00 desired_speed
                      1.4777010929e-01 radius
                      1.8329545282e-01 time_gap
                      3.2211482998e+00 strength_neighbor
                      9.1622487461e-02 range_neighbor

(Asynchronous job 158 added to queue)

---------------------
Begin Evaluation  159
---------------------
Parameters for evaluation 159:
                      1.3279627382e+00 desired_speed
                      1.2092145653e-01 radius
                      4.9838626410e-01 time_gap
                      2.7733907381e+00 strength_neighbor
                      3.7020627572e-02 range_neighbor

(Asynchronous job 159 added to queue)

---------------------
Begin Evaluation  160
---------------------
Parameters for evaluation 160:
                      8.3768482857e-01 desired_speed
                      1.8871383132e-01 radius
                      5.2302241526e-01 time_gap
                      2.2084139040e+00 strength_neighbor
                      2.6551041963e-01 range_neighbor

(Asynchronous job 160 added to queue)

---------------------
Begin Evaluation  161
---------------------
Parameters for evaluation 161:
                      1.5044664596e+00 desired_speed
                      2.3508354067e-01 radius
                      6.8142342610e-01 time_gap
                      5.0226888172e+00 strength_neighbor
                      2.4073685227e-01 range_neighbor

(Asynchronous job 161 added to queue)

---------------------
Begin Evaluation  162
---------------------
Parameters for evaluation 162:
                      1.5646419678e+00 desired_speed
                      2.1357829870e-01 radius
                      3.1720669418e-01 time_gap
                      4.8680664950e+00 strength_neighbor
                      1.6681159799e-01 range_neighbor

(Asynchronous job 162 added to queue)

---------------------
Begin Evaluation  163
---------------------
Parameters for evaluation 163:
                      9.0137099845e-01 desired_speed
                      1.9391744559e-01 radius
                      9.5068815024e-01 time_gap
                      3.1351993178e+00 strength_neighbor
                      1.3492755965e-01 range_neighbor

(Asynchronous job 163 added to queue)

---------------------
Begin Evaluation  164
---------------------
Parameters for evaluation 164:
                      1.4518305201e+00 desired_speed
                      1.4624631167e-01 radius
                      5.5462173265e-01 time_gap
                      5.7132762951e+00 strength_neighbor
                      2.4783829612e-01 range_neighbor

(Asynchronous job 164 added to queue)

---------------------
Begin Evaluation  165
---------------------
Parameters for evaluation 165:
                      1.2890862356e+00 desired_speed
                      1.6412903093e-01 radius
                      3.8319069029e-01 time_gap
                      8.5348660750e+00 strength_neighbor
                      2.5188506110e-01 range_neighbor

(Asynchronous job 165 added to queue)

---------------------
Begin Evaluation  166
---------------------
Parameters for evaluation 166:
                      1.0998584711e+00 desired_speed
                      2.4350155615e-01 radius
                      1.0914669813e-01 time_gap
                      8.7429773335e+00 strength_neighbor
                      1.7054259685e-01 range_neighbor

(Asynchronous job 166 added to queue)

---------------------
Begin Evaluation  167
---------------------
Parameters for evaluation 167:
                      1.2674562301e+00 desired_speed
                      1.5833441490e-01 radius
                      8.8180179001e-01 time_gap
                      5.5016314863e+00 strength_neighbor
                      1.0252182639e-01 range_neighbor

(Asynchronous job 167 added to queue)

---------------------
Begin Evaluation  168
---------------------
Parameters for evaluation 168:
                      1.4630617860e+00 desired_speed
                      1.9595893601e-01 radius
                      9.2554959075e-01 time_gap
                      7.8691034677e+00 strength_neighbor
                      3.0503958859e-02 range_neighbor

(Asynchronous job 168 added to queue)

---------------------
Begin Evaluation  169
---------------------
Parameters for evaluation 169:
                      8.0722167550e-01 desired_speed
                      2.2339804284e-01 radius
                      1.3516232717e-01 time_gap
                      8.2113745145e+00 strength_neighbor
                      1.9177910501e-01 range_neighbor

(Asynchronous job 169 added to queue)

---------------------
Begin Evaluation  170
---------------------
Parameters for evaluation 170:
                      1.3757717827e+00 desired_speed
                      1.4327819225e-01 radius
                      7.8314896486e-01 time_gap
                      9.7578088513e+00 strength_neighbor
                      1.1727017669e-01 range_neighbor

(Asynchronous job 170 added to queue)

---------------------
Begin Evaluation  171
---------------------
Parameters for evaluation 171:
                      1.3431448931e+00 desired_speed
                      2.1956148628e-01 radius
                      6.8696266077e-01 time_gap
                      4.1659740073e+00 strength_neighbor
                      1.1027486291e-01 range_neighbor

(Asynchronous job 171 added to queue)

---------------------
Begin Evaluation  172
---------------------
Parameters for evaluation 172:
                      8.8612254593e-01 desired_speed
                      2.1499006692e-01 radius
                      3.6241044099e-01 time_gap
                      2.9592652031e+00 strength_neighbor
                      5.7033394239e-02 range_neighbor

(Asynchronous job 172 added to queue)

---------------------
Begin Evaluation  173
---------------------
Parameters for evaluation 173:
                      1.5895901462e+00 desired_speed
                      2.2810905796e-01 radius
                      2.2621653244e-01 time_gap
                      3.4891828221e+00 strength_neighbor
                      2.8326319209e-01 range_neighbor

(Asynchronous job 173 added to queue)

---------------------
Begin Evaluation  174
---------------------
Parameters for evaluation 174:
                      9.2567378900e-01 desired_speed
                      1.5145838088e-01 radius
                      5.2919200256e-01 time_gap
                      7.3646467115e+00 strength_neighbor
                      2.9643842192e-01 range_neighbor

(Asynchronous job 174 added to queue)

---------------------
Begin Evaluation  175
---------------------
Parameters for evaluation 175:
                      1.5448595637e+00 desired_speed
                      2.0818620905e-01 radius
                      3.4436201301e-01 time_gap
                      4.2920737004e+00 strength_neighbor
                      4.3922933356e-02 range_neighbor

(Asynchronous job 175 added to queue)

---------------------
Begin Evaluation  176
---------------------
Parameters for evaluation 176:
                      1.4123490836e+00 desired_speed
                      1.2739257178e-01 radius
                      4.2137847686e-01 time_gap
                      6.3855058553e+00 strength_neighbor
                      2.0804276126e-01 range_neighbor

(Asynchronous job 176 added to queue)

---------------------
Begin Evaluation  177
---------------------
Parameters for evaluation 177:
                      1.2324102536e+00 desired_speed
                      2.4764554550e-01 radius
                      6.1893482054e-01 time_gap
                      9.0828837721e+00 strength_neighbor
                      1.5903823559e-01 range_neighbor

(Asynchronous job 177 added to queue)

---------------------
Begin Evaluation  178
---------------------
Parameters for evaluation 178:
                      8.6891620357e-01 desired_speed
                      1.7437301850e-01 radius
                      8.9778997394e-01 time_gap
                      9.8954183278e+00 strength_neighbor
                      5.4400663072e-02 range_neighbor

(Asynchronous job 178 added to queue)

---------------------
Begin Evaluation  179
---------------------
Parameters for evaluation 179:
                      9.6425788671e-01 desired_speed
                      2.2647208372e-01 radius
                      4.5575262452e-01 time_gap
                      6.9632538497e+00 strength_neighbor
                      2.7643072373e-01 range_neighbor

(Asynchronous job 179 added to queue)

---------------------
Begin Evaluation  180
---------------------
Parameters for evaluation 180:
                      1.0215113281e+00 desired_speed
                      1.6687352936e-01 radius
                      7.4088067450e-01 time_gap
                      4.5269546438e+00 strength_neighbor
                      2.2014731773e-01 range_neighbor

(Asynchronous job 180 added to queue)

---------------------
Begin Evaluation  181
---------------------
Parameters for evaluation 181:
                      1.3123747317e+00 desired_speed
                      2.4329190958e-01 radius
                      2.6207547690e-01 time_gap
                      6.0054063749e+00 strength_neighbor
                      1.9580452563e-01 range_neighbor

(Asynchronous job 181 added to queue)

---------------------
Begin Evaluation  182
---------------------
Parameters for evaluation 182:
                      9.9077585324e-01 desired_speed
                      1.5339164454e-01 radius
                      4.1209912114e-01 time_gap
                      2.5713236317e+00 strength_neighbor
                      1.7439690096e-01 range_neighbor

(Asynchronous job 182 added to queue)

---------------------
Begin Evaluation  183
---------------------
Parameters for evaluation 183:
                      1.0425164208e+00 desired_speed
                      1.2984851191e-01 radius
                      2.9029794396e-01 time_gap
                      8.9816716040e+00 strength_neighbor
                      8.7681513057e-02 range_neighbor

(Asynchronous job 183 added to queue)

---------------------
Begin Evaluation  184
---------------------
Parameters for evaluation 184:
                      9.4152992561e-01 desired_speed
                      2.3257367186e-01 radius
                      2.4156533740e-01 time_gap
                      3.7430758139e+00 strength_neighbor
                      7.5304976112e-02 range_neighbor

(Asynchronous job 184 added to queue)

---------------------
Begin Evaluation  185
---------------------
Parameters for evaluation 185:
                      1.0636754463e+00 desired_speed
                      1.8190046267e-01 radius
                      6.5156578871e-01 time_gap
                      7.5808024948e+00 strength_neighbor
                      1.8497531521e-01 range_neighbor

(Asynchronous job 185 added to queue)

---------------------
Begin Evaluation  186
---------------------
Parameters for evaluation 186:
                      1.5206185839e+00 desired_speed
                      1.4039949573e-01 radius
                      7.6253275992e-01 time_gap
                      4.7560006445e+00 strength_neighbor
                      2.1433481090e-01 range_neighbor

(Asynchronous job 186 added to queue)

---------------------
Begin Evaluation  187
---------------------
Parameters for evaluation 187:
                      1.1499556566e+00 desired_speed
                      1.8558740607e-01 radius
                      5.8961301603e-01 time_gap
                      5.2382566582e+00 strength_neighbor
                      1.2675132258e-01 range_neighbor

(Asynchronous job 187 added to queue)

---------------------
Begin Evaluation  188
---------------------
Parameters for evaluation 188:
                      1.1087271417e+00 desired_speed
                      1.3606122168e-01 radius
                      7.2308425931e-01 time_gap
                      6.4105950041e+00 strength_neighbor
                      2.6389568859e-01 range_neighbor

(Asynchronous job 188 added to queue)

---------------------
Begin Evaluation  189
---------------------
Parameters for evaluation 189:
                      1.1286706858e+00 desired_speed
                      2.3912918521e-01 radius
                      9.7050655937e-01 time_gap
                      9.5470648366e+00 strength_neighbor
                      2.2421257504e-01 range_neighbor

(Asynchronous job 189 added to queue)

---------------------
Begin Evaluation  190
---------------------
Parameters for evaluation 190:
                      1.1723341057e+00 desired_speed
                      1.7652061356e-01 radius
                      8.5411212894e-01 time_gap
                      7.0503860602e+00 strength_neighbor
                      6.7349079701e-02 range_neighbor

(Asynchronous job 190 added to queue)

---------------------
Begin Evaluation  191
---------------------
Parameters for evaluation 191:
                      1.1916662382e+00 desired_speed
                      1.8049936573e-01 radius
                      5.9953102107e-01 time_gap
                      5.9742979091e+00 strength_neighbor
                      2.3627944525e-01 range_neighbor

(Asynchronous job 191 added to queue)

---------------------
Begin Evaluation  192
---------------------
Parameters for evaluation 192:
                      1.4359743654e+00 desired_speed
                      2.0702447661e-01 radius
                      5.1522899685e-01 time_gap
                      3.9343140497e+00 strength_neighbor
                      1.4543874427e-01 range_neighbor

(Asynchronous job 192 added to queue)

---------------------
Begin Evaluation  193
---------------------
Parameters for evaluation 193:
                      8.5768129337e-01 desired_speed
                      2.0319026053e-01 radius
                      1.8433354233e-01 time_gap
                      6.6440672662e+00 strength_neighbor
                      7.7439476863e-02 range_neighbor

(Asynchronous job 193 added to queue)

---------------------
Begin Evaluation  194
---------------------
Parameters for evaluation 194:
                      1.2195815451e+00 desired_speed
                      1.7100798616e-01 radius
                      8.0565266032e-01 time_gap
                      8.0373901991e+00 strength_neighbor
                      2.9153833524e-01 range_neighbor

(Asynchronous job 194 added to queue)

---------------------
Begin Evaluation  195
---------------------
Parameters for evaluation 195:
                      1.4824924350e+00 desired_speed
                      1.2004145535e-01 radius
                      8.3592294904e-01 time_gap
                      7.6046045948e+00 strength_neighbor
                      2.0620044993e-02 range_neighbor

(Asynchronous job 195 added to queue)

---------------------
Begin Evaluation  196
---------------------
Parameters for evaluation 196:
                      1.2458670903e+00 desired_speed
                      1.9918781543e-01 radius
                      4.6625449396e-01 time_gap
                      2.0812554370e+00 strength_neighbor
                      1.5282460515e-01 range_neighbor

(Asynchronous job 196 added to queue)

---------------------
Begin Evaluation  197
---------------------
Parameters for evaluation 197:
                      1.3855101695e+00 desired_speed
                      1.3775003150e-01 radius
                      1.5555115552e-01 time_gap
                      9.3431831399e+00 strength_neighbor
                      1.2320172499e-01 range_neighbor

(Asynchronous job 197 added to queue)

---------------------
Begin Evaluation  198
---------------------
Parameters for evaluation 198:
                      1.0084053299e+00 desired_speed
                      1.6220458564e-01 radius
                      1.9605780056e-01 time_gap
                      3.2211482998e+00 strength_neighbor
                      9.1622487461e-02 range_neighbor

(Asynchronous job 198 added to queue)

---------------------
Begin Evaluation  199
---------------------
Parameters for evaluation 199:
                      1.3279627382e+00 desired_speed
                      1.8967811996e-01 radius
                      9.8461640201e-01 time_gap
                      2.7733907381e+00 strength_neighbor
                      3.7020627572e-02 range_neighbor

(Asynchronous job 199 added to queue)

---------------------
Begin Evaluation  200
---------------------
Parameters for evaluation 200:
                      8.3768482857e-01 desired_speed
                      1.2325242294e-01 radius
                      4.9091780638e-01 time_gap
                      2.2084139040e+00 strength_neighbor
                      2.6551041963e-01 range_neighbor

(Asynchronous job 200 added to queue)

---------------------
Begin Evaluation  201
---------------------
Parameters for evaluation 201:
                      1.5044664596e+00 desired_speed
                      2.3508354067e-01 radius
                      4.4304704802e-01 time_gap
                      8.3851465569e+00 strength_neighbor
                      2.4073685227e-01 range_neighbor

(Asynchronous job 201 added to queue)

---------------------
Begin Evaluation  202
---------------------
Parameters for evaluation 202:
                      1.5646419678e+00 desired_speed
                      2.1357829870e-01 radius
                      8.1173475482e-01 time_gap
                      8.0133938845e+00 strength_neighbor
                      1.6681159799e-01 range_neighbor

(Asynchronous job 202 added to queue)

---------------------
Begin Evaluation  203
---------------------
Parameters for evaluation 203:
                      9.0137099845e-01 desired_speed
                      1.9391744559e-01 radius
                      9.3638166058e-01 time_gap
                      3.9043208674e+00 strength_neighbor
                      1.3492755965e-01 range_neighbor

(Asynchronous job 203 added to queue)

---------------------
Begin Evaluation  204
---------------------
Parameters for evaluation 204:
                      1.4518305201e+00 desired_speed
                      1.4624631167e-01 radius
                      4.1726299854e-01 time_gap
                      3.1080239203e+00 strength_neighbor
                      2.4783829612e-01 range_neighbor

(Asynchronous job 204 added to queue)

---------------------
Begin Evaluation  205
---------------------
Parameters for evaluation 205:
                      1.2890862356e+00 desired_speed
                      1.6412903093e-01 radius
                      3.8313842708e-01 time_gap
                      6.9447878273e+00 strength_neighbor
                      2.5188506110e-01 range_neighbor

(Asynchronous job 205 added to queue)

---------------------
Begin Evaluation  206
---------------------
Parameters for evaluation 206:
                      1.0998584711e+00 desired_speed
                      2.4350155615e-01 radius
                      5.2888466618e-01 time_gap
                      4.8485350843e+00 strength_neighbor
                      1.7054259685e-01 range_neighbor

(Asynchronous job 206 added to queue)

---------------------
Begin Evaluation  207
---------------------
Parameters for evaluation 207:
                      1.2674562301e+00 desired_speed
                      1.5833441490e-01 radius
                      9.7399620172e-01 time_gap
                      2.6978582511e+00 strength_neighbor
                      1.0252182639e-01 range_neighbor

(Asynchronous job 207 added to queue)

---------------------
Begin Evaluation  208
---------------------
Parameters for evaluation 208:
                      1.4630617860e+00 desired_speed
                      1.9595893601e-01 radius
                      2.7126086132e-01 time_gap
                      2.0747200238e+00 strength_neighbor
                      3.0503958859e-02 range_neighbor

(Asynchronous job 208 added to queue)

---------------------
Begin Evaluation  209
---------------------
Parameters for evaluation 209:
                      8.0722167550e-01 desired_speed
                      2.2339804284e-01 radius
                      3.5688850518e-01 time_gap
                      2.8679697328e+00 strength_neighbor
                      1.9177910501e-01 range_neighbor

(Asynchronous job 209 added to queue)

---------------------
Begin Evaluation  210
---------------------
Parameters for evaluation 210:
                      1.3757717827e+00 desired_speed
                      1.4327819225e-01 radius
                      3.0344569421e-01 time_gap
                      5.4638990070e+00 strength_neighbor
                      1.1727017669e-01 range_neighbor

(Asynchronous job 210 added to queue)

---------------------
Begin Evaluation  211
---------------------
Parameters for evaluation 211:
                      1.3431448931e+00 desired_speed
                      2.1956148628e-01 radius
                      5.7913060359e-01 time_gap
                      6.6052052533e+00 strength_neighbor
                      1.1027486291e-01 range_neighbor

(Asynchronous job 211 added to queue)

---------------------
Begin Evaluation  212
---------------------
Parameters for evaluation 212:
                      8.8612254593e-01 desired_speed
                      2.1499006692e-01 radius
                      9.0678399470e-01 time_gap
                      7.2950177213e+00 strength_neighbor
                      5.7033394239e-02 range_neighbor

(Asynchronous job 212 added to queue)

---------------------
Begin Evaluation  213
---------------------
Parameters for evaluation 213:
                      1.5895901462e+00 desired_speed
                      2.2810905796e-01 radius
                      4.7129327523e-01 time_gap
                      7.5836060045e+00 strength_neighbor
                      2.8326319209e-01 range_neighbor

(Asynchronous job 213 added to queue)

---------------------
Begin Evaluation  214
---------------------
Parameters for evaluation 214:
                      9.2567378900e-01 desired_speed
                      1.5145838088e-01 radius
                      1.4901712376e-01 time_gap
                      9.6200208688e+00 strength_neighbor
                      2.9643842192e-01 range_neighbor

(Asynchronous job 214 added to queue)

---------------------
Begin Evaluation  215
---------------------
Parameters for evaluation 215:
                      1.5448595637e+00 desired_speed
                      2.0818620905e-01 radius
                      1.2576902407e-01 time_gap
                      7.1011148116e+00 strength_neighbor
                      4.3922933356e-02 range_neighbor

(Asynchronous job 215 added to queue)

---------------------
Begin Evaluation  216
---------------------
Parameters for evaluation 216:
                      1.4123490836e+00 desired_speed
                      1.2739257178e-01 radius
                      8.8737670060e-01 time_gap
                      6.1382955019e+00 strength_neighbor
                      2.0804276126e-01 range_neighbor

(Asynchronous job 216 added to queue)

---------------------
Begin Evaluation  217
---------------------
Parameters for evaluation 217:
                      1.2324102536e+00 desired_speed
                      2.4764554550e-01 radius
                      7.6905310122e-01 time_gap
                      8.6554646098e+00 strength_neighbor
                      1.5903823559e-01 range_neighbor

(Asynchronous job 217 added to queue)

---------------------
Begin Evaluation  218
---------------------
Parameters for evaluation 218:
                      8.6891620357e-01 desired_speed
                      1.7437301850e-01 radius
                      6.8435250032e-01 time_gap
                      2.3687574191e+00 strength_neighbor
                      5.4400663072e-02 range_neighbor

(Asynchronous job 218 added to queue)

---------------------
Begin Evaluation  219
---------------------
Parameters for evaluation 219:
                      9.6425788671e-01 desired_speed
                      2.2647208372e-01 radius
                      1.1195792043e-01 time_gap
                      4.4123057858e+00 strength_neighbor
                      2.7643072373e-01 range_neighbor

(Asynchronous job 219 added to queue)

---------------------
Begin Evaluation  220
---------------------
Parameters for evaluation 220:
                      1.0215113281e+00 desired_speed
                      1.6687352936e-01 radius
                      8.5297809406e-01 time_gap
                      8.4145124275e+00 strength_neighbor
                      2.2014731773e-01 range_neighbor

(Asynchronous job 220 added to queue)

---------------------
Begin Evaluation  221
---------------------
Parameters for evaluation 221:
                      1.3123747317e+00 desired_speed
                      2.4329190958e-01 radius
                      6.3973253685e-01 time_gap
                      3.5652256149e+00 strength_neighbor
                      1.9580452563e-01 range_neighbor

(Asynchronous job 221 added to queue)

---------------------
Begin Evaluation  222
---------------------
Parameters for evaluation 222:
                      9.9077585324e-01 desired_speed
                      1.5339164454e-01 radius
                      6.5553121378e-01 time_gap
                      3.6651614322e+00 strength_neighbor
                      1.7439690096e-01 range_neighbor

(Asynchronous job 222 added to queue)

---------------------
Begin Evaluation  223
---------------------
Parameters for evaluation 223:
                      1.0425164208e+00 desired_speed
                      1.2984851191e-01 radius
                      9.1751911686e-01 time_gap
                      9.5980602377e+00 strength_neighbor
                      8.7681513057e-02 range_neighbor

(Asynchronous job 223 added to queue)

---------------------
Begin Evaluation  224
---------------------
Parameters for evaluation 224:
                      9.4152992561e-01 desired_speed
                      2.3257367186e-01 radius
                      2.3556306886e-01 time_gap
                      6.2964891605e+00 strength_neighbor
                      7.5304976112e-02 range_neighbor

(Asynchronous job 224 added to queue)

---------------------
Begin Evaluation  225
---------------------
Parameters for evaluation 225:
                      1.0636754463e+00 desired_speed
                      1.8190046267e-01 radius
                      8.3389025409e-01 time_gap
                      9.0352124230e+00 strength_neighbor
                      1.8497531521e-01 range_neighbor

(Asynchronous job 225 added to queue)

---------------------
Begin Evaluation  226
---------------------
Parameters for evaluation 226:
                      1.5206185839e+00 desired_speed
                      1.4039949573e-01 radius
                      7.1834154374e-01 time_gap
                      5.6461168414e+00 strength_neighbor
                      2.1433481090e-01 range_neighbor

(Asynchronous job 226 added to queue)

---------------------
Begin Evaluation  227
---------------------
Parameters for evaluation 227:
                      1.1499556566e+00 desired_speed
                      1.8558740607e-01 radius
                      2.0730550806e-01 time_gap
                      3.3145587731e+00 strength_neighbor
                      1.2675132258e-01 range_neighbor

(Asynchronous job 227 added to queue)

---------------------
Begin Evaluation  228
---------------------
Parameters for evaluation 228:
                      1.1087271417e+00 desired_speed
                      1.3606122168e-01 radius
                      5.5158331959e-01 time_gap
                      7.8413932271e+00 strength_neighbor
                      2.6389568859e-01 range_neighbor

(Asynchronous job 228 added to queue)

---------------------
Begin Evaluation  229
---------------------
Parameters for evaluation 229:
                      1.1286706858e+00 desired_speed
                      2.3912918521e-01 radius
                      7.9400005704e-01 time_gap
                      4.0890290104e+00 strength_neighbor
                      2.2421257504e-01 range_neighbor

(Asynchronous job 229 added to queue)

---------------------
Begin Evaluation  230
---------------------
Parameters for evaluation 230:
                      1.1723341057e+00 desired_speed
                      1.7652061356e-01 radius
                      3.3234094012e-01 time_gap
                      5.1614045350e+00 strength_neighbor
                      6.7349079701e-02 range_neighbor

(Asynchronous job 230 added to queue)

---------------------
Begin Evaluation  231
---------------------
Parameters for evaluation 231:
                      1.1916662382e+00 desired_speed
                      1.8049936573e-01 radius
                      6.1387532667e-01 time_gap
                      5.3943205219e+00 strength_neighbor
                      2.3627944525e-01 range_neighbor

(Asynchronous job 231 added to queue)

---------------------
Begin Evaluation  232
---------------------
Parameters for evaluation 232:
                      1.4359743654e+00 desired_speed
                      2.0702447661e-01 radius
                      9.9613971831e-01 time_gap
                      9.9385301233e+00 strength_neighbor
                      1.4543874427e-01 range_neighbor

(Asynchronous job 232 added to queue)

---------------------
Begin Evaluation  233
---------------------
Parameters for evaluation 233:
                      8.5768129337e-01 desired_speed
                      2.0319026053e-01 radius
                      6.8779354564e-01 time_gap
                      2.5336269610e+00 strength_neighbor
                      7.7439476863e-02 range_neighbor

(Asynchronous job 233 added to queue)

---------------------
Begin Evaluation  234
---------------------
Parameters for evaluation 234:
                      1.2195815451e+00 desired_speed
                      1.7100798616e-01 radius
                      7.4200588604e-01 time_gap
                      5.8042451480e+00 strength_neighbor
                      2.9153833524e-01 range_neighbor

(Asynchronous job 234 added to queue)

---------------------
Begin Evaluation  235
---------------------
Parameters for evaluation 235:
                      1.4824924350e+00 desired_speed
                      1.2004145535e-01 radius
                      3.9259599491e-01 time_gap
                      7.7193327555e+00 strength_neighbor
                      2.0620044993e-02 range_neighbor

(Asynchronous job 235 added to queue)

---------------------
Begin Evaluation  236
---------------------
Parameters for evaluation 236:
                      1.2458670903e+00 desired_speed
                      1.9918781543e-01 radius
                      2.2525899739e-01 time_gap
                      6.5300953723e+00 strength_neighbor
                      1.5282460515e-01 range_neighbor

(Asynchronous job 236 added to queue)

---------------------
Begin Evaluation  237
---------------------
Parameters for evaluation 237:
                      1.3855101695e+00 desired_speed
                      1.3775003150e-01 radius
                      2.8148207239e-01 time_gap
                      4.2285198693e+00 strength_neighbor
                      1.2320172499e-01 range_neighbor

(Asynchronous job 237 added to queue)

---------------------
Begin Evaluation  238
---------------------
Parameters for evaluation 238:
                      1.0084053299e+00 desired_speed
                      1.6220458564e-01 radius
                      1.8329545282e-01 time_gap
                      4.6604527227e+00 strength_neighbor
                      9.1622487461e-02 range_neighbor

(Asynchronous job 238 added to queue)

---------------------
Begin Evaluation  239
---------------------
Parameters for evaluation 239:
                      1.3279627382e+00 desired_speed
                      1.8967811996e-01 radius
                      4.9838626410e-01 time_gap
                      9.2303721985e+00 strength_neighbor
                      3.7020627572e-02 range_neighbor

(Asynchronous job 239 added to queue)

---------------------
Begin Evaluation  240
---------------------
Parameters for evaluation 240:
                      8.3768482857e-01 desired_speed
                      1.2325242294e-01 radius
                      5.2302241526e-01 time_gap
                      8.8397952050e+00 strength_neighbor
                      2.6551041963e-01 range_neighbor

(Asynchronous job 240 added to queue)

---------------------
Begin Evaluation  241
---------------------
Parameters for evaluation 241:
                      1.5044664596e+00 desired_speed
                      2.3508354067e-01 radius
                      4.4304704802e-01 time_gap
                      5.0226888172e+00 strength_neighbor
                      2.2062228132e-01 range_neighbor

(Asynchronous job 241 added to queue)

---------------------
Begin Evaluation  242
---------------------
Parameters for evaluation 242:
                      1.5646419678e+00 desired_speed
                      2.1357829870e-01 radius
                      8.1173475482e-01 time_gap
                      4.8680664950e+00 strength_neighbor
                      1.0895026422e-01 range_neighbor

(Asynchronous job 242 added to queue)

---------------------
Begin Evaluation  243
---------------------
Parameters for evaluation 243:
                      9.0137099845e-01 desired_speed
                      1.9391744559e-01 radius
                      9.3638166058e-01 time_gap
                      3.1351993178e+00 strength_neighbor
                      2.7586991202e-01 range_neighbor

(Asynchronous job 243 added to queue)

---------------------
Begin Evaluation  244
---------------------
Parameters for evaluation 244:
                      1.4518305201e+00 desired_speed
                      1.4624631167e-01 radius
                      4.1726299854e-01 time_gap
                      5.7132762951e+00 strength_neighbor
                      2.0905057042e-02 range_neighbor

(Asynchronous job 244 added to queue)

---------------------
Begin Evaluation  245
---------------------
Parameters for evaluation 245:
                      1.2890862356e+00 desired_speed
                      1.6412903093e-01 radius
                      3.8313842708e-01 time_gap
                      8.5348660750e+00 strength_neighbor
                      1.2797310966e-01 range_neighbor

(Asynchronous job 245 added to queue)

---------------------
Begin Evaluation  246
---------------------
Parameters for evaluation 246:
                      1.0998584711e+00 desired_speed
                      2.4350155615e-01 radius
                      5.2888466618e-01 time_gap
                      8.7429773335e+00 strength_neighbor
                      2.8737466404e-01 range_neighbor

(Asynchronous job 246 added to queue)

---------------------
Begin Evaluation  247
---------------------
Parameters for evaluation 247:
                      1.2674562301e+00 desired_speed
                      1.5833441490e-01 radius
                      9.7399620172e-01 time_gap
                      5.5016314863e+00 strength_neighbor
                      1.8660422458e-01 range_neighbor

(Asynchronous job 247 added to queue)

---------------------
Begin Evaluation  248
---------------------
Parameters for evaluation 248:
                      1.4630617860e+00 desired_speed
                      1.9595893601e-01 radius
                      2.7126086132e-01 time_gap
                      7.8691034677e+00 strength_neighbor
                      2.4250011234e-01 range_neighbor

(Asynchronous job 248 added to queue)

---------------------
Begin Evaluation  249
---------------------
Parameters for evaluation 249:
                      8.0722167550e-01 desired_speed
                      2.2339804284e-01 radius
                      3.5688850518e-01 time_gap
                      8.2113745145e+00 strength_neighbor
                      2.1440917078e-01 range_neighbor

(Asynchronous job 249 added to queue)

---------------------
Begin Evaluation  250
---------------------
Parameters for evaluation 250:
                      1.3757717827e+00 desired_speed
                      1.4327819225e-01 radius
                      3.0344569421e-01 time_gap
                      9.7578088513e+00 strength_neighbor
                      2.8281767832e-01 range_neighbor

(Asynchronous job 250 added to queue)

---------------------
Begin Evaluation  251
---------------------
Parameters for evaluation 251:
                      1.3431448931e+00 desired_speed
                      2.1956148628e-01 radius
                      5.7913060359e-01 time_gap
                      4.1659740073e+00 strength_neighbor
                      3.7872944120e-02 range_neighbor

(Asynchronous job 251 added to queue)

---------------------
Begin Evaluation  252
---------------------
Parameters for evaluation 252:
                      8.8612254593e-01 desired_speed
                      2.1499006692e-01 radius
                      9.0678399470e-01 time_gap
                      2.9592652031e+00 strength_neighbor
                      5.5602005008e-02 range_neighbor

(Asynchronous job 252 added to queue)

---------------------
Begin Evaluation  253
---------------------
Parameters for evaluation 253:
                      1.5895901462e+00 desired_speed
                      2.2810905796e-01 radius
                      4.7129327523e-01 time_gap
                      3.4891828221e+00 strength_neighbor
                      1.7736167967e-01 range_neighbor

(Asynchronous job 253 added to queue)

---------------------
Begin Evaluation  254
---------------------
Parameters for evaluation 254:
                      9.2567378900e-01 desired_speed
                      1.5145838088e-01 radius
                      1.4901712376e-01 time_gap
                      7.3646467115e+00 strength_neighbor
                      1.4473846510e-01 range_neighbor

(Asynchronous job 254 added to queue)

---------------------
Begin Evaluation  255
---------------------
Parameters for evaluation 255:
                      1.5448595637e+00 desired_speed
                      2.0818620905e-01 radius
                      1.2576902407e-01 time_gap
                      4.2920737004e+00 strength_neighbor
                      8.5306999505e-02 range_neighbor

(Asynchronous job 255 added to queue)

---------------------
Begin Evaluation  256
---------------------
Parameters for evaluation 256:
                      1.4123490836e+00 desired_speed
                      1.2739257178e-01 radius
                      8.8737670060e-01 time_gap
                      6.3855058553e+00 strength_neighbor
                      1.5187435142e-01 range_neighbor

(Asynchronous job 256 added to queue)

---------------------
Begin Evaluation  257
---------------------
Parameters for evaluation 257:
                      1.2324102536e+00 desired_speed
                      2.4764554550e-01 radius
                      7.6905310122e-01 time_gap
                      9.0828837721e+00 strength_neighbor
                      2.9879615482e-01 range_neighbor

(Asynchronous job 257 added to queue)

---------------------
Begin Evaluation  258
---------------------
Parameters for evaluation 258:
                      8.6891620357e-01 desired_speed
                      1.7437301850e-01 radius
                      6.8435250032e-01 time_gap
                      9.8954183278e+00 strength_neighbor
                      1.1984720669e-01 range_neighbor

(Asynchronous job 258 added to queue)

---------------------
Begin Evaluation  259
---------------------
Parameters for evaluation 259:
                      9.6425788671e-01 desired_speed
                      2.2647208372e-01 radius
                      1.1195792043e-01 time_gap
                      6.9632538497e+00 strength_neighbor
                      3.2264980210e-02 range_neighbor

(Asynchronous job 259 added to queue)

---------------------
Begin Evaluation  260
---------------------
Parameters for evaluation 260:
                      1.0215113281e+00 desired_speed
                      1.6687352936e-01 radius
                      8.5297809406e-01 time_gap
                      4.5269546438e+00 strength_neighbor
                      1.5699899321e-01 range_neighbor

(Asynchronous job 260 added to queue)

---------------------
Begin Evaluation  261
---------------------
Parameters for evaluation 261:
                      1.3123747317e+00 desired_speed
                      2.4329190958e-01 radius
                      6.3973253685e-01 time_gap
                      6.0054063749e+00 strength_neighbor
                      1.9744947655e-01 range_neighbor

(Asynchronous job 261 added to queue)

---------------------
Begin Evaluation  262
---------------------
Parameters for evaluation 262:
                      9.9077585324e-01 desired_speed
                      1.5339164454e-01 radius
                      6.5553121378e-01 time_gap
                      2.5713236317e+00 strength_neighbor
                      2.5298385160e-01 range_neighbor

(Asynchronous job 262 added to queue)

---------------------
Begin Evaluation  263
---------------------
Parameters for evaluation 263:
                      1.0425164208e+00 desired_speed
                      1.2984851191e-01 radius
                      9.1751911686e-01 time_gap
                      8.9816716040e+00 strength_neighbor
                      2.0721326626e-01 range_neighbor

(Asynchronous job 263 added to queue)

---------------------
Begin Evaluation  264
---------------------
Parameters for evaluation 264:
                      9.4152992561e-01 desired_speed
                      2.3257367186e-01 radius
                      2.3556306886e-01 time_gap
                      3.7430758139e+00 strength_neighbor
                      2.2927547661e-01 range_neighbor

(Asynchronous job 264 added to queue)

---------------------
Begin Evaluation  265
---------------------
Parameters for evaluation 265:
                      1.0636754463e+00 desired_speed
                      1.8190046267e-01 radius
                      8.3389025409e-01 time_gap
                      7.5808024948e+00 strength_neighbor
                      1.3848707979e-01 range_neighbor

(Asynchronous job 265 added to queue)

---------------------
Begin Evaluation  266
---------------------
Parameters for evaluation 266:
                      1.5206185839e+00 desired_speed
                      1.4039949573e-01 radius
                      7.1834154374e-01 time_gap
                      4.7560006445e+00 strength_neighbor
                      4.9314703775e-02 range_neighbor

(Asynchronous job 266 added to queue)

---------------------
Begin Evaluation  267
---------------------
Parameters for evaluation 267:
                      1.1499556566e+00 desired_speed
                      1.8558740607e-01 radius
                      2.0730550806e-01 time_gap
                      5.2382566582e+00 strength_neighbor
                      1.9389472232e-01 range_neighbor

(Asynchronous job 267 added to queue)

---------------------
Begin Evaluation  268
---------------------
Parameters for evaluation 268:
                      1.1087271417e+00 desired_speed
                      1.3606122168e-01 radius
                      5.5158331959e-01 time_gap
                      6.4105950041e+00 strength_neighbor
                      2.3639782683e-01 range_neighbor

(Asynchronous job 268 added to queue)

---------------------
Begin Evaluation  269
---------------------
Parameters for evaluation 269:
                      1.1286706858e+00 desired_speed
                      2.3912918521e-01 radius
                      7.9400005704e-01 time_gap
                      9.5470648366e+00 strength_neighbor
                      6.8664708715e-02 range_neighbor

(Asynchronous job 269 added to queue)

---------------------
Begin Evaluation  270
---------------------
Parameters for evaluation 270:
                      1.1723341057e+00 desired_speed
                      1.7652061356e-01 radius
                      3.3234094012e-01 time_gap
                      7.0503860602e+00 strength_neighbor
                      4.1813516133e-02 range_neighbor

(Asynchronous job 270 added to queue)

---------------------
Begin Evaluation  271
---------------------
Parameters for evaluation 271:
                      1.1916662382e+00 desired_speed
                      1.8049936573e-01 radius
                      6.1387532667e-01 time_gap
                      5.9742979091e+00 strength_neighbor
                      2.7117335913e-01 range_neighbor

(Asynchronous job 271 added to queue)

---------------------
Begin Evaluation  272
---------------------
Parameters for evaluation 272:
                      1.4359743654e+00 desired_speed
                      2.0702447661e-01 radius
                      9.9613971831e-01 time_gap
                      3.9343140497e+00 strength_neighbor
                      9.9531554323e-02 range_neighbor

(Asynchronous job 272 added to queue)

---------------------
Begin Evaluation  273
---------------------
Parameters for evaluation 273:
                      8.5768129337e-01 desired_speed
                      2.0319026053e-01 radius
                      6.8779354564e-01 time_gap
                      6.6440672662e+00 strength_neighbor
                      9.3787137713e-02 range_neighbor

(Asynchronous job 273 added to queue)

---------------------
Begin Evaluation  274
---------------------
Parameters for evaluation 274:
                      1.2195815451e+00 desired_speed
                      1.7100798616e-01 radius
                      7.4200588604e-01 time_gap
                      8.0373901991e+00 strength_neighbor
                      1.7316777518e-01 range_neighbor

(Asynchronous job 274 added to queue)

---------------------
Begin Evaluation  275
---------------------
Parameters for evaluation 275:
                      1.4824924350e+00 desired_speed
                      1.2004145535e-01 radius
                      3.9259599491e-01 time_gap
                      7.6046045948e+00 strength_neighbor
                      2.6056158409e-01 range_neighbor

(Asynchronous job 275 added to queue)

---------------------
Begin Evaluation  276
---------------------
Parameters for evaluation 276:
                      1.2458670903e+00 desired_speed
                      1.9918781543e-01 radius
                      2.2525899739e-01 time_gap
                      2.0812554370e+00 strength_neighbor
                      2.4843565897e-01 range_neighbor

(Asynchronous job 276 added to queue)

---------------------
Begin Evaluation  277
---------------------
Parameters for evaluation 277:
                      1.3855101695e+00 desired_speed
                      1.3775003150e-01 radius
                      2.8148207239e-01 time_gap
                      9.3431831399e+00 strength_neighbor
                      1.1468277700e-01 range_neighbor

(Asynchronous job 277 added to queue)

---------------------
Begin Evaluation  278
---------------------
Parameters for evaluation 278:
                      1.0084053299e+00 desired_speed
                      1.6220458564e-01 radius
                      1.8329545282e-01 time_gap
                      3.2211482998e+00 strength_neighbor
                      7.3659372253e-02 range_neighbor

(Asynchronous job 278 added to queue)

---------------------
Begin Evaluation  279
---------------------
Parameters for evaluation 279:
                      1.3279627382e+00 desired_speed
                      1.8967811996e-01 radius
                      4.9838626410e-01 time_gap
                      2.7733907381e+00 strength_neighbor
                      1.6508423649e-01 range_neighbor

(Asynchronous job 279 added to queue)

---------------------
Begin Evaluation  280
---------------------
Parameters for evaluation 280:
                      8.3768482857e-01 desired_speed
                      1.2325242294e-01 radius
                      5.2302241526e-01 time_gap
                      2.2084139040e+00 strength_neighbor
                      8.0771282470e-02 range_neighbor

(Asynchronous job 280 added to queue)

Blocking synchronize of 280 asynchronous evaluations
First pass: initiating 2 local asynchronous jobs
Initiating evaluation 1
nonblocking fork: python3 driver.py params.in results.out
Initiating evaluation 2
nonblocking fork: python3 driver.py params.in results.out
Second pass: scheduling 278 remaining local asynchronous jobs
Waiting on completed jobs
Evaluation 2 has completed
Initiating evaluation 3
nonblocking fork: python3 driver.py params.in results.out
Waiting on completed jobs
Evaluation 1 has completed
Initiating evaluation 4
nonblocking fork: python3 driver.py params.in results.out
Waiting on completed jobs
Evaluation 3 has completed
Initiating evaluation 5
nonblocking fork: python3 driver.py params.in results.out
Waiting on completed jobs
Evaluation 4 has completed
Initiating evaluation 6
nonblocking fork: python3 driver.py params.in results.out
Waiting on completed jobs
Evaluation 6 has completed
Initiating evaluation 7
nonblocking fork: python3 driver.py params.in results.out
Waiting on completed jobs
Evaluation 5 has completed
Initiating evaluation 8
nonblocking fork: python3 driver.py params.in results.out
Waiting on completed jobs
Evaluation 7 has completed
Initiating evaluation 9
nonblocking fork: python3 driver.py params.in results.out
Waiting on completed jobs
Evaluation 8 has completed
Initiating evaluation 10
nonblocking fork: python3 driver.py params.in results.out
Waiting on completed jobs
Evaluation 9 has completed
Initiating evaluation 11
nonblocking fork: python3 driver.py params.in results.out
Waiting on completed jobs
Evaluation 10 has completed
Initiating evaluation 12
nonblocking fork: python3 driver.py params.in results.out
Waiting on completed jobs
Evaluation 11 has completed
Initiating evaluation 13
nonblocking fork: python3 driver.py params.in results.out
Waiting on completed jobs
Evaluation 12 has completed
Initiating evaluation 14
nonblocking fork: python3 driver.py params.in results.out
Waiting on completed jobs
Evaluation 13 has completed
Initiating evaluation 15
nonblocking fork: python3 driver.py params.in results.out
Waiting on completed jobs
Evaluation 14 has completed
Initiating evaluation 16
nonblocking fork: python3 driver.py params.in results.out
Waiting on completed jobs
Evaluation 15 has completed
Initiating evaluation 17
nonblocking fork: python3 driver.py params.in results.out
Waiting on completed jobs
Evaluation 16 has completed
Initiating evaluation 18
nonblocking fork: python3 driver.py params.in results.out
Waiting on completed jobs
Evaluation 17 has completed
Initiating evaluation 19
nonblocking fork: python3 driver.py params.in results.out
Waiting on completed jobs
Evaluation 18 has completed
Initiating evaluation 20
nonblocking fork: python3 driver.py params.in results.out
Waiting on completed jobs
Evaluation 19 has completed
Initiating evaluation 21
nonblocking fork: python3 driver.py params.in results.out
Waiting on completed jobs
Evaluation 21 has completed
Initiating evaluation 22
nonblocking fork: python3 driver.py params.in results.out
Waiting on completed jobs
Evaluation 20 has completed
Initiating evaluation 23
nonblocking fork: python3 driver.py params.in results.out
Waiting on completed jobs
Evaluation 22 has completed
Initiating evaluation 24
nonblocking fork: python3 driver.py params.in results.out
Waiting on completed jobs
Evaluation 23 has completed
Initiating evaluation 25
nonblocking fork: python3 driver.py params.in results.out
Waiting on completed jobs
Evaluation 24 has completed
Initiating evaluation 26
nonblocking fork: python3 driver.py params.in results.out
Waiting on completed jobs
Evaluation 25 has completed
Initiating evaluation 27
nonblocking fork: python3 driver.py params.in results.out
Waiting on completed jobs
Evaluation 26 has completed
Initiating evaluation 28
nonblocking fork: python3 driver.py params.in results.out
Waiting on completed jobs
Evaluation 27 has completed
Initiating evaluation 29
nonblocking fork: python3 driver.py params.in results.out
Waiting on completed jobs
Evaluation 28 has completed
Initiating evaluation 30
nonblocking fork: python3 driver.py params.in results.out
Waiting on completed jobs
Evaluation 29 has completed
Initiating evaluation 31
nonblocking fork: python3 driver.py params.in results.out
Waiting on completed jobs
Evaluation 30 has completed
Initiating evaluation 32
nonblocking fork: python3 driver.py params.in results.out
Waiting on completed jobs
Evaluation 31 has completed
Initiating evaluation 33
nonblocking fork: python3 driver.py params.in results.out
Waiting on completed jobs
Evaluation 33 has completed
Initiating evaluation 34
nonblocking fork: python3 driver.py params.in results.out
Waiting on completed jobs
Evaluation 32 has completed
Initiating evaluation 35
nonblocking fork: python3 driver.py params.in results.out
Waiting on completed jobs
Evaluation 34 has completed
Initiating evaluation 36
nonblocking fork: python3 driver.py params.in results.out
Waiting on completed jobs
Evaluation 35 has completed
Initiating evaluation 37
nonblocking fork: python3 driver.py params.in results.out
Waiting on completed jobs
Evaluation 36 has completed
Initiating evaluation 38
nonblocking fork: python3 driver.py params.in results.out
Waiting on completed jobs
Evaluation 37 has completed
Initiating evaluation 39
nonblocking fork: python3 driver.py params.in results.out
Waiting on completed jobs
Evaluation 38 has completed
Initiating evaluation 40
nonblocking fork: python3 driver.py params.in results.out
Waiting on completed jobs
Evaluation 39 has completed
Initiating evaluation 41
nonblocking fork: python3 driver.py params.in results.out
Waiting on completed jobs
Evaluation 40 has completed
Initiating evaluation 42
nonblocking fork: python3 driver.py params.in results.out
Waiting on completed jobs
Evaluation 41 has completed
Initiating evaluation 43
nonblocking fork: python3 driver.py params.in results.out
Waiting on completed jobs
Evaluation 42 has completed
Initiating evaluation 44
nonblocking fork: python3 driver.py params.in results.out
Waiting on completed jobs
Evaluation 43 has completed
Initiating evaluation 45
nonblocking fork: python3 driver.py params.in results.out
Waiting on completed jobs
Evaluation 44 has completed
Initiating evaluation 46
nonblocking fork: python3 driver.py params.in results.out
Waiting on completed jobs
Evaluation 45 has completed
Initiating evaluation 47
nonblocking fork: python3 driver.py params.in results.out
Waiting on completed jobs
Evaluation 46 has completed
Initiating evaluation 48
nonblocking fork: python3 driver.py params.in results.out
Waiting on completed jobs
Evaluation 47 has completed
Initiating evaluation 49
nonblocking fork: python3 driver.py params.in results.out
Waiting on completed jobs
Evaluation 48 has completed
Initiating evaluation 50
nonblocking fork: python3 driver.py params.in results.out
Waiting on completed jobs
Evaluation 50 has completed
Initiating evaluation 51
nonblocking fork: python3 driver.py params.in results.out
Waiting on completed jobs
Evaluation 49 has completed
Initiating evaluation 52
nonblocking fork: python3 driver.py params.in results.out
Waiting on completed jobs
Evaluation 51 has completed
Initiating evaluation 53
nonblocking fork: python3 driver.py params.in results.out
Waiting on completed jobs
Evaluation 52 has completed
Initiating evaluation 54
nonblocking fork: python3 driver.py params.in results.out
Waiting on completed jobs
Evaluation 53 has completed
Initiating evaluation 55
nonblocking fork: python3 driver.py params.in results.out
Waiting on completed jobs
Evaluation 55 has completed
Initiating evaluation 56
nonblocking fork: python3 driver.py params.in results.out
Waiting on completed jobs
Evaluation 54 has completed
Initiating evaluation 57
nonblocking fork: python3 driver.py params.in results.out
Waiting on completed jobs
Evaluation 56 has completed
Initiating evaluation 58
nonblocking fork: python3 driver.py params.in results.out
Waiting on completed jobs
Evaluation 57 has completed
Initiating evaluation 59
nonblocking fork: python3 driver.py params.in results.out
Waiting on completed jobs
Evaluation 59 has completed
Initiating evaluation 60
nonblocking fork: python3 driver.py params.in results.out
Waiting on completed jobs
Evaluation 58 has completed
Initiating evaluation 61
nonblocking fork: python3 driver.py params.in results.out
Waiting on completed jobs
Evaluation 60 has completed
Initiating evaluation 62
nonblocking fork: python3 driver.py params.in results.out
Waiting on completed jobs
Evaluation 61 has completed
Initiating evaluation 63
nonblocking fork: python3 driver.py params.in results.out
Waiting on completed jobs
Evaluation 62 has completed
Initiating evaluation 64
nonblocking fork: python3 driver.py params.in results.out
Waiting on completed jobs
Evaluation 63 has completed
Initiating evaluation 65
nonblocking fork: python3 driver.py params.in results.out
Waiting on completed jobs
Evaluation 64 has completed
Initiating evaluation 66
nonblocking fork: python3 driver.py params.in results.out
Waiting on completed jobs
Evaluation 65 has completed
Initiating evaluation 67
nonblocking fork: python3 driver.py params.in results.out
Waiting on completed jobs
Evaluation 66 has completed
Initiating evaluation 68
nonblocking fork: python3 driver.py params.in results.out
Waiting on completed jobs
Evaluation 67 has completed
Initiating evaluation 69
nonblocking fork: python3 driver.py params.in results.out
Waiting on completed jobs
Evaluation 68 has completed
Initiating evaluation 70
nonblocking fork: python3 driver.py params.in results.out
Waiting on completed jobs
Evaluation 69 has completed
Initiating evaluation 71
nonblocking fork: python3 driver.py params.in results.out
Waiting on completed jobs
Evaluation 70 has completed
Initiating evaluation 72
nonblocking fork: python3 driver.py params.in results.out
Waiting on completed jobs
Evaluation 71 has completed
Initiating evaluation 73
nonblocking fork: python3 driver.py params.in results.out
Waiting on completed jobs
Evaluation 72 has completed
Initiating evaluation 74
nonblocking fork: python3 driver.py params.in results.out
Waiting on completed jobs
Evaluation 74 has completed
Initiating evaluation 75
nonblocking fork: python3 driver.py params.in results.out
Waiting on completed jobs
Evaluation 73 has completed
Initiating evaluation 76
nonblocking fork: python3 driver.py params.in results.out
Waiting on completed jobs
Evaluation 76 has completed
Initiating evaluation 77
nonblocking fork: python3 driver.py params.in results.out
Waiting on completed jobs
Evaluation 75 has completed
Initiating evaluation 78
nonblocking fork: python3 driver.py params.in results.out
Waiting on completed jobs
Evaluation 77 has completed
Initiating evaluation 79
nonblocking fork: python3 driver.py params.in results.out
Waiting on completed jobs
Evaluation 78 has completed
Initiating evaluation 80
nonblocking fork: python3 driver.py params.in results.out
Waiting on completed jobs
Evaluation 79 has completed
Initiating evaluation 81
nonblocking fork: python3 driver.py params.in results.out
Waiting on completed jobs
Evaluation 80 has completed
Initiating evaluation 82
nonblocking fork: python3 driver.py params.in results.out
Waiting on completed jobs
Evaluation 81 has completed
Initiating evaluation 83
nonblocking fork: python3 driver.py params.in results.out
Waiting on completed jobs
Evaluation 82 has completed
Initiating evaluation 84
nonblocking fork: python3 driver.py params.in results.out
Waiting on completed jobs
Evaluation 84 has completed
Initiating evaluation 85
nonblocking fork: python3 driver.py params.in results.out
Waiting on completed jobs
Evaluation 83 has completed
Initiating evaluation 86
nonblocking fork: python3 driver.py params.in results.out
Waiting on completed jobs
Evaluation 85 has completed
Initiating evaluation 87
nonblocking fork: python3 driver.py params.in results.out
Waiting on completed jobs
Evaluation 86 has completed
Initiating evaluation 88
nonblocking fork: python3 driver.py params.in results.out
Waiting on completed jobs
Evaluation 87 has completed
Initiating evaluation 89
nonblocking fork: python3 driver.py params.in results.out
Waiting on completed jobs
Evaluation 88 has completed
Initiating evaluation 90
nonblocking fork: python3 driver.py params.in results.out
Waiting on completed jobs
Evaluation 90 has completed
Initiating evaluation 91
nonblocking fork: python3 driver.py params.in results.out
Waiting on completed jobs
Evaluation 89 has completed
Initiating evaluation 92
nonblocking fork: python3 driver.py params.in results.out
Waiting on completed jobs
Evaluation 91 has completed
Initiating evaluation 93
nonblocking fork: python3 driver.py params.in results.out
Waiting on completed jobs
Evaluation 92 has completed
Initiating evaluation 94
nonblocking fork: python3 driver.py params.in results.out
Waiting on completed jobs
Evaluation 93 has completed
Initiating evaluation 95
nonblocking fork: python3 driver.py params.in results.out
Waiting on completed jobs
Evaluation 94 has completed
Initiating evaluation 96
nonblocking fork: python3 driver.py params.in results.out
Waiting on completed jobs
Evaluation 95 has completed
Initiating evaluation 97
nonblocking fork: python3 driver.py params.in results.out
Waiting on completed jobs
Evaluation 96 has completed
Initiating evaluation 98
nonblocking fork: python3 driver.py params.in results.out
Waiting on completed jobs
Evaluation 97 has completed
Initiating evaluation 99
nonblocking fork: python3 driver.py params.in results.out
Waiting on completed jobs
Evaluation 98 has completed
Initiating evaluation 100
nonblocking fork: python3 driver.py params.in results.out
Waiting on completed jobs
Evaluation 99 has completed
Initiating evaluation 101
nonblocking fork: python3 driver.py params.in results.out
Waiting on completed jobs
Evaluation 100 has completed
Initiating evaluation 102
nonblocking fork: python3 driver.py params.in results.out
Waiting on completed jobs
Evaluation 101 has completed
Initiating evaluation 103
nonblocking fork: python3 driver.py params.in results.out
Waiting on completed jobs
Evaluation 102 has completed
Initiating evaluation 104
nonblocking fork: python3 driver.py params.in results.out
Waiting on completed jobs
Evaluation 103 has completed
Initiating evaluation 105
nonblocking fork: python3 driver.py params.in results.out
Waiting on completed jobs
Evaluation 104 has completed
Initiating evaluation 106
nonblocking fork: python3 driver.py params.in results.out
Waiting on completed jobs
Evaluation 106 has completed
Initiating evaluation 107
nonblocking fork: python3 driver.py params.in results.out
Waiting on completed jobs
Evaluation 105 has completed
Initiating evaluation 108
nonblocking fork: python3 driver.py params.in results.out
Waiting on completed jobs
Evaluation 107 has completed
Initiating evaluation 109
nonblocking fork: python3 driver.py params.in results.out
Waiting on completed jobs
Evaluation 108 has completed
Initiating evaluation 110
nonblocking fork: python3 driver.py params.in results.out
Waiting on completed jobs
Evaluation 110 has completed
Initiating evaluation 111
nonblocking fork: python3 driver.py params.in results.out
Waiting on completed jobs
Evaluation 109 has completed
Initiating evaluation 112
nonblocking fork: python3 driver.py params.in results.out
Waiting on completed jobs
Evaluation 111 has completed
Initiating evaluation 113
nonblocking fork: python3 driver.py params.in results.out
Waiting on completed jobs
Evaluation 112 has completed
Initiating evaluation 114
nonblocking fork: python3 driver.py params.in results.out
Waiting on completed jobs
Evaluation 114 has completed
Initiating evaluation 115
nonblocking fork: python3 driver.py params.in results.out
Waiting on completed jobs
Evaluation 113 has completed
Initiating evaluation 116
nonblocking fork: python3 driver.py params.in results.out
Waiting on completed jobs
Evaluation 116 has completed
Initiating evaluation 117
nonblocking fork: python3 driver.py params.in results.out
Waiting on completed jobs
Evaluation 115 has completed
Initiating evaluation 118
nonblocking fork: python3 driver.py params.in results.out
Waiting on completed jobs
Evaluation 117 has completed
Initiating evaluation 119
nonblocking fork: python3 driver.py params.in results.out
Waiting on completed jobs
Evaluation 118 has completed
Initiating evaluation 120
nonblocking fork: python3 driver.py params.in results.out
Waiting on completed jobs
Evaluation 120 has completed
Initiating evaluation 121
nonblocking fork: python3 driver.py params.in results.out
Waiting on completed jobs
Evaluation 119 has completed
Initiating evaluation 122
nonblocking fork: python3 driver.py params.in results.out
Waiting on completed jobs
Evaluation 121 has completed
Initiating evaluation 123
nonblocking fork: python3 driver.py params.in results.out
Waiting on completed jobs
Evaluation 122 has completed
Initiating evaluation 124
nonblocking fork: python3 driver.py params.in results.out
Waiting on completed jobs
Evaluation 124 has completed
Initiating evaluation 125
nonblocking fork: python3 driver.py params.in results.out
Waiting on completed jobs
Evaluation 123 has completed
Initiating evaluation 126
nonblocking fork: python3 driver.py params.in results.out
Waiting on completed jobs
Evaluation 125 has completed
Initiating evaluation 127
nonblocking fork: python3 driver.py params.in results.out
Waiting on completed jobs
Evaluation 126 has completed
Initiating evaluation 128
nonblocking fork: python3 driver.py params.in results.out
Waiting on completed jobs
Evaluation 127 has completed
Initiating evaluation 129
nonblocking fork: python3 driver.py params.in results.out
Waiting on completed jobs
Evaluation 128 has completed
Initiating evaluation 130
nonblocking fork: python3 driver.py params.in results.out
Waiting on completed jobs
Evaluation 130 has completed
Initiating evaluation 131
nonblocking fork: python3 driver.py params.in results.out
Waiting on completed jobs
Evaluation 129 has completed
Initiating evaluation 132
nonblocking fork: python3 driver.py params.in results.out
Waiting on completed jobs
Evaluation 131 has completed
Initiating evaluation 133
nonblocking fork: python3 driver.py params.in results.out
Waiting on completed jobs
Evaluation 132 has completed
Initiating evaluation 134
nonblocking fork: python3 driver.py params.in results.out
Waiting on completed jobs
Evaluation 133 has completed
Initiating evaluation 135
nonblocking fork: python3 driver.py params.in results.out
Waiting on completed jobs
Evaluation 134 has completed
Initiating evaluation 136
nonblocking fork: python3 driver.py params.in results.out
Waiting on completed jobs
Evaluation 135 has completed
Initiating evaluation 137
nonblocking fork: python3 driver.py params.in results.out
Waiting on completed jobs
Evaluation 136 has completed
Initiating evaluation 138
nonblocking fork: python3 driver.py params.in results.out
Waiting on completed jobs
Evaluation 137 has completed
Initiating evaluation 139
nonblocking fork: python3 driver.py params.in results.out
Waiting on completed jobs
Evaluation 139 has completed
Initiating evaluation 140
nonblocking fork: python3 driver.py params.in results.out
Waiting on completed jobs
Evaluation 138 has completed
Initiating evaluation 141
nonblocking fork: python3 driver.py params.in results.out
Waiting on completed jobs
Evaluation 141 has completed
Initiating evaluation 142
nonblocking fork: python3 driver.py params.in results.out
Waiting on completed jobs
Evaluation 140 has completed
Initiating evaluation 143
nonblocking fork: python3 driver.py params.in results.out
Waiting on completed jobs
Evaluation 142 has completed
Initiating evaluation 144
nonblocking fork: python3 driver.py params.in results.out
Waiting on completed jobs
Evaluation 143 has completed
Initiating evaluation 145
nonblocking fork: python3 driver.py params.in results.out
Waiting on completed jobs
Evaluation 144 has completed
Initiating evaluation 146
nonblocking fork: python3 driver.py params.in results.out
Waiting on completed jobs
Evaluation 145 has completed
Initiating evaluation 147
nonblocking fork: python3 driver.py params.in results.out
Waiting on completed jobs
Evaluation 146 has completed
Initiating evaluation 148
nonblocking fork: python3 driver.py params.in results.out
Waiting on completed jobs
Evaluation 147 has completed
Initiating evaluation 149
nonblocking fork: python3 driver.py params.in results.out
Waiting on completed jobs
Evaluation 148 has completed
Initiating evaluation 150
nonblocking fork: python3 driver.py params.in results.out
Waiting on completed jobs
Evaluation 149 has completed
Initiating evaluation 151
nonblocking fork: python3 driver.py params.in results.out
Waiting on completed jobs
Evaluation 150 has completed
Initiating evaluation 152
nonblocking fork: python3 driver.py params.in results.out
Waiting on completed jobs
Evaluation 151 has completed
Initiating evaluation 153
nonblocking fork: python3 driver.py params.in results.out
Waiting on completed jobs
Evaluation 152 has completed
Initiating evaluation 154
nonblocking fork: python3 driver.py params.in results.out
Waiting on completed jobs
Evaluation 153 has completed
Initiating evaluation 155
nonblocking fork: python3 driver.py params.in results.out
Waiting on completed jobs
Evaluation 154 has completed
Initiating evaluation 156
nonblocking fork: python3 driver.py params.in results.out
Waiting on completed jobs
Evaluation 155 has completed
Initiating evaluation 157
nonblocking fork: python3 driver.py params.in results.out
Waiting on completed jobs
Evaluation 156 has completed
Initiating evaluation 158
nonblocking fork: python3 driver.py params.in results.out
Waiting on completed jobs
Evaluation 157 has completed
Initiating evaluation 159
nonblocking fork: python3 driver.py params.in results.out
Waiting on completed jobs
Evaluation 158 has completed
Initiating evaluation 160
nonblocking fork: python3 driver.py params.in results.out
Waiting on completed jobs
Evaluation 159 has completed
Initiating evaluation 161
nonblocking fork: python3 driver.py params.in results.out
Waiting on completed jobs
Evaluation 160 has completed
Initiating evaluation 162
nonblocking fork: python3 driver.py params.in results.out
Waiting on completed jobs
Evaluation 161 has completed
Initiating evaluation 163
nonblocking fork: python3 driver.py params.in results.out
Waiting on completed jobs
Evaluation 162 has completed
Initiating evaluation 164
nonblocking fork: python3 driver.py params.in results.out
Waiting on completed jobs
Evaluation 164 has completed
Initiating evaluation 165
nonblocking fork: python3 driver.py params.in results.out
Waiting on completed jobs
Evaluation 163 has completed
Initiating evaluation 166
nonblocking fork: python3 driver.py params.in results.out
Waiting on completed jobs
Evaluation 165 has completed
Initiating evaluation 167
nonblocking fork: python3 driver.py params.in results.out
Waiting on completed jobs
Evaluation 166 has completed
Initiating evaluation 168
nonblocking fork: python3 driver.py params.in results.out
Waiting on completed jobs
Evaluation 167 has completed
Initiating evaluation 169
nonblocking fork: python3 driver.py params.in results.out
Waiting on completed jobs
Evaluation 168 has completed
Initiating evaluation 170
nonblocking fork: python3 driver.py params.in results.out
Waiting on completed jobs
Evaluation 169 has completed
Initiating evaluation 171
nonblocking fork: python3 driver.py params.in results.out
Waiting on completed jobs
Evaluation 170 has completed
Initiating evaluation 172
nonblocking fork: python3 driver.py params.in results.out
Waiting on completed jobs
Evaluation 171 has completed
Initiating evaluation 173
nonblocking fork: python3 driver.py params.in results.out
Waiting on completed jobs
Evaluation 172 has completed
Initiating evaluation 174
nonblocking fork: python3 driver.py params.in results.out
Waiting on completed jobs
Evaluation 173 has completed
Initiating evaluation 175
nonblocking fork: python3 driver.py params.in results.out
Waiting on completed jobs
Evaluation 174 has completed
Initiating evaluation 176
nonblocking fork: python3 driver.py params.in results.out
Waiting on completed jobs
Evaluation 175 has completed
Initiating evaluation 177
nonblocking fork: python3 driver.py params.in results.out
Waiting on completed jobs
Evaluation 176 has completed
Initiating evaluation 178
nonblocking fork: python3 driver.py params.in results.out
Waiting on completed jobs
Evaluation 177 has completed
Initiating evaluation 179
nonblocking fork: python3 driver.py params.in results.out
Waiting on completed jobs
Evaluation 178 has completed
Initiating evaluation 180
nonblocking fork: python3 driver.py params.in results.out
Waiting on completed jobs
Evaluation 179 has completed
Initiating evaluation 181
nonblocking fork: python3 driver.py params.in results.out
Waiting on completed jobs
Evaluation 181 has completed
Initiating evaluation 182
nonblocking fork: python3 driver.py params.in results.out
Waiting on completed jobs
Evaluation 180 has completed
Initiating evaluation 183
nonblocking fork: python3 driver.py params.in results.out
Waiting on completed jobs
Evaluation 183 has completed
Initiating evaluation 184
nonblocking fork: python3 driver.py params.in results.out
Waiting on completed jobs
Evaluation 182 has completed
Initiating evaluation 185
nonblocking fork: python3 driver.py params.in results.out
Waiting on completed jobs
Evaluation 184 has completed
Initiating evaluation 186
nonblocking fork: python3 driver.py params.in results.out
Waiting on completed jobs
Evaluation 185 has completed
Initiating evaluation 187
nonblocking fork: python3 driver.py params.in results.out
Waiting on completed jobs
Evaluation 186 has completed
Initiating evaluation 188
nonblocking fork: python3 driver.py params.in results.out
Waiting on completed jobs
Evaluation 187 has completed
Initiating evaluation 189
nonblocking fork: python3 driver.py params.in results.out
Waiting on completed jobs
Evaluation 188 has completed
Initiating evaluation 190
nonblocking fork: python3 driver.py params.in results.out
Waiting on completed jobs
Evaluation 189 has completed
Initiating evaluation 191
nonblocking fork: python3 driver.py params.in results.out
Waiting on completed jobs
Evaluation 190 has completed
Initiating evaluation 192
nonblocking fork: python3 driver.py params.in results.out
Waiting on completed jobs
Evaluation 191 has completed
Initiating evaluation 193
nonblocking fork: python3 driver.py params.in results.out
Waiting on completed jobs
Evaluation 192 has completed
Initiating evaluation 194
nonblocking fork: python3 driver.py params.in results.out
Waiting on completed jobs
Evaluation 193 has completed
Initiating evaluation 195
nonblocking fork: python3 driver.py params.in results.out
Waiting on completed jobs
Evaluation 194 has completed
Initiating evaluation 196
nonblocking fork: python3 driver.py params.in results.out
Waiting on completed jobs
Evaluation 195 has completed
Initiating evaluation 197
nonblocking fork: python3 driver.py params.in results.out
Waiting on completed jobs
Evaluation 196 has completed
Initiating evaluation 198
nonblocking fork: python3 driver.py params.in results.out
Waiting on completed jobs
Evaluation 197 has completed
Initiating evaluation 199
nonblocking fork: python3 driver.py params.in results.out
Waiting on completed jobs
Evaluation 198 has completed
Initiating evaluation 200
nonblocking fork: python3 driver.py params.in results.out
Waiting on completed jobs
Evaluation 200 has completed
Initiating evaluation 201
nonblocking fork: python3 driver.py params.in results.out
Waiting on completed jobs
Evaluation 199 has completed
Initiating evaluation 202
nonblocking fork: python3 driver.py params.in results.out
Waiting on completed jobs
Evaluation 201 has completed
Initiating evaluation 203
nonblocking fork: python3 driver.py params.in results.out
Waiting on completed jobs
Evaluation 202 has completed
Initiating evaluation 204
nonblocking fork: python3 driver.py params.in results.out
Waiting on completed jobs
Evaluation 204 has completed
Initiating evaluation 205
nonblocking fork: python3 driver.py params.in results.out
Waiting on completed jobs
Evaluation 203 has completed
Initiating evaluation 206
nonblocking fork: python3 driver.py params.in results.out
Waiting on completed jobs
Evaluation 205 has completed
Initiating evaluation 207
nonblocking fork: python3 driver.py params.in results.out
Waiting on completed jobs
Evaluation 206 has completed
Initiating evaluation 208
nonblocking fork: python3 driver.py params.in results.out
Waiting on completed jobs
Evaluation 207 has completed
Initiating evaluation 209
nonblocking fork: python3 driver.py params.in results.out
Waiting on completed jobs
Evaluation 208 has completed
Initiating evaluation 210
nonblocking fork: python3 driver.py params.in results.out
Waiting on completed jobs
Evaluation 210 has completed
Initiating evaluation 211
nonblocking fork: python3 driver.py params.in results.out
Waiting on completed jobs
Evaluation 209 has completed
Initiating evaluation 212
nonblocking fork: python3 driver.py params.in results.out
Waiting on completed jobs
Evaluation 211 has completed
Initiating evaluation 213
nonblocking fork: python3 driver.py params.in results.out
Waiting on completed jobs
Evaluation 213 has completed
Initiating evaluation 214
nonblocking fork: python3 driver.py params.in results.out
Waiting on completed jobs
Evaluation 212 has completed
Initiating evaluation 215
nonblocking fork: python3 driver.py params.in results.out
Waiting on completed jobs
Evaluation 215 has completed
Initiating evaluation 216
nonblocking fork: python3 driver.py params.in results.out
Waiting on completed jobs
Evaluation 214 has completed
Initiating evaluation 217
nonblocking fork: python3 driver.py params.in results.out
Waiting on completed jobs
Evaluation 216 has completed
Initiating evaluation 218
nonblocking fork: python3 driver.py params.in results.out
Waiting on completed jobs
Evaluation 217 has completed
Initiating evaluation 219
nonblocking fork: python3 driver.py params.in results.out
Waiting on completed jobs
Evaluation 219 has completed
Initiating evaluation 220
nonblocking fork: python3 driver.py params.in results.out
Waiting on completed jobs
Evaluation 218 has completed
Initiating evaluation 221
nonblocking fork: python3 driver.py params.in results.out
Waiting on completed jobs
Evaluation 220 has completed
Initiating evaluation 222
nonblocking fork: python3 driver.py params.in results.out
Waiting on completed jobs
Evaluation 221 has completed
Initiating evaluation 223
nonblocking fork: python3 driver.py params.in results.out
Waiting on completed jobs
Evaluation 222 has completed
Initiating evaluation 224
nonblocking fork: python3 driver.py params.in results.out
Waiting on completed jobs
Evaluation 223 has completed
Initiating evaluation 225
nonblocking fork: python3 driver.py params.in results.out
Waiting on completed jobs
Evaluation 224 has completed
Initiating evaluation 226
nonblocking fork: python3 driver.py params.in results.out
Waiting on completed jobs
Evaluation 225 has completed
Initiating evaluation 227
nonblocking fork: python3 driver.py params.in results.out
Waiting on completed jobs
Evaluation 226 has completed
Initiating evaluation 228
nonblocking fork: python3 driver.py params.in results.out
Waiting on completed jobs
Evaluation 227 has completed
Initiating evaluation 229
nonblocking fork: python3 driver.py params.in results.out
Waiting on completed jobs
Evaluation 228 has completed
Initiating evaluation 230
nonblocking fork: python3 driver.py params.in results.out
Waiting on completed jobs
Evaluation 230 has completed
Initiating evaluation 231
nonblocking fork: python3 driver.py params.in results.out
Waiting on completed jobs
Evaluation 229 has completed
Initiating evaluation 232
nonblocking fork: python3 driver.py params.in results.out
Waiting on completed jobs
Evaluation 231 has completed
Initiating evaluation 233
nonblocking fork: python3 driver.py params.in results.out
Waiting on completed jobs
Evaluation 232 has completed
Initiating evaluation 234
nonblocking fork: python3 driver.py params.in results.out
Waiting on completed jobs
Evaluation 233 has completed
Initiating evaluation 235
nonblocking fork: python3 driver.py params.in results.out
Waiting on completed jobs
Evaluation 234 has completed
Initiating evaluation 236
nonblocking fork: python3 driver.py params.in results.out
Waiting on completed jobs
Evaluation 236 has completed
Initiating evaluation 237
nonblocking fork: python3 driver.py params.in results.out
Waiting on completed jobs
Evaluation 235 has completed
Initiating evaluation 238
nonblocking fork: python3 driver.py params.in results.out
Waiting on completed jobs
Evaluation 237 has completed
Initiating evaluation 239
nonblocking fork: python3 driver.py params.in results.out
Waiting on completed jobs
Evaluation 238 has completed
Initiating evaluation 240
nonblocking fork: python3 driver.py params.in results.out
Waiting on completed jobs
Evaluation 240 has completed
Initiating evaluation 241
nonblocking fork: python3 driver.py params.in results.out
Waiting on completed jobs
Evaluation 239 has completed
Initiating evaluation 242
nonblocking fork: python3 driver.py params.in results.out
Waiting on completed jobs
Evaluation 241 has completed
Initiating evaluation 243
nonblocking fork: python3 driver.py params.in results.out
Waiting on completed jobs
Evaluation 242 has completed
Initiating evaluation 244
nonblocking fork: python3 driver.py params.in results.out
Waiting on completed jobs
Evaluation 243 has completed
Initiating evaluation 245
nonblocking fork: python3 driver.py params.in results.out
Waiting on completed jobs
Evaluation 244 has completed
Initiating evaluation 246
nonblocking fork: python3 driver.py params.in results.out
Waiting on completed jobs
Evaluation 245 has completed
Initiating evaluation 247
nonblocking fork: python3 driver.py params.in results.out
Waiting on completed jobs
Evaluation 246 has completed
Initiating evaluation 248
nonblocking fork: python3 driver.py params.in results.out
Waiting on completed jobs
Evaluation 248 has completed
Initiating evaluation 249
nonblocking fork: python3 driver.py params.in results.out
Waiting on completed jobs
Evaluation 247 has completed
Initiating evaluation 250
nonblocking fork: python3 driver.py params.in results.out
Waiting on completed jobs
Evaluation 250 has completed
Initiating evaluation 251
nonblocking fork: python3 driver.py params.in results.out
Waiting on completed jobs
Evaluation 249 has completed
Initiating evaluation 252
nonblocking fork: python3 driver.py params.in results.out
Waiting on completed jobs
Evaluation 251 has completed
Initiating evaluation 253
nonblocking fork: python3 driver.py params.in results.out
Waiting on completed jobs
Evaluation 252 has completed
Initiating evaluation 254
nonblocking fork: python3 driver.py params.in results.out
Waiting on completed jobs
Evaluation 253 has completed
Initiating evaluation 255
nonblocking fork: python3 driver.py params.in results.out
Waiting on completed jobs
Evaluation 254 has completed
Initiating evaluation 256
nonblocking fork: python3 driver.py params.in results.out
Waiting on completed jobs
Evaluation 255 has completed
Initiating evaluation 257
nonblocking fork: python3 driver.py params.in results.out
Waiting on completed jobs
Evaluation 256 has completed
Initiating evaluation 258
nonblocking fork: python3 driver.py params.in results.out
Waiting on completed jobs
Evaluation 257 has completed
Initiating evaluation 259
nonblocking fork: python3 driver.py params.in results.out
Waiting on completed jobs
Evaluation 259 has completed
Initiating evaluation 260
nonblocking fork: python3 driver.py params.in results.out
Waiting on completed jobs
Evaluation 258 has completed
Initiating evaluation 261
nonblocking fork: python3 driver.py params.in results.out
Waiting on completed jobs
Evaluation 261 has completed
Initiating evaluation 262
nonblocking fork: python3 driver.py params.in results.out
Waiting on completed jobs
Evaluation 260 has completed
Initiating evaluation 263
nonblocking fork: python3 driver.py params.in results.out
Waiting on completed jobs
Evaluation 263 has completed
Initiating evaluation 264
nonblocking fork: python3 driver.py params.in results.out
Waiting on completed jobs
Evaluation 262 has completed
Initiating evaluation 265
nonblocking fork: python3 driver.py params.in results.out
Waiting on completed jobs
Evaluation 264 has completed
Initiating evaluation 266
nonblocking fork: python3 driver.py params.in results.out
Waiting on completed jobs
Evaluation 265 has completed
Initiating evaluation 267
nonblocking fork: python3 driver.py params.in results.out
Waiting on completed jobs
Evaluation 267 has completed
Initiating evaluation 268
nonblocking fork: python3 driver.py params.in results.out
Waiting on completed jobs
Evaluation 266 has completed
Initiating evaluation 269
nonblocking fork: python3 driver.py params.in results.out
Waiting on completed jobs
Evaluation 268 has completed
Initiating evaluation 270
nonblocking fork: python3 driver.py params.in results.out
Waiting on completed jobs
Evaluation 269 has completed
Initiating evaluation 271
nonblocking fork: python3 driver.py params.in results.out
Waiting on completed jobs
Evaluation 270 has completed
Initiating evaluation 272
nonblocking fork: python3 driver.py params.in results.out
Waiting on completed jobs
Evaluation 271 has completed
Initiating evaluation 273
nonblocking fork: python3 driver.py params.in results.out
Waiting on completed jobs
Evaluation 272 has completed
Initiating evaluation 274
nonblocking fork: python3 driver.py params.in results.out
Waiting on completed jobs
Evaluation 273 has completed
Initiating evaluation 275
nonblocking fork: python3 driver.py params.in results.out
Waiting on completed jobs
Evaluation 274 has completed
Initiating evaluation 276
nonblocking fork: python3 driver.py params.in results.out
Waiting on completed jobs
Evaluation 275 has completed
Initiating evaluation 277
nonblocking fork: python3 driver.py params.in results.out
Waiting on completed jobs
Evaluation 276 has completed
Initiating evaluation 278
nonblocking fork: python3 driver.py params.in results.out
Waiting on completed jobs
Evaluation 277 has completed
Initiating evaluation 279
nonblocking fork: python3 driver.py params.in results.out
Waiting on completed jobs
Evaluation 278 has completed
Initiating evaluation 280
nonblocking fork: python3 driver.py params.in results.out
Waiting on completed jobs
Evaluation 279 has completed
Waiting on completed jobs
Evaluation 280 has completed

Active response data for evaluation 1:
Active set vector = { 1 1 1 1 1 1 1 1 1 }
                      5.6087800000e+00 flow_2.4
                      3.6438400000e+00 density_2.4
                      4.2337000000e-01 speed_2.4
                      8.1300800000e+00 flow_3.6
                      3.2326100000e+00 density_3.6
                      5.8613000000e-01 speed_3.6
                      1.0714290000e+01 flow_5.0
                      3.0307900000e+00 density_5.0
                      6.2636000000e-01 speed_5.0


Active response data for evaluation 2:
Active set vector = { 1 1 1 1 1 1 1 1 1 }
                      7.1138200000e+00 flow_2.4
                      4.4618400000e+00 density_2.4
                      4.5093000000e-01 speed_2.4
                      1.0904870000e+01 flow_3.6
                      3.7024600000e+00 density_3.6
                      6.8949000000e-01 speed_3.6
                      1.5346530000e+01 flow_5.0
                      3.2542300000e+00 density_5.0
                      9.2282000000e-01 speed_5.0


Active response data for evaluation 3:
Active set vector = { 1 1 1 1 1 1 1 1 1 }
                      3.0704700000e+00 flow_2.4
                      2.7342700000e+00 density_2.4
                      3.2783000000e-01 speed_2.4
                      4.7473700000e+00 flow_3.6
                      2.2573700000e+00 density_3.6
                      4.9307000000e-01 speed_3.6
                      6.3961500000e+00 flow_5.0
                      1.9883200000e+00 density_5.0
                      5.8733000000e-01 speed_5.0


Active response data for evaluation 4:
Active set vector = { 1 1 1 1 1 1 1 1 1 }
                      3.5353500000e+00 flow_2.4
                      2.6884400000e+00 density_2.4
                      2.9808000000e-01 speed_2.4
                      3.9852000000e+00 flow_3.6
                      1.0824000000e+00 density_3.6
                      3.3095000000e-01 speed_3.6
                      4.3090200000e+00 flow_5.0
                      8.0143000000e-01 density_5.0
                      1.5493000000e-01 speed_5.0


Active response data for evaluation 5:
Active set vector = { 1 1 1 1 1 1 1 1 1 }
                      7.1684600000e+00 flow_2.4
                      4.6371100000e+00 density_2.4
                      4.2817000000e-01 speed_2.4
                      1.1191050000e+01 flow_3.6
                      3.8239100000e+00 density_3.6
                      6.9268000000e-01 speed_3.6
                      1.4862000000e+01 flow_5.0
                      3.3707500000e+00 density_5.0
                      8.0499000000e-01 speed_5.0


Active response data for evaluation 6:
Active set vector = { 1 1 1 1 1 1 1 1 1 }
                      7.6004300000e+00 flow_2.4
                      3.1332800000e+00 density_2.4
                      6.5675000000e-01 speed_2.4
                      1.1124400000e+01 flow_3.6
                      2.8575700000e+00 density_3.6
                      8.5274000000e-01 speed_3.6
                      1.4802980000e+01 flow_5.0
                      2.7041600000e+00 density_5.0
                      9.2776000000e-01 speed_5.0


Active response data for evaluation 7:
Active set vector = { 1 1 1 1 1 1 1 1 1 }
                      4.1407900000e+00 flow_2.4
                      4.6263900000e+00 density_2.4
                      2.5289000000e-01 speed_2.4
                      5.7755800000e+00 flow_3.6
                      3.8082700000e+00 density_3.6
                      3.6482000000e-01 speed_3.6
                      8.0161500000e+00 flow_5.0
                      3.3438200000e+00 density_5.0
                      4.4126000000e-01 speed_5.0


Active response data for evaluation 8:
Active set vector = { 1 1 1 1 1 1 1 1 1 }
                      3.0205000000e+00 flow_2.4
                      3.0897700000e+00 density_2.4
                      2.7752000000e-01 speed_2.4
                      4.5841500000e+00 flow_3.6
                      2.4884300000e+00 density_3.6
                      4.3255000000e-01 speed_3.6
                      6.1403500000e+00 flow_5.0
                      2.3885400000e+00 density_5.0
                      4.7508000000e-01 speed_5.0


Active response data for evaluation 9:
Active set vector = { 1 1 1 1 1 1 1 1 1 }
                      4.5841500000e+00 flow_2.4
                      3.1785400000e+00 density_2.4
                      5.0941000000e-01 speed_2.4
                      6.8685400000e+00 flow_3.6
                      3.1181500000e+00 density_3.6
                      6.5864000000e-01 speed_3.6
                      1.0159070000e+01 flow_5.0
                      3.0078800000e+00 density_5.0
                      7.5856000000e-01 speed_5.0


Active response data for evaluation 10:
Active set vector = { 1 1 1 1 1 1 1 1 1 }
                      2.6804500000e+00 flow_2.4
                      2.2323500000e+00 density_2.4
                      3.5277000000e-01 speed_2.4
                      4.3654500000e+00 flow_3.6
                      1.8756700000e+00 density_3.6
                      5.8323000000e-01 speed_3.6
                      6.1184200000e+00 flow_5.0
                      1.6895100000e+00 density_5.0
                      6.9825000000e-01 speed_5.0


Active response data for evaluation 11:
Active set vector = { 1 1 1 1 1 1 1 1 1 }
                      4.9238400000e+00 flow_2.4
                      4.2553800000e+00 density_2.4
                      3.2809000000e-01 speed_2.4
                      5.2295000000e+00 flow_3.6
                      2.5640200000e+00 density_3.6
                      4.1580000000e-01 speed_3.6
                      6.1484400000e+00 flow_5.0
                      2.1019700000e+00 density_5.0
                      3.6602000000e-01 speed_5.0


Active response data for evaluation 12:
Active set vector = { 1 1 1 1 1 1 1 1 1 }
                      6.6857700000e+00 flow_2.4
                      6.1043800000e+00 density_2.4
                      3.1109000000e-01 speed_2.4
                      9.8245600000e+00 flow_3.6
                      5.0322600000e+00 density_3.6
                      4.5692000000e-01 speed_3.6
                      1.3108610000e+01 flow_5.0
                      3.7164900000e+00 density_5.0
                      5.9415000000e-01 speed_5.0


Active response data for evaluation 13:
Active set vector = { 1 1 1 1 1 1 1 1 1 }
                      7.8727000000e+00 flow_2.4
                      3.6201000000e+00 density_2.4
                      6.2229000000e-01 speed_2.4
                      1.2334220000e+01 flow_3.6
                      3.2799500000e+00 density_3.6
                      9.0392000000e-01 speed_3.6
                      1.7353310000e+01 flow_5.0
                      2.9970700000e+00 density_5.0
                      1.0882400000e+00 speed_5.0


Active response data for evaluation 14:
Active set vector = { 1 1 1 1 1 1 1 1 1 }
                      8.0589300000e+00 flow_2.4
                      5.4825800000e+00 density_2.4
                      4.0534000000e-01 speed_2.4
                      1.1784510000e+01 flow_3.6
                      4.7283200000e+00 density_3.6
                      5.4429000000e-01 speed_3.6
                      1.5611110000e+01 flow_5.0
                      4.0656100000e+00 density_5.0
                      6.5142000000e-01 speed_5.0


Active response data for evaluation 15:
Active set vector = { 1 1 1 1 1 1 1 1 1 }
                      4.5751600000e+00 flow_2.4
                      3.1544700000e+00 density_2.4
                      4.0971000000e-01 speed_2.4
                      6.8829900000e+00 flow_3.6
                      2.6961900000e+00 density_3.6
                      6.2351000000e-01 speed_3.6
                      1.0315710000e+01 flow_5.0
                      2.3328100000e+00 density_5.0
                      8.8209000000e-01 speed_5.0


Active response data for evaluation 16:
Active set vector = { 1 1 1 1 1 1 1 1 1 }
                      6.2249000000e+00 flow_2.4
                      5.0742500000e+00 density_2.4
                      3.5523000000e-01 speed_2.4
                      9.9080000000e+00 flow_3.6
                      4.2773900000e+00 density_3.6
                      5.6975000000e-01 speed_3.6
                      1.4014010000e+01 flow_5.0
                      3.7505300000e+00 density_5.0
                      7.4425000000e-01 speed_5.0


Active response data for evaluation 17:
Active set vector = { 1 1 1 1 1 1 1 1 1 }
                      4.0160600000e+00 flow_2.4
                      2.0957200000e+00 density_2.4
                      5.6756000000e-01 speed_2.4
                      6.0745600000e+00 flow_3.6
                      1.8624500000e+00 density_3.6
                      8.3914000000e-01 speed_3.6
                      8.3932900000e+00 flow_5.0
                      1.7270500000e+00 density_5.0
                      9.4545000000e-01 speed_5.0


Active response data for evaluation 18:
Active set vector = { 1 1 1 1 1 1 1 1 1 }
                      3.3096900000e+00 flow_2.4
                      3.3964000000e+00 density_2.4
                      2.7844000000e-01 speed_2.4
                      4.5293400000e+00 flow_3.6
                      2.4711900000e+00 density_3.6
                      4.6595000000e-01 speed_3.6
                      5.0287400000e+00 flow_5.0
                      2.0527100000e+00 density_5.0
                      4.0336000000e-01 speed_5.0


Active response data for evaluation 19:
Active set vector = { 1 1 1 1 1 1 1 1 1 }
                      3.9988600000e+00 flow_2.4
                      2.3110300000e+00 density_2.4
                      4.8044000000e-01 speed_2.4
                      4.5045000000e+00 flow_3.6
                      1.5007200000e+00 density_3.6
                      6.4838000000e-01 speed_3.6
                      4.7964100000e+00 flow_5.0
                      1.2221200000e+00 density_5.0
                      4.5294000000e-01 speed_5.0


Active response data for evaluation 20:
Active set vector = { 1 1 1 1 1 1 1 1 1 }
                      2.7242700000e+00 flow_2.4
                      2.3303900000e+00 density_2.4
                      3.2818000000e-01 speed_2.4
                      4.2852800000e+00 flow_3.6
                      1.8822100000e+00 density_3.6
                      5.2134000000e-01 speed_3.6
                      5.7916700000e+00 flow_5.0
                      1.6700100000e+00 density_5.0
                      6.0811000000e-01 speed_5.0


Active response data for evaluation 21:
Active set vector = { 1 1 1 1 1 1 1 1 1 }
                      6.0352200000e+00 flow_2.4
                      2.8821900000e+00 density_2.4
                      6.2948000000e-01 speed_2.4
                      9.2592600000e+00 flow_3.6
                      2.5901700000e+00 density_3.6
                      9.1414000000e-01 speed_3.6
                      1.3556850000e+01 flow_5.0
                      2.3806100000e+00 density_5.0
                      1.1971700000e+00 speed_5.0


Active response data for evaluation 22:
Active set vector = { 1 1 1 1 1 1 1 1 1 }
                      9.5723000000e+00 flow_2.4
                      4.9891100000e+00 density_2.4
                      5.2068000000e-01 speed_2.4
                      1.4235060000e+01 flow_3.6
                      4.4816000000e+00 density_3.6
                      7.1882000000e-01 speed_3.6
                      1.9871790000e+01 flow_5.0
                      4.0501500000e+00 density_5.0
                      8.5444000000e-01 speed_5.0


Active response data for evaluation 23:
Active set vector = { 1 1 1 1 1 1 1 1 1 }
                      4.9071200000e+00 flow_2.4
                      2.7622300000e+00 density_2.4
                      5.4267000000e-01 speed_2.4
                      7.4310000000e+00 flow_3.6
                      2.5218600000e+00 density_3.6
                      7.2733000000e-01 speed_3.6
                      1.0407410000e+01 flow_5.0
                      2.4037900000e+00 density_5.0
                      8.0091000000e-01 speed_5.0


Active response data for evaluation 24:
Active set vector = { 1 1 1 1 1 1 1 1 1 }
                      5.7125300000e+00 flow_2.4
                      2.7695000000e+00 density_2.4
                      6.1101000000e-01 speed_2.4
                      8.8719900000e+00 flow_3.6
                      2.5382900000e+00 density_3.6
                      8.5778000000e-01 speed_3.6
                      1.2500000000e+01 flow_5.0
                      2.3253000000e+00 density_5.0
                      1.0514500000e+00 speed_5.0


Active response data for evaluation 25:
Active set vector = { 1 1 1 1 1 1 1 1 1 }
                      3.3670000000e+00 flow_2.4
                      3.3879600000e+00 density_2.4
                      2.7989000000e-01 speed_2.4
                      5.1113500000e+00 flow_3.6
                      2.9290400000e+00 density_3.6
                      4.1534000000e-01 speed_3.6
                      7.2916700000e+00 flow_5.0
                      2.5351000000e+00 density_5.0
                      5.4470000000e-01 speed_5.0


Active response data for evaluation 26:
Active set vector = { 1 1 1 1 1 1 1 1 1 }
                      3.1789300000e+00 flow_2.4
                      3.0780200000e+00 density_2.4
                      2.9149000000e-01 speed_2.4
                      4.1261400000e+00 flow_3.6
                      2.2278800000e+00 density_3.6
                      4.3658000000e-01 speed_3.6
                      4.5395600000e+00 flow_5.0
                      2.1045100000e+00 density_5.0
                      3.8138000000e-01 speed_5.0


Active response data for evaluation 27:
Active set vector = { 1 1 1 1 1 1 1 1 1 }
                      5.1794300000e+00 flow_2.4
                      3.9103600000e+00 density_2.4
                      3.9044000000e-01 speed_2.4
                      8.2595900000e+00 flow_3.6
                      3.1199500000e+00 density_3.6
                      6.3422000000e-01 speed_3.6
                      1.0619800000e+01 flow_5.0
                      2.8737100000e+00 density_5.0
                      6.7026000000e-01 speed_5.0


Active response data for evaluation 28:
Active set vector = { 1 1 1 1 1 1 1 1 1 }
                      2.4968800000e+00 flow_2.4
                      2.2480900000e+00 density_2.4
                      3.3561000000e-01 speed_2.4
                      3.8064200000e+00 flow_3.6
                      1.9533700000e+00 density_3.6
                      4.9229000000e-01 speed_3.6
                      5.5754700000e+00 flow_5.0
                      1.7537500000e+00 density_5.0
                      6.6848000000e-01 speed_5.0


Active response data for evaluation 29:
Active set vector = { 1 1 1 1 1 1 1 1 1 }
                      2.5103100000e+00 flow_2.4
                      3.0287100000e+00 density_2.4
                      2.3608000000e-01 speed_2.4
                      3.6401500000e+00 flow_3.6
                      2.1538500000e+00 density_3.6
                      4.2313000000e-01 speed_3.6
                      3.8408800000e+00 flow_5.0
                      1.8782300000e+00 density_5.0
                      3.6241000000e-01 speed_5.0


Active response data for evaluation 30:
Active set vector = { 1 1 1 1 1 1 1 1 1 }
                      2.8368800000e+00 flow_2.4
                      2.6732600000e+00 density_2.4
                      3.0112000000e-01 speed_2.4
                      3.7200000000e+00 flow_3.6
                      1.5517600000e+00 density_3.6
                      5.2559000000e-01 speed_3.6
                      3.8040500000e+00 flow_5.0
                      1.6537300000e+00 density_5.0
                      3.4408000000e-01 speed_5.0


Active response data for evaluation 31:
Active set vector = { 1 1 1 1 1 1 1 1 1 }
                      5.9249800000e+00 flow_2.4
                      3.7112300000e+00 density_2.4
                      4.4153000000e-01 speed_2.4
                      9.2592600000e+00 flow_3.6
                      3.3401700000e+00 density_3.6
                      6.5086000000e-01 speed_3.6
                      1.2433160000e+01 flow_5.0
                      3.1000000000e+00 density_5.0
                      7.4254000000e-01 speed_5.0


Active response data for evaluation 32:
Active set vector = { 1 1 1 1 1 1 1 1 1 }
                      3.4820300000e+00 flow_2.4
                      2.6146300000e+00 density_2.4
                      3.6942000000e-01 speed_2.4
                      5.5688100000e+00 flow_3.6
                      2.0624000000e+00 density_3.6
                      6.2884000000e-01 speed_3.6
                      6.9257600000e+00 flow_5.0
                      1.9397700000e+00 density_5.0
                      7.1664000000e-01 speed_5.0


Active response data for evaluation 33:
Active set vector = { 1 1 1 1 1 1 1 1 1 }
                      1.6666670000e+01 flow_2.4
                      8.0369900000e+00 density_2.4
                      6.1016000000e-01 speed_2.4
                      2.4258290000e+01 flow_3.6
                      5.1199800000e+00 density_3.6
                      1.0144000000e+00 speed_3.6
                      3.0592110000e+01 flow_5.0
                      3.7966900000e+00 density_5.0
                      1.0791000000e+00 speed_5.0


Active response data for evaluation 34:
Active set vector = { 1 1 1 1 1 1 1 1 1 }
                      5.2552600000e+00 flow_2.4
                      4.9116200000e+00 density_2.4
                      2.9185000000e-01 speed_2.4
                      7.5026800000e+00 flow_3.6
                      4.1501400000e+00 density_3.6
                      4.0253000000e-01 speed_3.6
                      9.7484300000e+00 flow_5.0
                      3.5654500000e+00 density_5.0
                      4.7849000000e-01 speed_5.0


Active response data for evaluation 35:
Active set vector = { 1 1 1 1 1 1 1 1 1 }
                      4.6995600000e+00 flow_2.4
                      3.0380500000e+00 density_2.4
                      4.2219000000e-01 speed_2.4
                      6.9238400000e+00 flow_3.6
                      2.6222200000e+00 density_3.6
                      5.8141000000e-01 speed_3.6
                      9.0264300000e+00 flow_5.0
                      2.5003400000e+00 density_5.0
                      6.2288000000e-01 speed_5.0


Active response data for evaluation 36:
Active set vector = { 1 1 1 1 1 1 1 1 1 }
                      5.9462900000e+00 flow_2.4
                      3.1061900000e+00 density_2.4
                      5.4093000000e-01 speed_2.4
                      8.9916500000e+00 flow_3.6
                      2.7390100000e+00 density_3.6
                      8.1349000000e-01 speed_3.6
                      1.3035380000e+01 flow_5.0
                      2.3841000000e+00 density_5.0
                      1.0867000000e+00 speed_5.0


Active response data for evaluation 37:
Active set vector = { 1 1 1 1 1 1 1 1 1 }
                      1.7617240000e+01 flow_2.4
                      7.5574900000e+00 density_2.4
                      6.6446000000e-01 speed_2.4
                      2.8353660000e+01 flow_3.6
                      5.9686100000e+00 density_3.6
                      1.1017100000e+00 speed_3.6
                      3.8705230000e+01 flow_5.0
                      5.1127000000e+00 density_5.0
                      1.3072100000e+00 speed_5.0


Active response data for evaluation 38:
Active set vector = { 1 1 1 1 1 1 1 1 1 }
                      1.2988830000e+01 flow_2.4
                      6.9294700000e+00 density_2.4
                      5.3245000000e-01 speed_2.4
                      1.9444440000e+01 flow_3.6
                      5.4779200000e+00 density_3.6
                      8.2520000000e-01 speed_3.6
                      2.5181160000e+01 flow_5.0
                      4.0444000000e+00 density_5.0
                      9.9498000000e-01 speed_5.0


Active response data for evaluation 39:
Active set vector = { 1 1 1 1 1 1 1 1 1 }
                      4.7377300000e+00 flow_2.4
                      5.1269600000e+00 density_2.4
                      2.5407000000e-01 speed_2.4
                      6.7289300000e+00 flow_3.6
                      4.4450700000e+00 density_3.6
                      3.3801000000e-01 speed_3.6
                      8.8235300000e+00 flow_5.0
                      3.9610400000e+00 density_5.0
                      3.8437000000e-01 speed_5.0


Active response data for evaluation 40:
Active set vector = { 1 1 1 1 1 1 1 1 1 }
                      4.5263500000e+00 flow_2.4
                      4.3063100000e+00 density_2.4
                      2.9419000000e-01 speed_2.4
                      7.1246800000e+00 flow_3.6
                      3.4459400000e+00 density_3.6
                      4.9777000000e-01 speed_3.6
                      9.9857900000e+00 flow_5.0
                      2.9050200000e+00 density_5.0
                      6.6956000000e-01 speed_5.0


Active response data for evaluation 41:
Active set vector = { 1 1 1 1 1 1 1 1 1 }
                      4.5931800000e+00 flow_2.4
                      2.5022800000e+00 density_2.4
                      5.2652000000e-01 speed_2.4
                      7.0175400000e+00 flow_3.6
                      2.1399100000e+00 density_3.6
                      8.1030000000e-01 speed_3.6
                      9.9283200000e+00 flow_5.0
                      1.9229000000e+00 density_5.0
                      1.0615200000e+00 speed_5.0


Active response data for evaluation 42:
Active set vector = { 1 1 1 1 1 1 1 1 1 }
                      3.3285600000e+00 flow_2.4
                      2.9986700000e+00 density_2.4
                      3.0584000000e-01 speed_2.4
                      4.8968200000e+00 flow_3.6
                      2.4000400000e+00 density_3.6
                      4.8623000000e-01 speed_3.6
                      6.6571600000e+00 flow_5.0
                      2.1456600000e+00 density_5.0
                      5.6535000000e-01 speed_5.0


Active response data for evaluation 43:
Active set vector = { 1 1 1 1 1 1 1 1 1 }
                      3.0362200000e+00 flow_2.4
                      3.6217000000e+00 density_2.4
                      2.4031000000e-01 speed_2.4
                      4.1517300000e+00 flow_3.6
                      3.0604900000e+00 density_3.6
                      3.3098000000e-01 speed_3.6
                      5.5754700000e+00 flow_5.0
                      2.6747400000e+00 density_5.0
                      3.8561000000e-01 speed_5.0


Active response data for evaluation 44:
Active set vector = { 1 1 1 1 1 1 1 1 1 }
                      8.1314900000e+00 flow_2.4
                      3.8076700000e+00 density_2.4
                      5.8727000000e-01 speed_2.4
                      1.2952650000e+01 flow_3.6
                      3.2921600000e+00 density_3.6
                      9.6936000000e-01 speed_3.6
                      1.7543860000e+01 flow_5.0
                      2.9889000000e+00 density_5.0
                      1.1123500000e+00 speed_5.0


Active response data for evaluation 45:
Active set vector = { 1 1 1 1 1 1 1 1 1 }
                      6.5727700000e+00 flow_2.4
                      2.8330300000e+00 density_2.4
                      6.5900000000e-01 speed_2.4
                      9.7629000000e+00 flow_3.6
                      2.5823900000e+00 density_3.6
                      8.8688000000e-01 speed_3.6
                      1.3757400000e+01 flow_5.0
                      2.3862200000e+00 density_5.0
                      1.1082000000e+00 speed_5.0


Active response data for evaluation 46:
Active set vector = { 1 1 1 1 1 1 1 1 1 }
                      3.1985400000e+00 flow_2.4
                      2.4866700000e+00 density_2.4
                      3.7915000000e-01 speed_2.4
                      5.0125300000e+00 flow_3.6
                      2.0951500000e+00 density_3.6
                      6.0122000000e-01 speed_3.6
                      7.1067300000e+00 flow_5.0
                      1.8365800000e+00 density_5.0
                      7.7791000000e-01 speed_5.0


Active response data for evaluation 47:
Active set vector = { 1 1 1 1 1 1 1 1 1 }
                      3.6344800000e+00 flow_2.4
                      5.2252600000e+00 density_2.4
                      1.9151000000e-01 speed_2.4
                      5.1451700000e+00 flow_3.6
                      4.1189400000e+00 density_3.6
                      2.8776000000e-01 speed_3.6
                      6.6236300000e+00 flow_5.0
                      3.4074400000e+00 density_5.0
                      3.6881000000e-01 speed_5.0


Active response data for evaluation 48:
Active set vector = { 1 1 1 1 1 1 1 1 1 }
                      7.1029900000e+00 flow_2.4
                      3.9893600000e+00 density_2.4
                      5.1104000000e-01 speed_2.4
                      8.8719900000e+00 flow_3.6
                      3.2471500000e+00 density_3.6
                      6.4900000000e-01 speed_3.6
                      9.7894700000e+00 flow_5.0
                      2.4230900000e+00 density_5.0
                      6.1464000000e-01 speed_5.0


Active response data for evaluation 49:
Active set vector = { 1 1 1 1 1 1 1 1 1 }
                      3.8033100000e+00 flow_2.4
                      2.8146800000e+00 density_2.4
                      4.1428000000e-01 speed_2.4
                      5.8700200000e+00 flow_3.6
                      2.5522700000e+00 density_3.6
                      5.7010000000e-01 speed_3.6
                      8.3333300000e+00 flow_5.0
                      2.4108700000e+00 density_5.0
                      6.9963000000e-01 speed_5.0


Active response data for evaluation 50:
Active set vector = { 1 1 1 1 1 1 1 1 1 }
                      1.0101010000e+01 flow_2.4
                      5.6120800000e+00 density_2.4
                      5.0712000000e-01 speed_2.4
                      1.5350880000e+01 flow_3.6
                      4.7248200000e+00 density_3.6
                      7.6202000000e-01 speed_3.6
                      2.0777280000e+01 flow_5.0
                      4.2243300000e+00 density_5.0
                      8.8318000000e-01 speed_5.0


Active response data for evaluation 51:
Active set vector = { 1 1 1 1 1 1 1 1 1 }
                      4.0195200000e+00 flow_2.4
                      3.0346400000e+00 density_2.4
                      3.7338000000e-01 speed_2.4
                      5.8676700000e+00 flow_3.6
                      2.5080200000e+00 density_3.6
                      5.7303000000e-01 speed_3.6
                      7.4252100000e+00 flow_5.0
                      2.1722900000e+00 density_5.0
                      6.7168000000e-01 speed_5.0


Active response data for evaluation 52:
Active set vector = { 1 1 1 1 1 1 1 1 1 }
                      2.5542100000e+00 flow_2.4
                      2.7127100000e+00 density_2.4
                      2.8031000000e-01 speed_2.4
                      3.2862200000e+00 flow_3.6
                      1.4490000000e+00 density_3.6
                      4.9705000000e-01 speed_3.6
                      3.3429200000e+00 flow_5.0
                      1.3426200000e+00 density_5.0
                      3.0214000000e-01 speed_5.0


Active response data for evaluation 53:
Active set vector = { 1 1 1 1 1 1 1 1 1 }
                      4.6760200000e+00 flow_2.4
                      2.5268100000e+00 density_2.4
                      5.6754000000e-01 speed_2.4
                      7.2683700000e+00 flow_3.6
                      2.1721900000e+00 density_3.6
                      8.2716000000e-01 speed_3.6
                      1.0482650000e+01 flow_5.0
                      1.9638800000e+00 density_5.0
                      1.0378000000e+00 speed_5.0


Active response data for evaluation 54:
Active set vector = { 1 1 1 1 1 1 1 1 1 }
                      5.7049700000e+00 flow_2.4
                      2.6613500000e+00 density_2.4
                      5.7462000000e-01 speed_2.4
                      8.3036800000e+00 flow_3.6
                      2.4235600000e+00 density_3.6
                      7.6310000000e-01 speed_3.6
                      1.1191050000e+01 flow_5.0
                      2.2731500000e+00 density_5.0
                      8.4888000000e-01 speed_5.0


Active response data for evaluation 55:
Active set vector = { 1 1 1 1 1 1 1 1 1 }
                      9.5238100000e+00 flow_2.4
                      4.2184300000e+00 density_2.4
                      6.4616000000e-01 speed_2.4
                      1.3247860000e+01 flow_3.6
                      3.5176500000e+00 density_3.6
                      8.9416000000e-01 speed_3.6
                      1.7092460000e+01 flow_5.0
                      2.7285700000e+00 density_5.0
                      1.0354100000e+00 speed_5.0


Active response data for evaluation 56:
Active set vector = { 1 1 1 1 1 1 1 1 1 }
                      5.4644800000e+00 flow_2.4
                      4.6601900000e+00 density_2.4
                      3.1472000000e-01 speed_2.4
                      7.7777800000e+00 flow_3.6
                      4.0001800000e+00 density_3.6
                      4.2040000000e-01 speed_3.6
                      1.0356350000e+01 flow_5.0
                      3.4960300000e+00 density_5.0
                      4.8608000000e-01 speed_5.0


Active response data for evaluation 57:
Active set vector = { 1 1 1 1 1 1 1 1 1 }
                      2.5225200000e+00 flow_2.4
                      2.3702400000e+00 density_2.4
                      3.0115000000e-01 speed_2.4
                      3.9314800000e+00 flow_3.6
                      1.8889800000e+00 density_3.6
                      4.8649000000e-01 speed_3.6
                      5.3394400000e+00 flow_5.0
                      1.6804100000e+00 density_5.0
                      5.8693000000e-01 speed_5.0


Active response data for evaluation 58:
Active set vector = { 1 1 1 1 1 1 1 1 1 }
                      4.0828200000e+00 flow_2.4
                      4.7028000000e+00 density_2.4
                      2.4039000000e-01 speed_2.4
                      6.1082000000e+00 flow_3.6
                      3.5151700000e+00 density_3.6
                      4.2097000000e-01 speed_3.6
                      7.4547400000e+00 flow_5.0
                      3.1143200000e+00 density_5.0
                      4.5905000000e-01 speed_5.0


Active response data for evaluation 59:
Active set vector = { 1 1 1 1 1 1 1 1 1 }
                      4.6666700000e+00 flow_2.4
                      2.2470400000e+00 density_2.4
                      6.3294000000e-01 speed_2.4
                      6.9403000000e+00 flow_3.6
                      2.0571600000e+00 density_3.6
                      8.2571000000e-01 speed_3.6
                      9.4603800000e+00 flow_5.0
                      1.9588100000e+00 density_5.0
                      8.9007000000e-01 speed_5.0


Active response data for evaluation 60:
Active set vector = { 1 1 1 1 1 1 1 1 1 }
                      4.2116300000e+00 flow_2.4
                      4.0404000000e+00 density_2.4
                      2.9303000000e-01 speed_2.4
                      6.4367800000e+00 flow_3.6
                      3.3982700000e+00 density_3.6
                      4.3147000000e-01 speed_3.6
                      8.2446800000e+00 flow_5.0
                      2.9794600000e+00 density_5.0
                      5.3575000000e-01 speed_5.0


Active response data for evaluation 61:
Active set vector = { 1 1 1 1 1 1 1 1 1 }
                      3.1622800000e+00 flow_2.4
                      2.4492700000e+00 density_2.4
                      3.6931000000e-01 speed_2.4
                      4.9982200000e+00 flow_3.6
                      1.9709500000e+00 density_3.6
                      6.1614000000e-01 speed_3.6
                      6.9610800000e+00 flow_5.0
                      1.7261900000e+00 density_5.0
                      8.1283000000e-01 speed_5.0


Active response data for evaluation 62:
Active set vector = { 1 1 1 1 1 1 1 1 1 }
                      5.6157200000e+00 flow_2.4
                      5.4062900000e+00 density_2.4
                      2.9443000000e-01 speed_2.4
                      8.2595900000e+00 flow_3.6
                      4.3910900000e+00 density_3.6
                      4.4485000000e-01 speed_3.6
                      1.1124500000e+01 flow_5.0
                      3.6800300000e+00 density_5.0
                      5.4694000000e-01 speed_5.0


Active response data for evaluation 63:
Active set vector = { 1 1 1 1 1 1 1 1 1 }
                      4.5205900000e+00 flow_2.4
                      6.9071200000e+00 density_2.4
                      1.7704000000e-01 speed_2.4
                      6.3257100000e+00 flow_3.6
                      5.4634700000e+00 density_3.6
                      2.6261000000e-01 speed_3.6
                      8.4084100000e+00 flow_5.0
                      4.4270300000e+00 density_5.0
                      3.2302000000e-01 speed_5.0


Active response data for evaluation 64:
Active set vector = { 1 1 1 1 1 1 1 1 1 }
                      4.5337200000e+00 flow_2.4
                      3.3973500000e+00 density_2.4
                      3.9509000000e-01 speed_2.4
                      7.5320500000e+00 flow_3.6
                      2.9882900000e+00 density_3.6
                      6.4033000000e-01 speed_3.6
                      1.0472970000e+01 flow_5.0
                      2.3443000000e+00 density_5.0
                      8.5563000000e-01 speed_5.0


Active response data for evaluation 65:
Active set vector = { 1 1 1 1 1 1 1 1 1 }
                      3.6344800000e+00 flow_2.4
                      3.4997200000e+00 density_2.4
                      2.9243000000e-01 speed_2.4
                      5.5289400000e+00 flow_3.6
                      2.9165200000e+00 density_3.6
                      4.5296000000e-01 speed_3.6
                      7.8037900000e+00 flow_5.0
                      2.6201400000e+00 density_5.0
                      5.2757000000e-01 speed_5.0


Active response data for evaluation 66:
Active set vector = { 1 1 1 1 1 1 1 1 1 }
                      6.1565500000e+00 flow_2.4
                      4.7692000000e+00 density_2.4
                      3.5328000000e-01 speed_2.4
                      8.8953100000e+00 flow_3.6
                      3.9763000000e+00 density_3.6
                      5.2358000000e-01 speed_3.6
                      1.1910880000e+01 flow_5.0
                      3.4500900000e+00 density_5.0
                      5.8883000000e-01 speed_5.0


Active response data for evaluation 67:
Active set vector = { 1 1 1 1 1 1 1 1 1 }
                      8.2159600000e+00 flow_2.4
                      4.7046800000e+00 density_2.4
                      5.0992000000e-01 speed_2.4
                      1.3098590000e+01 flow_3.6
                      4.1191800000e+00 density_3.6
                      7.7891000000e-01 speed_3.6
                      1.8650790000e+01 flow_5.0
                      3.7097700000e+00 density_5.0
                      1.0179700000e+00 speed_5.0


Active response data for evaluation 68:
Active set vector = { 1 1 1 1 1 1 1 1 1 }
                      6.5635300000e+00 flow_2.4
                      3.4783800000e+00 density_2.4
                      5.1460000000e-01 speed_2.4
                      9.8452900000e+00 flow_3.6
                      3.1195500000e+00 density_3.6
                      7.2418000000e-01 speed_3.6
                      1.3014980000e+01 flow_5.0
                      2.8801500000e+00 density_5.0
                      8.2356000000e-01 speed_5.0


Active response data for evaluation 69:
Active set vector = { 1 1 1 1 1 1 1 1 1 }
                      2.6681900000e+00 flow_2.4
                      2.0979600000e+00 density_2.4
                      3.6949000000e-01 speed_2.4
                      4.0299400000e+00 flow_3.6
                      1.8023500000e+00 density_3.6
                      5.3906000000e-01 speed_3.6
                      5.6224900000e+00 flow_5.0
                      1.6209000000e+00 density_5.0
                      6.5479000000e-01 speed_5.0


Active response data for evaluation 70:
Active set vector = { 1 1 1 1 1 1 1 1 1 }
                      7.0109800000e+00 flow_2.4
                      4.9175200000e+00 density_2.4
                      4.0209000000e-01 speed_2.4
                      1.0534240000e+01 flow_3.6
                      3.9728100000e+00 density_3.6
                      6.3377000000e-01 speed_3.6
                      1.3487480000e+01 flow_5.0
                      3.3511700000e+00 density_5.0
                      7.3661000000e-01 speed_5.0


Active response data for evaluation 71:
Active set vector = { 1 1 1 1 1 1 1 1 1 }
                      4.8611100000e+00 flow_2.4
                      3.2938200000e+00 density_2.4
                      4.1574000000e-01 speed_2.4
                      7.2576500000e+00 flow_3.6
                      2.8507700000e+00 density_3.6
                      6.0295000000e-01 speed_3.6
                      1.0270470000e+01 flow_5.0
                      2.5160200000e+00 density_5.0
                      7.6503000000e-01 speed_5.0


Active response data for evaluation 72:
Active set vector = { 1 1 1 1 1 1 1 1 1 }
                      2.9021600000e+00 flow_2.4
                      3.1705600000e+00 density_2.4
                      2.5336000000e-01 speed_2.4
                      4.1079800000e+00 flow_3.6
                      2.6044400000e+00 density_3.6
                      3.6615000000e-01 speed_3.6
                      5.4012300000e+00 flow_5.0
                      2.2989300000e+00 density_5.0
                      4.3757000000e-01 speed_5.0


Active response data for evaluation 73:
Active set vector = { 1 1 1 1 1 1 1 1 1 }
                      3.3452800000e+00 flow_2.4
                      3.6337200000e+00 density_2.4
                      2.5798000000e-01 speed_2.4
                      4.9487500000e+00 flow_3.6
                      2.8991400000e+00 density_3.6
                      4.1910000000e-01 speed_3.6
                      6.1917400000e+00 flow_5.0
                      2.6633700000e+00 density_5.0
                      4.4537000000e-01 speed_5.0


Active response data for evaluation 74:
Active set vector = { 1 1 1 1 1 1 1 1 1 }
                      4.1816000000e+00 flow_2.4
                      2.4622700000e+00 density_2.4
                      4.6909000000e-01 speed_2.4
                      6.4724900000e+00 flow_3.6
                      2.1361800000e+00 density_3.6
                      7.1343000000e-01 speed_3.6
                      8.6431200000e+00 flow_5.0
                      1.9732300000e+00 density_5.0
                      8.4255000000e-01 speed_5.0


Active response data for evaluation 75:
Active set vector = { 1 1 1 1 1 1 1 1 1 }
                      7.6797400000e+00 flow_2.4
                      5.2449900000e+00 density_2.4
                      3.4848000000e-01 speed_2.4
                      8.1728000000e+00 flow_3.6
                      1.9611600000e+00 density_3.6
                      5.0794000000e-01 speed_3.6
                      1.0021550000e+01 flow_5.0
                      9.9731000000e-01 density_5.0
                      3.0115000000e-01 speed_5.0


Active response data for evaluation 76:
Active set vector = { 1 1 1 1 1 1 1 1 1 }
                      7.4220800000e+00 flow_2.4
                      4.1498100000e+00 density_2.4
                      5.3690000000e-01 speed_2.4
                      1.0640730000e+01 flow_3.6
                      3.1278500000e+00 density_3.6
                      9.5030000000e-01 speed_3.6
                      1.4957260000e+01 flow_5.0
                      2.7926700000e+00 density_5.0
                      9.7655000000e-01 speed_5.0


Active response data for evaluation 77:
Active set vector = { 1 1 1 1 1 1 1 1 1 }
                      1.1218720000e+01 flow_2.4
                      5.6944400000e+00 density_2.4
                      5.4726000000e-01 speed_2.4
                      1.6969700000e+01 flow_3.6
                      4.8951900000e+00 density_3.6
                      8.0486000000e-01 speed_3.6
                      2.4345550000e+01 flow_5.0
                      4.1731800000e+00 density_5.0
                      1.0722700000e+00 speed_5.0


Active response data for evaluation 78:
Active set vector = { 1 1 1 1 1 1 1 1 1 }
                      1.0310420000e+01 flow_2.4
                      6.2322200000e+00 density_2.4
                      4.9387000000e-01 speed_2.4
                      1.6260160000e+01 flow_3.6
                      5.1661700000e+00 density_3.6
                      7.7824000000e-01 speed_3.6
                      2.1330280000e+01 flow_5.0
                      4.0199000000e+00 density_5.0
                      8.8240000000e-01 speed_5.0


Active response data for evaluation 79:
Active set vector = { 1 1 1 1 1 1 1 1 1 }
                      4.3175500000e+00 flow_2.4
                      2.5323000000e+00 density_2.4
                      4.4988000000e-01 speed_2.4
                      4.6527100000e+00 flow_3.6
                      1.4643200000e+00 density_3.6
                      5.4492000000e-01 speed_3.6
                      5.1967300000e+00 flow_5.0
                      1.1987500000e+00 density_5.0
                      2.9224000000e-01 speed_5.0


Active response data for evaluation 80:
Active set vector = { 1 1 1 1 1 1 1 1 1 }
                      7.6128300000e+00 flow_2.4
                      6.2444700000e+00 density_2.4
                      3.7267000000e-01 speed_2.4
                      1.2248470000e+01 flow_3.6
                      5.1724900000e+00 density_3.6
                      5.7787000000e-01 speed_3.6
                      1.6607140000e+01 flow_5.0
                      4.7146700000e+00 density_5.0
                      6.0739000000e-01 speed_5.0


Active response data for evaluation 81:
Active set vector = { 1 1 1 1 1 1 1 1 1 }
                      3.9117100000e+00 flow_2.4
                      2.5773200000e+00 density_2.4
                      4.5359000000e-01 speed_2.4
                      5.9221700000e+00 flow_3.6
                      2.3110200000e+00 density_3.6
                      6.3685000000e-01 speed_3.6
                      8.5784300000e+00 flow_5.0
                      2.0763400000e+00 density_5.0
                      8.6117000000e-01 speed_5.0


Active response data for evaluation 82:
Active set vector = { 1 1 1 1 1 1 1 1 1 }
                      3.1404200000e+00 flow_2.4
                      3.0630900000e+00 density_2.4
                      2.8613000000e-01 speed_2.4
                      4.6232300000e+00 flow_3.6
                      2.4943600000e+00 density_3.6
                      4.2958000000e-01 speed_3.6
                      6.5820400000e+00 flow_5.0
                      2.1066400000e+00 density_5.0
                      6.0176000000e-01 speed_5.0


Active response data for evaluation 83:
Active set vector = { 1 1 1 1 1 1 1 1 1 }
                      3.3914700000e+00 flow_2.4
                      3.5274700000e+00 density_2.4
                      2.6402000000e-01 speed_2.4
                      4.5617500000e+00 flow_3.6
                      2.9143400000e+00 density_3.6
                      3.7759000000e-01 speed_3.6
                      5.8541700000e+00 flow_5.0
                      2.4413700000e+00 density_5.0
                      4.5003000000e-01 speed_5.0


Active response data for evaluation 84:
Active set vector = { 1 1 1 1 1 1 1 1 1 }
                      7.7262700000e+00 flow_2.4
                      3.7759700000e+00 density_2.4
                      5.6795000000e-01 speed_2.4
                      1.1916880000e+01 flow_3.6
                      3.3552400000e+00 density_3.6
                      8.4304000000e-01 speed_3.6
                      1.6374270000e+01 flow_5.0
                      3.0844200000e+00 density_5.0
                      9.8396000000e-01 speed_5.0


Active response data for evaluation 85:
Active set vector = { 1 1 1 1 1 1 1 1 1 }
                      6.8369800000e+00 flow_2.4
                      2.8141900000e+00 density_2.4
                      6.8859000000e-01 speed_2.4
                      1.0654490000e+01 flow_3.6
                      2.5085400000e+00 density_3.6
                      1.0062600000e+00 speed_3.6
                      1.4403290000e+01 flow_5.0
                      2.3478000000e+00 density_5.0
                      1.1617700000e+00 speed_5.0


Active response data for evaluation 86:
Active set vector = { 1 1 1 1 1 1 1 1 1 }
                      3.0541000000e+00 flow_2.4
                      2.4997700000e+00 density_2.4
                      3.5509000000e-01 speed_2.4
                      4.8916800000e+00 flow_3.6
                      2.1494000000e+00 density_3.6
                      5.6261000000e-01 speed_3.6
                      7.0175400000e+00 flow_5.0
                      1.8366600000e+00 density_5.0
                      7.8727000000e-01 speed_5.0


Active response data for evaluation 87:
Active set vector = { 1 1 1 1 1 1 1 1 1 }
                      3.5732500000e+00 flow_2.4
                      5.3117800000e+00 density_2.4
                      1.8683000000e-01 speed_2.4
                      4.9910900000e+00 flow_3.6
                      4.2521400000e+00 density_3.6
                      2.7506000000e-01 speed_3.6
                      6.5957400000e+00 flow_5.0
                      3.2724600000e+00 density_5.0
                      3.6668000000e-01 speed_5.0


Active response data for evaluation 88:
Active set vector = { 1 1 1 1 1 1 1 1 1 }
                      6.5176900000e+00 flow_2.4
                      4.3106200000e+00 density_2.4
                      4.2776000000e-01 speed_2.4
                      8.1159400000e+00 flow_3.6
                      3.5562400000e+00 density_3.6
                      5.5140000000e-01 speed_3.6
                      9.5336100000e+00 flow_5.0
                      2.9312100000e+00 density_5.0
                      5.4198000000e-01 speed_5.0


Active response data for evaluation 89:
Active set vector = { 1 1 1 1 1 1 1 1 1 }
                      3.8791900000e+00 flow_2.4
                      2.7958900000e+00 density_2.4
                      4.2464000000e-01 speed_2.4
                      5.9296900000e+00 flow_3.6
                      2.5509900000e+00 density_3.6
                      5.7653000000e-01 speed_3.6
                      8.4699500000e+00 flow_5.0
                      2.4110400000e+00 density_5.0
                      7.0624000000e-01 speed_5.0


Active response data for evaluation 90:
Active set vector = { 1 1 1 1 1 1 1 1 1 }
                      9.2776700000e+00 flow_2.4
                      5.6756700000e+00 density_2.4
                      4.6201000000e-01 speed_2.4
                      1.4156630000e+01 flow_3.6
                      4.8863100000e+00 density_3.6
                      6.8712000000e-01 speed_3.6
                      1.9858160000e+01 flow_5.0
                      4.3061400000e+00 density_5.0
                      8.3770000000e-01 speed_5.0


Active response data for evaluation 91:
Active set vector = { 1 1 1 1 1 1 1 1 1 }
                      3.7543600000e+00 flow_2.4
                      3.1423700000e+00 density_2.4
                      3.4242000000e-01 speed_2.4
                      6.1565500000e+00 flow_3.6
                      2.3684800000e+00 density_3.6
                      6.3402000000e-01 speed_3.6
                      7.6457600000e+00 flow_5.0
                      2.0669600000e+00 density_5.0
                      7.1240000000e-01 speed_5.0


Active response data for evaluation 92:
Active set vector = { 1 1 1 1 1 1 1 1 1 }
                      2.5598800000e+00 flow_2.4
                      2.6590900000e+00 density_2.4
                      2.8466000000e-01 speed_2.4
                      2.8562700000e+00 flow_3.6
                      1.6874900000e+00 density_3.6
                      4.2968000000e-01 speed_3.6
                      3.4418900000e+00 flow_5.0
                      1.5032000000e+00 density_5.0
                      3.1606000000e-01 speed_5.0


Active response data for evaluation 93:
Active set vector = { 1 1 1 1 1 1 1 1 1 }
                      4.2774200000e+00 flow_2.4
                      2.6187200000e+00 density_2.4
                      4.9734000000e-01 speed_2.4
                      6.5176900000e+00 flow_3.6
                      2.2658900000e+00 density_3.6
                      7.2716000000e-01 speed_3.6
                      9.8245600000e+00 flow_5.0
                      2.0299400000e+00 density_5.0
                      9.7488000000e-01 speed_5.0


Active response data for evaluation 94:
Active set vector = { 1 1 1 1 1 1 1 1 1 }
                      8.5462300000e+00 flow_2.4
                      2.5995300000e+00 density_2.4
                      8.5901000000e-01 speed_2.4
                      1.2455200000e+01 flow_3.6
                      2.3932400000e+00 density_3.6
                      1.1409200000e+00 speed_3.6
                      1.6970800000e+01 flow_5.0
                      2.2844200000e+00 density_5.0
                      1.2837400000e+00 speed_5.0


Active response data for evaluation 95:
Active set vector = { 1 1 1 1 1 1 1 1 1 }
                      7.9487200000e+00 flow_2.4
                      4.3896300000e+00 density_2.4
                      5.2280000000e-01 speed_2.4
                      1.2280700000e+01 flow_3.6
                      3.5761200000e+00 density_3.6
                      8.3734000000e-01 speed_3.6
                      1.4957260000e+01 flow_5.0
                      3.0146100000e+00 density_5.0
                      8.6857000000e-01 speed_5.0


Active response data for evaluation 96:
Active set vector = { 1 1 1 1 1 1 1 1 1 }
                      5.1042800000e+00 flow_2.4
                      4.7111900000e+00 density_2.4
                      3.0546000000e-01 speed_2.4
                      7.4786300000e+00 flow_3.6
                      4.1254300000e+00 density_3.6
                      4.0391000000e-01 speed_3.6
                      9.6818800000e+00 flow_5.0
                      3.7976900000e+00 density_5.0
                      4.2550000000e-01 speed_5.0


Active response data for evaluation 97:
Active set vector = { 1 1 1 1 1 1 1 1 1 }
                      2.5022300000e+00 flow_2.4
                      2.3472700000e+00 density_2.4
                      3.0174000000e-01 speed_2.4
                      3.9818000000e+00 flow_3.6
                      1.9336900000e+00 density_3.6
                      4.8003000000e-01 speed_3.6
                      5.3881800000e+00 flow_5.0
                      1.6648100000e+00 density_5.0
                      6.3152000000e-01 speed_5.0


Active response data for evaluation 98:
Active set vector = { 1 1 1 1 1 1 1 1 1 }
                      4.2385700000e+00 flow_2.4
                      4.6431800000e+00 density_2.4
                      2.5360000000e-01 speed_2.4
                      5.8187900000e+00 flow_3.6
                      3.7346600000e+00 density_3.6
                      3.7099000000e-01 speed_3.6
                      7.3145200000e+00 flow_5.0
                      2.9186200000e+00 density_5.0
                      4.4725000000e-01 speed_5.0


Active response data for evaluation 99:
Active set vector = { 1 1 1 1 1 1 1 1 1 }
                      6.3578600000e+00 flow_2.4
                      2.2215700000e+00 density_2.4
                      8.5514000000e-01 speed_2.4
                      9.7020100000e+00 flow_3.6
                      2.0324500000e+00 density_3.6
                      1.1573000000e+00 speed_3.6
                      1.3125590000e+01 flow_5.0
                      1.9153600000e+00 density_5.0
                      1.2548500000e+00 speed_5.0


Active response data for evaluation 100:
Active set vector = { 1 1 1 1 1 1 1 1 1 }
                      4.3249900000e+00 flow_2.4
                      3.9561800000e+00 density_2.4
                      3.0376000000e-01 speed_2.4
                      6.3405800000e+00 flow_3.6
                      3.3192000000e+00 density_3.6
                      4.1979000000e-01 speed_3.6
                      8.3941600000e+00 flow_5.0
                      2.9914800000e+00 density_5.0
                      4.8533000000e-01 speed_5.0


Active response data for evaluation 101:
Active set vector = { 1 1 1 1 1 1 1 1 1 }
                      3.1340900000e+00 flow_2.4
                      2.4557800000e+00 density_2.4
                      3.6430000000e-01 speed_2.4
                      5.1128100000e+00 flow_3.6
                      1.9551300000e+00 density_3.6
                      6.2970000000e-01 speed_3.6
                      6.9651700000e+00 flow_5.0
                      1.7734700000e+00 density_5.0
                      7.5539000000e-01 speed_5.0


Active response data for evaluation 102:
Active set vector = { 1 1 1 1 1 1 1 1 1 }
                      5.9448000000e+00 flow_2.4
                      5.1647100000e+00 density_2.4
                      3.3001000000e-01 speed_2.4
                      8.5784300000e+00 flow_3.6
                      4.3050500000e+00 density_3.6
                      4.7201000000e-01 speed_3.6
                      1.1137820000e+01 flow_5.0
                      3.4275400000e+00 density_5.0
                      5.8387000000e-01 speed_5.0


Active response data for evaluation 103:
Active set vector = { 1 1 1 1 1 1 1 1 1 }
                      4.6854100000e+00 flow_2.4
                      6.8795700000e+00 density_2.4
                      1.8613000000e-01 speed_2.4
                      6.3665300000e+00 flow_3.6
                      5.5636900000e+00 density_3.6
                      2.5584000000e-01 speed_3.6
                      8.1871300000e+00 flow_5.0
                      4.5152600000e+00 density_5.0
                      3.1805000000e-01 speed_5.0


Active response data for evaluation 104:
Active set vector = { 1 1 1 1 1 1 1 1 1 }
                      5.4390100000e+00 flow_2.4
                      3.2720800000e+00 density_2.4
                      4.8390000000e-01 speed_2.4
                      8.9446600000e+00 flow_3.6
                      2.6452000000e+00 density_3.6
                      8.5735000000e-01 speed_3.6
                      1.1583330000e+01 flow_5.0
                      2.1548800000e+00 density_5.0
                      1.0102100000e+00 speed_5.0


Active response data for evaluation 105:
Active set vector = { 1 1 1 1 1 1 1 1 1 }
                      3.3988800000e+00 flow_2.4
                      3.5583000000e+00 density_2.4
                      2.7231000000e-01 speed_2.4
                      5.0438600000e+00 flow_3.6
                      3.0212400000e+00 density_3.6
                      4.0494000000e-01 speed_3.6
                      7.0387100000e+00 flow_5.0
                      2.6831400000e+00 density_5.0
                      4.7439000000e-01 speed_5.0


Active response data for evaluation 106:
Active set vector = { 1 1 1 1 1 1 1 1 1 }
                      5.7400600000e+00 flow_2.4
                      4.7992700000e+00 density_2.4
                      3.3439000000e-01 speed_2.4
                      8.5144900000e+00 flow_3.6
                      4.1381400000e+00 density_3.6
                      4.6100000000e-01 speed_3.6
                      1.1382110000e+01 flow_5.0
                      3.6961200000e+00 density_5.0
                      5.1985000000e-01 speed_5.0


Active response data for evaluation 107:
Active set vector = { 1 1 1 1 1 1 1 1 1 }
                      9.4850900000e+00 flow_2.4
                      4.5280400000e+00 density_2.4
                      6.0381000000e-01 speed_2.4
                      1.5236520000e+01 flow_3.6
                      3.8827500000e+00 density_3.6
                      9.4692000000e-01 speed_3.6
                      2.0926760000e+01 flow_5.0
                      3.3378500000e+00 density_5.0
                      1.2822300000e+00 speed_5.0


Active response data for evaluation 108:
Active set vector = { 1 1 1 1 1 1 1 1 1 }
                      5.7259700000e+00 flow_2.4
                      3.4795200000e+00 density_2.4
                      4.4918000000e-01 speed_2.4
                      8.6568100000e+00 flow_3.6
                      3.1628900000e+00 density_3.6
                      6.3798000000e-01 speed_3.6
                      1.1880340000e+01 flow_5.0
                      2.9626400000e+00 density_5.0
                      7.2352000000e-01 speed_5.0


Active response data for evaluation 109:
Active set vector = { 1 1 1 1 1 1 1 1 1 }
                      2.5591600000e+00 flow_2.4
                      2.1186000000e+00 density_2.4
                      3.4981000000e-01 speed_2.4
                      3.8953800000e+00 flow_3.6
                      1.8225000000e+00 density_3.6
                      5.2907000000e-01 speed_3.6
                      5.5096400000e+00 flow_5.0
                      1.5890300000e+00 density_5.0
                      6.9150000000e-01 speed_5.0


Active response data for evaluation 110:
Active set vector = { 1 1 1 1 1 1 1 1 1 }
                      6.6193900000e+00 flow_2.4
                      5.0189700000e+00 density_2.4
                      3.7219000000e-01 speed_2.4
                      1.0282110000e+01 flow_3.6
                      4.0246000000e+00 density_3.6
                      6.2114000000e-01 speed_3.6
                      1.3467050000e+01 flow_5.0
                      3.2336700000e+00 density_5.0
                      7.4987000000e-01 speed_5.0


Active response data for evaluation 111:
Active set vector = { 1 1 1 1 1 1 1 1 1 }
                      4.3050400000e+00 flow_2.4
                      3.3653700000e+00 density_2.4
                      3.7198000000e-01 speed_2.4
                      6.7049800000e+00 flow_3.6
                      2.9017200000e+00 density_3.6
                      5.6570000000e-01 speed_3.6
                      9.8452900000e+00 flow_5.0
                      2.6078900000e+00 density_5.0
                      7.3664000000e-01 speed_5.0


Active response data for evaluation 112:
Active set vector = { 1 1 1 1 1 1 1 1 1 }
                      2.8420600000e+00 flow_2.4
                      3.1531000000e+00 density_2.4
                      2.4971000000e-01 speed_2.4
                      4.4828700000e+00 flow_3.6
                      2.4062600000e+00 density_3.6
                      4.2233000000e-01 speed_3.6
                      5.2542400000e+00 flow_5.0
                      2.2774900000e+00 density_5.0
                      4.5360000000e-01 speed_5.0


Active response data for evaluation 113:
Active set vector = { 1 1 1 1 1 1 1 1 1 }
                      3.7273700000e+00 flow_2.4
                      3.5149900000e+00 density_2.4
                      2.8814000000e-01 speed_2.4
                      5.8786300000e+00 flow_3.6
                      2.6007800000e+00 density_3.6
                      5.3889000000e-01 speed_3.6
                      6.6476700000e+00 flow_5.0
                      2.3844200000e+00 density_5.0
                      5.5847000000e-01 speed_5.0


Active response data for evaluation 114:
Active set vector = { 1 1 1 1 1 1 1 1 1 }
                      4.5132200000e+00 flow_2.4
                      2.4109700000e+00 density_2.4
                      5.2157000000e-01 speed_2.4
                      6.7340100000e+00 flow_3.6
                      2.1076100000e+00 density_3.6
                      7.4503000000e-01 speed_3.6
                      9.1028200000e+00 flow_5.0
                      1.9537800000e+00 density_5.0
                      8.4014000000e-01 speed_5.0


Active response data for evaluation 115:
Active set vector = { 1 1 1 1 1 1 1 1 1 }
                      7.4906400000e+00 flow_2.4
                      5.2149200000e+00 density_2.4
                      3.2683000000e-01 speed_2.4
                      8.1728000000e+00 flow_3.6
                      1.9549200000e+00 density_3.6
                      5.1009000000e-01 speed_3.6
                      9.9147100000e+00 flow_5.0
                      9.0995000000e-01 density_5.0
                      2.6338000000e-01 speed_5.0


Active response data for evaluation 116:
Active set vector = { 1 1 1 1 1 1 1 1 1 }
                      7.9230300000e+00 flow_2.4
                      4.0015100000e+00 density_2.4
                      6.1823000000e-01 speed_2.4
                      1.2568310000e+01 flow_3.6
                      3.3476100000e+00 density_3.6
                      9.7170000000e-01 speed_3.6
                      1.6258740000e+01 flow_5.0
                      2.8913600000e+00 density_5.0
                      1.0334100000e+00 speed_5.0


Active response data for evaluation 117:
Active set vector = { 1 1 1 1 1 1 1 1 1 }
                      1.1837610000e+01 flow_2.4
                      5.7211400000e+00 density_2.4
                      5.7486000000e-01 speed_2.4
                      1.7540570000e+01 flow_3.6
                      4.8500800000e+00 density_3.6
                      8.4118000000e-01 speed_3.6
                      2.4258290000e+01 flow_5.0
                      4.1434200000e+00 density_5.0
                      1.0359600000e+00 speed_5.0


Active response data for evaluation 118:
Active set vector = { 1 1 1 1 1 1 1 1 1 }
                      1.2313100000e+01 flow_2.4
                      5.9680500000e+00 density_2.4
                      6.0760000000e-01 speed_2.4
                      1.9115650000e+01 flow_3.6
                      4.7169000000e+00 density_3.6
                      1.0028800000e+00 speed_3.6
                      2.4258290000e+01 flow_5.0
                      3.3296100000e+00 density_5.0
                      1.1647400000e+00 speed_5.0


Active response data for evaluation 119:
Active set vector = { 1 1 1 1 1 1 1 1 1 }
                      4.2004200000e+00 flow_2.4
                      2.7948400000e+00 density_2.4
                      4.2212000000e-01 speed_2.4
                      4.6500000000e+00 flow_3.6
                      1.4308900000e+00 density_3.6
                      5.5877000000e-01 speed_3.6
                      4.8409400000e+00 flow_5.0
                      1.0423800000e+00 density_5.0
                      2.6997000000e-01 speed_5.0


Active response data for evaluation 120:
Active set vector = { 1 1 1 1 1 1 1 1 1 }
                      7.9124600000e+00 flow_2.4
                      6.1023400000e+00 density_2.4
                      3.8738000000e-01 speed_2.4
                      1.3108610000e+01 flow_3.6
                      5.1465600000e+00 density_3.6
                      6.0060000000e-01 speed_3.6
                      1.7743980000e+01 flow_5.0
                      4.5495100000e+00 density_5.0
                      7.2172000000e-01 speed_5.0


Active response data for evaluation 121:
Active set vector = { 1 1 1 1 1 1 1 1 1 }
                      8.8364800000e+00 flow_2.4
                      4.2800000000e+00 density_2.4
                      5.7141000000e-01 speed_2.4
                      1.3702620000e+01 flow_3.6
                      3.6492900000e+00 density_3.6
                      9.0656000000e-01 speed_3.6
                      1.7820510000e+01 flow_5.0
                      3.4181700000e+00 density_5.0
                      8.7882000000e-01 speed_5.0


Active response data for evaluation 122:
Active set vector = { 1 1 1 1 1 1 1 1 1 }
                      4.0756900000e+00 flow_2.4
                      3.8654600000e+00 density_2.4
                      2.9018000000e-01 speed_2.4
                      5.7055200000e+00 flow_3.6
                      3.2298200000e+00 density_3.6
                      4.0600000000e-01 speed_3.6
                      7.7175700000e+00 flow_5.0
                      2.7567300000e+00 density_5.0
                      5.0330000000e-01 speed_5.0


Active response data for evaluation 123:
Active set vector = { 1 1 1 1 1 1 1 1 1 }
                      2.6685700000e+00 flow_2.4
                      3.2873000000e+00 density_2.4
                      2.3135000000e-01 speed_2.4
                      3.9507200000e+00 flow_3.6
                      2.6831200000e+00 density_3.6
                      3.6675000000e-01 speed_3.6
                      5.6990600000e+00 flow_5.0
                      1.8451600000e+00 density_5.0
                      5.6577000000e-01 speed_5.0


Active response data for evaluation 124:
Active set vector = { 1 1 1 1 1 1 1 1 1 }
                      8.0341900000e+00 flow_2.4
                      3.6418200000e+00 density_2.4
                      6.2721000000e-01 speed_2.4
                      1.2278370000e+01 flow_3.6
                      3.2081300000e+00 density_3.6
                      8.8926000000e-01 speed_3.6
                      1.6488730000e+01 flow_5.0
                      2.9166700000e+00 density_5.0
                      1.0776300000e+00 speed_5.0


Active response data for evaluation 125:
Active set vector = { 1 1 1 1 1 1 1 1 1 }
                      6.1082000000e+00 flow_2.4
                      2.7465000000e+00 density_2.4
                      6.4021000000e-01 speed_2.4
                      9.3186400000e+00 flow_3.6
                      2.4885700000e+00 density_3.6
                      9.0742000000e-01 speed_3.6
                      1.3304920000e+01 flow_5.0
                      2.3219300000e+00 density_5.0
                      1.0764400000e+00 speed_5.0


Active response data for evaluation 126:
Active set vector = { 1 1 1 1 1 1 1 1 1 }
                      5.1395000000e+00 flow_2.4
                      3.7733800000e+00 density_2.4
                      3.9145000000e-01 speed_2.4
                      7.9648500000e+00 flow_3.6
                      3.2252000000e+00 density_3.6
                      5.8526000000e-01 speed_3.6
                      1.1111110000e+01 flow_5.0
                      2.8325400000e+00 density_5.0
                      7.7263000000e-01 speed_5.0


Active response data for evaluation 127:
Active set vector = { 1 1 1 1 1 1 1 1 1 }
                      3.6008200000e+00 flow_2.4
                      4.9698500000e+00 density_2.4
                      1.9872000000e-01 speed_2.4
                      4.8712600000e+00 flow_3.6
                      4.1067700000e+00 density_3.6
                      2.7863000000e-01 speed_3.6
                      6.3752300000e+00 flow_5.0
                      3.3144100000e+00 density_5.0
                      3.6722000000e-01 speed_5.0


Active response data for evaluation 128:
Active set vector = { 1 1 1 1 1 1 1 1 1 }
                      6.5869700000e+00 flow_2.4
                      3.6654800000e+00 density_2.4
                      5.1040000000e-01 speed_2.4
                      8.0034400000e+00 flow_3.6
                      3.1065900000e+00 density_3.6
                      6.1016000000e-01 speed_3.6
                      9.0291300000e+00 flow_5.0
                      2.5207600000e+00 density_5.0
                      6.0216000000e-01 speed_5.0


Active response data for evaluation 129:
Active set vector = { 1 1 1 1 1 1 1 1 1 }
                      3.5035000000e+00 flow_2.4
                      2.6405300000e+00 density_2.4
                      4.1017000000e-01 speed_2.4
                      5.4263600000e+00 flow_3.6
                      2.4147600000e+00 density_3.6
                      5.6898000000e-01 speed_3.6
                      7.5904900000e+00 flow_5.0
                      2.2656600000e+00 density_5.0
                      6.6565000000e-01 speed_5.0


Active response data for evaluation 130:
Active set vector = { 1 1 1 1 1 1 1 1 1 }
                      4.8510000000e+00 flow_2.4
                      2.8334100000e+00 density_2.4
                      4.9775000000e-01 speed_2.4
                      7.6128300000e+00 flow_3.6
                      2.4325300000e+00 density_3.6
                      7.6094000000e-01 speed_3.6
                      1.0777520000e+01 flow_5.0
                      2.1667200000e+00 density_5.0
                      9.8470000000e-01 speed_5.0


Active response data for evaluation 131:
Active set vector = { 1 1 1 1 1 1 1 1 1 }
                      5.7119500000e+00 flow_2.4
                      4.8489300000e+00 density_2.4
                      3.3084000000e-01 speed_2.4
                      7.8563400000e+00 flow_3.6
                      3.9873900000e+00 density_3.6
                      4.6781000000e-01 speed_3.6
                      1.0183150000e+01 flow_5.0
                      3.1939200000e+00 density_5.0
                      5.6582000000e-01 speed_5.0


Active response data for evaluation 132:
Active set vector = { 1 1 1 1 1 1 1 1 1 }
                      3.7743500000e+00 flow_2.4
                      3.9462400000e+00 density_2.4
                      2.6576000000e-01 speed_2.4
                      4.4402200000e+00 flow_3.6
                      2.5950600000e+00 density_3.6
                      3.6119000000e-01 speed_3.6
                      4.6666700000e+00 flow_5.0
                      1.5907300000e+00 density_5.0
                      2.9524000000e-01 speed_5.0


Active response data for evaluation 133:
Active set vector = { 1 1 1 1 1 1 1 1 1 }
                      6.2808400000e+00 flow_2.4
                      3.2716500000e+00 density_2.4
                      5.5824000000e-01 speed_2.4
                      9.1683000000e+00 flow_3.6
                      2.8480400000e+00 density_3.6
                      8.2021000000e-01 speed_3.6
                      1.4285710000e+01 flow_5.0
                      2.3977300000e+00 density_5.0
                      1.1748500000e+00 speed_5.0


Active response data for evaluation 134:
Active set vector = { 1 1 1 1 1 1 1 1 1 }
                      6.3698600000e+00 flow_2.4
                      2.9206600000e+00 density_2.4
                      5.6332000000e-01 speed_2.4
                      9.3896700000e+00 flow_3.6
                      2.6430700000e+00 density_3.6
                      7.5947000000e-01 speed_3.6
                      1.2578620000e+01 flow_5.0
                      2.5211200000e+00 density_5.0
                      8.4425000000e-01 speed_5.0


Active response data for evaluation 135:
Active set vector = { 1 1 1 1 1 1 1 1 1 }
                      7.7519400000e+00 flow_2.4
                      3.5924500000e+00 density_2.4
                      6.2751000000e-01 speed_2.4
                      1.1409940000e+01 flow_3.6
                      3.0840600000e+00 density_3.6
                      9.0935000000e-01 speed_3.6
                      1.4570230000e+01 flow_5.0
                      2.5397400000e+00 density_5.0
                      1.0187700000e+00 speed_5.0


Active response data for evaluation 136:
Active set vector = { 1 1 1 1 1 1 1 1 1 }
                      4.3050400000e+00 flow_2.4
                      3.8806800000e+00 density_2.4
                      3.0457000000e-01 speed_2.4
                      6.2388600000e+00 flow_3.6
                      3.3354000000e+00 density_3.6
                      4.1525000000e-01 speed_3.6
                      8.3034600000e+00 flow_5.0
                      2.9478700000e+00 density_5.0
                      4.8168000000e-01 speed_5.0


Active response data for evaluation 137:
Active set vector = { 1 1 1 1 1 1 1 1 1 }
                      3.6063900000e+00 flow_2.4
                      3.3099800000e+00 density_2.4
                      3.0122000000e-01 speed_2.4
                      5.3272500000e+00 flow_3.6
                      2.8131600000e+00 density_3.6
                      4.2846000000e-01 speed_3.6
                      7.3985000000e+00 flow_5.0
                      2.4008600000e+00 density_5.0
                      5.5570000000e-01 speed_5.0


Active response data for evaluation 138:
Active set vector = { 1 1 1 1 1 1 1 1 1 }
                      3.5669000000e+00 flow_2.4
                      3.8441800000e+00 density_2.4
                      2.5723000000e-01 speed_2.4
                      5.1001800000e+00 flow_3.6
                      3.1072600000e+00 density_3.6
                      3.9161000000e-01 speed_3.6
                      6.1264800000e+00 flow_5.0
                      2.6828000000e+00 density_5.0
                      4.5027000000e-01 speed_5.0


Active response data for evaluation 139:
Active set vector = { 1 1 1 1 1 1 1 1 1 }
                      4.6434500000e+00 flow_2.4
                      2.2541500000e+00 density_2.4
                      6.2407000000e-01 speed_2.4
                      6.9033500000e+00 flow_3.6
                      2.0502700000e+00 density_3.6
                      8.2803000000e-01 speed_3.6
                      9.5041300000e+00 flow_5.0
                      1.9558200000e+00 density_5.0
                      9.0578000000e-01 speed_5.0


Active response data for evaluation 140:
Active set vector = { 1 1 1 1 1 1 1 1 1 }
                      2.3148100000e+00 flow_2.4
                      2.3757000000e+00 density_2.4
                      2.8083000000e-01 speed_2.4
                      3.7573800000e+00 flow_3.6
                      1.9183100000e+00 density_3.6
                      4.7786000000e-01 speed_3.6
                      5.6772100000e+00 flow_5.0
                      1.6349200000e+00 density_5.0
                      7.0015000000e-01 speed_5.0


Active response data for evaluation 141:
Active set vector = { 1 1 1 1 1 1 1 1 1 }
                      3.4113100000e+00 flow_2.4
                      2.6347400000e+00 density_2.4
                      3.6840000000e-01 speed_2.4
                      5.2375600000e+00 flow_3.6
                      2.1112300000e+00 density_3.6
                      6.0233000000e-01 speed_3.6
                      7.1946200000e+00 flow_5.0
                      1.8574200000e+00 density_5.0
                      7.6278000000e-01 speed_5.0


Active response data for evaluation 142:
Active set vector = { 1 1 1 1 1 1 1 1 1 }
                      7.0281100000e+00 flow_2.4
                      6.8362000000e+00 density_2.4
                      2.8628000000e-01 speed_2.4
                      1.0347380000e+01 flow_3.6
                      5.6514700000e+00 density_3.6
                      4.3074000000e-01 speed_3.6
                      1.3565890000e+01 flow_5.0
                      4.4725700000e+00 density_5.0
                      5.2670000000e-01 speed_5.0


Active response data for evaluation 143:
Active set vector = { 1 1 1 1 1 1 1 1 1 }
                      2.7695100000e+00 flow_2.4
                      3.4926700000e+00 density_2.4
                      2.1822000000e-01 speed_2.4
                      4.3491800000e+00 flow_3.6
                      2.6193800000e+00 density_3.6
                      3.9455000000e-01 speed_3.6
                      5.1113500000e+00 flow_5.0
                      2.5461100000e+00 density_5.0
                      3.9786000000e-01 speed_5.0


Active response data for evaluation 144:
Active set vector = { 1 1 1 1 1 1 1 1 1 }
                      4.9091500000e+00 flow_2.4
                      3.6955900000e+00 density_2.4
                      3.9263000000e-01 speed_2.4
                      8.5003000000e+00 flow_3.6
                      3.1146100000e+00 density_3.6
                      6.8480000000e-01 speed_3.6
                      1.1058450000e+01 flow_5.0
                      2.6515500000e+00 density_5.0
                      7.9527000000e-01 speed_5.0


Active response data for evaluation 145:
Active set vector = { 1 1 1 1 1 1 1 1 1 }
                      3.1854400000e+00 flow_2.4
                      3.0514300000e+00 density_2.4
                      2.9227000000e-01 speed_2.4
                      4.7043000000e+00 flow_3.6
                      2.5239200000e+00 density_3.6
                      4.3606000000e-01 speed_3.6
                      6.3698600000e+00 flow_5.0
                      2.3505000000e+00 density_5.0
                      4.7158000000e-01 speed_5.0


Active response data for evaluation 146:
Active set vector = { 1 1 1 1 1 1 1 1 1 }
                      3.7453200000e+00 flow_2.4
                      2.8766200000e+00 density_2.4
                      3.7125000000e-01 speed_2.4
                      5.4074900000e+00 flow_3.6
                      2.4694100000e+00 density_3.6
                      5.0419000000e-01 speed_3.6
                      7.6434900000e+00 flow_5.0
                      2.1337100000e+00 density_5.0
                      6.4786000000e-01 speed_5.0


Active response data for evaluation 147:
Active set vector = { 1 1 1 1 1 1 1 1 1 }
                      8.3482400000e+00 flow_2.4
                      4.8989200000e+00 density_2.4
                      4.9751000000e-01 speed_2.4
                      1.3333330000e+01 flow_3.6
                      4.2775700000e+00 density_3.6
                      7.6897000000e-01 speed_3.6
                      1.8817200000e+01 flow_5.0
                      3.7880100000e+00 density_5.0
                      9.8172000000e-01 speed_5.0


Active response data for evaluation 148:
Active set vector = { 1 1 1 1 1 1 1 1 1 }
                      3.3549000000e+00 flow_2.4
                      2.2438200000e+00 density_2.4
                      4.4796000000e-01 speed_2.4
                      5.1679600000e+00 flow_3.6
                      1.9583600000e+00 density_3.6
                      6.6132000000e-01 speed_3.6
                      7.4906400000e+00 flow_5.0
                      1.7502300000e+00 density_5.0
                      8.8388000000e-01 speed_5.0


Active response data for evaluation 149:
Active set vector = { 1 1 1 1 1 1 1 1 1 }
                      3.0244100000e+00 flow_2.4
                      2.3789100000e+00 density_2.4
                      3.6471000000e-01 speed_2.4
                      4.5677800000e+00 flow_3.6
                      2.0781900000e+00 density_3.6
                      5.2118000000e-01 speed_3.6
                      6.0191200000e+00 flow_5.0
                      1.9022000000e+00 density_5.0
                      5.7091000000e-01 speed_5.0


Active response data for evaluation 150:
Active set vector = { 1 1 1 1 1 1 1 1 1 }
                      5.1282100000e+00 flow_2.4
                      3.4785200000e+00 density_2.4
                      4.1720000000e-01 speed_2.4
                      7.6986800000e+00 flow_3.6
                      2.9238500000e+00 density_3.6
                      6.5260000000e-01 speed_3.6
                      1.0043200000e+01 flow_5.0
                      2.5796600000e+00 density_5.0
                      7.6264000000e-01 speed_5.0


Active response data for evaluation 151:
Active set vector = { 1 1 1 1 1 1 1 1 1 }
                      6.6762000000e+00 flow_2.4
                      4.1188800000e+00 density_2.4
                      4.5455000000e-01 speed_2.4
                      9.7425200000e+00 flow_3.6
                      3.6636900000e+00 density_3.6
                      6.0322000000e-01 speed_3.6
                      1.3922160000e+01 flow_5.0
                      3.2569300000e+00 density_5.0
                      7.7560000000e-01 speed_5.0


Active response data for evaluation 152:
Active set vector = { 1 1 1 1 1 1 1 1 1 }
                      2.3475400000e+00 flow_2.4
                      2.3453200000e+00 density_2.4
                      2.8345000000e-01 speed_2.4
                      3.5669000000e+00 flow_3.6
                      1.8336900000e+00 density_3.6
                      4.5180000000e-01 speed_3.6
                      4.5101800000e+00 flow_5.0
                      1.6827600000e+00 density_5.0
                      5.2822000000e-01 speed_5.0


Active response data for evaluation 153:
Active set vector = { 1 1 1 1 1 1 1 1 1 }
                      5.8260500000e+00 flow_2.4
                      7.2793500000e+00 density_2.4
                      2.1855000000e-01 speed_2.4
                      8.4384400000e+00 flow_3.6
                      5.4750100000e+00 density_3.6
                      3.5910000000e-01 speed_3.6
                      1.0426010000e+01 flow_5.0
                      4.2237900000e+00 density_5.0
                      4.0509000000e-01 speed_5.0


Active response data for evaluation 154:
Active set vector = { 1 1 1 1 1 1 1 1 1 }
                      4.8409400000e+00 flow_2.4
                      2.6944900000e+00 density_2.4
                      5.0472000000e-01 speed_2.4
                      7.3490800000e+00 flow_3.6
                      2.3809500000e+00 density_3.6
                      7.3644000000e-01 speed_3.6
                      9.7077200000e+00 flow_5.0
                      2.2860900000e+00 density_5.0
                      7.3990000000e-01 speed_5.0


Active response data for evaluation 155:
Active set vector = { 1 1 1 1 1 1 1 1 1 }
                      6.1403500000e+00 flow_2.4
                      4.6771200000e+00 density_2.4
                      3.5390000000e-01 speed_2.4
                      6.6193900000e+00 flow_3.6
                      2.1329900000e+00 density_3.6
                      4.8724000000e-01 speed_3.6
                      7.2127800000e+00 flow_5.0
                      1.1254400000e+00 density_5.0
                      3.3026000000e-01 speed_5.0


Active response data for evaluation 156:
Active set vector = { 1 1 1 1 1 1 1 1 1 }
                      8.8719900000e+00 flow_2.4
                      4.9268100000e+00 density_2.4
                      5.4439000000e-01 speed_2.4
                      1.4040400000e+01 flow_3.6
                      4.1384300000e+00 density_3.6
                      8.7228000000e-01 speed_3.6
                      1.8834690000e+01 flow_5.0
                      3.3169500000e+00 density_5.0
                      1.0253400000e+00 speed_5.0


Active response data for evaluation 157:
Active set vector = { 1 1 1 1 1 1 1 1 1 }
                      1.1177880000e+01 flow_2.4
                      5.7138600000e+00 density_2.4
                      5.4988000000e-01 speed_2.4
                      1.7412940000e+01 flow_3.6
                      4.8526300000e+00 density_3.6
                      8.1810000000e-01 speed_3.6
                      2.2383250000e+01 flow_5.0
                      4.4668600000e+00 density_5.0
                      8.8368000000e-01 speed_5.0


Active response data for evaluation 158:
Active set vector = { 1 1 1 1 1 1 1 1 1 }
                      1.1551160000e+01 flow_2.4
                      7.2442700000e+00 density_2.4
                      4.7129000000e-01 speed_2.4
                      1.8666670000e+01 flow_3.6
                      5.8700900000e+00 density_3.6
                      7.5605000000e-01 speed_3.6
                      2.4345550000e+01 flow_5.0
                      4.5963500000e+00 density_5.0
                      8.4869000000e-01 speed_5.0


Active response data for evaluation 159:
Active set vector = { 1 1 1 1 1 1 1 1 1 }
                      6.8126500000e+00 flow_2.4
                      3.9155600000e+00 density_2.4
                      3.9988000000e-01 speed_2.4
                      7.1684600000e+00 flow_3.6
                      1.8602100000e+00 density_3.6
                      4.7697000000e-01 speed_3.6
                      8.6270900000e+00 flow_5.0
                      1.0390200000e+00 density_5.0
                      2.4153000000e-01 speed_5.0


Active response data for evaluation 160:
Active set vector = { 1 1 1 1 1 1 1 1 1 }
                      3.9784000000e+00 flow_2.4
                      3.7043700000e+00 density_2.4
                      3.6070000000e-01 speed_2.4
                      6.6906500000e+00 flow_3.6
                      3.2753500000e+00 density_3.6
                      5.5866000000e-01 speed_3.6
                      1.0167030000e+01 flow_5.0
                      3.0302800000e+00 density_5.0
                      6.2725000000e-01 speed_5.0


Active response data for evaluation 161:
Active set vector = { 1 1 1 1 1 1 1 1 1 }
                      3.3988800000e+00 flow_2.4
                      2.4459300000e+00 density_2.4
                      3.9740000000e-01 speed_2.4
                      5.1955300000e+00 flow_3.6
                      1.9698700000e+00 density_3.6
                      6.2878000000e-01 speed_3.6
                      7.0241700000e+00 flow_5.0
                      1.7894900000e+00 density_5.0
                      7.1434000000e-01 speed_5.0


Active response data for evaluation 162:
Active set vector = { 1 1 1 1 1 1 1 1 1 }
                      6.3459800000e+00 flow_2.4
                      3.3585400000e+00 density_2.4
                      5.3885000000e-01 speed_2.4
                      9.9427800000e+00 flow_3.6
                      2.7565800000e+00 density_3.6
                      9.1933000000e-01 speed_3.6
                      1.3847680000e+01 flow_5.0
                      2.3800700000e+00 density_5.0
                      1.1632300000e+00 speed_5.0


Active response data for evaluation 163:
Active set vector = { 1 1 1 1 1 1 1 1 1 }
                      3.0077600000e+00 flow_2.4
                      3.6584600000e+00 density_2.4
                      2.3503000000e-01 speed_2.4
                      4.3505500000e+00 flow_3.6
                      2.9953400000e+00 density_3.6
                      3.5679000000e-01 speed_3.6
                      5.5096400000e+00 flow_5.0
                      2.5345400000e+00 density_5.0
                      4.1905000000e-01 speed_5.0


Active response data for evaluation 164:
Active set vector = { 1 1 1 1 1 1 1 1 1 }
                      7.1794900000e+00 flow_2.4
                      3.7859300000e+00 density_2.4
                      5.1702000000e-01 speed_2.4
                      1.0725310000e+01 flow_3.6
                      3.2749100000e+00 density_3.6
                      7.7536000000e-01 speed_3.6
                      1.4307690000e+01 flow_5.0
                      2.8571400000e+00 density_5.0
                      9.0540000000e-01 speed_5.0


Active response data for evaluation 165:
Active set vector = { 1 1 1 1 1 1 1 1 1 }
                      6.5086000000e+00 flow_2.4
                      2.8651000000e+00 density_2.4
                      6.4328000000e-01 speed_2.4
                      9.7629000000e+00 flow_3.6
                      2.5395200000e+00 density_3.6
                      9.4376000000e-01 speed_3.6
                      1.3888890000e+01 flow_5.0
                      2.3733600000e+00 density_5.0
                      1.1078000000e+00 speed_5.0


Active response data for evaluation 166:
Active set vector = { 1 1 1 1 1 1 1 1 1 }
                      5.6776600000e+00 flow_2.4
                      2.6395900000e+00 density_2.4
                      6.6579000000e-01 speed_2.4
                      8.5313800000e+00 flow_3.6
                      2.4351500000e+00 density_3.6
                      8.7275000000e-01 speed_3.6
                      1.2008550000e+01 flow_5.0
                      2.3218900000e+00 density_5.0
                      9.9541000000e-01 speed_5.0


Active response data for evaluation 167:
Active set vector = { 1 1 1 1 1 1 1 1 1 }
                      3.9555200000e+00 flow_2.4
                      5.2932500000e+00 density_2.4
                      2.0350000000e-01 speed_2.4
                      5.6565700000e+00 flow_3.6
                      4.1877800000e+00 density_3.6
                      3.1582000000e-01 speed_3.6
                      7.6502700000e+00 flow_5.0
                      3.2125300000e+00 density_5.0
                      4.4066000000e-01 speed_5.0


Active response data for evaluation 168:
Active set vector = { 1 1 1 1 1 1 1 1 1 }
                      3.0958700000e+00 flow_2.4
                      2.9587300000e+00 density_2.4
                      2.8932000000e-01 speed_2.4
                      3.3988800000e+00 flow_3.6
                      2.1299900000e+00 density_3.6
                      3.6008000000e-01 speed_3.6
                      3.5380300000e+00 flow_5.0
                      1.7928800000e+00 density_5.0
                      2.8660000000e-01 speed_5.0


Active response data for evaluation 169:
Active set vector = { 1 1 1 1 1 1 1 1 1 }
                      4.7961600000e+00 flow_2.4
                      2.8329400000e+00 density_2.4
                      5.1450000000e-01 speed_2.4
                      7.1067300000e+00 flow_3.6
                      2.5941600000e+00 density_3.6
                      6.7270000000e-01 speed_3.6
                      9.9427800000e+00 flow_5.0
                      2.4587000000e+00 density_5.0
                      7.3905000000e-01 speed_5.0


Active response data for evaluation 170:
Active set vector = { 1 1 1 1 1 1 1 1 1 }
                      4.9540000000e+00 flow_2.4
                      5.3753200000e+00 density_2.4
                      2.4970000000e-01 speed_2.4
                      7.2656300000e+00 flow_3.6
                      4.3851700000e+00 density_3.6
                      3.6078000000e-01 speed_3.6
                      9.2261900000e+00 flow_5.0
                      3.7065100000e+00 density_5.0
                      4.3805000000e-01 speed_5.0


Active response data for evaluation 171:
Active set vector = { 1 1 1 1 1 1 1 1 1 }
                      3.5506700000e+00 flow_2.4
                      3.0083900000e+00 density_2.4
                      3.3068000000e-01 speed_2.4
                      5.8115400000e+00 flow_3.6
                      2.1917200000e+00 density_3.6
                      6.2053000000e-01 speed_3.6
                      6.5858300000e+00 flow_5.0
                      2.1672800000e+00 density_5.0
                      6.3450000000e-01 speed_5.0


Active response data for evaluation 172:
Active set vector = { 1 1 1 1 1 1 1 1 1 }
                      4.4317800000e+00 flow_2.4
                      3.3632100000e+00 density_2.4
                      3.8819000000e-01 speed_2.4
                      5.8552900000e+00 flow_3.6
                      2.1898500000e+00 density_3.6
                      6.0445000000e-01 speed_3.6
                      6.6475400000e+00 flow_5.0
                      1.7041000000e+00 density_5.0
                      5.4774000000e-01 speed_5.0


Active response data for evaluation 173:
Active set vector = { 1 1 1 1 1 1 1 1 1 }
                      6.5176900000e+00 flow_2.4
                      2.7072100000e+00 density_2.4
                      7.6297000000e-01 speed_2.4
                      9.2191600000e+00 flow_3.6
                      2.3744000000e+00 density_3.6
                      1.0682400000e+00 speed_3.6
                      1.4603690000e+01 flow_5.0
                      2.3556400000e+00 density_5.0
                      1.3223100000e+00 speed_5.0


Active response data for evaluation 174:
Active set vector = { 1 1 1 1 1 1 1 1 1 }
                      4.8611100000e+00 flow_2.4
                      2.6880500000e+00 density_2.4
                      5.0133000000e-01 speed_2.4
                      7.3869600000e+00 flow_3.6
                      2.4536000000e+00 density_3.6
                      6.8982000000e-01 speed_3.6
                      1.0057470000e+01 flow_5.0
                      2.3191200000e+00 density_5.0
                      7.8009000000e-01 speed_5.0


Active response data for evaluation 175:
Active set vector = { 1 1 1 1 1 1 1 1 1 }
                      5.9448000000e+00 flow_2.4
                      3.3192500000e+00 density_2.4
                      5.1682000000e-01 speed_2.4
                      7.1794900000e+00 flow_3.6
                      2.3027800000e+00 density_3.6
                      7.3204000000e-01 speed_3.6
                      8.0729200000e+00 flow_5.0
                      1.7284600000e+00 density_5.0
                      6.5810000000e-01 speed_5.0


Active response data for evaluation 176:
Active set vector = { 1 1 1 1 1 1 1 1 1 }
                      9.6364900000e+00 flow_2.4
                      4.6644900000e+00 density_2.4
                      5.7971000000e-01 speed_2.4
                      1.4596270000e+01 flow_3.6
                      4.1154400000e+00 density_3.6
                      8.2401000000e-01 speed_3.6
                      1.8998630000e+01 flow_5.0
                      3.7500000000e+00 density_5.0
                      8.6195000000e-01 speed_5.0


Active response data for evaluation 177:
Active set vector = { 1 1 1 1 1 1 1 1 1 }
                      2.9270800000e+00 flow_2.4
                      2.3932600000e+00 density_2.4
                      3.4681000000e-01 speed_2.4
                      4.4497600000e+00 flow_3.6
                      2.0069700000e+00 density_3.6
                      5.3534000000e-01 speed_3.6
                      6.5409700000e+00 flow_5.0
                      1.6741400000e+00 density_5.0
                      7.6119000000e-01 speed_5.0


Active response data for evaluation 178:
Active set vector = { 1 1 1 1 1 1 1 1 1 }
                      3.2029300000e+00 flow_2.4
                      4.6965000000e+00 density_2.4
                      1.8720000000e-01 speed_2.4
                      4.2931600000e+00 flow_3.6
                      3.7761000000e+00 density_3.6
                      2.8343000000e-01 speed_3.6
                      5.5821400000e+00 flow_5.0
                      3.1383300000e+00 density_5.0
                      3.1512000000e-01 speed_5.0


Active response data for evaluation 179:
Active set vector = { 1 1 1 1 1 1 1 1 1 }
                      3.5300100000e+00 flow_2.4
                      2.2687900000e+00 density_2.4
                      4.6756000000e-01 speed_2.4
                      5.4394100000e+00 flow_3.6
                      2.0622700000e+00 density_3.6
                      6.6516000000e-01 speed_3.6
                      7.7538600000e+00 flow_5.0
                      1.9300500000e+00 density_5.0
                      8.0767000000e-01 speed_5.0


Active response data for evaluation 180:
Active set vector = { 1 1 1 1 1 1 1 1 1 }
                      4.6527100000e+00 flow_2.4
                      4.1188800000e+00 density_2.4
                      3.1070000000e-01 speed_2.4
                      6.8526700000e+00 flow_3.6
                      3.4054300000e+00 density_3.6
                      4.6732000000e-01 speed_3.6
                      9.1567900000e+00 flow_5.0
                      3.1103800000e+00 density_5.0
                      5.2099000000e-01 speed_5.0


Active response data for evaluation 181:
Active set vector = { 1 1 1 1 1 1 1 1 1 }
                      5.0835100000e+00 flow_2.4
                      2.6807100000e+00 density_2.4
                      5.6433000000e-01 speed_2.4
                      7.8431400000e+00 flow_3.6
                      2.3837500000e+00 density_3.6
                      8.3200000000e-01 speed_3.6
                      1.1394970000e+01 flow_5.0
                      2.1784000000e+00 density_5.0
                      1.0928500000e+00 speed_5.0


Active response data for evaluation 182:
Active set vector = { 1 1 1 1 1 1 1 1 1 }
                      7.1025600000e+00 flow_2.4
                      5.6917900000e+00 density_2.4
                      3.8176000000e-01 speed_2.4
                      1.1579820000e+01 flow_3.6
                      4.7896000000e+00 density_3.6
                      5.9897000000e-01 speed_3.6
                      1.6087960000e+01 flow_5.0
                      3.9928300000e+00 density_5.0
                      7.1451000000e-01 speed_5.0


Active response data for evaluation 183:
Active set vector = { 1 1 1 1 1 1 1 1 1 }
                      1.0802470000e+01 flow_2.4
                      7.4719600000e+00 density_2.4
                      4.0123000000e-01 speed_2.4
                      1.6430260000e+01 flow_3.6
                      6.0020200000e+00 density_3.6
                      6.4051000000e-01 speed_3.6
                      2.3569020000e+01 flow_5.0
                      4.7568200000e+00 density_5.0
                      8.5868000000e-01 speed_5.0


Active response data for evaluation 184:
Active set vector = { 1 1 1 1 1 1 1 1 1 }
                      4.5617500000e+00 flow_2.4
                      3.4028000000e+00 density_2.4
                      3.9509000000e-01 speed_2.4
                      7.7390800000e+00 flow_3.6
                      2.8577300000e+00 density_3.6
                      6.8887000000e-01 speed_3.6
                      1.0293040000e+01 flow_5.0
                      2.3625500000e+00 density_5.0
                      8.0077000000e-01 speed_5.0


Active response data for evaluation 185:
Active set vector = { 1 1 1 1 1 1 1 1 1 }
                      4.3410900000e+00 flow_2.4
                      3.5325900000e+00 density_2.4
                      3.4936000000e-01 speed_2.4
                      6.5451100000e+00 flow_3.6
                      3.0774800000e+00 density_3.6
                      4.8762000000e-01 speed_3.6
                      9.0938500000e+00 flow_5.0
                      2.6145500000e+00 density_5.0
                      6.4417000000e-01 speed_5.0


Active response data for evaluation 186:
Active set vector = { 1 1 1 1 1 1 1 1 1 }
                      5.8922600000e+00 flow_2.4
                      4.7342800000e+00 density_2.4
                      3.4265000000e-01 speed_2.4
                      8.4541100000e+00 flow_3.6
                      4.0093000000e+00 density_3.6
                      4.6529000000e-01 speed_3.6
                      1.1218720000e+01 flow_5.0
                      3.4148600000e+00 density_5.0
                      5.7490000000e-01 speed_5.0


Active response data for evaluation 187:
Active set vector = { 1 1 1 1 1 1 1 1 1 }
                      4.8186500000e+00 flow_2.4
                      4.0487300000e+00 density_2.4
                      3.3234000000e-01 speed_2.4
                      7.2127800000e+00 flow_3.6
                      3.2542400000e+00 density_3.6
                      5.3584000000e-01 speed_3.6
                      9.0968200000e+00 flow_5.0
                      3.0805300000e+00 density_5.0
                      5.5938000000e-01 speed_5.0


Active response data for evaluation 188:
Active set vector = { 1 1 1 1 1 1 1 1 1 }
                      5.5226800000e+00 flow_2.4
                      3.5028300000e+00 density_2.4
                      4.3685000000e-01 speed_2.4
                      8.2304500000e+00 flow_3.6
                      3.0489200000e+00 density_3.6
                      6.4292000000e-01 speed_3.6
                      1.1097850000e+01 flow_5.0
                      2.8422600000e+00 density_5.0
                      6.9805000000e-01 speed_5.0


Active response data for evaluation 189:
Active set vector = { 1 1 1 1 1 1 1 1 1 }
                      2.3079500000e+00 flow_2.4
                      2.0879500000e+00 density_2.4
                      3.1718000000e-01 speed_2.4
                      3.4619200000e+00 flow_3.6
                      1.7739300000e+00 density_3.6
                      4.6188000000e-01 speed_3.6
                      4.8560500000e+00 flow_5.0
                      1.5509000000e+00 density_5.0
                      5.6378000000e-01 speed_5.0


Active response data for evaluation 190:
Active set vector = { 1 1 1 1 1 1 1 1 1 }
                      3.7110400000e+00 flow_2.4
                      4.3767700000e+00 density_2.4
                      2.3046000000e-01 speed_2.4
                      5.4205200000e+00 flow_3.6
                      3.2599100000e+00 density_3.6
                      3.8964000000e-01 speed_3.6
                      5.9146600000e+00 flow_5.0
                      2.8076400000e+00 density_5.0
                      3.8945000000e-01 speed_5.0


Active response data for evaluation 191:
Active set vector = { 1 1 1 1 1 1 1 1 1 }
                      4.9402300000e+00 flow_2.4
                      3.3256800000e+00 density_2.4
                      4.3329000000e-01 speed_2.4
                      7.6754400000e+00 flow_3.6
                      2.8377900000e+00 density_3.6
                      6.5680000000e-01 speed_3.6
                      1.0692540000e+01 flow_5.0
                      2.5187100000e+00 density_5.0
                      8.3555000000e-01 speed_5.0


Active response data for evaluation 192:
Active set vector = { 1 1 1 1 1 1 1 1 1 }
                      4.6593200000e+00 flow_2.4
                      3.3742700000e+00 density_2.4
                      3.8925000000e-01 speed_2.4
                      7.1246800000e+00 flow_3.6
                      2.8040600000e+00 density_3.6
                      6.1684000000e-01 speed_3.6
                      1.0347380000e+01 flow_5.0
                      2.3166900000e+00 density_5.0
                      8.4859000000e-01 speed_5.0


Active response data for evaluation 193:
Active set vector = { 1 1 1 1 1 1 1 1 1 }
                      5.9296900000e+00 flow_2.4
                      4.5263800000e+00 density_2.4
                      3.8117000000e-01 speed_2.4
                      9.5628400000e+00 flow_3.6
                      4.0355700000e+00 density_3.6
                      5.8469000000e-01 speed_3.6
                      1.3765980000e+01 flow_5.0
                      3.7085100000e+00 density_5.0
                      7.5142000000e-01 speed_5.0


Active response data for evaluation 194:
Active set vector = { 1 1 1 1 1 1 1 1 1 }
                      3.9716300000e+00 flow_2.4
                      2.4388100000e+00 density_2.4
                      4.5158000000e-01 speed_2.4
                      6.1242300000e+00 flow_3.6
                      2.1323300000e+00 density_3.6
                      6.9239000000e-01 speed_3.6
                      8.3483500000e+00 flow_5.0
                      1.9398800000e+00 density_5.0
                      8.6484000000e-01 speed_5.0


Active response data for evaluation 195:
Active set vector = { 1 1 1 1 1 1 1 1 1 }
                      3.7651800000e+00 flow_2.4
                      5.1885400000e+00 density_2.4
                      1.7821000000e-01 speed_2.4
                      4.3169900000e+00 flow_3.6
                      1.7565000000e+00 density_3.6
                      3.0409000000e-01 speed_3.6
                      5.0669600000e+00 flow_5.0
                      8.8918000000e-01 density_5.0
                      1.4498000000e-01 speed_5.0


Active response data for evaluation 196:
Active set vector = { 1 1 1 1 1 1 1 1 1 }
                      5.3763400000e+00 flow_2.4
                      3.4937500000e+00 density_2.4
                      4.7167000000e-01 speed_2.4
                      7.9310300000e+00 flow_3.6
                      2.8531500000e+00 density_3.6
                      6.7577000000e-01 speed_3.6
                      9.3896700000e+00 flow_5.0
                      2.3289600000e+00 density_5.0
                      7.1895000000e-01 speed_5.0


Active response data for evaluation 197:
Active set vector = { 1 1 1 1 1 1 1 1 1 }
                      1.4903850000e+01 flow_2.4
                      5.7353900000e+00 density_2.4
                      7.2214000000e-01 speed_2.4
                      2.2906400000e+01 flow_3.6
                      5.0849100000e+00 density_3.6
                      1.0131300000e+00 speed_3.6
                      3.1418920000e+01 flow_5.0
                      4.6212800000e+00 density_5.0
                      1.1529700000e+00 speed_5.0


Active response data for evaluation 198:
Active set vector = { 1 1 1 1 1 1 1 1 1 }
                      9.6618400000e+00 flow_2.4
                      6.3389200000e+00 density_2.4
                      4.4896000000e-01 speed_2.4
                      1.5878380000e+01 flow_3.6
                      5.0733500000e+00 density_3.6
                      7.6594000000e-01 speed_3.6
                      2.1040720000e+01 flow_5.0
                      3.8754800000e+00 density_5.0
                      8.9345000000e-01 speed_5.0


Active response data for evaluation 199:
Active set vector = { 1 1 1 1 1 1 1 1 1 }
                      2.4902200000e+00 flow_2.4
                      2.2530500000e+00 density_2.4
                      2.7930000000e-01 speed_2.4
                      2.6425100000e+00 flow_3.6
                      1.1599600000e+00 density_3.6
                      3.3624000000e-01 speed_3.6
                      3.0165900000e+00 flow_5.0
                      1.0882700000e+00 density_5.0
                      1.8889000000e-01 speed_5.0


Active response data for evaluation 200:
Active set vector = { 1 1 1 1 1 1 1 1 1 }
                      8.0589300000e+00 flow_2.4
                      5.9796700000e+00 density_2.4
                      3.9430000000e-01 speed_2.4
                      1.2795990000e+01 flow_3.6
                      5.2058200000e+00 density_3.6
                      5.8124000000e-01 speed_3.6
                      1.6970800000e+01 flow_5.0
                      4.7246800000e+00 density_5.0
                      6.2440000000e-01 speed_5.0


Active response data for evaluation 201:
Active set vector = { 1 1 1 1 1 1 1 1 1 }
                      4.1891100000e+00 flow_2.4
                      2.1992300000e+00 density_2.4
                      5.5426000000e-01 speed_2.4
                      6.5721000000e+00 flow_3.6
                      1.9195200000e+00 density_3.6
                      8.5184000000e-01 speed_3.6
                      9.3333300000e+00 flow_5.0
                      1.7115800000e+00 density_5.0
                      1.1079100000e+00 speed_5.0


Active response data for evaluation 202:
Active set vector = { 1 1 1 1 1 1 1 1 1 }
                      3.2362500000e+00 flow_2.4
                      2.8879600000e+00 density_2.4
                      3.1173000000e-01 speed_2.4
                      4.6158900000e+00 flow_3.6
                      2.4027700000e+00 density_3.6
                      4.3892000000e-01 speed_3.6
                      6.4478600000e+00 flow_5.0
                      2.0489600000e+00 density_5.0
                      5.5446000000e-01 speed_5.0


Active response data for evaluation 203:
Active set vector = { 1 1 1 1 1 1 1 1 1 }
                      3.0987200000e+00 flow_2.4
                      3.6002200000e+00 density_2.4
                      2.4625000000e-01 speed_2.4
                      4.3370500000e+00 flow_3.6
                      3.0826400000e+00 density_3.6
                      3.4677000000e-01 speed_3.6
                      5.7119500000e+00 flow_5.0
                      2.7353300000e+00 density_5.0
                      4.0544000000e-01 speed_5.0


Active response data for evaluation 204:
Active set vector = { 1 1 1 1 1 1 1 1 1 }
                      8.9743600000e+00 flow_2.4
                      4.8999200000e+00 density_2.4
                      5.2511000000e-01 speed_2.4
                      1.3294800000e+01 flow_3.6
                      4.1339000000e+00 density_3.6
                      8.4468000000e-01 speed_3.6
                      2.0394740000e+01 flow_5.0
                      3.6010600000e+00 density_5.0
                      1.0555700000e+00 speed_5.0


Active response data for evaluation 205:
Active set vector = { 1 1 1 1 1 1 1 1 1 }
                      6.8991100000e+00 flow_2.4
                      3.1444400000e+00 density_2.4
                      6.1976000000e-01 speed_2.4
                      1.0630220000e+01 flow_3.6
                      2.8072200000e+00 density_3.6
                      9.2754000000e-01 speed_3.6
                      1.4479170000e+01 flow_5.0
                      2.5884500000e+00 density_5.0
                      1.0634700000e+00 speed_5.0


Active response data for evaluation 206:
Active set vector = { 1 1 1 1 1 1 1 1 1 }
                      3.3767500000e+00 flow_2.4
                      2.6062600000e+00 density_2.4
                      3.7564000000e-01 speed_2.4
                      5.2552600000e+00 flow_3.6
                      2.1665600000e+00 density_3.6
                      6.0151000000e-01 speed_3.6
                      7.5242700000e+00 flow_5.0
                      1.9769800000e+00 density_5.0
                      7.5736000000e-01 speed_5.0


Active response data for evaluation 207:
Active set vector = { 1 1 1 1 1 1 1 1 1 }
                      4.1372200000e+00 flow_2.4
                      4.8034600000e+00 density_2.4
                      2.3815000000e-01 speed_2.4
                      4.9751200000e+00 flow_3.6
                      3.2298800000e+00 density_3.6
                      3.6449000000e-01 speed_3.6
                      5.8798600000e+00 flow_5.0
                      2.4785000000e+00 density_5.0
                      3.7757000000e-01 speed_5.0


Active response data for evaluation 208:
Active set vector = { 1 1 1 1 1 1 1 1 1 }
                      5.3264600000e+00 flow_2.4
                      2.0962700000e+00 density_2.4
                      6.1451000000e-01 speed_2.4
                      5.7980000000e+00 flow_3.6
                      1.1735000000e+00 density_3.6
                      6.5577000000e-01 speed_3.6
                      5.7330100000e+00 flow_5.0
                      9.3208000000e-01 density_5.0
                      3.2990000000e-01 speed_5.0


Active response data for evaluation 209:
Active set vector = { 1 1 1 1 1 1 1 1 1 }
                      3.8157500000e+00 flow_2.4
                      3.3362500000e+00 density_2.4
                      3.4937000000e-01 speed_2.4
                      6.2639800000e+00 flow_3.6
                      2.9222500000e+00 density_3.6
                      5.4056000000e-01 speed_3.6
                      9.1503300000e+00 flow_5.0
                      2.7250500000e+00 density_5.0
                      7.0042000000e-01 speed_5.0


Active response data for evaluation 210:
Active set vector = { 1 1 1 1 1 1 1 1 1 }
                      1.0654490000e+01 flow_2.4
                      6.4855200000e+00 density_2.4
                      4.5436000000e-01 speed_2.4
                      1.6786570000e+01 flow_3.6
                      5.0857700000e+00 density_3.6
                      7.9401000000e-01 speed_3.6
                      2.2653720000e+01 flow_5.0
                      4.3702600000e+00 density_5.0
                      8.9445000000e-01 speed_5.0


Active response data for evaluation 211:
Active set vector = { 1 1 1 1 1 1 1 1 1 }
                      3.7095900000e+00 flow_2.4
                      3.1137200000e+00 density_2.4
                      3.3338000000e-01 speed_2.4
                      5.6699000000e+00 flow_3.6
                      2.5289300000e+00 density_3.6
                      5.3643000000e-01 speed_3.6
                      7.2669800000e+00 flow_5.0
                      2.2729800000e+00 density_5.0
                      6.2831000000e-01 speed_5.0


Active response data for evaluation 212:
Active set vector = { 1 1 1 1 1 1 1 1 1 }
                      2.5053900000e+00 flow_2.4
                      3.1797600000e+00 density_2.4
                      2.2399000000e-01 speed_2.4
                      4.0611400000e+00 flow_3.6
                      2.2259100000e+00 density_3.6
                      4.4946000000e-01 speed_3.6
                      4.6948400000e+00 flow_5.0
                      1.9578200000e+00 density_5.0
                      4.5578000000e-01 speed_5.0


Active response data for evaluation 213:
Active set vector = { 1 1 1 1 1 1 1 1 1 }
                      4.4233800000e+00 flow_2.4
                      2.0687900000e+00 density_2.4
                      6.2585000000e-01 speed_2.4
                      6.6809300000e+00 flow_3.6
                      1.8264100000e+00 density_3.6
                      9.1580000000e-01 speed_3.6
                      9.5092000000e+00 flow_5.0
                      1.6206300000e+00 density_5.0
                      1.1871100000e+00 speed_5.0


Active response data for evaluation 214:
Active set vector = { 1 1 1 1 1 1 1 1 1 }
                      4.8110000000e+00 flow_2.4
                      2.3286000000e+00 density_2.4
                      5.7601000000e-01 speed_2.4
                      7.0561500000e+00 flow_3.6
                      2.1225600000e+00 density_3.6
                      7.6836000000e-01 speed_3.6
                      9.5679000000e+00 flow_5.0
                      2.0328500000e+00 density_5.0
                      8.3133000000e-01 speed_5.0


Active response data for evaluation 215:
Active set vector = { 1 1 1 1 1 1 1 1 1 }
                      9.2409200000e+00 flow_2.4
                      4.3192400000e+00 density_2.4
                      6.1468000000e-01 speed_2.4
                      1.4583330000e+01 flow_3.6
                      3.7589000000e+00 density_3.6
                      9.2792000000e-01 speed_3.6
                      1.7610060000e+01 flow_5.0
                      3.4834900000e+00 density_5.0
                      9.7336000000e-01 speed_5.0


Active response data for evaluation 216:
Active set vector = { 1 1 1 1 1 1 1 1 1 }
                      5.4390100000e+00 flow_2.4
                      4.7189400000e+00 density_2.4
                      3.1407000000e-01 speed_2.4
                      7.7500000000e+00 flow_3.6
                      4.0554400000e+00 density_3.6
                      4.2053000000e-01 speed_3.6
                      1.0324480000e+01 flow_5.0
                      3.6628800000e+00 density_5.0
                      4.6564000000e-01 speed_5.0


Active response data for evaluation 217:
Active set vector = { 1 1 1 1 1 1 1 1 1 }
                      2.5445300000e+00 flow_2.4
                      2.3748500000e+00 density_2.4
                      3.0153000000e-01 speed_2.4
                      3.8727500000e+00 flow_3.6
                      1.9460700000e+00 density_3.6
                      4.5530000000e-01 speed_3.6
                      5.2780900000e+00 flow_5.0
                      1.7110100000e+00 density_5.0
                      5.6257000000e-01 speed_5.0


Active response data for evaluation 218:
Active set vector = { 1 1 1 1 1 1 1 1 1 }
                      3.9920200000e+00 flow_2.4
                      2.9655100000e+00 density_2.4
                      3.6809000000e-01 speed_2.4
                      4.1592400000e+00 flow_3.6
                      1.8383500000e+00 density_3.6
                      4.1986000000e-01 speed_3.6
                      4.4711500000e+00 flow_5.0
                      1.2470800000e+00 density_5.0
                      2.4811000000e-01 speed_5.0


Active response data for evaluation 219:
Active set vector = { 1 1 1 1 1 1 1 1 1 }
                      5.3523800000e+00 flow_2.4
                      2.8261600000e+00 density_2.4
                      5.9449000000e-01 speed_2.4
                      8.5626900000e+00 flow_3.6
                      2.5703200000e+00 density_3.6
                      8.0866000000e-01 speed_3.6
                      1.1832060000e+01 flow_5.0
                      2.4623800000e+00 density_5.0
                      8.8214000000e-01 speed_5.0


Active response data for evaluation 220:
Active set vector = { 1 1 1 1 1 1 1 1 1 }
                      3.9716300000e+00 flow_2.4
                      3.2423800000e+00 density_2.4
                      3.4445000000e-01 speed_2.4
                      5.7119500000e+00 flow_3.6
                      2.8361900000e+00 density_3.6
                      4.5945000000e-01 speed_3.6
                      7.5880800000e+00 flow_5.0
                      2.6037800000e+00 density_5.0
                      5.1114000000e-01 speed_5.0


Active response data for evaluation 221:
Active set vector = { 1 1 1 1 1 1 1 1 1 }
                      3.3597300000e+00 flow_2.4
                      2.4289600000e+00 density_2.4
                      3.9540000000e-01 speed_2.4
                      5.1955300000e+00 flow_3.6
                      1.9762400000e+00 density_3.6
                      6.2503000000e-01 speed_3.6
                      7.0241700000e+00 flow_5.0
                      1.8145300000e+00 density_5.0
                      7.3414000000e-01 speed_5.0


Active response data for evaluation 222:
Active set vector = { 1 1 1 1 1 1 1 1 1 }
                      5.4517100000e+00 flow_2.4
                      5.3256800000e+00 density_2.4
                      2.8761000000e-01 speed_2.4
                      8.1018500000e+00 flow_3.6
                      4.4364300000e+00 density_3.6
                      4.1780000000e-01 speed_3.6
                      1.1018300000e+01 flow_5.0
                      3.7699800000e+00 density_5.0
                      5.1144000000e-01 speed_5.0


Active response data for evaluation 223:
Active set vector = { 1 1 1 1 1 1 1 1 1 }
                      4.5691100000e+00 flow_2.4
                      6.9007600000e+00 density_2.4
                      1.7753000000e-01 speed_2.4
                      6.3319800000e+00 flow_3.6
                      5.4323900000e+00 density_3.6
                      2.6179000000e-01 speed_3.6
                      8.4997000000e+00 flow_5.0
                      4.3682100000e+00 density_5.0
                      3.2767000000e-01 speed_5.0


Active response data for evaluation 224:
Active set vector = { 1 1 1 1 1 1 1 1 1 }
                      4.5528500000e+00 flow_2.4
                      3.4194900000e+00 density_2.4
                      3.8534000000e-01 speed_2.4
                      7.2273700000e+00 flow_3.6
                      3.0313100000e+00 density_3.6
                      5.9806000000e-01 speed_3.6
                      1.0915490000e+01 flow_5.0
                      2.7337700000e+00 density_5.0
                      8.0887000000e-01 speed_5.0


Active response data for evaluation 225:
Active set vector = { 1 1 1 1 1 1 1 1 1 }
                      3.5061400000e+00 flow_2.4
                      3.3171100000e+00 density_2.4
                      3.0008000000e-01 speed_2.4
                      5.2552600000e+00 flow_3.6
                      2.9312600000e+00 density_3.6
                      4.0213000000e-01 speed_3.6
                      7.5732900000e+00 flow_5.0
                      2.5290400000e+00 density_5.0
                      5.3782000000e-01 speed_5.0


Active response data for evaluation 226:
Active set vector = { 1 1 1 1 1 1 1 1 1 }
                      5.9554400000e+00 flow_2.4
                      4.4869800000e+00 density_2.4
                      3.6272000000e-01 speed_2.4
                      8.7064700000e+00 flow_3.6
                      3.8181700000e+00 density_3.6
                      5.0757000000e-01 speed_3.6
                      1.1567160000e+01 flow_5.0
                      3.3343700000e+00 density_5.0
                      6.1334000000e-01 speed_5.0


Active response data for evaluation 227:
Active set vector = { 1 1 1 1 1 1 1 1 1 }
                      8.2015200000e+00 flow_2.4
                      4.7321400000e+00 density_2.4
                      5.3895000000e-01 speed_2.4
                      1.3658780000e+01 flow_3.6
                      4.1124100000e+00 density_3.6
                      8.7323000000e-01 speed_3.6
                      1.8592300000e+01 flow_5.0
                      3.6699300000e+00 density_5.0
                      9.9438000000e-01 speed_5.0


Active response data for evaluation 228:
Active set vector = { 1 1 1 1 1 1 1 1 1 }
                      6.1589400000e+00 flow_2.4
                      3.1401200000e+00 density_2.4
                      5.5390000000e-01 speed_2.4
                      9.1683000000e+00 flow_3.6
                      2.8280800000e+00 density_3.6
                      7.4728000000e-01 speed_3.6
                      1.2488770000e+01 flow_5.0
                      2.6665700000e+00 density_5.0
                      8.4883000000e-01 speed_5.0


Active response data for evaluation 229:
Active set vector = { 1 1 1 1 1 1 1 1 1 }
                      2.7728300000e+00 flow_2.4
                      2.2487900000e+00 density_2.4
                      3.8028000000e-01 speed_2.4
                      4.2936300000e+00 flow_3.6
                      2.0287000000e+00 density_3.6
                      5.1601000000e-01 speed_3.6
                      5.8134700000e+00 flow_5.0
                      1.8423300000e+00 density_5.0
                      6.3650000000e-01 speed_5.0


Active response data for evaluation 230:
Active set vector = { 1 1 1 1 1 1 1 1 1 }
                      6.8526700000e+00 flow_2.4
                      4.9869100000e+00 density_2.4
                      3.9208000000e-01 speed_2.4
                      1.0548050000e+01 flow_3.6
                      3.7825000000e+00 density_3.6
                      6.7729000000e-01 speed_3.6
                      1.3333330000e+01 flow_5.0
                      2.7905000000e+00 density_5.0
                      7.9995000000e-01 speed_5.0


Active response data for evaluation 231:
Active set vector = { 1 1 1 1 1 1 1 1 1 }
                      4.9350200000e+00 flow_2.4
                      3.4095900000e+00 density_2.4
                      4.2036000000e-01 speed_2.4
                      7.4960100000e+00 flow_3.6
                      2.9509800000e+00 density_3.6
                      6.1245000000e-01 speed_3.6
                      1.0606060000e+01 flow_5.0
                      2.5238900000e+00 density_5.0
                      8.2970000000e-01 speed_5.0


Active response data for evaluation 232:
Active set vector = { 1 1 1 1 1 1 1 1 1 }
                      2.7034900000e+00 flow_2.4
                      3.0265800000e+00 density_2.4
                      2.4765000000e-01 speed_2.4
                      3.8695400000e+00 flow_3.6
                      2.5068100000e+00 density_3.6
                      3.5101000000e-01 speed_3.6
                      5.3187400000e+00 flow_5.0
                      2.1079200000e+00 density_5.0
                      4.6026000000e-01 speed_5.0


Active response data for evaluation 233:
Active set vector = { 1 1 1 1 1 1 1 1 1 }
                      3.4166100000e+00 flow_2.4
                      3.2068100000e+00 density_2.4
                      3.2461000000e-01 speed_2.4
                      4.8259200000e+00 flow_3.6
                      2.0343900000e+00 density_3.6
                      5.6150000000e-01 speed_3.6
                      5.0915800000e+00 flow_5.0
                      1.5328500000e+00 density_5.0
                      4.3284000000e-01 speed_5.0


Active response data for evaluation 234:
Active set vector = { 1 1 1 1 1 1 1 1 1 }
                      4.6067800000e+00 flow_2.4
                      2.9076900000e+00 density_2.4
                      4.5115000000e-01 speed_2.4
                      6.6100100000e+00 flow_3.6
                      2.5464700000e+00 density_3.6
                      6.2216000000e-01 speed_3.6
                      9.6988800000e+00 flow_5.0
                      2.1997600000e+00 density_5.0
                      8.8578000000e-01 speed_5.0


Active response data for evaluation 235:
Active set vector = { 1 1 1 1 1 1 1 1 1 }
                      7.7500000000e+00 flow_2.4
                      5.4379600000e+00 density_2.4
                      3.4143000000e-01 speed_2.4
                      8.3632000000e+00 flow_3.6
                      2.1236900000e+00 density_3.6
                      4.9875000000e-01 speed_3.6
                      1.0021550000e+01 flow_5.0
                      9.3280000000e-01 density_5.0
                      2.7280000000e-01 speed_5.0


Active response data for evaluation 236:
Active set vector = { 1 1 1 1 1 1 1 1 1 }
                      7.2351400000e+00 flow_2.4
                      3.8550400000e+00 density_2.4
                      5.5075000000e-01 speed_2.4
                      1.1341460000e+01 flow_3.6
                      3.4002400000e+00 density_3.6
                      8.2355000000e-01 speed_3.6
                      1.6376310000e+01 flow_5.0
                      3.1002000000e+00 density_5.0
                      1.0394900000e+00 speed_5.0


Active response data for evaluation 237:
Active set vector = { 1 1 1 1 1 1 1 1 1 }
                      1.1923080000e+01 flow_2.4
                      6.9734200000e+00 density_2.4
                      4.9186000000e-01 speed_2.4
                      1.9513890000e+01 flow_3.6
                      5.4038200000e+00 density_3.6
                      8.6417000000e-01 speed_3.6
                      2.4779540000e+01 flow_5.0
                      4.8383500000e+00 density_5.0
                      9.0063000000e-01 speed_5.0


Active response data for evaluation 238:
Active set vector = { 1 1 1 1 1 1 1 1 1 }
                      1.0279000000e+01 flow_2.4
                      6.2221400000e+00 density_2.4
                      4.7487000000e-01 speed_2.4
                      1.5656570000e+01 flow_3.6
                      5.3715200000e+00 density_3.6
                      7.2350000000e-01 speed_3.6
                      2.2065730000e+01 flow_5.0
                      4.6103100000e+00 density_5.0
                      8.7516000000e-01 speed_5.0


Active response data for evaluation 239:
Active set vector = { 1 1 1 1 1 1 1 1 1 }
                      4.9226400000e+00 flow_2.4
                      4.0550200000e+00 density_2.4
                      3.4506000000e-01 speed_2.4
                      6.5086000000e+00 flow_3.6
                      2.9427000000e+00 density_3.6
                      5.1910000000e-01 speed_3.6
                      7.3375300000e+00 flow_5.0
                      2.2241500000e+00 density_5.0
                      5.0233000000e-01 speed_5.0


Active response data for evaluation 240:
Active set vector = { 1 1 1 1 1 1 1 1 1 }
                      5.5423600000e+00 flow_2.4
                      3.1083700000e+00 density_2.4
                      4.9755000000e-01 speed_2.4
                      8.0034400000e+00 flow_3.6
                      2.8117300000e+00 density_3.6
                      6.5038000000e-01 speed_3.6
                      1.0941180000e+01 flow_5.0
                      2.6299500000e+00 density_5.0
                      7.1861000000e-01 speed_5.0


Active response data for evaluation 241:
Active set vector = { 1 1 1 1 1 1 1 1 1 }
                      4.4519400000e+00 flow_2.4
                      2.6119900000e+00 density_2.4
                      4.9206000000e-01 speed_2.4
                      6.8071700000e+00 flow_3.6
                      2.1293800000e+00 density_3.6
                      8.0208000000e-01 speed_3.6
                      9.8436400000e+00 flow_5.0
                      1.9422500000e+00 density_5.0
                      1.0615300000e+00 speed_5.0


Active response data for evaluation 242:
Active set vector = { 1 1 1 1 1 1 1 1 1 }
                      3.3050000000e+00 flow_2.4
                      3.0515100000e+00 density_2.4
                      2.9803000000e-01 speed_2.4
                      4.8011000000e+00 flow_3.6
                      2.3563000000e+00 density_3.6
                      4.9337000000e-01 speed_3.6
                      5.6650200000e+00 flow_5.0
                      2.2649800000e+00 density_5.0
                      4.8085000000e-01 speed_5.0


Active response data for evaluation 243:
Active set vector = { 1 1 1 1 1 1 1 1 1 }
                      3.0068700000e+00 flow_2.4
                      2.9899500000e+00 density_2.4
                      3.0657000000e-01 speed_2.4
                      4.7765300000e+00 flow_3.6
                      2.7799100000e+00 density_3.6
                      4.0026000000e-01 speed_3.6
                      7.1355800000e+00 flow_5.0
                      2.4051300000e+00 density_5.0
                      5.5888000000e-01 speed_5.0


Active response data for evaluation 244:
Active set vector = { 1 1 1 1 1 1 1 1 1 }
                      5.7259700000e+00 flow_2.4
                      4.0191700000e+00 density_2.4
                      3.4741000000e-01 speed_2.4
                      6.1646900000e+00 flow_3.6
                      1.9053900000e+00 density_3.6
                      4.6711000000e-01 speed_3.6
                      6.7784300000e+00 flow_5.0
                      9.4302000000e-01 density_5.0
                      2.5571000000e-01 speed_5.0


Active response data for evaluation 245:
Active set vector = { 1 1 1 1 1 1 1 1 1 }
                      7.1940600000e+00 flow_2.4
                      4.7521400000e+00 density_2.4
                      4.2286000000e-01 speed_2.4
                      1.1031180000e+01 flow_3.6
                      3.9503600000e+00 density_3.6
                      6.5072000000e-01 speed_3.6
                      1.5000000000e+01 flow_5.0
                      3.4830000000e+00 density_5.0
                      7.8553000000e-01 speed_5.0


Active response data for evaluation 246:
Active set vector = { 1 1 1 1 1 1 1 1 1 }
                      3.0701800000e+00 flow_2.4
                      1.8520500000e+00 density_2.4
                      4.9949000000e-01 speed_2.4
                      4.7185700000e+00 flow_3.6
                      1.6545800000e+00 density_3.6
                      7.4249000000e-01 speed_3.6
                      6.7437400000e+00 flow_5.0
                      1.5455600000e+00 density_5.0
                      8.9006000000e-01 speed_5.0


Active response data for evaluation 247:
Active set vector = { 1 1 1 1 1 1 1 1 1 }
                      3.8356500000e+00 flow_2.4
                      4.4561000000e+00 density_2.4
                      2.3302000000e-01 speed_2.4
                      6.0370800000e+00 flow_3.6
                      3.5631200000e+00 density_3.6
                      3.7011000000e-01 speed_3.6
                      7.2998400000e+00 flow_5.0
                      3.4004100000e+00 density_5.0
                      3.7012000000e-01 speed_5.0


Active response data for evaluation 248:
Active set vector = { 1 1 1 1 1 1 1 1 1 }
                      6.7146300000e+00 flow_2.4
                      2.6737000000e+00 density_2.4
                      7.4331000000e-01 speed_2.4
                      1.0374530000e+01 flow_3.6
                      2.4015100000e+00 density_3.6
                      1.0652200000e+00 speed_3.6
                      1.4690170000e+01 flow_5.0
                      2.2678000000e+00 density_5.0
                      1.2417600000e+00 speed_5.0


Active response data for evaluation 249:
Active set vector = { 1 1 1 1 1 1 1 1 1 }
                      3.7786800000e+00 flow_2.4
                      2.6074900000e+00 density_2.4
                      4.4337000000e-01 speed_2.4
                      5.6630400000e+00 flow_3.6
                      2.4109300000e+00 density_3.6
                      5.8751000000e-01 speed_3.6
                      8.1293700000e+00 flow_5.0
                      2.2662700000e+00 density_5.0
                      6.9391000000e-01 speed_5.0


Active response data for evaluation 250:
Active set vector = { 1 1 1 1 1 1 1 1 1 }
                      7.1574600000e+00 flow_2.4
                      2.5147700000e+00 density_2.4
                      7.7557000000e-01 speed_2.4
                      1.0662050000e+01 flow_3.6
                      2.2716400000e+00 density_3.6
                      1.0611400000e+00 speed_3.6
                      1.4212680000e+01 flow_5.0
                      2.1543300000e+00 density_5.0
                      1.2124000000e+00 speed_5.0


Active response data for evaluation 251:
Active set vector = { 1 1 1 1 1 1 1 1 1 }
                      3.4904000000e+00 flow_2.4
                      2.6480100000e+00 density_2.4
                      3.7999000000e-01 speed_2.4
                      4.2857100000e+00 flow_3.6
                      1.7641700000e+00 density_3.6
                      5.7737000000e-01 speed_3.6
                      4.4699900000e+00 flow_5.0
                      1.3321900000e+00 density_5.0
                      4.0772000000e-01 speed_5.0


Active response data for evaluation 252:
Active set vector = { 1 1 1 1 1 1 1 1 1 }
                      2.4856900000e+00 flow_2.4
                      2.7123700000e+00 density_2.4
                      2.7412000000e-01 speed_2.4
                      3.2771500000e+00 flow_3.6
                      1.5703000000e+00 density_3.6
                      4.5965000000e-01 speed_3.6
                      3.2246900000e+00 flow_5.0
                      1.4051800000e+00 density_5.0
                      2.8449000000e-01 speed_5.0


Active response data for evaluation 253:
Active set vector = { 1 1 1 1 1 1 1 1 1 }
                      4.6434500000e+00 flow_2.4
                      2.8079700000e+00 density_2.4
                      4.7854000000e-01 speed_2.4
                      7.1975500000e+00 flow_3.6
                      2.3028600000e+00 density_3.6
                      7.6218000000e-01 speed_3.6
                      9.4751200000e+00 flow_5.0
                      2.1341100000e+00 density_5.0
                      8.5785000000e-01 speed_5.0


Active response data for evaluation 254:
Active set vector = { 1 1 1 1 1 1 1 1 1 }
                      1.0463380000e+01 flow_2.4
                      5.2936200000e+00 density_2.4
                      5.5106000000e-01 speed_2.4
                      1.5762710000e+01 flow_3.6
                      4.7526500000e+00 density_3.6
                      7.3662000000e-01 speed_3.6
                      2.0870870000e+01 flow_5.0
                      4.3706000000e+00 density_5.0
                      8.0111000000e-01 speed_5.0


Active response data for evaluation 255:
Active set vector = { 1 1 1 1 1 1 1 1 1 }
                      9.7603900000e+00 flow_2.4
                      4.1998200000e+00 density_2.4
                      6.7701000000e-01 speed_2.4
                      1.5503880000e+01 flow_3.6
                      3.6879100000e+00 density_3.6
                      1.0318100000e+00 speed_3.6
                      2.2301590000e+01 flow_5.0
                      3.2574500000e+00 density_5.0
                      1.3104800000e+00 speed_5.0


Active response data for evaluation 256:
Active set vector = { 1 1 1 1 1 1 1 1 1 }
                      5.3151100000e+00 flow_2.4
                      5.9637600000e+00 density_2.4
                      2.4051000000e-01 speed_2.4
                      7.4786300000e+00 flow_3.6
                      5.0065700000e+00 density_3.6
                      3.1513000000e-01 speed_3.6
                      9.9290800000e+00 flow_5.0
                      4.0544400000e+00 density_5.0
                      4.2737000000e-01 speed_5.0


Active response data for evaluation 257:
Active set vector = { 1 1 1 1 1 1 1 1 1 }
                      2.5782700000e+00 flow_2.4
                      1.7069300000e+00 density_2.4
                      4.5012000000e-01 speed_2.4
                      3.9248700000e+00 flow_3.6
                      1.4887500000e+00 density_3.6
                      6.4232000000e-01 speed_3.6
                      5.5031400000e+00 flow_5.0
                      1.3301400000e+00 density_5.0
                      8.1764000000e-01 speed_5.0


Active response data for evaluation 258:
Active set vector = { 1 1 1 1 1 1 1 1 1 }
                      3.9824300000e+00 flow_2.4
                      4.3177300000e+00 density_2.4
                      2.6193000000e-01 speed_2.4
                      5.9905900000e+00 flow_3.6
                      3.6387400000e+00 density_3.6
                      3.7948000000e-01 speed_3.6
                      8.1018500000e+00 flow_5.0
                      3.1183500000e+00 density_5.0
                      4.9005000000e-01 speed_5.0


Active response data for evaluation 259:
Active set vector = { 1 1 1 1 1 1 1 1 1 }
                      5.8997100000e+00 flow_2.4
                      4.0410800000e+00 density_2.4
                      4.2281000000e-01 speed_2.4
                      9.3520400000e+00 flow_3.6
                      3.6492900000e+00 density_3.6
                      6.3104000000e-01 speed_3.6
                      1.2344030000e+01 flow_5.0
                      3.3985700000e+00 density_5.0
                      7.1347000000e-01 speed_5.0


Active response data for evaluation 260:
Active set vector = { 1 1 1 1 1 1 1 1 1 }
                      4.0022900000e+00 flow_2.4
                      4.5856300000e+00 density_2.4
                      2.4106000000e-01 speed_2.4
                      5.7962000000e+00 flow_3.6
                      3.8177600000e+00 density_3.6
                      3.4224000000e-01 speed_3.6
                      7.5487000000e+00 flow_5.0
                      3.3228200000e+00 density_5.0
                      4.1384000000e-01 speed_5.0


Active response data for evaluation 261:
Active set vector = { 1 1 1 1 1 1 1 1 1 }
                      3.1277900000e+00 flow_2.4
                      2.4555100000e+00 density_2.4
                      3.6771000000e-01 speed_2.4
                      4.8844500000e+00 flow_3.6
                      2.0131900000e+00 density_3.6
                      5.7311000000e-01 speed_3.6
                      7.2884000000e+00 flow_5.0
                      1.6758900000e+00 density_5.0
                      8.5969000000e-01 speed_5.0


Active response data for evaluation 262:
Active set vector = { 1 1 1 1 1 1 1 1 1 }
                      5.6841300000e+00 flow_2.4
                      4.7503900000e+00 density_2.4
                      3.5201000000e-01 speed_2.4
                      8.7554700000e+00 flow_3.6
                      3.9881000000e+00 density_3.6
                      5.2657000000e-01 speed_3.6
                      1.2280700000e+01 flow_5.0
                      3.5137800000e+00 density_5.0
                      6.1830000000e-01 speed_5.0


Active response data for evaluation 263:
Active set vector = { 1 1 1 1 1 1 1 1 1 }
                      4.7546000000e+00 flow_2.4
                      3.9508200000e+00 density_2.4
                      3.2723000000e-01 speed_2.4
                      6.9651700000e+00 flow_3.6
                      3.5022400000e+00 density_3.6
                      4.3464000000e-01 speed_3.6
                      9.0237600000e+00 flow_5.0
                      3.2221800000e+00 density_5.0
                      4.7128000000e-01 speed_5.0


Active response data for evaluation 264:
Active set vector = { 1 1 1 1 1 1 1 1 1 }
                      4.1592400000e+00 flow_2.4
                      3.0191800000e+00 density_2.4
                      4.6212000000e-01 speed_2.4
                      7.4310000000e+00 flow_3.6
                      2.7631700000e+00 density_3.6
                      7.1936000000e-01 speed_3.6
                      1.0486890000e+01 flow_5.0
                      2.6545500000e+00 density_5.0
                      8.2954000000e-01 speed_5.0


Active response data for evaluation 265:
Active set vector = { 1 1 1 1 1 1 1 1 1 }
                      3.4339000000e+00 flow_2.4
                      3.9850300000e+00 density_2.4
                      2.4102000000e-01 speed_2.4
                      5.1324500000e+00 flow_3.6
                      3.2635100000e+00 density_3.6
                      3.5804000000e-01 speed_3.6
                      6.7928200000e+00 flow_5.0
                      2.8911400000e+00 density_5.0
                      4.2664000000e-01 speed_5.0


Active response data for evaluation 266:
Active set vector = { 1 1 1 1 1 1 1 1 1 }
                      5.9221700000e+00 flow_2.4
                      5.4537800000e+00 density_2.4
                      3.0733000000e-01 speed_2.4
                      6.3578600000e+00 flow_3.6
                      2.8989300000e+00 density_3.6
                      4.3349000000e-01 speed_3.6
                      7.5268800000e+00 flow_5.0
                      2.1595400000e+00 density_5.0
                      3.8747000000e-01 speed_5.0


Active response data for evaluation 267:
Active set vector = { 1 1 1 1 1 1 1 1 1 }
                      7.7889400000e+00 flow_2.4
                      4.0026300000e+00 density_2.4
                      5.7512000000e-01 speed_2.4
                      1.2702700000e+01 flow_3.6
                      3.6503700000e+00 density_3.6
                      8.2300000000e-01 speed_3.6
                      1.7415730000e+01 flow_5.0
                      3.4068500000e+00 density_5.0
                      9.8937000000e-01 speed_5.0


Active response data for evaluation 268:
Active set vector = { 1 1 1 1 1 1 1 1 1 }
                      6.5770900000e+00 flow_2.4
                      3.9941500000e+00 density_2.4
                      4.6394000000e-01 speed_2.4
                      1.0247990000e+01 flow_3.6
                      3.5203500000e+00 density_3.6
                      6.8416000000e-01 speed_3.6
                      1.4114110000e+01 flow_5.0
                      3.1602900000e+00 density_5.0
                      8.1126000000e-01 speed_5.0


Active response data for evaluation 269:
Active set vector = { 1 1 1 1 1 1 1 1 1 }
                      2.4704400000e+00 flow_2.4
                      2.6553300000e+00 density_2.4
                      2.5712000000e-01 speed_2.4
                      3.9886000000e+00 flow_3.6
                      2.0205600000e+00 density_3.6
                      4.6665000000e-01 speed_3.6
                      5.3626500000e+00 flow_5.0
                      1.6624700000e+00 density_5.0
                      6.6380000000e-01 speed_5.0


Active response data for evaluation 270:
Active set vector = { 1 1 1 1 1 1 1 1 1 }
                      6.9135800000e+00 flow_2.4
                      4.9294700000e+00 density_2.4
                      3.9741000000e-01 speed_2.4
                      9.1176500000e+00 flow_3.6
                      3.7021200000e+00 density_3.6
                      5.7636000000e-01 speed_3.6
                      1.1097950000e+01 flow_5.0
                      2.6215800000e+00 density_5.0
                      6.4782000000e-01 speed_5.0


Active response data for evaluation 271:
Active set vector = { 1 1 1 1 1 1 1 1 1 }
                      4.7570500000e+00 flow_2.4
                      2.9384300000e+00 density_2.4
                      4.6756000000e-01 speed_2.4
                      7.3956700000e+00 flow_3.6
                      2.5381400000e+00 density_3.6
                      7.1404000000e-01 speed_3.6
                      1.0211520000e+01 flow_5.0
                      2.3424800000e+00 density_5.0
                      8.5535000000e-01 speed_5.0


Active response data for evaluation 272:
Active set vector = { 1 1 1 1 1 1 1 1 1 }
                      2.8197400000e+00 flow_2.4
                      3.2106200000e+00 density_2.4
                      2.4821000000e-01 speed_2.4
                      4.2774200000e+00 flow_3.6
                      2.2242900000e+00 density_3.6
                      4.5194000000e-01 speed_3.6
                      4.6760200000e+00 flow_5.0
                      2.1006700000e+00 density_5.0
                      4.2562000000e-01 speed_5.0


Active response data for evaluation 273:
Active set vector = { 1 1 1 1 1 1 1 1 1 }
                      3.2475100000e+00 flow_2.4
                      3.6892800000e+00 density_2.4
                      2.5051000000e-01 speed_2.4
                      5.3763400000e+00 flow_3.6
                      2.7876900000e+00 density_3.6
                      4.7564000000e-01 speed_3.6
                      6.3752300000e+00 flow_5.0
                      2.7258300000e+00 density_5.0
                      4.7291000000e-01 speed_5.0


Active response data for evaluation 274:
Active set vector = { 1 1 1 1 1 1 1 1 1 }
                      4.4066700000e+00 flow_2.4
                      3.7899300000e+00 density_2.4
                      3.2269000000e-01 speed_2.4
                      6.4531100000e+00 flow_3.6
                      3.2396200000e+00 density_3.6
                      4.6261000000e-01 speed_3.6
                      8.7242000000e+00 flow_5.0
                      2.8307200000e+00 density_5.0
                      5.5209000000e-01 speed_5.0


Active response data for evaluation 275:
Active set vector = { 1 1 1 1 1 1 1 1 1 }
                      9.3414000000e+00 flow_2.4
                      3.4345400000e+00 density_2.4
                      7.4003000000e-01 speed_2.4
                      1.3806710000e+01 flow_3.6
                      3.0931300000e+00 density_3.6
                      1.0070000000e+00 speed_3.6
                      1.8817200000e+01 flow_5.0
                      2.9166700000e+00 density_5.0
                      1.0816800000e+00 speed_5.0


Active response data for evaluation 276:
Active set vector = { 1 1 1 1 1 1 1 1 1 }
                      6.5227500000e+00 flow_2.4
                      3.9114300000e+00 density_2.4
                      5.7675000000e-01 speed_2.4
                      1.1191050000e+01 flow_3.6
                      3.3343300000e+00 density_3.6
                      9.8399000000e-01 speed_3.6
                      1.6314550000e+01 flow_5.0
                      3.1127800000e+00 density_5.0
                      1.1245000000e+00 speed_5.0


Active response data for evaluation 277:
Active set vector = { 1 1 1 1 1 1 1 1 1 }
                      1.1204150000e+01 flow_2.4
                      6.0138900000e+00 density_2.4
                      5.2282000000e-01 speed_2.4
                      1.7031630000e+01 flow_3.6
                      5.0487000000e+00 density_3.6
                      7.8483000000e-01 speed_3.6
                      2.4298250000e+01 flow_5.0
                      4.2118500000e+00 density_5.0
                      1.0638400000e+00 speed_5.0


Active response data for evaluation 278:
Active set vector = { 1 1 1 1 1 1 1 1 1 }
                      1.0370370000e+01 flow_2.4
                      6.2844500000e+00 density_2.4
                      4.8446000000e-01 speed_2.4
                      1.5053760000e+01 flow_3.6
                      4.7617100000e+00 density_3.6
                      7.4694000000e-01 speed_3.6
                      2.0171670000e+01 flow_5.0
                      3.2211500000e+00 density_5.0
                      9.3417000000e-01 speed_5.0


Active response data for evaluation 279:
Active set vector = { 1 1 1 1 1 1 1 1 1 }
                      5.7772200000e+00 flow_2.4
                      3.8238300000e+00 density_2.4
                      4.3770000000e-01 speed_2.4
                      8.0449800000e+00 flow_3.6
                      3.3243900000e+00 density_3.6
                      5.8409000000e-01 speed_3.6
                      1.0727970000e+01 flow_5.0
                      2.8571400000e+00 density_5.0
                      6.9263000000e-01 speed_5.0


Active response data for evaluation 280:
Active set vector = { 1 1 1 1 1 1 1 1 1 }
                      7.5856400000e+00 flow_2.4
                      6.3040900000e+00 density_2.4
                      3.2474000000e-01 speed_2.4
                      9.5824800000e+00 flow_3.6
                      3.5868000000e+00 density_3.6
                      4.6828000000e-01 speed_3.6
                      1.1923080000e+01 flow_5.0
                      2.6593900000e+00 density_5.0
                      4.4294000000e-01 speed_5.0

<<<<< Function evaluation summary: 280 total (280 new, 0 duplicate)

Global sensitivity indices for each response function:
flow_2.4 Sobol' indices:
                                  Main             Total
                      1.2410434165e-01  3.7210630942e-02 desired_speed
                      3.0935462722e-01  1.9316547406e-01 radius
                      3.9902009320e-01  3.2817564762e-01 time_gap
                      3.1811991408e-02  1.8148771032e-02 strength_neighbor
                      7.1632642426e-02  6.9138966849e-02 range_neighbor
density_2.4 Sobol' indices:
                                  Main             Total
                     -1.7929866773e-02  3.6134589822e-03 desired_speed
                      5.2913539657e-01  4.8132775529e-01 radius
                      9.8725651205e-02  3.5141518696e-02 time_gap
                      6.2282385883e-02  1.7230087284e-01 strength_neighbor
                      2.5115145009e-01  3.2327971766e-01 range_neighbor
speed_2.4 Sobol' indices:
                                  Main             Total
                      1.1575337831e-01  1.6879745467e-01 desired_speed
                      3.3784043048e-03  1.7754538521e-02 radius
                      5.3041182141e-01  5.8066073318e-01 time_gap
                     -3.3826251346e-02  7.2177196554e-02 strength_neighbor
                      1.4149611430e-01  4.4615325504e-01 range_neighbor
flow_3.6 Sobol' indices:
                                  Main             Total
                      1.0688282562e-01  3.4282539395e-02 desired_speed
                      2.8699149456e-01  1.6854792695e-01 radius
                      4.3972040520e-01  3.2558017827e-01 time_gap
                      6.3461661195e-02  3.3827289570e-02 strength_neighbor
                      8.2129143927e-02  1.2757892145e-01 range_neighbor
density_3.6 Sobol' indices:
                                  Main             Total
                     -3.5608530434e-02  1.0146103397e-02 desired_speed
                      4.2327193271e-01  4.6493312771e-01 radius
                      1.3773953562e-01  7.5871078702e-02 time_gap
                      5.4511371920e-02  2.0176788542e-01 strength_neighbor
                      2.7602749209e-01  3.6666046907e-01 range_neighbor
speed_3.6 Sobol' indices:
                                  Main             Total
                      1.5696100521e-01  1.8962261783e-01 desired_speed
                      4.4273482132e-02  4.0160334848e-02 radius
                      4.6283667546e-01  5.6426325408e-01 time_gap
                      7.9196597026e-02  4.3072015797e-02 strength_neighbor
                      1.6903875513e-01  4.1191906895e-01 range_neighbor
flow_5.0 Sobol' indices:
                                  Main             Total
                      5.2412149571e-02  2.5969582440e-02 desired_speed
                      2.0505930707e-01  1.4429951172e-01 radius
                      4.5199760816e-01  3.6213758279e-01 time_gap
                      1.1129388119e-03  3.1210092144e-02 strength_neighbor
                      8.2237215503e-02  1.6415390050e-01 range_neighbor
density_5.0 Sobol' indices:
                                  Main             Total
                     -5.1435431354e-02  2.4419440582e-02 desired_speed
                      3.4917769567e-01  4.2620810080e-01 radius
                      1.4924591208e-01  7.7825633662e-02 time_gap
                      7.0432455204e-02  2.6015699536e-01 strength_neighbor
                      3.3460708833e-01  5.2282801425e-01 range_neighbor
speed_5.0 Sobol' indices:
                                  Main             Total
                      4.3856119665e-02  1.2856039973e-01 desired_speed
                     -2.2571828794e-02  4.5673720049e-02 radius
                      3.8732519375e-01  4.8404729900e-01 time_gap
                     -2.5181188612e-02  5.8016640504e-02 strength_neighbor
                      2.1665220113e-01  5.1589903572e-01 range_neighbor

<<<<< Iterator random_sampling completed.
<<<<< Environment execution completed.
DAKOTA execution time in seconds:
  Total CPU        =   0.553319 [parent =   0.553366, child =   -4.7e-05]
  Total wall clock =    1194.92
