%eval_id interface desired_speed  radius         time_gap       strength_neighbor range_neighbor flow_2.4       density_2.4    speed_2.4      flow_3.6       density_3.6    speed_3.6      flow_5.0       density_5.0    speed_5.0      
1        NO_ID      0.8710362144   0.234004978    0.8839308344   5.012596515    0.2779063587   2.42929        2.35803        0.30564        3.73194        2.02214        0.45176        5.51643        1.76645        0.62573        
2        NO_ID      0.8027539895   0.2398410403   0.1732685943   7.005746612    0.1875935617   4.18911        2.86996        0.46534        6.54511        2.60004        0.62396        9.20447        2.49965        0.70008        
3        NO_ID      1.409218935    0.2310904354   0.4789477015   9.170621553    0.2003149897   4.02348        2.40359        0.4837         6.14035        2.08818        0.7141         8.87405        1.85714        0.95196        
4        NO_ID      1.094681918    0.2222512741   0.919192957    3.236784669    0.1886036686   2.61731        2.89027        0.25528        4.09025        2.3381         0.42323        5.47731        2.06205        0.51146        
5        NO_ID      1.441629036    0.1596914143   0.1073265529   6.444786976    0.05944051016  15.20563       6.71174        0.63565        23.60406       5.8189         0.94989        31.63265       4.69474        1.1731         
6        NO_ID      1.308802892    0.1581648299   0.6398823096   4.233578512    0.1673438102   5.71195        4.94346        0.32454        8.37822        4.02042        0.48153        11.07143       3.39795        0.62419        
7        NO_ID      1.427700598    0.1851701158   0.398249289    7.833740497    0.2350842136   6.12648        2.88957        0.6126         9.40258        2.51307        0.93349        13.36207       2.3025         1.13813        
8        NO_ID      1.030784339    0.1535023748   0.3739403788   5.825028278    0.02692304052  7.06993        4.58961        0.41826        7.61826        2.31849        0.53786        8.34829        1.64555        0.40593        
9        NO_ID      1.105713587    0.1425653502   0.4740779746   4.122295706    0.09969255932  7.6584         6.50607        0.33872        10.70336       5.13076        0.49071        14.85043       3.67754        0.70633        
10       NO_ID      1.129044646    0.168155906    0.5680725306   3.331632788    0.0552547913   5.25037        4.23572        0.35644        6.22222        2.49715        0.50239        7.22394        1.95325        0.44953        
11       NO_ID      1.580759305    0.1924313819   0.7746732683   8.527158973    0.1287111814   3.72737        3.57428        0.28377        5.24831        2.92217        0.41605        7.07071        2.55403        0.49724        
12       NO_ID      1.417446456    0.2005428474   0.1724060098   8.822600581    0.2704627953   6.41026        2.22639        0.85302        9.58763        2.02234        1.16445        13.45785       1.9341         1.27969        
13       NO_ID      0.8762394415   0.2384960999   0.1609394943   7.689559537    0.2973650768   3.52201        1.94085        0.5588         5.31346        1.77712        0.74822        7.2884         1.70188        0.81974        
14       NO_ID      1.413340674    0.2115622317   0.7821818195   5.151151149    0.2633269934   3.53803        2.69453        0.37248        5.47731        2.21215        0.58529        7.61283        1.99482        0.65344        
15       NO_ID      1.134228754    0.1776000695   0.2787759099   8.627868369    0.06558584858  7.31452        5.07769        0.40079        10.60606       4.37196        0.57886        15.29605       3.49707        0.82828        
16       NO_ID      1.26935536     0.1315894079   0.5572207532   6.57091114     0.2864967623   6.8326         3.18113        0.57888        10.12292       2.85057        0.81431        14.09091       2.63757        0.99854        
17       NO_ID      1.242288432    0.2476922133   0.4496289762   4.846376464    0.1468129397   3.64868        2.62472        0.40352        6.08049        2.1239         0.70521        8.42359        1.92214        0.87676        
18       NO_ID      1.452225725    0.1220745382   0.8995049772   7.939542709    0.2933668894   5.35714        2.90975        0.49491        7.48792        2.61398        0.62043        10.0072        2.42919        0.71232        
19       NO_ID      1.258313431    0.1955271152   0.6746345012   7.326691802    0.08542597651  3.93557        3.74025        0.28771        5.54236        3.01834        0.4331         6.88299        2.82295        0.46571        
20       NO_ID      0.8378465566   0.1665549556   0.580488999    8.280845786    0.03692331569  4.82592        4.99779        0.26891        6.44567        3.24187        0.42915        7.49064        2.49742        0.43977        
21       NO_ID      0.9433812745   0.1417301113   0.1657993694   4.559564165    0.04710935729  12.56757       7.84704        0.45312        18.4595        5.4443         0.72541        22.77228       4.02885        0.79396        
22       NO_ID      1.495106129    0.2469165136   0.9677999826   8.328848745    0.1128124018   2.31574        2.34418        0.27188        3.48371        1.78867        0.45351        4.98022        1.44204        0.65283        
23       NO_ID      1.113361918    0.1256485823   0.3304297751   6.798654271    0.1434361193   11.32686       6.35161        0.49648        16.37324       5.44048        0.70042        23.51946       4.6618         0.91255        
24       NO_ID      1.421699243    0.2093679278   0.7245489767   2.320863345    0.08884262998  3.61197        2.85383        0.36893        4.87126        1.59076        0.68536        4.91543        1.29563        0.51589        
25       NO_ID      1.196578836    0.1677649398   0.3585780391   8.231560606    0.2271793923   6.73913        3.16622        0.60816        10.14652       2.82973        0.86751        14.14141       2.66454        1.01227        
26       NO_ID      0.9001493811   0.2232537765   0.2605343866   7.179623698    0.2054971074   4.51188        2.87708        0.47911        6.96517        2.62827        0.67907        10.14493       2.45778        0.79041        
27       NO_ID      0.8444647348   0.2036547621   0.5960337193   2.575096167    0.2243221766   3.53535        3.16589        0.37482        6.06849        2.90863        0.5298         8.42326        2.67376        0.61463        
28       NO_ID      1.338463169    0.1623229551   0.189597806    8.984962623    0.2481681938   7.9096         2.81091        0.80123        11.72529       2.53983        1.06927        16.25874       2.41974        1.20262        
29       NO_ID      1.01346569     0.2095865304   0.9606276933   6.014524245    0.2445114494   2.81294        2.71493        0.29883        4.3573         2.32259        0.44763        6.06849        2.06772        0.53847        
30       NO_ID      0.9812962622   0.1860372713   0.4279638612   8.049134375    0.121741989    5.15085        4.20125        0.35303        8.23045        3.46234        0.58679        11.11111       3.15787        0.66713        
31       NO_ID      1.136994955    0.2333750017   0.978317256    8.926748779    0.04964079126  2.22011        2.64877        0.23492        3.50088        1.90405        0.44227        3.82401        1.60744        0.44406        
32       NO_ID      1.116626531    0.1707449145   0.1364640458   7.863626672    0.0384673252   10.6198        6.15546        0.49           16.31823       5.18787        0.72379        20.85202       4.30883        0.82403        
33       NO_ID      0.9057268507   0.2013173327   0.319969333    5.145200624    0.1772971417   5.08351        3.81218        0.39262        7.97476        3.38948        0.5925         11.59241       3.13933        0.7636         
34       NO_ID      0.9313924364   0.1936549313   0.6203000284   2.130579692    0.03029425975  2.6526         1.8525         0.34455        3.10904        0.98678        0.40565        3.08031        1.11501        0.16855        
35       NO_ID      1.503457388    0.2291667749   0.1976673041   3.292222349    0.165394886    6.89316        3.23193        0.63451        11.05845       2.80691        1.01559        16.43275       2.65609        1.313          
36       NO_ID      1.295376001    0.2364393438   0.3927559224   9.928510412    0.1831476078   4.2156         2.40088        0.52345        6.62879        2.12006        0.76748        9.24092        1.89194        0.99339        
37       NO_ID      0.8135407391   0.2432390925   0.7923013087   6.145035544    0.1800920365   2.31711        2.54972        0.26426        3.70813        2.1033         0.43024        5.05985        1.88354        0.5256         
38       NO_ID      1.466511318    0.2245646578   0.8132230258   3.741421596    0.1339009263   3.09256        2.7584         0.30983        4.74737        2.11201        0.53926        5.52245        2.11947        0.52332        
39       NO_ID      1.172789204    0.2485704634   0.7596698358   7.406321865    0.1378496887   2.51166        2.41701        0.29028        3.87079        1.95803        0.46864        5.23169        1.76232        0.58123        
40       NO_ID      1.484858013    0.1902641699   0.7083611273   9.500106278    0.267022999    4.01261        2.26819        0.50165        6.13805        1.98041        0.72448        8.3632         1.75696        0.91948        
41       NO_ID      1.037273039    0.1820864781   0.8199213982   4.911016817    0.07788076859  3.76171        4.11331        0.25416        4.97697        3.17524        0.3706         6.23053        2.46024        0.43748        
42       NO_ID      1.351810881    0.1234025995   0.835158053    5.091161678    0.1015053216   5.67721        7.40605        0.20929        7.88136        5.64842        0.31959        10.23392       4.42209        0.39158        
43       NO_ID      1.301027052    0.1662539483   0.6594305038   5.25934755     0.044973186    5.13385        4.35361        0.33405        5.76132        2.75828        0.46053        6.51368        1.89038        0.42473        
44       NO_ID      1.367580473    0.2263086534   0.2255199231   6.512509447    0.1084685075   6.15655        3.36274        0.52367        9.60219        2.89271        0.80692        14.14141       2.57931        1.11577        
45       NO_ID      1.271417439    0.2145268094   0.306859194    2.400213322    0.1282472094   5.99227        3.44893        0.51769        9.06149        2.72494        0.84534        10.8353        2.37281        0.8629         
46       NO_ID      0.9870118032   0.1563877611   0.8013221977   3.423284653    0.252712209    4.52635        4.39213        0.29969        7.0922         3.59636        0.4616         10.05007       3.24335        0.57363        
47       NO_ID      1.104879977    0.207748605    0.2942578836   6.160281978    0.02281285153  5.24239        3.31322        0.45317        5.60897        2.69937        0.47796        5.9676         1.91343        0.42063        
48       NO_ID      1.377286661    0.2454237587   0.8446991388   9.96285213     0.1785838227   2.45356        2.23106        0.31015        3.85039        1.84298        0.47077        5.17241        1.60397        0.58669        
49       NO_ID      1.523619696    0.12622832     0.7200061917   3.499726001    0.2948272016   7.19055        4.39286        0.44539        10.18116       3.75271        0.57679        13.64522       3.26218        0.72051        
50       NO_ID      0.9232457203   0.1496991862   0.3104195331   5.689452213    0.2552641825   7.15746        3.63487        0.54243        10.57839       3.30418        0.72367        14.5379        3.12999        0.80947        
51       NO_ID      1.059087854    0.1897919113   0.8908581432   2.753518488    0.1691361789   3.26569        3.73964        0.24889        4.78632        3.15354        0.35146        6.16469        2.88471        0.39473        
52       NO_ID      1.279056139    0.2193613339   0.7052023338   2.028353328    0.1747422577   3.48259        2.86939        0.35199        5.30906        2.25812        0.58171        6.26126        2.15997        0.56005        
53       NO_ID      1.185115588    0.1451176049   0.2059286561   4.990813462    0.2890859849   9.29615        3.42126        0.71146        13.60544       3.08191        0.96319        18.35938       2.9301         1.06106        
54       NO_ID      0.8256066429   0.1442909035   0.7639205014   4.467016624    0.03334463969  4.32499        4.24851        0.27519        4.59941        1.95493        0.36468        5.04171        1.42838        0.20663        
55       NO_ID      0.9727942704   0.1359016689   0.6143136304   5.302843629    0.1633053525   6.33515        5.88994        0.3103         9.56284        4.84005        0.45945        13.16527       4.21538        0.54135        
56       NO_ID      1.432863969    0.2297645911   0.8974942864   8.485497836    0.09267208181  2.67584        2.66199        0.27347        3.9852         2.05997        0.45316        5.71195        1.62657        0.67142        
57       NO_ID      1.515130131    0.2059822693   0.4456528817   9.10447475     0.1103013975   5.00179        3.44448        0.40443        7.51739        2.8746         0.59784        10.0432        2.50808        0.74448        
58       NO_ID      0.9122841661   0.2448190154   0.6434903838   7.752175305    0.1323373072   2.67738        2.61365        0.29087        3.96152        2.21344        0.4277         5.49645        1.96407        0.57346        
59       NO_ID      1.566386615    0.2288098866   0.3779317638   9.352700349    0.09514395609  4.662          3.02217        0.43193        7.52427        2.44923        0.73434        10.14493       2.12775        0.94862        
60       NO_ID      0.9260778851   0.1721771134   0.4655009823   2.814734675    0.0737964234   6.22222        4.29855        0.42403        7.02541        2.97335        0.52812        8.65922        2.26533        0.52226        
61       NO_ID      1.168935693    0.1285645785   0.9088374401   9.610485322    0.1196548128   4.74974        6.084          0.2109         7.02811        4.98577        0.31213        8.90585        4.2483         0.35239        
62       NO_ID      1.550334847    0.1292313411   0.9841292809   4.743574477    0.07525608909  4.69484        6.98708        0.18303        6.14035        4.87           0.28439        7.6776         3.12807        0.36714        
63       NO_ID      1.071109789    0.2153387548   0.7439472286   6.394820449    0.1556945638   3.23591        3.0526         0.30264        4.60745        2.52225        0.43353        6.60511        2.20187        0.59584        
64       NO_ID      1.311006894    0.1618188723   0.3876578679   9.48612211     0.2387983658   6.60066        2.86168        0.65621        10.02155       2.57028        0.93045        13.88889       2.42423        1.08233        
65       NO_ID      1.393445902    0.232238317    0.2365710321   9.670429492    0.1935459279   5.67031        2.45427        0.69356        8.61318        2.24096        0.95296        12.24847       2.12603        1.13508        
66       NO_ID      1.389041811    0.1573411482   0.2667422968   7.138105792    0.2665986877   8.37838        2.96891        0.78016        12.56757       2.70023        1.06277        16.90998       2.53506        1.20469        
67       NO_ID      1.081939856    0.1241323756   0.9339868311   9.406890495    0.1250728274   4.90712        6.15152        0.21435        7.13558        5.08915        0.30009        8.90805        4.35025        0.34634        
68       NO_ID      0.8053536244   0.1368401346   0.1174708097   7.630451372    0.1399519614   11.16427       5.77736        0.52192        16.26016       5.17237        0.66969        21.50538       4.72641        0.7335         
69       NO_ID      0.8984741183   0.1479223267   0.7871641789   6.339441617    0.2538316616   4.662          3.52509        0.3756         7.16487        3.07555        0.56381        9.65278        2.78586        0.65877        
70       NO_ID      1.236016773    0.1547146066   0.2327640092   7.377416401    0.1582481423   10.17505       4.82572        0.60497        15.55556       4.31063        0.85276        22.2488        3.92687        1.04767        
71       NO_ID      1.479035113    0.2498533779   0.2419269683   2.512326773    0.02144193206  3.77562        1.5149         0.62522        3.99485        0.87784        0.6453         4.24242        0.79165        0.37405        
72       NO_ID      1.559628664    0.2182020972   0.6087045086   3.056207879    0.2420513477   4.30902        2.81234        0.43397        6.56353        2.27302        0.69294        8.75706        2.163          0.7651         
73       NO_ID      1.042723245    0.1765578371   0.3859781561   3.692213782    0.2756473879   5.70443        3.80127        0.47001        9.7629         3.29518        0.73872        14.08308       3.04167        0.89227        
74       NO_ID      1.157068593    0.1588099991   0.349429903    3.566709149    0.1495117149   8.24531        5.5649         0.43614        12.90174       4.55651        0.69647        17.41573       4.05184        0.81585        
75       NO_ID      1.231458964    0.1303245842   0.2543701807   5.723854582    0.220011056    11.61236       4.57634        0.67684        17.27941       4.08359        0.93954        23.51946       3.81403        1.07068        
76       NO_ID      1.590500522    0.2442894447   0.5900827433   4.055287075    0.2290262258   3.447          2.34127        0.4354         5.56215        1.97678        0.67875        7.81686        1.79736        0.81665        
77       NO_ID      1.401868001    0.1715963949   0.3684258507   5.585795785    0.1645025062   7.55124        4.43198        0.48073        11.82519       3.69277        0.80022        15.81633       3.24637        0.93435        
78       NO_ID      1.373733731    0.1551023381   0.6703645201   5.754428893    0.06811248981  5.44535        5.36734        0.27433        7.82998        3.92708        0.46613        8.92514        2.97824        0.48096        
79       NO_ID      1.486597475    0.1913661376   0.5755307087   3.124092319    0.2609800358   5.32037        3.36633        0.4555         7.62527        2.82306        0.65036        10.67887       2.64269        0.73952        
80       NO_ID      1.048788326    0.1996719068   0.5156918358   7.981442108    0.1614355096   4.33302        3.41588        0.36592        6.52681        2.8973         0.54807        9.69634        2.50111        0.76891        
81       NO_ID      1.001417625    0.1432865148   0.9926988632   7.09316258     0.1898564239   4.13712        4.42           0.25993        6.44044        3.71641        0.37815        8.13008        3.3559         0.42137        
82       NO_ID      1.2020326      0.1491540506   0.1297354607   3.989816301    0.2817366881   10.96698       3.86513        0.74585        16.14764       3.48768        0.98214        21.49533       3.28987        1.0861         
83       NO_ID      1.026374601    0.1992121001   0.5038909073   3.802103476    0.185074115    4.52635        3.69549        0.35862        7.21623        3.01621        0.59932        9.95025        2.70061        0.72034        
84       NO_ID      0.9601199094   0.1405968142   0.8540104162   3.176679747    0.05106218578  4.70648        4.62137        0.28957        5.44535        2.46816        0.44052        6.00173        1.7178         0.26097        
85       NO_ID      1.575880311    0.1470427685   0.7313667523   4.439000161    0.06952993471  5.47731        5.52671        0.27249        7.24299        3.6889         0.43127        7.84314        2.88381        0.40946        
86       NO_ID      1.43913064     0.122531926    0.7525041936   8.670779961    0.2083624004   6.23324        4.08109        0.41041        8.85515        3.64651        0.51975        11.81435       3.29185        0.60102        
87       NO_ID      0.8606279266   0.1702831047   0.9112808851   4.505672204    0.1443391895   3.54962        4.58919        0.21617        5.38255        3.74547        0.34446        6.91542        3.38008        0.38194        
88       NO_ID      1.57099488     0.2225034023   0.9460580512   6.261589196    0.08778048493  2.68508        2.7981         0.26485        4.20042        2.03976        0.47666        5.6432         1.62316        0.64349        
89       NO_ID      1.542983319    0.2078881523   0.2221725014   9.072491946    0.03530307003  7.23854        3.94042        0.51191        9.96416        3.1821         0.75833        11.89863       2.92049        0.73948        
90       NO_ID      1.079465326    0.2268933013   0.1046567283   4.852648751    0.2796363593   6.06061        2.63179        0.68853        9.01163        2.43023        0.88776        12.4           2.33758        0.96398        
91       NO_ID      1.053901574    0.2377127348   0.9530601282   5.217275867    0.1308244136   2.32635        2.59903        0.25128        3.53881        2.03218        0.41593        4.77653        1.82314        0.50566        
92       NO_ID      0.9688291319   0.1967288604   0.584175061    7.724560157    0.1248099914   3.84088        3.76645        0.29151        6.10604        3.08361        0.47597        8.43882        2.76044        0.58847        
93       NO_ID      1.248268154    0.1747157159   0.5503855933   4.291493502    0.1162205331   5.42636        4.53916        0.33724        7.69868        3.69717        0.50345        10.5303        2.91869        0.69309        
94       NO_ID      1.455712997    0.1510345592   0.546096966    4.751351594    0.136770794    6.74374        5.53649        0.33564        9.908          4.41397        0.5089         12.73973       3.74073        0.62315        
95       NO_ID      0.9529543141   0.2206013412   0.9258331511   2.2663132      0.2465565645   2.74026        2.77886        0.28499        4.17798        2.26718        0.45439        5.58894        2.11499        0.51422        
96       NO_ID      1.347229502    0.2140122881   0.2486733345   5.871575911    0.1972800042   6.43154        3.21256        0.59227        9.98563        2.82834        0.87001        14.85623       2.64047        1.13806        
97       NO_ID      1.29227311     0.1947462976   0.6940981798   4.323018425    0.2749960953   4.23089        3.02277        0.39804        6.58204        2.52918        0.62986        9.07912        2.25659        0.76498        
98       NO_ID      1.095103073    0.1642722095   0.3330943902   6.088207712    0.2904356209   6.38395        2.88837        0.60867        9.56284        2.64534        0.84327        13.05164       2.48646        0.95411        
99       NO_ID      0.9595665073   0.1201050513   0.1519662042   6.69874718     0.0420916939   16.7264        9.99107        0.4562         24.30556       7.17617        0.72915        31.22222       4.35904        0.87344        
100      NO_ID      1.147123508    0.2027612934   0.7138259973   4.625407872    0.1996556073   3.72142        3.28699        0.32139        5.67031        2.70111        0.50685        7.84314        2.41401        0.56415        
101      NO_ID      0.9367695254   0.1610666704   0.7369305534   2.202101543    0.2920743687   4.66801        4.24224        0.33119        7.47863        3.53143        0.52652        10.2649        3.20721        0.56449        
102      NO_ID      0.8922040492   0.2467482226   0.998701377    6.928395109    0.2302668107   2.03075        2.23645        0.26426        3.11943        1.91669        0.39161        4.41176        1.62729        0.52984        
103      NO_ID      1.286870624    0.2038649483   0.2847076308   3.608625912    0.1599960407   6.42792        3.81804        0.49597        10.13858       3.19635        0.8813         14.90948       2.95212        0.99488        
104      NO_ID      0.832554138    0.215927547    0.364085468    6.743130254    0.2370228949   3.9784         2.73759        0.44157        6.18102        2.50992        0.61574        8.65922        2.32408        0.7192         
105      NO_ID      0.8471853097   0.2133526509   0.8409821474   5.920878095    0.03119135638  2.574          2.78745        0.26087        3.16814        1.66287        0.40898        3.23141        1.4685         0.29535        
106      NO_ID      1.066287926    0.2416342885   0.7775962084   7.581648027    0.08080667442  2.44456        2.62285        0.25924        3.94144        2.05576        0.4558         5.11971        1.77803        0.57398        
107      NO_ID      0.880257336    0.1976320437   0.2990177249   6.233439379    0.1035065482   5.35027        4.29972        0.35927        8.34808        3.76136        0.55887        12.46684       3.34798        0.74597        
108      NO_ID      0.992075506    0.1872187004   0.7469467496   4.185768953    0.1813554384   3.93479        3.82853        0.29407        5.81154        3.18786        0.42855        8.04598        2.77692        0.53966        
109      NO_ID      1.281389888    0.1599654538   0.8232521689   3.892830908    0.1169738332   4.55577        5.04564        0.25349        5.93723        4.11554        0.34301        7.79661        3.26021        0.4461         
110      NO_ID      1.532375443    0.1802414575   0.4685291074   2.949405637    0.2225449879   6.59624        3.91878        0.47703        10.46771       3.22738        0.78483        14.67505       2.78661        0.97838        
111      NO_ID      0.8214545237   0.225062493    0.6320311295   9.305106711    0.2833585617   2.7195         1.9465         0.43086        4.12614        1.76505        0.59083        5.7764         1.65699        0.71649        
112      NO_ID      0.8191997452   0.1275802767   0.4106258668   7.29485318     0.06039537625  8.33333        8.25726        0.28508        12.56684       6.13762        0.46684        16.54762       3.94001        0.65083        
113      NO_ID      1.322570175    0.2103156067   0.1433890256   5.636766209    0.1213503395   8.13008        4.01863        0.58897        12.77473       3.55577        0.89211        18.5259        3.34396        1.08563        
114      NO_ID      1.396581423    0.1980569827   0.1466146549   2.984513808    0.0439430918   8.95713        4.16769        0.62625        11.96581       2.75575        0.9441         13.97206       2.02292        0.87451        
115      NO_ID      1.460307645    0.1353068444   0.8280022623   6.976993607    0.2697591084   5.49603        3.24189        0.46044        8.05987        2.8436         0.65518        10.39347       2.6746         0.64438        
116      NO_ID      1.356811702    0.2068054382   0.8783423892   8.104204034    0.07606888253  2.86299        3.35968        0.23387        4.54398        2.45171        0.43316        5.11135        2.34995        0.43203        
117      NO_ID      1.52752787     0.1691441391   0.1792682402   9.034548185    0.2858785876   7.50268        2.31541        0.90779        11.08472       2.11704        1.22369        15.47619       2.02845        1.35472        
118      NO_ID      1.191125273    0.1458259059   0.1912147158   5.520720943    0.08194345881  12.15278       7.24119        0.47474        19.92908       5.85729        0.80846        26.57143       4.85897        0.92284        
119      NO_ID      0.9474631796   0.1309899652   0.2113753225   9.710831863    0.06374262604  12.15278       8.25232        0.40104        19.03794       6.67004        0.63818        25.78269       5.54553        0.74184        
120      NO_ID      1.471213377    0.1526560587   0.9602648435   6.64599103     0.2424302236   4.35323        3.49271        0.33992        6.39269        3.02277        0.4627         8.0711         2.6686         0.51165        
121      NO_ID      1.262931265    0.2409651014   0.1264308063   2.455028886    0.1737394477   6.54097        2.97196        0.75517        10.16703       2.88626        1.05671        15.10248       2.74597        1.13431        
122      NO_ID      0.9798682414   0.1337529646   0.4570577412   8.199140239    0.1921908158   7.431          4.36946        0.4747         11.08472       3.90276        0.65862        15.4485        3.58325        0.77508        
123      NO_ID      1.228048118    0.1732774431   0.6865497352   8.378556781    0.2499103616   4.57516        2.78911        0.45718        6.74832        2.41059        0.66002        9.06149        2.25014        0.75219        
124      NO_ID      1.491152921    0.1634708058   0.2172717094   2.153293494    0.1117339377   11.90476       5.40304        0.65452        16.787         3.74615        1.02887        20.59259       2.93063        1.02342        
125      NO_ID      1.598463253    0.1737689859   0.6265939672   5.435744333    0.2137213333   5.35576        3.77545        0.39709        8.04598        3.01236        0.60794        10.85271       2.69307        0.74757        
126      NO_ID      1.08859211     0.2049393682   0.9417140475   2.635302809    0.04082003148  2.49288        2.03846        0.32281        2.72586        1.24166        0.40295        3.17029        0.90231        0.23622        
127      NO_ID      1.150461085    0.1887790372   0.6472751191   9.581401274    0.2357539557   4.05445        2.59502        0.4547         6.08431        2.24865        0.66143        8.45543        2.03578        0.81348        
128      NO_ID      1.0179331      0.138265195    0.9748644801   7.503645854    0.05366969158  4.36545        6.30557        0.19038        6.33198        4.14368        0.34621        6.33198        3.19783        0.29868        
129      NO_ID      1.181807824    0.1377784025   0.315048454    9.298336511    0.02856004554  10.279         6.76413        0.42569        11.66667       3.94059        0.57237        13.48748       2.39039        0.58035        
130      NO_ID      1.546034831    0.18764204     0.606210195    4.033799829    0.1721108215   4.85605        3.84523        0.35268        7.11009        3.15594        0.52707        9.88701        2.81259        0.63828        
131      NO_ID      1.560362811    0.1917232592   0.1166794083   3.380867231    0.09096395705  11.86804       4.83196        0.72811        18.6           4.21457        1.1129         26.01852       3.34254        1.40109        
132      NO_ID      1.25430267     0.1344785718   0.4226316945   9.825812224    0.2186660979   7.58564        3.49058        0.61302        11.24498       3.13831        0.85974        15.70295       2.97821        0.96909        
133      NO_ID      0.8550937401   0.235715911    0.4871631311   6.825304263    0.2592527935   3.12989        2.32526        0.41537        4.75221        2.11924        0.56778        6.84262        1.95435        0.71118        
134      NO_ID      1.218740787    0.2172536094   0.4191778972   9.868191278    0.09760620297  4.40341        3.35434        0.36676        6.72938        2.76915        0.58326        9.41734        2.39097        0.79546        
135      NO_ID      0.8854677575   0.2121949161   0.5380978638   8.858950022    0.2022974825   3.47999        2.72594        0.38099        5.60224        2.41949        0.58455        7.74609        2.20956        0.7211         
136      NO_ID      1.006531803    0.179344121    0.8674717461   9.221596266    0.08400348724  3.23625        4.3096         0.20626        5.06146        3.33694        0.35402        5.9387         3.09106        0.36925        
137      NO_ID      1.163267054    0.2316422929   0.5412576823   3.542853322    0.232606212    3.58974        2.75077        0.38689        5.89971        2.25086        0.63026        8.10185        2.11036        0.74536        
138      NO_ID      1.178567829    0.2425241585   0.3404745286   2.690049812    0.0718676031   4.48287        2.60917        0.50822        6.76329        1.6857         0.93729        6.8326         1.46068        0.71508        
139      NO_ID      0.8544814655   0.1817499801   0.6533470647   8.079845231    0.2728412106   3.63114        2.51147        0.42346        5.62927        2.26979        0.6117         7.79076        2.09196        0.7228         
140      NO_ID      1.53959015     0.152360268    0.2692875633   8.566073235    0.09618253796  10.60606       5.8386         0.50107        16.26298       4.8165         0.77667        21.35177       4.09813        0.93457        
141      NO_ID      1.022202269    0.1777855016   0.4896011538   2.379196505    0.2622216699   4.98758        3.87443        0.42554        8.65681        3.51773        0.63145        12.5448        3.0563         0.8058         
142      NO_ID      1.507412229    0.2278408111   0.4040629837   8.743427732    0.104088865    4.62227        3.00663        0.43052        7.2093         2.40463        0.70267        9.81638        2.15947        0.87269        
143      NO_ID      1.342417928    0.2189205813   0.6659803933   8.432532109    0.2261971225   3.66458        2.39459        0.43804        5.43777        2.06828        0.64206        7.38667        1.83763        0.74661        
144      NO_ID      1.589951506    0.1325325931   0.8603916644   5.995719022    0.02435174457  3.85994        4.4175         0.21924        3.82514        1.74637        0.29838        4.62504        1.04279        0.17326        
145      NO_ID      1.315318849    0.2213521295   0.6838108139   7.492112061    0.1407605998   3.3549         2.90679        0.3239         4.91024        2.46628        0.45096        6.55351        2.18271        0.5633         
146      NO_ID      1.061531818    0.1393379904   0.5239060962   6.852835007    0.1494220277   6.96296        5.57904        0.35178        10.64394       4.65581        0.53329        13.97206       4.21162        0.56711        
147      NO_ID      1.20781385     0.2350902783   0.5616802916   9.758229977    0.05284689576  3.37431        2.77844        0.33762        5.20253        2.15638        0.58769        6.32571        1.99837        0.61876        
148      NO_ID      1.447608022    0.1214236138   0.5166003221   2.051251264    0.2114943703   9.54329        6.95262        0.39085        14.7619        5.68829        0.60931        19.1358        4.82875        0.64794        
149      NO_ID      1.513252384    0.1270538096   0.9311536064   7.20866125     0.2100842656   5.24934        4.33387        0.32561        7.51476        3.7678         0.42468        9.72222        3.36687        0.47903        
150      NO_ID      1.14188997     0.1505056234   0.2900899128   6.487155178    0.2149964892   8.86995        4.02039        0.60953        13.21023       3.61746        0.85222        18.15824       3.38109        0.97114        
151      NO_ID      1.212344701    0.1753098192   0.4362780111   3.770313859    0.05676724944  6.34379        4.26747        0.42152        7.01098        3.05013        0.5111         8.78674        2.01545        0.58591        
152      NO_ID      1.124514171    0.1958515299   0.4941664626   5.495417901    0.1064667532   4.78142        3.92309        0.34494        7.17949        3.22087        0.53878        9.94971        2.80031        0.66372        
153      NO_ID      0.9172658615   0.1401842088   0.8748090404   5.383716519    0.2165108796   4.72813        4.64539        0.29463        7.32283        3.80868        0.44804        9.77731        3.39844        0.47861        
154      NO_ID      1.363538433    0.1790201435   0.5076938994   3.048561112    0.1950389058   5.99227        4.14208        0.41665        9.38544        3.26571        0.6944         12.78539       3.04011        0.7824         
155      NO_ID      0.9977638597   0.1827802076   0.8046682309   8.778554937    0.1536868258   3.37201        3.7544         0.25234        5.26118        3.06528        0.39783        7.52688        2.66937        0.50325        
156      NO_ID      1.383455465    0.183414901    0.8515854407   2.89194517     0.2065557755   3.63731        3.60661        0.31122        5.59538        3.17209        0.41422        7.50268        2.75166        0.50369        
157      NO_ID      0.8652031537   0.1648275449   0.3466800474   2.703077036    0.06463407282  7.12836        4.68112        0.436          8.77029        3.11248        0.60217        10.48689       2.28299        0.55684        
158      NO_ID      1.330436147    0.2387499139   0.4404069121   4.381738661    0.2578054245   4.11523        2.54736        0.47994        6.5309         2.14135        0.77297        9.37922        1.9145         1.00493        
159      NO_ID      1.329205206    0.1843964802   0.532473858    3.943347685    0.2991467413   5.31429        3.15374        0.49738        8.48375        2.7278         0.75832        12.26913       2.44784        0.99598        
160      NO_ID      1.221346178    0.1465148533   0.7007427903   4.678319074    0.1526183302   5.51615        5.68308        0.2665         8.42359        4.51931        0.41611        11.00554       3.72292        0.51641        
161      NO_ID      1.497476664    0.1489756121   0.283122144    2.482893255    0.02396504819  6.32106        2.98341        0.46788        6.67634        1.27381        0.51149        7.53388        0.86242        0.20796        
162      NO_ID      1.122308207    0.182712851    0.6987199569   4.89019156     0.1473341581   4.30902        4.06069        0.3001         6.28084        3.4483         0.41044        8.46945        3.02989        0.50048        
163      NO_ID      1.271949893    0.1284657736   0.8500631464   5.436141461    0.08296438001  5.0396         7.32413        0.19103        7.07071        5.47277        0.29877        8.92514        3.75411        0.37921        
164      NO_ID      1.45990891     0.1395220936   0.1669858734   5.20550119     0.2514780492   12.764         3.97027        0.85337        18.80857       3.55786        1.14511        25.59853       3.37716        1.26564        
165      NO_ID      1.031940356    0.2449162164   0.3493462588   2.402730285    0.05524944923  3.70077        2.50509        0.44091        4.83368        1.50497        0.69177        5.1885         1.38742        0.47688        
166      NO_ID      0.844432848    0.2381194956   0.8465525074   3.533019393    0.09851968182  2.31481        2.68486        0.24609        3.67744        2.0838         0.44065        4.62227        1.75805        0.52848        
167      NO_ID      1.537283233    0.1209632069   0.8656709874   2.246455331    0.2418385704   6.22222        6.19793        0.28316        9.37082        4.9796         0.40341        12.28299       4.12245        0.50806        
168      NO_ID      0.9864474055   0.1226708917   0.4935926255   7.968444867    0.0608826534   7.93651        8.40013        0.26023        11.35442       6.2331         0.40839        14.96815       4.30782        0.52364        
169      NO_ID      0.9932991071   0.2105044598   0.8067576616   8.708197205    0.03356826153  2.87533        3.13885        0.26053        3.77868        2.27245        0.40043        3.68463        2.13239        0.31426        
170      NO_ID      0.8265147297   0.1233825032   0.4948629562   6.140153935    0.1949276508   7.60281        5.2078         0.40884        12.15278       4.56308        0.60951        16.03448       4.10592        0.71934        
171      NO_ID      1.03922935     0.2220962653   0.957818724    8.68143887     0.1025617196   2.31596        2.99789        0.21543        3.6442         2.28297        0.36727        4.39351        2.13485        0.41939        
172      NO_ID      0.9068447674   0.2128367725   0.5675764024   7.380887676    0.2440657348   3.48779        2.56428        0.40632        5.43181        2.27898        0.61163        7.57576        2.11218        0.71702        
173      NO_ID      1.133476002    0.2025944495   0.3808213955   4.056202783    0.210197964    5.14381        3.49882        0.45519        8.67284        3.04001        0.70681        12.36842       2.77043        0.89877        
174      NO_ID      1.322998663    0.2428785281   0.7689570333   3.806748921    0.09267338872  2.81477        2.45917        0.3274         4.60396        1.68362        0.66634        5.03076        1.56105        0.63239        
175      NO_ID      0.9234440218   0.1318660506   0.8128969692   4.023864457    0.2284332498   5.63607        5.1217         0.31042        8.59327        4.25922        0.47512        11.01961       3.87869        0.49387        
176      NO_ID      0.8336842831   0.1478343468   0.8789474216   4.160156606    0.1348539699   4.21578        5.91841        0.20183        6.36653        4.63094        0.3275         8.13079        4.00409        0.36643        
177      NO_ID      1.345113492    0.1589498808   0.2602333521   7.233957865    0.2698910393   7.96233        2.9127         0.76723        11.78965       2.62192        1.04549        16.2037        2.46911        1.1687         
178      NO_ID      1.423564662    0.1758495749   0.1243005047   8.124323011    0.2399535672   8.72274        2.85914        0.86106        12.88089       2.59964        1.15425        17.67677       2.4535         1.2557         
179      NO_ID      1.327781806    0.12240039     0.4725612129   9.304680062    0.1720410668   8.66166        4.85353        0.49484        13.1728        4.24485        0.71237        17.03431       3.88475        0.77728        
180      NO_ID      1.467408988    0.1669633081   0.2428160464   6.217527106    0.1509338372   10.1087        4.79664        0.59546        15.50388       4.12606        0.88608        21.45062       3.62821        1.14302        
181      NO_ID      1.295540872    0.1348986385   0.9961092443   9.899371122    0.1181579638   4.37774        5.71579        0.20428        6.1082         4.72899        0.27814        7.89324        3.89942        0.34178        
182      NO_ID      1.434626676    0.2242226692   0.9474926996   4.394883117    0.2827671874   2.87214        2.4267         0.34016        4.46257        1.97987        0.51014        5.97849        1.83749        0.59629        
183      NO_ID      1.213051903    0.188710405    0.9670870708   3.571696492    0.143085226    3.1746         3.78011        0.23647        4.63883        2.99865        0.36282        5.7971         2.78558        0.38639        
184      NO_ID      0.8209268876   0.1818210452   0.4092119121   8.350932246    0.2804315021   4.02249        2.43502        0.48967        6.06849        2.19875        0.67254        8.45411        2.08312        0.74723        
185      NO_ID      1.151048595    0.1847299621   0.7697998324   7.886957846    0.2593635811   3.70959        2.62028        0.40867        5.85642        2.28976        0.60487        8.08781        2.06438        0.75299        
186      NO_ID      1.216471055    0.1700724854   0.302028511    6.446153604    0.03991351716  7.85473        5.17586        0.43147        10.27047       3.86918        0.58916        11.90476       2.5518         0.66206        
187      NO_ID      1.047643637    0.1291146343   0.9153376975   2.001191667    0.1304407681   4.851          7.10725        0.19718        6.85267        4.32263        0.36684        8.73908        3.13885        0.43029        
188      NO_ID      1.042201365    0.1851232758   0.2666321014   2.804966252    0.1548880726   6.95067        4.60634        0.46678        11.77215       3.9651         0.75114        15.87302       3.65315        0.86618        
189      NO_ID      1.479613314    0.1751659098   0.1542711835   9.015019533    0.03666593926  11.05845       5.68051        0.54412        15.55925       4.7552         0.77784        20.37846       3.64208        0.91465        
190      NO_ID      1.366907709    0.1497146008   0.818572756    4.463396296    0.09590409797  4.46144        5.93652        0.20806        6.34921        4.28377        0.35125        8.14427        3.23544        0.42302        
191      NO_ID      0.8843649738   0.2282750691   0.9006158484   5.173820417    0.1368109636   2.3486         2.86972        0.2316         3.70224        2.30168        0.39037        4.76923        2.16115        0.42473        
192      NO_ID      1.332046356    0.2091024633   0.4484815567   7.064102567    0.1292779166   4.86184        3.4069         0.40317        7.26895        2.84298        0.62507        10.57839       2.37472        0.88495        
193      NO_ID      0.852425856    0.1897491347   0.2364176405   9.91225493     0.1693382955   5.67031        3.36772        0.50973        8.626          3.07261        0.67961        11.96581       2.92839        0.75995        
194      NO_ID      1.522721575    0.2324816973   0.1200655698   6.503836993    0.0652126911   7.57576        3.56709        0.61865        12.42181       3.1737         0.95808        17.7399        2.94205        1.20392        
195      NO_ID      0.8029354848   0.1689178048   0.3712062246   3.902837895    0.1759433409   5.99059        4.94483        0.37691        9.47047        4.34705        0.54019        14.05622       3.88514        0.6849         
196      NO_ID      1.409816084    0.2073590909   0.9836018286   4.102932013    0.0507924676   2.83152        2.76694        0.28895        3.76648        1.56063        0.51117        3.72           1.66895        0.31285        
197      NO_ID      0.8553972515   0.2215469388   0.2084189637   9.174464633    0.249939932    3.88889        2.20233        0.54399        5.87002        2.02665        0.7326         8.08781        1.93494        0.7939         
198      NO_ID      1.168571636    0.134283471    0.4707129568   2.999354908    0.1145948457   8.64198        6.98541        0.3514         12.98883       5.06765        0.59956        15.65996       3.73387        0.6825         
199      NO_ID      1.094430051    0.1529746101   0.9434633239   7.939225722    0.07882590324  3.77257        5.60827        0.18106        5.50964        4.15094        0.31187        6.61001        3.50197        0.33821        
200      NO_ID      1.314199384    0.2171934901   0.5232279265   4.928690925    0.1566524165   4.32499        3.06184        0.40613        6.71965        2.48995        0.64712        9.26667        2.27545        0.79966        
201      NO_ID      0.8198581282   0.2032468051   0.3660413653   8.7687445      0.1015648574   4.47427        3.95782        0.32827        6.91358        3.42059        0.49918        10.21152       2.98464        0.70499        
202      NO_ID      1.280253683    0.1654958363   0.5504185329   5.115130265    0.04270812735  5.62249        4.43227        0.35686        6.85841        2.56943        0.54962        7.45474        2.37953        0.41186        
203      NO_ID      1.144496283    0.1502633048   0.3322073299   9.730200788    0.03568298068  8.27423        6.45101        0.35505        11.43791       4.51144        0.56697        13.80671       2.91193        0.70815        
204      NO_ID      1.570908608    0.1277023539   0.5955758474   5.527208349    0.193069819    7.76103        5.28757        0.40011        11.40994       4.55226        0.54221        15.34653       3.89626        0.64681        
205      NO_ID      1.351676044    0.2440691067   0.1071017052   3.765159776    0.2346123445   5.98456        3.08231        0.67605        10.02886       2.71753        1.08348        14.5379        2.58319        1.20402        
206      NO_ID      1.461637759    0.1524416009   0.5007141382   6.486972416    0.079575983    6.90335        5.74145        0.32732        9.908          4.30085        0.53555        12.4           3.45887        0.61476        
207      NO_ID      1.017918548    0.1410306976   0.9791303616   9.54212356     0.2222660776   4.05445        3.37162        0.33332        5.87741        2.98405        0.45174        7.83166        2.80318        0.47165        
208      NO_ID      1.096332655    0.1638696388   0.8978849302   2.698602893    0.04924856907  3.58148        3.2288         0.3094         4.01952        2.00086        0.41505        3.97501        1.18404        0.23148        
209      NO_ID      1.590997962    0.190114076    0.9908154448   5.832025074    0.05202663904  3.2839         3.36362        0.27309        4.43918        2.1109         0.44894        4.3573         2.13919        0.33821        
210      NO_ID      1.00941393     0.1458208287   0.6555927348   8.98135799     0.03912477577  5.35168        6.11745        0.24553        7.25765        3.88559        0.42481        7.98851        2.60296        0.41189        
211      NO_ID      1.526532766    0.2266968017   0.4385663804   4.561559789    0.1217396719   4.72335        2.96728        0.4495         7.36926        2.39065        0.74776        8.99676        2.29893        0.7855         
212      NO_ID      0.9164776255   0.1571011734   0.8854879835   4.437398337    0.07235061806  4.16296        5.22631        0.22092        5.15654        3.73285        0.31745        6.70029        2.81603        0.40407        
213      NO_ID      0.936894371    0.2095039687   0.839589277    7.71495337     0.0632198674   2.73369        3.38299        0.22691        4.48166        2.45186        0.42935        5.17564        2.35042        0.4413         
214      NO_ID      0.9562440296   0.237095286    0.9372363984   2.079655627    0.1967903688   2.28311        2.52113        0.26726        3.47534        2.06591        0.41301        4.48532        1.80557        0.4914         
215      NO_ID      1.233215158    0.2352228722   0.876212688    8.209226242    0.2422779218   2.61292        2.16644        0.34803        4.23065        1.77669        0.56669        5.60224        1.65125        0.61403        
216      NO_ID      1.39566852     0.2121446851   0.7318462565   3.640513452    0.2604454469   3.73632        2.89314        0.36961        5.91466        2.39037        0.57416        8.07382        2.08919        0.69924        
217      NO_ID      1.207746806    0.198504409    0.3249503703   2.850403696    0.2313674736   6.1753         3.64414        0.51871        9.84364        3.15046        0.83154        14.67505       2.94839        0.95486        
218      NO_ID      1.565991242    0.1876949514   0.7172750739   5.48535012     0.1262718904   4.14439        3.84096        0.29691        6.5864         2.97914        0.50302        7.57576        2.86206        0.51499        
219      NO_ID      1.450580014    0.2004803923   0.4589875132   8.279929053    0.1898653257   5.23756        3.0183         0.49297        7.89622        2.60286        0.72197        11.21795       2.29359        0.99281        
220      NO_ID      1.543522582    0.1251306129   0.7267506934   8.438465187    0.218729747    6.33198        3.91744        0.43144        9.3108         3.43679        0.58234        12.17277       3.15088        0.66713        
221      NO_ID      1.247566822    0.2493292891   0.3842759586   2.113546924    0.2755187358   3.96082        2.28222        0.58812        5.93723        2.07615        0.82938        8.95713        1.89997        0.98515        
222      NO_ID      1.557004424    0.1840138361   0.5558228053   3.206637227    0.2073817033   5.71253        3.68317        0.44358        8.3935         3.16892        0.61324        11.60862       2.65996        0.81722        
223      NO_ID      1.377320968    0.1779790563   0.4221134094   3.408087982    0.2824873903   6.38736        3.66206        0.53917        10.41667       3.09537        0.81466        15.2459        2.79412        1.04466        
224      NO_ID      1.022332755    0.2055647333   0.4812326383   6.781456596    0.1818722087   4.3573         3.27375        0.39137        6.91358        2.75888        0.61888        9.89247        2.46743        0.83881        
225      NO_ID      1.264012219    0.2077837563   0.4864883253   7.833427613    0.1240110629   4.53074        3.40845        0.37527        6.88299        2.79429        0.58404        9.19655        2.47763        0.71614        
226      NO_ID      1.128981203    0.1546282455   0.6099410749   4.808118635    0.06969622533  5.90717        5.39439        0.30463        7.41918        3.87954        0.43584        10.22811       2.54445        0.64246        
227      NO_ID      1.189356286    0.1416877443   0.5113133684   2.780366345    0.2573634486   7.39567        5.04888        0.43406        12.15278       4.23701        0.69659        16.90909       3.74482        0.81189        
228      NO_ID      1.204982884    0.1466618719   0.5164479302   7.304803395    0.187410151    6.75413        4.37461        0.4358         10.57186       3.74638        0.67046        13.91391       3.38163        0.71631        
229      NO_ID      1.531041638    0.1860451555   0.3422104233   9.452590044    0.2113118164   6.72004        2.87453        0.67325        10.43997       2.57454        0.97706        14.53125       2.38763        1.19268        
230      NO_ID      1.486708485    0.195467576    0.6024112431   2.326543415    0.1174689385   5.01253        3.30645        0.43493        6.59134        2.52393        0.6186         7.18702        1.93177        0.68998        
231      NO_ID      0.9644843127   0.1512078513   0.1453553927   9.55698566     0.07620744615  11.80203       6.64738        0.50022        18.01282       5.94485        0.69178        24.29825       5.27767        0.78334        
232      NO_ID      0.8359701225   0.2288753213   0.2042062455   5.978612721    0.178436267    4.47427        3.21189        0.43074        7.17593        2.95785        0.60662        10.21978       2.76942        0.7221         
233      NO_ID      1.38720355     0.2458229795   0.828372883    7.16188823     0.2982382099   2.69097        1.90139        0.41051        4.09716        1.59978        0.62158        5.9387         1.43654        0.81543        
234      NO_ID      0.9475146171   0.1993670463   0.2524820088   8.467407173    0.2665226464   4.61589        2.3486         0.58844        6.8787         2.16739        0.78138        9.63814        2.02939        0.86048        
235      NO_ID      0.9980012603   0.2162308411   0.5732511361   9.65621151     0.1068401668   3.5035         3.24362        0.3053         5.16537        2.68056        0.45907        7.37533        2.36186        0.61387        
236      NO_ID      1.108262293    0.1729934576   0.8220857619   5.739107441    0.2915973708   4.04433        2.88041        0.387          6.00601        2.48806        0.57707        8.77193        2.20082        0.75995        
237      NO_ID      1.155866906    0.2223848747   0.509487133    9.147121767    0.1416198367   3.89864        2.92884        0.38193        5.84795        2.5038         0.56217        8.0861         2.18859        0.71957        
238      NO_ID      0.8710285436   0.1446308855   0.7544707589   2.282837443    0.1054130451   5.28593        5.81474        0.26069        6.3234         3.89112        0.37574        8.00457        2.60824        0.44607        
239      NO_ID      0.8498417831   0.1937551225   0.6150559973   6.894668239    0.2683541909   3.61757        2.65077        0.39976        5.71195        2.35723        0.59927        7.89622        2.21254        0.71161        
240      NO_ID      1.24305332     0.1393490103   0.7929403265   4.984343111    0.2128189732   5.50277        4.71679        0.32557        8.08696        3.98406        0.44894        10.70336       3.51831        0.52239        
241      NO_ID      1.596052218    0.1619046816   0.7595526462   9.430913222    0.2534465303   4.66667        2.68928        0.48098        6.87285        2.35504        0.66245        9.41296        2.15729        0.76938        
242      NO_ID      1.503221738    0.1656559475   0.3372382121   9.643155335    0.2943113555   6.38736        2.24255        0.80161        9.5189         2.01132        1.12563        13.44861       1.92888        1.26539        
243      NO_ID      1.483394549    0.2040503306   0.6870460005   6.588384756    0.09406321859  3.70959        3.42945        0.29786        4.98575        2.89297        0.42581        7.26098        2.29876        0.61301        
244      NO_ID      1.257514912    0.1678312068   0.6291164621   4.76503891     0.2546553267   5.38818        3.63674        0.42233        8.14493        3.10237        0.64118        11.27332       2.74272        0.74339        
245      NO_ID      0.9719665844   0.1645721946   0.3037778901   2.367716129    0.1739029249   8.03213        5.4182         0.44897        12.51117       4.59798        0.68682        17.34317       3.7244         0.90062        
246      NO_ID      1.163870037    0.2115029552   0.4504781433   3.113674922    0.226355186    4.62504        3.23426        0.42243        7.45474        2.70705        0.69373        11.03175       2.4491         0.91323        
247      NO_ID      1.425048874    0.1964818745   0.2132750773   7.022967941    0.08792599786  8.10105        4.29845        0.53699        12.89134       3.59701        0.87678        18.01802       3.19574        1.08743        
248      NO_ID      1.088430963    0.1742994079   0.3270203135   6.276671975    0.2898421482   5.99829        2.76362        0.61526        8.96196        2.50586        0.84378        12.29001       2.3715         0.96947        
249      NO_ID      1.419797068    0.2392927305   0.2192952258   3.484120041    0.2047222388   5.71895        2.92643        0.6055         9.65092        2.5644         0.96332        13.71681       2.42805        1.17056        
250      NO_ID      1.179274871    0.236413867    0.8647701069   7.580513075    0.2999169371   2.62911        1.91783        0.39758        4.06824        1.63836        0.61692        5.67031        1.46736        0.76252        
251      NO_ID      1.194304938    0.2276718674   0.7473388409   8.633348904    0.2476798354   3.0521         2.16293        0.41132        4.59486        1.87244        0.60802        6.145          1.74172        0.67665        
252      NO_ID      0.8978722156   0.1264930433   0.8346903129   3.383617669    0.1642648556   5.56218        6.84779        0.22509        8.42359        5.33752        0.36255        11.15079       4.33746        0.44031        
253      NO_ID      1.308833083    0.1704363144   0.1001875945   5.885442479    0.03222050359  12.99907       6.24653        0.58214        18.22917       5.03683        0.80771        24.09326       3.53737        0.99712        
254      NO_ID      0.979992733    0.1595882703   0.6268118164   2.708745775    0.2363727911   4.98927        4.66831        0.34568        8.7919         3.9306         0.54829        11.99657       3.4913         0.61674        
255      NO_ID      1.435272834    0.120447223    0.3596004152   6.64213015     0.1996480588   11.35442       4.95146        0.62749        17.61724       4.28571        0.97763        22.32855       4.0119         0.96356        
256      NO_ID      0.9107492134   0.1436996594   0.2344409754   5.007143307    0.2003061335   9.44669        5.08045        0.51889        14.36605       4.56695        0.71022        19.65812       4.24848        0.81285        
257      NO_ID      1.058096361    0.193083673    0.4283059495   9.983588622    0.04405548675  4.96454        4.20753        0.33136        7.34065        3.31489        0.52424        8.00457        3.23202        0.48074        
258      NO_ID      1.38382345     0.2236747516   0.6655156571   2.547264302    0.2709027067   3.6109         2.69027        0.38972        6.20567        2.11061        0.70697        8.14427        1.99353        0.76389        
259      NO_ID      1.49249139     0.2151977629   0.9289526231   6.161274152    0.04621040864  2.67584        2.95149        0.25784        3.68615        1.94244        0.50652        3.84721        1.89089        0.34459        
260      NO_ID      0.9017900912   0.2200172059   0.8021155062   3.057286201    0.23827799     2.63207        2.96374        0.27489        4.69484        2.36737        0.47132        6.33515        2.18659        0.55667        
261      NO_ID      1.197600126    0.2178418635   0.1584435489   5.661575245    0.1330701356   6.88299        3.75815        0.54154        11.11111       3.36105        0.80952        15.97938       3.14457        0.99925        
262      NO_ID      1.149802127    0.2018324212   0.7441767495   9.832118336    0.1102290552   3.31204        3.44605        0.26675        4.96983        2.8353         0.40672        6.55853        2.46856        0.52251        
263      NO_ID      0.9525178329   0.247243326    0.5363879606   6.063074755    0.0268622562   2.76298        2.38472        0.3334         3.15254        1.84572        0.40971        3.626          1.68631        0.34395        
264      NO_ID      1.410055023    0.2487592687   0.6793286833   9.20508667     0.05861669489  2.82657        2.43806        0.32274        4.56621        1.83424        0.59997        5.11971        1.8137         0.56506        
265      NO_ID      0.8689274623   0.1367711125   0.9257801104   6.039705932    0.2334797855   4.39337        4.1607         0.29699        6.7535         3.56575        0.44898        9.02913        3.297          0.46333        
266      NO_ID      0.8885903426   0.1540630196   0.1893723452   6.342365744    0.1839767278   8.95713        4.64423        0.53259        13.44861       4.20361        0.71602        17.96875       3.91537        0.77712        
267      NO_ID      0.9328477847   0.1978569312   0.6621512221   6.825625564    0.1083445586   3.5515         3.75665        0.26442        5.69801        2.97474        0.47052        7.63775        2.51196        0.57913        
268      NO_ID      1.220121462    0.2423624775   0.890413609    8.89569007     0.2955949337   2.49288        1.76684        0.41323        3.76041        1.52763        0.59148        5.37634        1.36672        0.79388        
269      NO_ID      0.8619582564   0.1302043382   0.3176066967   4.228618476    0.1448937285   9.97151        7.25137        0.3903         15.75964       6.07143        0.61762        21.52778       5.20326        0.72224        
270      NO_ID      1.551937585    0.155688322    0.3108239541   5.327777376    0.08372844169  9.59699        5.84758        0.44818        14.49275       4.6893         0.72949        17.94872       3.66037        0.86346        
271      NO_ID      1.341531979    0.1921128881   0.7891258861   7.445434348    0.1746847115   3.6643         3.35349        0.30346        5.58894        2.72638        0.47305        7.55376        2.46607        0.53465        
272      NO_ID      1.300954932    0.206876984    0.7194964048   5.636761649    0.1489509303   3.59805        3.27496        0.30931        5.66343        2.54848        0.52861        7.25091        2.3005         0.61103        
273      NO_ID      1.337164608    0.1377777709   0.249603383    8.590450351    0.128417477    12.11724       5.83302        0.57571        18.08237       5.01717        0.84124        25.78269       4.3593         1.06578        
274      NO_ID      1.238811411    0.2299207825   0.35823049     4.303714405    0.2245386425   4.8011         2.80649        0.50802        7.28029        2.47747        0.72683        10.63022       2.20942        0.97833        
275      NO_ID      0.9423804056   0.1622930737   0.5307424105   7.531364921    0.1207646116   5.4023         5.0531         0.303          8.20152        4.16667        0.46853        11.31387       3.60437        0.57482        
276      NO_ID      1.103924668    0.1423542196   0.2010181135   3.298232687    0.1676368908   12.2807        6.65495        0.5425         19.70339       5.75874        0.83605        26.74419       5.21986        0.95298        
277      NO_ID      1.229283143    0.1476187963   0.5912617513   6.701201973    0.2278730444   6.18102        3.81637        0.45411        9.38967        3.28815        0.67045        13.48748       2.90552        0.87419        
278      NO_ID      1.444558438    0.1574084447   0.3934433868   7.636978654    0.2886176781   6.90335        2.66459        0.72769        10.21978       2.39583        1.02031        14.44788       2.24041        1.18983        
279      NO_ID      1.291172289    0.1335560236   0.3896009569   5.552950804    0.2619745833   8.84419        3.79883        0.63489        13.44861       3.38875        0.9079         18.23529       3.2387         0.99087        
280      NO_ID      1.317629156    0.1382286485   0.402025053    3.888062426    0.05445108956  9.3078         5.85585        0.44685        10.92896       3.12876        0.67894        12.2575        1.92706        0.62937        
281      NO_ID      1.446930884    0.2306750911   0.6817563171   3.315009206    0.08862594603  3.4774         2.63443        0.37455        5.32037        1.72592        0.7575         5.36887        1.58048        0.58668        
282      NO_ID      1.393697254    0.1810776187   0.9753513266   8.935951778    0.2868221147   3.4411         2.26623        0.41627        4.99643        1.9958         0.56977        6.79282        1.78468        0.68407        
283      NO_ID      0.8920920829   0.1361692323   0.1322601993   9.28271248     0.2071571559   7.66284        3.74737        0.5671         11.29944       3.38423        0.74988        15.28698       3.21134        0.81174        
284      NO_ID      1.509144044    0.1942747009   0.6411346315   7.25500447     0.06618582753  4.04391        3.82297        0.29074        6.54596        2.71036        0.57146        7.06001        2.54073        0.52951        
285      NO_ID      1.514553592    0.2336271698   0.6226622691   9.096483756    0.02808150207  3.42885        2.48282        0.39149        3.79096        1.86572        0.48471        3.80213        1.82408        0.37868        
286      NO_ID      1.013837193    0.2191044638   0.6391270823   8.526667097    0.07550578102  2.98762        3.25599        0.25781        5.13385        2.45389        0.50096        6.44044        2.15323        0.57016        
287      NO_ID      0.9698480819   0.1907635329   0.1405047066   4.682753874    0.1959757153   7.46667        4.20071        0.5479         11.88034       3.78106        0.76542        16.787         3.57143        0.87297        
288      NO_ID      1.001041081    0.2465817678   0.2867051995   4.257195319    0.1377603273   4.0615         2.91506        0.4097         6.48148        2.5426         0.65602        9.43205        2.36372        0.84659        
289      NO_ID      1.052304778    0.1795784334   0.670268502    5.784979734    0.2741455943   4.39009        2.96976        0.4202         6.52681        2.59452        0.60565        9.20792        2.33202        0.77775        
290      NO_ID      1.563549316    0.1803183339   0.9656543801   8.153855       0.2472745338   3.55962        2.70212        0.35655        5.16796        2.38602        0.48286        6.86275        2.1127         0.55144        
291      NO_ID      0.9253354803   0.2345200829   0.7061762218   4.53190659     0.0680852358   2.60999        2.81123        0.27104        4.42534        1.96531        0.53799        5.20833        1.6605         0.5794         
292      NO_ID      1.359016186    0.1329048828   0.1907781018   2.581630098    0.2156364978   14.77987       6.47223        0.69238        23.56902       5.67749        1.02155        33.94161       4.98835        1.22418        
293      NO_ID      1.081298756    0.2254199628   0.2965256993   6.944427138    0.1399322607   4.82321        3.22751        0.43936        7.66284        2.81323        0.68101        10.83916       2.56686        0.85645        
294      NO_ID      1.250767959    0.2416201751   0.5660237503   5.930926377    0.07329804155  3.19635        2.68468        0.33693        5.15961        2.04791        0.62273        5.9676         2.01081        0.59035        
295      NO_ID      1.173053168    0.1720181508   0.9189315719   4.704608731    0.2172723345   3.80213        3.8972         0.27335        5.76132        3.14581        0.42106        7.82658        2.78487        0.52152        
296      NO_ID      1.360470002    0.1873468189   0.6477619282   5.079473424    0.02906802958  3.97163        2.79519        0.3915         4.00172        1.92651        0.4215         4.41501        1.53271        0.27797        
297      NO_ID      0.9848117145   0.2257715916   0.587750398    5.372048779    0.2779616043   3.28176        2.50238        0.38715        5.28409        2.17671        0.60585        7.25765        2.01004        0.74339        
298      NO_ID      1.076441399    0.1790577849   0.7824958499   9.382139043    0.1120283047   3.62319        4.19359        0.23706        5.56218        3.35268        0.38043        7.20165        3.00765        0.42523        
299      NO_ID      1.285469234    0.2396733298   0.1728904818   7.656620346    0.1657556716   5.89226        2.82787        0.6334         9.1716         2.56784        0.87979        13.03538       2.46319        1.05904        
300      NO_ID      1.57612377     0.2408593806   0.2770667526   8.30998569     0.2648952355   5.08197        2.02043        0.77243        7.95003        1.83157        1.09398        11.24498       1.69557        1.33366        
301      NO_ID      1.582277588    0.1684144193   0.4199661744   6.977630817    0.02301180879  5.88483        3.82512        0.41445        5.87741        2.5265         0.44883        6.66667        1.24083        0.36477        
302      NO_ID      1.026759326    0.1267096794   0.2270255237   3.039171953    0.2736231558   11.55445       5.00533        0.59869        17.22429       4.53968        0.82254        23.56902       4.21482        0.92698        
303      NO_ID      1.548120557    0.2319932252   0.9064880307   3.168052671    0.1528096825   2.74026        2.59201        0.29637        4.27035        1.92663        0.53562        4.85454        1.97291        0.47144        
304      NO_ID      1.182776936    0.1600016241   0.1164727242   8.077366282    0.2205034205   8.88678        3.32319        0.74038        12.97322       3.01253        0.96804        17.42138       2.85983        1.04291        
305      NO_ID      1.370132157    0.1962348024   0.9527935755   8.828992284    0.184702997    3.12779        3.03488        0.28764        4.59318        2.56778        0.38958        6.09225        2.24506        0.47481        
306      NO_ID      0.8086335026   0.1765378779   0.4100288302   9.760410321    0.112966229    5.10018        4.56059        0.32184        7.96233        3.89347        0.48747        11.4532        3.47622        0.64057        
307      NO_ID      1.068784704    0.1558460557   0.776409189    5.268823312    0.05823997318  4.56175        5.37197        0.23656        5.74074        3.55558        0.35997        7.68808        2.25446        0.53332        
308      NO_ID      1.471314401    0.2359224427   0.1338748235   7.119050706    0.2847835681   6.15079        2.07704        0.88965        9.15354        1.88324        1.21767        12.68116       1.79975        1.33235        
309      NO_ID      0.8797364146   0.1607971326   0.8556959624   6.685968371    0.08564425423  3.81773        5.24303        0.20065        6.10022        3.92624        0.36383        7.11382        3.19934        0.40369        
310      NO_ID      1.136736613    0.2191445083   0.4356937163   4.612502304    0.1891498517   4.40758        3.15425        0.40682        6.88889        2.70974        0.61951        10.24229       2.3281         0.9089         
311      NO_ID      1.064664753    0.2479958509   0.4641906161   2.195780392    0.02020465887  2.28311        1.27978        0.43478        2.42047        0.53858        0.41978        2.59922        0.84757        0.19398        
312      NO_ID      1.518293092    0.1999639702   0.5401712723   7.48825996     0.1590878811   4.78632        3.32278        0.39141        6.93413        2.82376        0.56685        9.96416        2.43486        0.76161        
313      NO_ID      1.402047772    0.1433149989   0.1802630397   3.670034902    0.1609574989   14.76793       6.36999        0.67331        23.0198        5.4715         1.02933        33.45499       4.93659        1.22569        
314      NO_ID      1.112970979    0.1776094867   0.6929552218   6.363183247    0.04764802947  4.28135        4.33334        0.27443        5.80431        2.86668        0.48751        6.5086         2.1625         0.44557        
315      NO_ID      1.277804448    0.1715062617   0.7375523496   8.014621116    0.2022061056   4.48409        3.39165        0.36588        6.52681        2.9801         0.5096         8.83838        2.63266        0.59559        
316      NO_ID      1.072302902    0.214758542    0.1772437747   3.735597965    0.100446332    6.54511        3.97534        0.48618        10.59226       3.54058        0.78056        15.23652       3.16377        0.95988        
317      NO_ID      0.8117882285   0.2136125186   0.5464601772   2.635984677    0.1802771367   3.60918        3.34677        0.3212         5.798          2.80266        0.53001        8.09942        2.59038        0.61401        
318      NO_ID      1.269597298    0.1309227668   0.5797066691   3.968208101    0.09131269235  7.53904        7.27909        0.29176        9.70772        5.34375        0.42085        12.65938       3.84002        0.50171        
319      NO_ID      1.116283044    0.2052167306   0.7103175796   7.785057688    0.1630358625   3.47999        3.18674        0.30564        5.19095        2.67639        0.46711        7.06687        2.40028        0.53705        
320      NO_ID      1.588702966    0.1248661019   0.2719571514   2.94476639     0.1535500159   15.30055       7.5321         0.58249        24.00691       5.84315        0.98705        31.64414       4.91012        1.08564        
321      NO_ID      0.8710362144   0.1489756121   0.283122144    2.482893255    0.02396504819  5.51601        3.26803        0.38802        6.11038        1.351          0.49746        6.7731         0.85067        0.14698        
322      NO_ID      0.8027539895   0.182712851    0.6987199569   4.89019156     0.1473341581   3.88242        4.202          0.26354        5.81154        3.56277        0.39611        8.56354        2.84762        0.5839         
323      NO_ID      1.409218935    0.1284657736   0.8500631464   5.436141461    0.08296438001  5.23756        7.34025        0.19465        7.21278        5.34061        0.3177         8.94231        3.7949         0.3905         
324      NO_ID      1.094681918    0.1395220936   0.1669858734   5.20550119     0.2514780492   10.18923       3.96397        0.6755         15.15642       3.61175        0.88541        20.24854       3.39988        0.98458        
325      NO_ID      1.441629036    0.2449162164   0.3493462588   2.402730285    0.05524944923  4.48287        2.16308        0.60972        5.73366        1.20294        0.96242        5.87741        1.18778        0.61975        
326      NO_ID      1.308802892    0.2381194956   0.8465525074   3.533019393    0.09851968182  2.65907        2.51912        0.29936        4.18919        1.8304         0.56192        4.32214        1.7942         0.46645        
327      NO_ID      1.427700598    0.1209632069   0.8656709874   2.246455331    0.2418385704   6.33198        6.21637        0.28806        9.46128        4.96832        0.4221         12.02749       4.32978        0.47002        
328      NO_ID      1.030784339    0.1226708917   0.4935926255   7.968444867    0.0608826534   7.86959        8.36099        0.25973        11.59601       6.04522        0.42294        15.30055       3.68406        0.61141        
329      NO_ID      1.105713587    0.2105044598   0.8067576616   8.708197205    0.03356826153  3.04017        3.06489        0.28199        3.78604        2.00381        0.43373        4.21179        1.83322        0.37959        
330      NO_ID      1.129044646    0.1233825032   0.4948629562   6.140153935    0.1949276508   8.7037         5.18913        0.46758        12.83105       4.44379        0.67635        17.09559       4.1248         0.6961         
331      NO_ID      1.580759305    0.2220962653   0.957818724    8.68143887     0.1025617196   2.60475        2.8365         0.25084        3.89213        2.22187        0.40079        4.7985         1.96721        0.49118        
332      NO_ID      1.417446456    0.2128367725   0.5675764024   7.380887676    0.2440657348   4.30902        2.48699        0.49434        6.59524        2.15203        0.74959        9.25926        1.84476        1.01051        
333      NO_ID      0.8762394415   0.2025944495   0.3808213955   4.056202783    0.210197964    4.61589        3.66689        0.38801        7.20165        3.18567        0.59406        10.58559       2.89968        0.74612        
334      NO_ID      1.413340674    0.2428785281   0.7689570333   3.806748921    0.09267338872  2.84183        2.4465         0.33136        4.23857        1.86268        0.54426        4.73756        1.68393        0.54804        
335      NO_ID      1.134228754    0.1318660506   0.8128969692   4.023864457    0.2284332498   5.63607        5.14992        0.30255        8.58116        4.2072         0.4674         11.31387       3.7604         0.5105         
336      NO_ID      1.26935536     0.1478343468   0.8789474216   4.160156606    0.1348539699   4.4915         5.71978        0.21649        6.20567        4.73226        0.29583        8.70647        3.47366        0.45507        
337      NO_ID      1.242288432    0.1589498808   0.2602333521   7.233957865    0.2698910393   7.55124        2.91801        0.72174        11.11111       2.62773        0.98794        15.50388       2.51242        1.10206        
338      NO_ID      1.452225725    0.1758495749   0.1243005047   8.124323011    0.2399535672   8.92972        2.85266        0.88238        13.22002       2.5681         1.1777         18.08786       2.48138        1.287          
339      NO_ID      1.258313431    0.12240039     0.4725612129   9.304680062    0.1720410668   8.87199        4.84921        0.50456        12.58961       4.3288         0.67012        17.15867       3.87277        0.78672        
340      NO_ID      0.8378465566   0.1669633081   0.2428160464   6.217527106    0.1509338372   7.29167        5.01365        0.41866        11.72529       4.46608        0.62768        16.31702       4.0611         0.73046        
341      NO_ID      0.9433812745   0.1348986385   0.9961092443   9.899371122    0.1181579638   4.06114        5.83692        0.18845        5.95391        4.71936        0.27779        7.76672        4.10182        0.31296        
342      NO_ID      1.495106129    0.2242226692   0.9474926996   4.394883117    0.2827671874   2.98571        2.44097        0.34141        4.41176        2.00068        0.49937        5.87741        1.83648        0.55558        
343      NO_ID      1.113361918    0.188710405    0.9670870708   3.571696492    0.143085226    3.16757        3.77006        0.23755        4.50713        3.22088        0.34362        5.74642        2.68273        0.40985        
344      NO_ID      1.421699243    0.1818210452   0.4092119121   8.350932246    0.2804315021   5.6432         2.39848        0.68337        8.65019        2.15302        0.9842         12.08981       2.00997        1.16894        
345      NO_ID      1.196578836    0.1847299621   0.7697998324   7.886957846    0.2593635811   3.9034         2.63588        0.41983        5.89226        2.26783        0.61863        8.37822        2.05933        0.82039        
346      NO_ID      0.9001493811   0.1700724854   0.302028511    6.446153604    0.03991351716  6.71463        5.55342        0.33872        10.12292       3.85513        0.60302        11.78451       3.04156        0.58776        
347      NO_ID      0.8444647348   0.1291146343   0.9153376975   2.001191667    0.1304407681   5.35168        6.69817        0.22834        6.5086         4.82665        0.30833        8.56269        3.2846         0.38716        
348      NO_ID      1.338463169    0.1851232758   0.2666321014   2.804966252    0.1548880726   8.07382        4.41062        0.55084        12.87037       3.76632        0.85714        18.22309       3.40116        1.01587        
349      NO_ID      1.01346569     0.1751659098   0.1542711835   9.015019533    0.03666593926  8.86792        5.99711        0.41788        14.17683       4.94952        0.65986        18.30065       4.15946        0.74099        
350      NO_ID      0.9812962622   0.1497146008   0.818572756    4.463396296    0.09590409797  4.5977         5.83661        0.21794        6.99899        4.27171        0.39203        7.87982        3.26552        0.41546        
351      NO_ID      1.136994955    0.2282750691   0.9006158484   5.173820417    0.1368109636   2.58398        2.76593        0.26397        3.91667        2.23593        0.41817        4.91431        2.11834        0.43788        
352      NO_ID      1.116626531    0.2091024633   0.4484815567   7.064102567    0.1292779166   4.58866        3.46267        0.37552        6.78295        2.89032        0.57042        10.22811       2.441          0.86235        
353      NO_ID      0.9057268507   0.1897491347   0.2364176405   9.91225493     0.1693382955   5.92969        3.36838        0.53234        9.00641        3.04874        0.71308        12.36702       2.88651        0.78348        
354      NO_ID      0.9313924364   0.2324816973   0.1200655698   6.503836993    0.0652126911   5.55556        3.77412        0.44029        9.06149        3.48214        0.63901        13.16527       3.2482         0.80857        
355      NO_ID      1.503457388    0.1689178048   0.3712062246   3.902837895    0.1759433409   8.14361        4.63131        0.49564        12.63587       3.77274        0.81636        16.90998       3.35           0.95206        
356      NO_ID      1.295376001    0.2073590909   0.9836018286   4.102932013    0.0507924676   2.87321        2.76463        0.29179        3.74095        1.67906        0.51725        3.43427        1.59133        0.30459        
357      NO_ID      0.8135407391   0.2215469388   0.2084189637   9.174464633    0.249939932    3.72737        2.19345        0.52799        5.60897        2.02667        0.70127        7.69868        1.93329        0.74971        
358      NO_ID      1.466511318    0.134283471    0.4707129568   2.999354908    0.1145948457   9.52869        6.59327        0.39973        12.37843       5.10015        0.55815        16.09195       3.49411        0.74072        
359      NO_ID      1.172789204    0.1529746101   0.9434633239   7.939225722    0.07882590324  3.83457        5.59993        0.18747        5.89711        3.95856        0.33424        6.7243         3.52492        0.34639        
360      NO_ID      1.484858013    0.2171934901   0.5232279265   4.928690925    0.1566524165   4.41084        3.11851        0.3986         6.70965        2.55927        0.61917        9.16504        2.35177        0.72478        
361      NO_ID      1.037273039    0.2032468051   0.3660413653   8.7687445      0.1015648574   4.91024        3.82704        0.36852        7.60043        3.27468        0.5703         10.8679        2.8908         0.71804        
362      NO_ID      1.351810881    0.1654958363   0.5504185329   5.115130265    0.04270812735  5.77396        4.52585        0.35844        6.44044        2.90185        0.4916         7.47863        1.75657        0.48471        
363      NO_ID      1.301027052    0.1502633048   0.3322073299   9.730200788    0.03568298068  8.82168        6.20047        0.39227        11.72529       4.17786        0.61118        13.71681       2.66439        0.6798         
364      NO_ID      1.367580473    0.1277023539   0.5955758474   5.527208349    0.193069819    7.65027        5.33727        0.40207        11.15108       4.56852        0.53626        15.19126       4.00268        0.62557        
365      NO_ID      1.271417439    0.2440691067   0.1071017052   3.765159776    0.2346123445   6.02332        2.89341        0.72254        9.95025        2.71277        1.04457        14.40329       2.60714        1.15258        
366      NO_ID      0.9870118032   0.1524416009   0.5007141382   6.486972416    0.079575983    6.40327        5.89043        0.30447        8.75547        4.93579        0.41857        12.18451       3.52586        0.59944        
367      NO_ID      1.104879977    0.1410306976   0.9791303616   9.54212356     0.2222660776   4.13712        3.37641        0.33671        6.04491        2.96433        0.45086        7.90816        2.74042        0.50018        
368      NO_ID      1.377286661    0.1638696388   0.8978849302   2.698602893    0.04924856907  3.63448        3.19539        0.31361        4.2196         1.67822        0.46156        4.19287        1.5278         0.22059        
369      NO_ID      1.523619696    0.190114076    0.9908154448   5.832025074    0.05202663904  3.11735        3.58418        0.2438         4.24242        2.22249        0.4328         4.34986        2.36582        0.31495        
370      NO_ID      0.9232457203   0.1458208287   0.6555927348   8.98135799     0.03912477577  5.59552        6.00727        0.25709        6.9965         3.46156        0.42428        7.73311        2.53972        0.42681        
371      NO_ID      1.059087854    0.2266968017   0.4385663804   4.561559789    0.1217396719   4.06539        3.10959        0.37393        6.49561        2.55441        0.65413        8.92288        2.29519        0.78855        
372      NO_ID      1.279056139    0.1571011734   0.8854879835   4.437398337    0.07235061806  4.11903        5.16994        0.22017        5.213          3.7686         0.33363        6.57277        2.68786        0.41476        
373      NO_ID      1.185115588    0.2095039687   0.839589277    7.71495337     0.0632198674   2.93317        3.28405        0.25286        4.66933        2.3803         0.46081        4.89989        2.21259        0.44053        
374      NO_ID      0.8256066429   0.237095286    0.9372363984   2.079655627    0.1967903688   2.28983        2.35926        0.31071        3.70665        1.91638        0.48569        4.65           1.73023        0.52317        
375      NO_ID      0.9727942704   0.2352228722   0.876212688    8.209226242    0.2422779218   2.4255         2.19137        0.32059        3.66013        1.85317        0.48991        5.26614        1.61199        0.65942        
376      NO_ID      1.432863969    0.2121446851   0.7318462565   3.640513452    0.2604454469   3.68906        2.85094        0.36929        5.69106        2.35427        0.57656        7.86959        2.09145        0.67311        
377      NO_ID      1.515130131    0.198504409    0.3249503703   2.850403696    0.2313674736   7.07452        3.53157        0.58638        10.88993       3.08286        0.87743        16.31702       2.71341        1.15729        
378      NO_ID      0.9122841661   0.1876949514   0.7172750739   5.48535012     0.1262718904   3.79096        4.01046        0.26722        5.50314        3.39812        0.38167        7.69868        2.86688        0.4881         
379      NO_ID      1.566386615    0.2004803923   0.4589875132   8.279929053    0.1898653257   5.27997        3.02606        0.50526        7.95003        2.59566        0.74406        11.38614       2.24956        0.94087        
380      NO_ID      0.9260778851   0.1251306129   0.7267506934   8.438465187    0.218729747    5.62249        3.9507         0.39762        8.3779         3.4653         0.57299        10.75269       3.30911        0.57021        
381      NO_ID      1.168935693    0.2493292891   0.3842759586   2.113546924    0.2755187358   3.98921        2.1193         0.65054        6.33198        2.15931        0.7616         9.20447        1.98678        0.93439        
382      NO_ID      1.550334847    0.1840138361   0.5558228053   3.206637227    0.2073817033   5.79983        3.7975         0.43222        8.33333        3.15285        0.62976        11.56716       2.7056         0.78718        
383      NO_ID      1.071109789    0.1779790563   0.4221134094   3.408087982    0.2824873903   5.63607        3.77736        0.46279        9.29615        3.24908        0.6986         13.22002       3.00646        0.86161        
384      NO_ID      1.311006894    0.2055647333   0.4812326383   6.781456596    0.1818722087   4.79616        3.21282        0.42682        7.2093         2.72418        0.65756        10.279         2.45133        0.77784        
385      NO_ID      1.393445902    0.2077837563   0.4864883253   7.833427613    0.1240110629   4.65271        3.39748        0.3778         6.94444        2.80699        0.57815        10.49242       2.23923        0.90968        
386      NO_ID      1.389041811    0.1546282455   0.6099410749   4.808118635    0.06969622533  6.14844        5.38816        0.31369        8.25959        3.50265        0.5507         9.07912        2.82212        0.53225        
387      NO_ID      1.081939856    0.1416877443   0.5113133684   2.780366345    0.2573634486   7.21966        5.00027        0.43112        11.81435       4.27534        0.65812        16.25587       3.74373        0.83233        
388      NO_ID      0.8053536244   0.1466618719   0.5164479302   7.304803395    0.187410151    5.86265        4.48221        0.37241        9.09091        3.94822        0.55226        12.6703        3.61025        0.64937        
389      NO_ID      0.8984741183   0.1860451555   0.3422104233   9.452590044    0.2113118164   5.08906        2.93262        0.52059        7.62527        2.6876         0.69239        10.82949       2.51149        0.78946        
390      NO_ID      1.236016773    0.195467576    0.6024112431   2.326543415    0.1174689385   4.72335        3.54272        0.38518        5.73301        2.8096         0.5034         7.10299        2.18329        0.54066        
391      NO_ID      1.479035113    0.1512078513   0.1453553927   9.55698566     0.07620744615  14.61704       6.54205        0.61429        22.51603       5.55366        0.91689        30.90508       4.79558        1.12924        
392      NO_ID      1.559628664    0.2288753213   0.2042062455   5.978612721    0.178436267    6.85841        3.0323         0.66244        10.71701       2.69733        0.98576        15.35088       2.46019        1.29226        
393      NO_ID      1.042723245    0.2458229795   0.828372883    7.16188823     0.2982382099   2.42676        1.93078        0.37058        3.82827        1.65486        0.5771         5.52923        1.46471        0.77669        
394      NO_ID      1.157068593    0.1993670463   0.2524820088   8.467407173    0.2665226464   5.34483        2.35054        0.68166        8.10105        2.13261        0.94365        11.42276       2.03945        1.03171        
395      NO_ID      1.231458964    0.2162308411   0.5732511361   9.65621151     0.1068401668   3.82514        3.1454         0.33675        5.62225        2.59699        0.50151        7.45827        2.24453        0.66478        
396      NO_ID      1.590500522    0.1729934576   0.8220857619   5.739107441    0.2915973708   4.45293        2.82803        0.43126        6.51368        2.45486        0.61459        8.80682        2.21408        0.71916        
397      NO_ID      1.401868001    0.2223848747   0.509487133    9.147121767    0.1416198367   4.07925        2.88787        0.40141        6.03113        2.44888        0.57141        8.97933        2.11592        0.79763        
398      NO_ID      1.373733731    0.1446308855   0.7544707589   2.282837443    0.1054130451   5.5098         5.7252         0.26771        6.80272        3.69386        0.41367        8.57843        2.58453        0.50218        
399      NO_ID      1.486597475    0.1937551225   0.6150559973   6.894668239    0.2683541909   4.5045         2.62657        0.48903        7.03871        2.23914        0.77471        9.74252        2.03013        0.86729        
400      NO_ID      1.048788326    0.1393490103   0.7929403265   4.984343111    0.2128189732   5.38876        4.81237        0.31624        8.17336        3.99764        0.46248        10.69254       3.55882        0.51488        
401      NO_ID      1.001417625    0.1619046816   0.7595526462   9.430913222    0.2534465303   4.06469        2.71756        0.42415        6.11621        2.38547        0.61964        8.24499        2.20144        0.73257        
402      NO_ID      1.2020326      0.1656559475   0.3372382121   9.643155335    0.2943113555   5.47089        2.25138        0.68869        8.17336        2.03024        0.96741        11.31387       1.93958        1.07757        
403      NO_ID      1.026374601    0.2040503306   0.6870460005   6.588384756    0.09406321859  3.34288        3.62333        0.25991        5.42681        2.73768        0.47969        6.85983        2.60253        0.52081        
404      NO_ID      0.9601199094   0.1678312068   0.6291164621   4.76503891     0.2546553267   4.96983        3.6761         0.38612        7.60043        3.18089        0.5806         10.64073       2.84002        0.7458         
405      NO_ID      1.575880311    0.1645721946   0.3037778901   2.367716129    0.1739029249   10.02155       5.02304        0.58348        15.33333       4.17655        0.87347        20.85236       3.5            1.07322        
406      NO_ID      1.43913064     0.2115029552   0.4504781433   3.113674922    0.226355186    4.78888        3.15201        0.46408        8.20152        2.64317        0.75102        11.32686       2.43687        0.8699         
407      NO_ID      0.8606279266   0.1964818745   0.2132750773   7.022967941    0.08792599786  6.11842        4.61094        0.38364        9.68188        4.12304        0.58206        13.81514       3.70588        0.71015        
408      NO_ID      1.57099488     0.1742994079   0.3270203135   6.276671975    0.2898421482   7.33122        2.73979        0.7522         11.57982       2.42928        1.14773        15.70946       2.36231        1.29641        
409      NO_ID      1.542983319    0.2392927305   0.2192952258   3.484120041    0.2047222388   5.97364        2.8253         0.65283        9.97877        2.54729        0.9786         14.7619        2.31521        1.33117        
410      NO_ID      1.079465326    0.236413867    0.8647701069   7.580513075    0.2999169371   2.56975        1.92979        0.3866         3.91911        1.64089        0.58275        5.52268        1.48852        0.74047        
411      NO_ID      1.053901574    0.2276718674   0.7473388409   8.633348904    0.2476798354   2.85221        2.19285        0.38532        4.39337        1.89634        0.56618        6.13002        1.68324        0.74813        
412      NO_ID      0.9688291319   0.1264930433   0.8346903129   3.383617669    0.1642648556   5.74006        6.69511        0.23315        8.11518        5.56714        0.33021        10.77752       4.68606        0.39168        
413      NO_ID      1.248268154    0.1704363144   0.1001875945   5.885442479    0.03222050359  12.3131        6.43139        0.54913        17.87995       5.1111         0.79141        22.84553       3.82368        0.90413        
414      NO_ID      1.455712997    0.1595882703   0.6268118164   2.708745775    0.2363727911   5.67721        4.67974        0.36214        9.11765        3.7528         0.56582        12.60163       3.24324        0.70189        
415      NO_ID      0.9529543141   0.120447223    0.3596004152   6.64213015     0.1996480588   9.46586        4.95409        0.51354        14.13374       4.42803        0.70702        19.07713       4.10053        0.83052        
416      NO_ID      1.347229502    0.1436996594   0.2344409754   5.007143307    0.2003061335   11.66667       5.05077        0.63984        18.01282       4.44444        0.94721        25.78269       3.96586        1.17159        
417      NO_ID      1.29227311     0.193083673    0.4283059495   9.983588622    0.04405548675  5.17943        4.14436        0.348          7.52427        3.16495        0.58775        8.98912        2.73296        0.60225        
418      NO_ID      1.095103073    0.2236747516   0.6655156571   2.547264302    0.2709027067   3.60812        2.65616        0.40891        5.07642        2.19505        0.64188        7.63547        2.14608        0.70708        
419      NO_ID      0.9595665073   0.2151977629   0.9289526231   6.161274152    0.04621040864  2.477          3.10913        0.22622        3.58423        2.06954        0.44758        3.65982        1.79502        0.34067        
420      NO_ID      1.147123508    0.2200172059   0.8021155062   3.057286201    0.23827799     3.19416        2.68712        0.35247        4.57068        2.40914        0.44708        6.43678        2.20189        0.51984        
421      NO_ID      0.9367695254   0.2178418635   0.1584435489   5.661575245    0.1330701356   6.02929        3.82765        0.47366        9.43205        3.47455        0.68014        13.36207       3.29922        0.76654        
422      NO_ID      0.8922040492   0.2018324212   0.7441767495   9.832118336    0.1102290552   3.19635        3.49712        0.25445        4.52059        2.93653        0.36779        6.62852        2.48852        0.50406        
423      NO_ID      1.286870624    0.247243326    0.5363879606   6.063074755    0.0268622562   3.20073        2.13233        0.42869        3.62882        1.51057        0.55136        3.65154        1.5781         0.36386        
424      NO_ID      0.832554138    0.2487592687   0.6793286833   9.20508667     0.05861669489  2.37853        2.59715        0.26028        3.64015        2.12226        0.4147         4.75705        1.82827        0.52439        
425      NO_ID      0.8471853097   0.1367711125   0.9257801104   6.039705932    0.2334797855   4.5045         4.13659        0.30524        6.82261        3.52868        0.45165        9.02913        3.28696        0.45418        
426      NO_ID      1.066287926    0.1540630196   0.1893723452   6.342365744    0.1839767278   10.05007       4.61341        0.60555        15.35519       4.16317        0.83378        20.96531       3.89157        0.94162        
427      NO_ID      0.880257336    0.1978569312   0.6621512221   6.825625564    0.1083445586   3.49563        3.77032        0.26081        5.59552        2.97861        0.46744        7.36373        2.68978        0.51757        
428      NO_ID      0.992075506    0.2423624775   0.890413609    8.89569007     0.2955949337   2.28311        1.79445        0.38027        3.51141        1.54189        0.56889        5.00179        1.39416        0.74017        
429      NO_ID      1.281389888    0.1302043382   0.3176066967   4.228618476    0.1448937285   11.79681       7.0603         0.47417        18.7251        5.61862        0.79577        25.83333       4.70797        0.98209        
430      NO_ID      1.532375443    0.155688322    0.3108239541   5.327777376    0.08372844169  9.56284        5.89395        0.4569         13.82353       4.82876        0.65935        18.49673       3.6077         0.89427        
431      NO_ID      0.8214545237   0.1921128881   0.7891258861   7.445434348    0.1746847115   3.26797        3.47133        0.26926        5.03792        2.95628        0.40587        6.96517        2.62907        0.50984        
432      NO_ID      0.8191997452   0.206876984    0.7194964048   5.636761649    0.1489509303   3.0954         3.4385         0.25516        4.84597        2.88789        0.39893        7.29659        2.37421        0.59515        
433      NO_ID      1.322570175    0.1377777709   0.249603383    8.590450351    0.128417477    11.91688       5.80357        0.56766        18.44532       4.9768         0.89222        25.59853       4.36028        1.06511        
434      NO_ID      1.396581423    0.2299207825   0.35823049     4.303714405    0.2245386425   4.95926        2.84501        0.5057         7.85473        2.41749        0.8372         11.4532        2.18893        1.08903        
435      NO_ID      1.460307645    0.1622930737   0.5307424105   7.531364921    0.1207646116   6.32653        4.77436        0.35856        8.59714        4.12042        0.46804        11.83206       3.4264         0.63989        
436      NO_ID      1.356811702    0.1423542196   0.2010181135   3.298232687    0.1676368908   13.90562       6.5385         0.61503        22.09119       5.55248        0.96477        30.88889       4.72091        1.22733        
437      NO_ID      1.52752787     0.1476187963   0.5912617513   6.701201973    0.2278730444   6.68114        3.78122        0.48043        10.30169       3.19226        0.76319        13.21023       2.94112        0.7597         
438      NO_ID      1.191125273    0.1574084447   0.3934433868   7.636978654    0.2886176781   6.15655        2.64799        0.64873        9.12385        2.41054        0.88658        12.60163       2.24373        1.03235        
439      NO_ID      0.9474631796   0.1335560236   0.3896009569   5.552950804    0.2619745833   7.66063        3.83459        0.54492        11.25801       3.44767        0.735          15.55184       3.2125         0.83899        
440      NO_ID      1.471213377    0.1382286485   0.402025053    3.888062426    0.05445108956  9.38544        6.19643        0.42044        11.38211       3.12826        0.76621        13.00469       2.18098        0.63482        
441      NO_ID      1.262931265    0.2306750911   0.6817563171   3.315009206    0.08862594603  3.27277        2.68855        0.35138        5.17369        1.84445        0.69542        5.2236         1.84725        0.50996        
442      NO_ID      0.9798682414   0.1810776187   0.9753513266   8.935951778    0.2868221147   3.08438        2.23179        0.39063        4.53074        2.0204         0.53499        6.42792        1.82379        0.67215        
443      NO_ID      1.228048118    0.1361692323   0.1322601993   9.28271248     0.2071571559   10.25641       3.67599        0.75208        14.89247       3.31936        0.98805        20.558         3.1485         1.10026        
444      NO_ID      1.491152921    0.1942747009   0.6411346315   7.25500447     0.06618582753  4.30902        3.71475        0.31839        6.77843        2.60891        0.59805        7.48792        2.47072        0.5764         
445      NO_ID      1.598463253    0.2336271698   0.6226622691   9.096483756    0.02808150207  3.32858        2.46156        0.38862        3.60918        1.90881        0.45693        4.04348        1.8124         0.39289        
446      NO_ID      1.08859211     0.2191044638   0.6391270823   8.526667097    0.07550578102  3.26112        3.16216        0.28573        5.2306         2.42817        0.51429        6.94444        2.09165        0.62162        
447      NO_ID      1.150461085    0.1907635329   0.1405047066   4.682753874    0.1959757153   8.27423        4.13843        0.63037        13.46899       3.74172        0.88045        19.375         3.51956        1.01758        
448      NO_ID      1.0179331      0.2465817678   0.2867051995   4.257195319    0.1377603273   4.01261        2.91345        0.41503        6.79282        2.53815        0.69044        9.6473         2.31219        0.89631        
449      NO_ID      1.181807824    0.1795784334   0.670268502    5.784979734    0.2741455943   4.60678        2.96721        0.44331        6.87714        2.57384        0.64283        10.07919       2.2587         0.90982        
450      NO_ID      1.546034831    0.1803183339   0.9656543801   8.153855       0.2472745338   3.54341        2.71244        0.3608         5.0396         2.40426        0.46271        6.82819        2.13291        0.54148        
451      NO_ID      1.560362811    0.2345200829   0.7061762218   4.53190659     0.0680852358   3.17084        2.57237        0.35147        4.98392        1.68553        0.6943         4.94681        1.63542        0.55194        
452      NO_ID      1.25430267     0.1329048828   0.1907781018   2.581630098    0.2156364978   14.44099       6.59           0.6625         23.16667       5.70362        0.97885        32.07763       5.0826         1.12433        
453      NO_ID      0.8550937401   0.2254199628   0.2965256993   6.944427138    0.1399322607   4.23472        3.31563        0.37834        6.66189        2.96878        0.55816        9.7629         2.65732        0.72836        
454      NO_ID      1.218740787    0.2416201751   0.5660237503   5.930926377    0.07329804155  3.15041        2.68317        0.33487        5.2901         2.04566        0.63481        5.97849        1.89824        0.61747        
455      NO_ID      0.8854677575   0.1720181508   0.9189315719   4.704608731    0.2172723345   3.57052        3.98878        0.25537        5.2901         3.26562        0.3818         7.26098        3.023          0.4213         
456      NO_ID      1.006531803    0.1873468189   0.6477619282   5.079473424    0.02906802958  3.78356        3.0662         0.33441        3.95336        1.84798        0.41068        4.44868        1.31412        0.30898        
457      NO_ID      1.163267054    0.2257715916   0.587750398    5.372048779    0.2779616043   3.72439        2.42054        0.45714        5.58214        2.10232        0.68305        8.01941        1.87851        0.89302        
458      NO_ID      1.178567829    0.1790577849   0.7824958499   9.382139043    0.1120283047   3.62882        4.15834        0.23848        5.45171        3.4089         0.36309        7.48136        2.87936        0.47146        
459      NO_ID      0.8544814655   0.2396733298   0.1728904818   7.656620346    0.1657556716   4.53074        2.88641        0.48752        7.02811        2.69039        0.65393        10.01431       2.54971        0.76193        
460      NO_ID      1.53959015     0.2408593806   0.2770667526   8.30998569     0.2648952355   5.06929        2.01913        0.77055        7.73908        1.83775        1.06056        11.03231       1.71664        1.2662         
461      NO_ID      1.022202269    0.1684144193   0.4199661744   6.977630817    0.02301180879  5.52913        4.21933        0.35499        5.7764         2.36795        0.44564        6.34058        1.62871        0.34636        
462      NO_ID      1.507412229    0.1267096794   0.2270255237   3.039171953    0.2736231558   14.76793       5.11942        0.78763        22.68293       4.45215        1.10512        30.77778       4.08231        1.31676        
463      NO_ID      1.342417928    0.2319932252   0.9064880307   3.168052671    0.1528096825   2.71318        2.57606        0.29701        4.09331        2.02726        0.48456        4.78907        2.01776        0.46389        
464      NO_ID      1.589951506    0.1600016241   0.1164727242   8.077366282    0.2205034205   11.32686       3.30163        0.95285        16.90821       2.9951         1.25921        23.10231       2.80524        1.39949        
465      NO_ID      1.315318849    0.1962348024   0.9527935755   8.828992284    0.184702997    3.09256        2.99787        0.28592        4.5045         2.55166        0.39714        6.31244        2.16424        0.50867        
466      NO_ID      1.061531818    0.1765378779   0.4100288302   9.760410321    0.112966229    5.78358        4.42635        0.37088        8.51582        3.83587        0.53563        12.41135       3.32086        0.70936        
467      NO_ID      1.20781385     0.1558460557   0.776409189    5.268823312    0.05823997318  4.76434        5.13946        0.25478        6.00601        3.55536        0.38584        7.41918        2.41156        0.4487         
468      NO_ID      1.447608022    0.2359224427   0.1338748235   7.119050706    0.2847835681   5.98456        2.08479        0.87486        9.02643        1.90189        1.17905        12.63587       1.80217        1.29137        
469      NO_ID      1.513252384    0.1607971326   0.8556959624   6.685968371    0.08564425423  4.11523        5.04688        0.22487        6.41026        3.53346        0.42482        7.22483        3.41881        0.39611        
470      NO_ID      1.14188997     0.2191445083   0.4356937163   4.612502304    0.1891498517   4.5045         3.12664        0.4193         7.02417        2.6616         0.65561        10.37037       2.30005        0.92356        
471      NO_ID      1.212344701    0.2479958509   0.4641906161   2.195780392    0.02020465887  2.47963        1.17537        0.49252        2.60943        0.48364        0.45313        2.79783        0.66629        0.25778        
472      NO_ID      1.124514171    0.1999639702   0.5401712723   7.48825996     0.1590878811   4.29664        3.41544        0.35427        6.5309         2.86391        0.55798        9.77731        2.51488        0.73785        
473      NO_ID      0.9172658615   0.1433149989   0.1802630397   3.670034902    0.1609574989   11.08472       6.79841        0.4806         18.08786       5.91975        0.71119        24.13194       5.36917        0.78614        
474      NO_ID      1.363538433    0.1776094867   0.6929552218   6.363183247    0.04764802947  4.41824        4.22327        0.29111        5.65657        2.93173        0.44777        5.99059        2.38301        0.40681        
475      NO_ID      0.9977638597   0.1715062617   0.7375523496   8.014621116    0.2022061056   4.2156         3.47473        0.33839        6.20567        3.05658        0.47395        8.56269        2.65993        0.58643        
476      NO_ID      1.383455465    0.214758542    0.1772437747   3.735597965    0.100446332    7.56348        3.76387        0.58791        12.64679       3.27461        0.99579        16.7264        3.08801        1.04722        
477      NO_ID      0.8652031537   0.2136125186   0.5464601772   2.635984677    0.1802771367   3.44403        3.3523         0.32333        5.99059        2.77427        0.54813        7.78342        2.65142        0.56682        
478      NO_ID      1.330436147    0.1309227668   0.5797066691   3.968208101    0.09131269235  7.95391        6.96068        0.31548        10.24229       5.18603        0.45214        13.18267       3.48793        0.58323        
479      NO_ID      1.329205206    0.2052167306   0.7103175796   7.785057688    0.1630358625   3.52734        3.16155        0.31031        5.37634        2.65371        0.45484        7.36619        2.24603        0.61965        
480      NO_ID      1.221346178    0.1248661019   0.2719571514   2.94476639     0.1535500159   13.78109       7.91401        0.48952        22.40829       6.04762        0.87728        29.45493       4.94308        1.02404        
481      NO_ID      1.497476664    0.234004978    0.283122144    2.482893255    0.02396504819  3.98921        1.59742        0.60631        4.2618         0.9564         0.63035        4.6131         0.90418        0.35344        
482      NO_ID      1.122308207    0.2398410403   0.6987199569   4.89019156     0.1473341581   2.90577        2.63568        0.31464        4.32677        2.16409        0.4862         5.98291        1.90164        0.62368        
483      NO_ID      1.271949893    0.2310904354   0.8500631464   5.436141461    0.08296438001  2.71318        2.65377        0.28619        4.25403        1.9986         0.50208        4.85674        1.76776        0.53193        
484      NO_ID      1.45990891     0.2222512741   0.1669858734   5.20550119     0.2514780492   6.98603        2.86275        0.75502        11.19048       2.54157        1.08367        15.8046        2.40059        1.26953        
485      NO_ID      1.031940356    0.1596914143   0.3493462588   2.402730285    0.05524944923  7.10299        4.21814        0.4729         8.18662        2.28314        0.60046        9.7629         1.66605        0.41292        
486      NO_ID      0.844432848    0.1581648299   0.8465525074   3.533019393    0.09851968182  4.11523        5.36485        0.21808        5.75495        3.63014        0.37974        6.8787         2.87587        0.3936         
487      NO_ID      1.537283233    0.1851701158   0.8656709874   2.246455331    0.2418385704   3.85356        3.50837        0.31623        6.19743        2.77117        0.52975        7.42812        2.68427        0.50166        
488      NO_ID      0.9864474055   0.1535023748   0.4935926255   7.968444867    0.0608826534   5.9676         6.07599        0.27163        9.50441        4.56192        0.48917        11.1244        3.35237        0.54803        
489      NO_ID      0.9932991071   0.1425653502   0.8067576616   8.708197205    0.03356826153  5.03584        5.53687        0.243          5.38876        2.93788        0.37132        6.08049        2.03333        0.34251        
490      NO_ID      0.8265147297   0.168155906    0.4948629562   6.140153935    0.1949276508   5.11135        4.19076        0.35213        8.15851        3.60696        0.55152        11.05845       3.30969        0.66401        
491      NO_ID      1.03922935     0.1924313819   0.957818724    8.68143887     0.1025617196   2.83516        3.73504        0.2081         4.38266        2.93348        0.34889        5.26614        2.73412        0.379          
492      NO_ID      0.9068447674   0.2005428474   0.5675764024   7.380887676    0.2440657348   3.75436        2.74001        0.40448        5.70497        2.42696        0.59677        8.46945        2.20885        0.75064        
493      NO_ID      1.133476002    0.2384960999   0.3808213955   4.056202783    0.210197964    4.13712        2.7091         0.47245        6.60555        2.334          0.76603        9.38967        2.15541        0.89616        
494      NO_ID      1.322998663    0.2115622317   0.7689570333   3.806748921    0.09267338872  3.33095        3.13251        0.29858        5.13385        2.26315        0.55702        5.43267        2.11566        0.49081        
495      NO_ID      0.9234440218   0.1776000695   0.8128969692   4.023864457    0.2284332498   3.92157        3.79963        0.29734        6.06061        3.13508        0.46237        8.34824        2.72003        0.55212        
496      NO_ID      0.8336842831   0.1315894079   0.8789474216   4.160156606    0.1348539699   5.02332        6.84831        0.20482        7.04935        5.38704        0.30246        9.78947        4.29022        0.39545        
497      NO_ID      1.345113492    0.2476922133   0.2602333521   7.233957865    0.2698910393   4.63883        2.09657        0.68208        7.27226        1.90504        0.99127        10.48265       1.80224        1.15235        
498      NO_ID      1.423564662    0.1220745382   0.1243005047   8.124323011    0.2399535672   11.625         3.54471        0.86469        16.90909       3.16705        1.14333        23             3.00107        1.25869        
499      NO_ID      1.327781806    0.1955271152   0.4725612129   9.304680062    0.1720410668   5.06146        3.17598        0.45938        7.65027        2.75134        0.66208        10.92896       2.38485        0.87789        
500      NO_ID      1.467408988    0.1665549556   0.2428160464   6.217527106    0.1509338372   10.01446       4.83148        0.59019        15.82492       4.17965        0.89931        21.62791       3.62599        1.15858        
501      NO_ID      1.295540872    0.1417301113   0.9961092443   9.899371122    0.1181579638   4.02994        5.43125        0.20061        5.69853        4.48877        0.27412        7.39567        3.75876        0.35307        
502      NO_ID      1.434626676    0.2469165136   0.9474926996   4.394883117    0.2827671874   2.44584        2.15941        0.32179        4.28135        1.63841        0.60621        5.27114        1.6041         0.58528        
503      NO_ID      1.213051903    0.1256485823   0.9670870708   3.571696492    0.143085226    5.00179        7.02145        0.19848        7.25765        5.21684        0.31032        9.42761        4.52441        0.34712        
504      NO_ID      0.8209268876   0.2093679278   0.4092119121   8.350932246    0.2804315021   3.44403        2.20027        0.48261        5.35783        2.00504        0.66965        7.41038        1.89217        0.74488        
505      NO_ID      1.151048595    0.1677649398   0.7697998324   7.886957846    0.2593635811   4.09357        2.86888        0.40531        6.28342        2.50882        0.58781        9.25197        2.16882        0.84083        
506      NO_ID      1.216471055    0.2232537765   0.302028511    6.446153604    0.03991351716  5.21415        3.3528         0.44396        6.7535         2.8734         0.56545        8.08696        2.27431        0.62655        
507      NO_ID      1.047643637    0.2036547621   0.9153376975   2.001191667    0.1304407681   3.08478        3.08241        0.29151        4.16295        2.4287         0.43287        4.74006        1.73134        0.44576        
508      NO_ID      1.042201365    0.1623229551   0.2666321014   2.804966252    0.1548880726   8.72274        5.65998        0.47277        13.56589       4.80745        0.71739        19.18367       4.1899         0.86349        
509      NO_ID      1.479613314    0.2095865304   0.1542711835   9.015019533    0.03666593926  7.64002        4.22958        0.50891        11.81435       3.71347        0.77558        15.35519       3.32283        0.85644        
510      NO_ID      1.366907709    0.1860372713   0.818572756    4.463396296    0.09590409797  4.05093        3.71763        0.30154        5.43224        3.09406        0.41684        6.43678        2.62323        0.454          
511      NO_ID      0.8843649738   0.2333750017   0.9006158484   5.173820417    0.1368109636   2.3761         2.70156        0.25263        3.60745        2.21982        0.39074        5.18519        1.90423        0.53211        
512      NO_ID      1.332046356    0.1707449145   0.4484815567   7.064102567    0.1292779166   6.35786        4.56681        0.38565        9.42177        3.87547        0.55853        13.08194       3.36998        0.69193        
513      NO_ID      0.852425856    0.2013173327   0.2364176405   9.91225493     0.1693382955   5.21415        3.16725        0.50642        8.01833        2.90186        0.67989        11.27214       2.74828        0.74986        
514      NO_ID      1.522721575    0.1936549313   0.1200655698   6.503836993    0.0652126911   10.85271       4.83427        0.63895        17.28167       4.21415        0.988          24.17962       3.65243        1.24572        
515      NO_ID      0.8029354848   0.2291667749   0.3712062246   3.902837895    0.1759433409   3.67744        3.18785        0.34181        5.87002        2.81385        0.54388        8.75547        2.61704        0.70737        
516      NO_ID      1.409816084    0.2364393438   0.9836018286   4.102932013    0.0507924676   2.43416        2.24759        0.31335        3.30735        1.16969        0.59978        3.45771        1.14973        0.43953        
517      NO_ID      0.8553972515   0.2432390925   0.2084189637   9.174464633    0.249939932    3.4163         2.0407         0.53853        5.29789        1.88317        0.72851        7.31452        1.78795        0.78915        
518      NO_ID      1.168571636    0.2245646578   0.4707129568   2.999354908    0.1145948457   4.12979        3.05766        0.39043        6.81818        2.34208        0.7139         8.07382        1.99328        0.7172         
519      NO_ID      1.094430051    0.2485704634   0.9434633239   7.939225722    0.07882590324  2.0824         2.42895        0.23795        3.53268        1.78707        0.46737        3.91828        1.79545        0.47019        
520      NO_ID      1.314199384    0.1902641699   0.5232279265   4.928690925    0.1566524165   5.09209        3.88605        0.369          7.98851        3.16788        0.60829        11.09785       2.75553        0.70066        
521      NO_ID      0.8198581282   0.1820864781   0.3660413653   8.7687445      0.1015648574   5.42636        4.63975        0.33586        8.37822        3.94041        0.51239        12.03942       3.4739         0.67734        
522      NO_ID      1.280253683    0.1234025995   0.5504185329   5.115130265    0.04270812735  7.75386        6.90437        0.31019        9.11458        2.65003        0.59133        10.29304       2.0054         0.47094        
523      NO_ID      1.144496283    0.1662539483   0.3322073299   9.730200788    0.03568298068  7.24638        5.51772        0.36307        9.99286        4.18117        0.53803        11.69591       2.87812        0.61926        
524      NO_ID      1.570908608    0.2263086534   0.5955758474   5.527208349    0.193069819    3.83142        2.7231         0.39509        5.86498        2.26996        0.58585        8.1728         1.97271        0.76865        
525      NO_ID      1.351676044    0.2145268094   0.1071017052   3.765159776    0.2346123445   7.95003        3.52405        0.74468        12.95265       3.22421        1.07614        18.17585       3.04342        1.18437        
526      NO_ID      1.461637759    0.1563877611   0.5007141382   6.486972416    0.079575983    6.5086         5.61455        0.31174        9.27767        4.42992        0.4778         12.02749       3.40158        0.61731        
527      NO_ID      1.017918548    0.207748605    0.9791303616   9.54212356     0.2222660776   2.7532         2.43977        0.32733        4.04433        2.13438        0.44262        5.36822        1.94147        0.49901        
528      NO_ID      1.096332655    0.2454237587   0.8978849302   2.698602893    0.04924856907  2.12314        1.8955         0.31936        2.7861         0.9229         0.56948        2.95238        0.91371        0.31415        
529      NO_ID      1.590997962    0.12622832     0.9908154448   5.832025074    0.05202663904  4.92784        6.88649        0.19948        5.54236        3.90654        0.30335        6.96517        2.36161        0.3696         
530      NO_ID      1.00941393     0.1496991862   0.6555927348   8.98135799     0.03912477577  5.50964        5.65954        0.26951        7.17949        3.58213        0.45037        7.43671        2.74938        0.39713        
531      NO_ID      1.526532766    0.1897919113   0.4385663804   4.561559789    0.1217396719   6.23053        3.91881        0.45216        8.96196        3.2267         0.67399        11.45069       2.94382        0.70704        
532      NO_ID      0.9164776255   0.2193613339   0.8854879835   4.437398337    0.07235061806  2.56057        3.03159        0.2407         4.36545        1.96696        0.53404        4.32961        1.8804         0.42191        
533      NO_ID      0.936894371    0.1451176049   0.839589277    7.71495337     0.0632198674   4.47857        6.21456        0.19566        5.99059        4.69643        0.29245        7.62527        3.13243        0.3861         
534      NO_ID      0.9562440296   0.1442909035   0.9372363984   2.079655627    0.1967903688   4.40252        5.79103        0.2118         6.49441        4.53925        0.33409        8.53432        3.74934        0.40734        
535      NO_ID      1.233215158    0.1359016689   0.876212688    8.209226242    0.2422779218   4.70389        3.41314        0.38982        6.93413        3.01452        0.5108         9.22619        2.8186         0.55052        
536      NO_ID      1.39566852     0.2297645911   0.7318462565   3.640513452    0.2604454469   3.367          2.55948        0.37481        5.43267        2.04527        0.6324         7.30308        1.88783        0.70423        
537      NO_ID      1.207746806    0.2059822693   0.3249503703   2.850403696    0.2313674736   5.60878        3.49539        0.49622        9.15033        3.06297        0.75156        14.01401       2.7716         0.98376        
538      NO_ID      1.565991242    0.2448190154   0.7172750739   5.48535012     0.1262718904   3.02834        2.38362        0.35602        4.46571        1.95234        0.54253        5.62249        1.87876        0.58666        
539      NO_ID      1.450580014    0.2288098866   0.4589875132   8.279929053    0.1898653257   4.2735         2.6124         0.47838        6.64303        2.2071         0.74184        9.3            1.94468        0.93001        
540      NO_ID      1.543522582    0.1721771134   0.7267506934   8.438465187    0.218729747    4.64345        3.14488        0.40991        6.86854        2.70702        0.58853        9.29615        2.42119        0.67083        
541      NO_ID      1.247566822    0.1285645785   0.3842759586   2.113546924    0.2755187358   10.28761       5.61179        0.54184        15.60758       5.07143        0.73869        23.40067       4.36737        0.96052        
542      NO_ID      1.557004424    0.1292313411   0.5558228053   3.206637227    0.2073817033   8.6741         5.95083        0.4093         12.61261       4.897          0.57871        17.28167       4.12487        0.69554        
543      NO_ID      1.377320968    0.2153387548   0.4221134094   3.408087982    0.2824873903   5.00179        2.90704        0.52874        7.98969        2.51409        0.78551        11.80733       2.28134        1.02222        
544      NO_ID      1.022332755    0.1618188723   0.4812326383   6.781456596    0.1818722087   5.99829        4.2699         0.40151        9.48509        3.68444        0.62876        13.42995       3.23803        0.81772        
545      NO_ID      1.264012219    0.232238317    0.4864883253   7.833427613    0.1240110629   3.87693        2.85892        0.38083        5.97525        2.3381         0.63568        8.62928        2.02792        0.81268        
546      NO_ID      1.128981203    0.1573411482   0.6099410749   4.808118635    0.06969622533  5.79078        5.25164        0.3103         7.66063        4.02637        0.4833         9.52869        2.67602        0.58703        
547      NO_ID      1.189356286    0.1241323756   0.5113133684   2.780366345    0.2573634486   9.05867        5.53502        0.4714         13.40058       4.82605        0.6628         18.30065       4.19503        0.74614        
548      NO_ID      1.204982884    0.1368401346   0.5164479302   7.304803395    0.187410151    7.26228        4.66829        0.44033        11.32686       4.01937        0.66577        14.58333       3.57365        0.76287        
549      NO_ID      1.531041638    0.1479223267   0.3422104233   9.452590044    0.2113118164   8.80326        3.44311        0.71933        13.20038       3.03673        1.02388        18.43137       2.82296        1.19664        
550      NO_ID      1.486708485    0.1547146066   0.6024112431   2.326543415    0.1174689385   6.31793        5.24375        0.34639        7.89474        3.8296         0.49758        9.95025        2.47986        0.60882        
551      NO_ID      0.9644843127   0.2498533779   0.1453553927   9.55698566     0.07620744615  4.6554         3.14708        0.45528        7.7371         2.91172        0.66846        11.09795       2.77018        0.82465        
552      NO_ID      0.8359701225   0.2182020972   0.2042062455   5.978612721    0.178436267    5.01253        3.4009         0.44776        7.84148        3.15536        0.6414         11.07143       2.96446        0.72167        
553      NO_ID      1.38720355     0.1765578371   0.828372883    7.16188823     0.2982382099   3.9548         2.48821        0.44677        6.28931        2.10897        0.71077        8.34835        1.89588        0.81975        
554      NO_ID      0.9475146171   0.1588099991   0.2524820088   8.467407173    0.2665226464   5.79078        2.72632        0.59303        8.42359        2.48037        0.77525        11.48148       2.3553         0.86636        
555      NO_ID      0.9980012603   0.1303245842   0.5732511361   9.65621151     0.1068401668   6.60066        6.48835        0.27787        9.7629         5.38212        0.40805        13.29535       4.43182        0.52812        
556      NO_ID      1.108262293    0.2442894447   0.8220857619   5.739107441    0.2915973708   2.52525        2.13301        0.35146        3.9548         1.79766        0.53842        5.7971         1.5615         0.74186        
557      NO_ID      1.155866906    0.1715963949   0.509487133    9.147121767    0.1416198367   5.27903        4.16505        0.35982        8.2736         3.49827        0.57656        11.93521       3.00292        0.77219        
558      NO_ID      0.8710285436   0.1551023381   0.7544707589   2.282837443    0.1054130451   4.75705        5.40679        0.25847        5.90717        3.24205        0.38935        7.12821        2.56309        0.40959        
559      NO_ID      0.8498417831   0.1913661376   0.6150559973   6.894668239    0.2683541909   3.70077        2.6865         0.40443        5.81154        2.40583        0.60621        7.88288        2.22085        0.68817        
560      NO_ID      1.24305332     0.1996719068   0.7929403265   4.984343111    0.2128189732   3.79217        3.20692        0.33252        5.43267        2.65511        0.46467        7.56348        2.32605        0.57399        
561      NO_ID      1.596052218    0.1432865148   0.7595526462   9.430913222    0.2534465303   5.18519        2.8841         0.49418        7.63775        2.58578        0.65157        10.21152       2.39434        0.72781        
562      NO_ID      1.503221738    0.1491540506   0.3372382121   9.643155335    0.2943113555   6.94444        2.36123        0.81734        10.48689       2.13965        1.12458        14.49275       2.02676        1.28487        
563      NO_ID      1.483394549    0.1992121001   0.6870460005   6.588384756    0.09406321859  3.90843        3.51883        0.3059         5.9448         2.74309        0.50192        7.09596        2.57213        0.53958        
564      NO_ID      1.257514912    0.1405968142   0.6291164621   4.76503891     0.2546553267   6.57277        4.16993        0.4312         9.81211        3.52939        0.63956        13.63636       3.1934         0.77179        
565      NO_ID      0.9719665844   0.1470427685   0.3037778901   2.367716129    0.1739029249   9.29615        6.44455        0.42703        14.40329       5.48681        0.66423        20.92676       4.55437        0.84098        
566      NO_ID      1.163870037    0.122531926    0.4504781433   3.113674922    0.226355186    9.7629         6.19408        0.45429        15.55556       5.18213        0.68971        20.46784       4.49704        0.83221        
567      NO_ID      1.425048874    0.1702831047   0.2132750773   7.022967941    0.08792599786  10.10101       5.3664         0.53005        15.76577       4.5677         0.82071        21.69811       3.92354        1.02551        
568      NO_ID      1.088430963    0.2225034023   0.3270203135   6.276671975    0.2898421482   4.46144        2.3245         0.57825        6.82261        2.09411        0.80493        9.55326        1.98045        0.94391        
569      NO_ID      1.419797068    0.2078881523   0.2192952258   3.484120041    0.2047222388   7.45192        3.48286        0.68254        11.83761       3.19784        0.93027        17.0303        2.92314        1.17073        
570      NO_ID      1.179274871    0.2268933013   0.8647701069   7.580513075    0.2999169371   2.85074        1.98086        0.41638        4.33705        1.68093        0.62975        5.88483        1.55272        0.73564        
571      NO_ID      1.194304938    0.2377127348   0.7473388409   8.633348904    0.2476798354   2.80617        2.05765        0.39667        4.37695        1.79355        0.58312        6              1.59495        0.72033        
572      NO_ID      0.8978722156   0.1967288604   0.8346903129   3.383617669    0.1642648556   3.16384        3.64765        0.24628        5.00715        2.92222        0.42109        7.02811        2.42696        0.54774        
573      NO_ID      1.308833083    0.1747157159   0.1001875945   5.885442479    0.03222050359  12.23684       6.08596        0.56885        17.94872       4.85769        0.83351        22.9064        3.51453        0.97875        
574      NO_ID      0.979992733    0.1510345592   0.6268118164   2.708745775    0.2363727911   5.52923        5.07544        0.32852        9.15033        4.15816        0.53016        12.63587       3.5995         0.65985        
575      NO_ID      1.435272834    0.2206013412   0.3596004152   6.64213015     0.1996480588   5.3099         2.85006        0.53579        8.22972        2.46549        0.8366         11.74439       2.20007        1.08881        
576      NO_ID      0.9107492134   0.2140122881   0.2344409754   5.007143307    0.2003061335   5.22583        3.39126        0.47271        8.28893        3.1307         0.66115        11.59966       2.96948        0.7663         
577      NO_ID      1.058096361    0.1947462976   0.4283059495   9.983588622    0.04405548675  4.86111        4.12424        0.33053        7.70077        3.07308        0.61736        8.4991         3.1279         0.51445        
578      NO_ID      1.38382345     0.1642722095   0.6655156571   2.547264302    0.2709027067   5.52268        4.15611        0.39184        8.57934        3.35997        0.59998        11.65414       3.08661        0.66594        
579      NO_ID      1.49249139     0.1201050513   0.9289526231   6.161274152    0.04621040864  5.45775        7.11041        0.21512        6.04085        4.08877        0.29629        7.51476        2.291          0.36433        
580      NO_ID      0.9017900912   0.2027612934   0.8021155062   3.057286201    0.23827799     3.1617         3.29444        0.2793         5.20134        2.71688        0.4666         7.21278        2.41567        0.55779        
581      NO_ID      1.197600126    0.1610666704   0.1584435489   5.661575245    0.1330701356   11.46601       5.67533        0.56563        17.87995       5.01227        0.83864        25.64103       4.50137        1.0377         
582      NO_ID      1.149802127    0.2467482226   0.7441767495   9.832118336    0.1102290552   2.43563        2.52068        0.27053        3.9422         1.98471        0.46171        5.32646        1.76365        0.59949        
583      NO_ID      0.9525178329   0.2038649483   0.5363879606   6.063074755    0.0268622562   3.76952        3.11859        0.34392        3.85356        2.41985        0.36613        4.54545        1.4481         0.37169        
584      NO_ID      1.410055023    0.215927547    0.6793286833   9.20508667     0.05861669489  3.38921        3.1265         0.30088        5.32037        2.3198         0.55618        6.18603        2.03738        0.57918        
585      NO_ID      0.8689274623   0.2133526509   0.9257801104   6.039705932    0.2334797855   2.64342        2.78296        0.27032        3.98116        2.38635        0.39187        5.43093        2.10706        0.47496        
586      NO_ID      0.8885903426   0.2416342885   0.1893723452   6.342365744    0.1839767278   4.44868        2.89898        0.47326        6.96517        2.67937        0.67204        9.81831        2.52914        0.76861        
587      NO_ID      0.9328477847   0.1976320437   0.6621512221   6.825625564    0.1083445586   3.61757        3.75913        0.27012        5.38255        3.12973        0.40893        7.53647        2.63927        0.56914        
588      NO_ID      1.220121462    0.1872187004   0.890413609    8.89569007     0.2955949337   3.35983        2.15188        0.43916        5.01428        1.87968        0.6346         7.02541        1.66285        0.81655        
589      NO_ID      0.8619582564   0.1599654538   0.3176066967   4.228618476    0.1448937285   7.23077        5.77052        0.36988        11.83879       4.89187        0.60168        16.60735       4.23822        0.75433        
590      NO_ID      1.551937585    0.1802414575   0.3108239541   5.327777376    0.08372844169  8.36431        4.5375         0.52267        12.04188       3.73928        0.76209        14.81481       3.17021        0.87027        
591      NO_ID      1.341531979    0.225062493    0.7891258861   7.445434348    0.1746847115   3.12152        2.62892        0.32759        4.54248        2.2053         0.47338        6.02929        1.99378        0.53582        
592      NO_ID      1.300954932    0.1275802767   0.7194964048   5.636761649    0.1489509303   6.28931        6.36007        0.26544        9.35204        4.96929        0.42279        12.02749       4.24807        0.4854         
593      NO_ID      1.337164608    0.2103156067   0.249603383    8.590450351    0.128417477    6.73401        3.45564        0.56439        10.279         3.03061        0.8172         14.39628       2.70227        1.07477        
594      NO_ID      1.238811411    0.1980569827   0.35823049     4.303714405    0.2245386425   5.9448         3.42353        0.51522        9.35204        3.01321        0.78433        14.13374       2.71104        1.03473        
595      NO_ID      0.9423804056   0.1353068444   0.5307424105   7.531364921    0.1207646116   6.89911        6.34497        0.30776        10.37037       5.16986        0.47973        13.92216       4.51493        0.52249        
596      NO_ID      1.103924668    0.2068054382   0.2010181135   3.298232687    0.1676368908   6.82261        3.80865        0.56893        10.72797       3.54358        0.77202        15.39313       3.3083         0.92732        
597      NO_ID      1.229283143    0.1691441391   0.5912617513   6.701201973    0.2278730444   5.37016        3.39491        0.4453         8.00457        2.9342         0.67161        11.76226       2.57907        0.88716        
598      NO_ID      1.444558438    0.1458259059   0.3934433868   7.636978654    0.2886176781   7.33753        2.74725        0.72965        11.03231       2.49874        1.05831        15.0974        2.33414        1.17348        
599      NO_ID      1.291172289    0.1309899652   0.3896009569   5.552950804    0.2619745833   9.20447        3.83753        0.64432        13.45785       3.44198        0.8931         18.66667       3.2214         1.02933        
600      NO_ID      1.317629156    0.1526560587   0.402025053    3.888062426    0.05445108956  8.1728         5.31593        0.44549        10.64073       3.31295        0.76465        11.71285       2.16574        0.62364        
601      NO_ID      1.446930884    0.2409651014   0.6817563171   3.315009206    0.08862594603  3.12848        2.50751        0.35431        5.15786        1.51147        0.81494        5.35027        1.51611        0.65898        
602      NO_ID      1.393697254    0.1337529646   0.9753513266   8.935951778    0.2868221147   4.53216        2.68118        0.45236        6.5035         2.37829        0.60268        8.58025        2.27192        0.62732        
603      NO_ID      0.8920920829   0.1732774431   0.1322601993   9.28271248     0.2071571559   6.15655        3.15782        0.56713        9.18972        2.88743        0.74128        12.61261       2.74114        0.81468        
604      NO_ID      1.509144044    0.1634708058   0.6411346315   7.25500447     0.06618582753  5.0931         4.99062        0.28396        6.82261        3.99765        0.40856        8.85515        2.87033        0.52948        
605      NO_ID      1.514553592    0.1737689859   0.6226622691   9.096483756    0.02808150207  5.08906        3.66791        0.38199        5.01792        2.74148        0.40322        5.54236        1.80457        0.36958        
606      NO_ID      1.013837193    0.2049393682   0.6391270823   8.526667097    0.07550578102  3.46964        3.60765        0.26659        5.44574        2.79347        0.47922        6.52482        2.6639         0.51238        
607      NO_ID      0.9698480819   0.1887790372   0.1405047066   4.682753874    0.1959757153   7.7135         4.2312         0.54968        11.78965       3.86195        0.74276        16.9708        3.60519        0.86306        
608      NO_ID      1.001041081    0.138265195    0.2867051995   4.257195319    0.1377603273   10.84105       6.86448        0.44267        16.54762       5.75496        0.68764        23.48485       4.92911        0.90575        
609      NO_ID      1.052304778    0.1377784025   0.670268502    5.784979734    0.2741455943   5.78444        3.48749        0.46206        8.76866        3.0713         0.6794         12.43316       2.82381        0.81528        
610      NO_ID      1.563549316    0.18764204     0.9656543801   8.153855       0.2472745338   3.44486        2.62564        0.35963        5.00179        2.27306        0.49899        6.62879        2.05775        0.55679        
611      NO_ID      0.9253354803   0.1917232592   0.7061762218   4.53190659     0.0680852358   3.67454        3.90637        0.26372        5.44458        2.56875        0.51705        6.06061        2.34366        0.43388        
612      NO_ID      1.359016186    0.1344785718   0.1907781018   2.581630098    0.2156364978   14.89818       6.3908         0.69304        23.92055       5.55044        1.02483        33.57664       4.96377        1.19226        
613      NO_ID      1.081298756    0.235715911    0.2965256993   6.944427138    0.1399322607   4.56621        2.99906        0.44258        7.19055        2.61511        0.67166        10.11396       2.39187        0.86575        
614      NO_ID      1.250767959    0.2172536094   0.5660237503   5.930926377    0.07329804155  3.82087        3.18408        0.33808        6.26685        2.33801        0.6399         6.55271        2.28891        0.5792         
615      NO_ID      1.173053168    0.2121949161   0.9189315719   4.704608731    0.2172723345   2.84726        2.96755        0.27279        4.26214        2.44424        0.40929        5.92969        2.13787        0.52677        
616      NO_ID      1.360470002    0.179344121    0.6477619282   5.079473424    0.02906802958  4.0864         3.01056        0.37155        4.38266        1.86003        0.44224        4.37774        1.34807        0.26331        
617      NO_ID      0.9848117145   0.2316422929   0.587750398    5.372048779    0.2779616043   3.1617         2.37366        0.40152        5.03043        2.11143        0.61801        7.39567        1.88517        0.82055        
618      NO_ID      1.076441399    0.2425241585   0.7824958499   9.382139043    0.1120283047   2.44094        2.54816        0.26711        3.64378        2.11385        0.40413        4.96454        1.84208        0.53286        
619      NO_ID      1.285469234    0.1817499801   0.1728904818   7.656620346    0.1657556716   9.11458        3.92613        0.67783        14.30769       3.5665         0.93677        19.66527       3.2872         1.09501        
620      NO_ID      1.57612377     0.152360268    0.2770667526   8.30998569     0.2648952355   8.54779        2.83453        0.8336         12.82051       2.57339        1.17225        17.87072       2.40192        1.34978        
621      NO_ID      1.582277588    0.1777855016   0.4199661744   6.977630817    0.02301180879  5.24345        3.76984        0.3852         5.77558        2.28081        0.50684        6.11621        1.36149        0.41224        
622      NO_ID      1.026759326    0.2278408111   0.2270255237   3.039171953    0.2736231558   5.05598        2.84574        0.5996         8.00457        2.7752         0.78638        11.35442       2.62179        0.89632        
623      NO_ID      1.548120557    0.2189205813   0.9064880307   3.168052671    0.1528096825   3.10078        2.76869        0.3154         4.48902        2.25838        0.47059        5.39499        2.10822        0.50238        
624      NO_ID      1.182776936    0.1325325931   0.1164727242   8.077366282    0.2205034205   10.25641       3.75392        0.73027        15.14161       3.40565        0.97181        20.26432       3.18609        1.05918        
625      NO_ID      1.370132157    0.2213521295   0.9527935755   8.828992284    0.184702997    2.67584        2.57409        0.29279        3.93578        2.18955        0.40565        5.24026        1.92136        0.49145        
626      NO_ID      0.8086335026   0.1393379904   0.4100288302   9.760410321    0.112966229    7.23514        6.01283        0.34073        10.92896       5.19484        0.51412        15.60045       4.43193        0.66732        
627      NO_ID      1.068784704    0.2350902783   0.776409189    5.268823312    0.05823997318  2.644          2.67341        0.28087        4.21196        1.72964        0.58395        4.5858         1.79521        0.49838        
628      NO_ID      1.471314401    0.1214236138   0.1338748235   7.119050706    0.2847835681   10.55807       3.08771        0.86724        15.80161       2.85037        1.16794        21.12135       2.68676        1.30294        
629      NO_ID      0.8797364146   0.1270538096   0.8556959624   6.685968371    0.08564425423  5.09158        7.32535        0.18689        6.91777        5.90155        0.25856        9.04393        4.41213        0.3419         
630      NO_ID      1.136736613    0.1505056234   0.4356937163   4.612502304    0.1891498517   7.65472        5.12253        0.43175        11.83206       4.26305        0.6749         16.66667       3.78827        0.85303        
631      NO_ID      1.064664753    0.1753098192   0.4641906161   2.195780392    0.02020465887  3.11245        2.10667        0.34134        3.56234        0.76441        0.37171        3.48779        0.69975        0.14068        
632      NO_ID      1.518293092    0.1958515299   0.5401712723   7.48825996     0.1590878811   4.94544        3.42205        0.4014         7.07763        2.88482        0.57899        9.96416        2.59695        0.69798        
633      NO_ID      1.402047772    0.1401842088   0.1802630397   3.670034902    0.1609574989   15.07151       6.56955        0.66053        24.38596       5.70961        1.00164        33.09353       5.11224        1.16571        
634      NO_ID      1.112970979    0.1790201435   0.6929552218   6.363183247    0.04764802947  4.25015        4.26622        0.27889        6.16469        2.69341        0.55621        6.13228        2.00366        0.43244        
635      NO_ID      1.277804448    0.1827802076   0.7375523496   8.014621116    0.2022061056   4.06858        3.20635        0.35609        6.25278        2.77095        0.53298        8.39372        2.48902        0.58949        
636      NO_ID      1.072302902    0.183414901    0.1772437747   3.735597965    0.100446332    8.626          5.16605        0.49692        13.83085       4.4983         0.77523        19.36376       3.9389         0.93886        
637      NO_ID      0.8117882285   0.1648275449   0.5464601772   2.635984677    0.1802771367   5.42636        5.07052        0.31159        8.1861         4.14809        0.47945        11.48148       3.61717        0.58994        
638      NO_ID      1.269597298    0.2387499139   0.5797066691   3.968208101    0.09131269235  3.37919        2.6327         0.37078        5.45171        1.99429        0.68413        6.12875        1.69867        0.67825        
639      NO_ID      1.116283044    0.1843964802   0.7103175796   7.785057688    0.1630358625   3.96152        3.66064        0.30519        5.97364        3.08508        0.4341         8.77358        2.63956        0.60632        
640      NO_ID      1.588702966    0.1465148533   0.2719571514   2.94476639     0.1535500159   12.29221       6.07564        0.57515        19.21488       4.86699        0.95729        26.1236        4.26177        1.0754         
641      NO_ID      1.497476664    0.1489756121   0.8839308344   2.482893255    0.02396504819  2.57542        2.48217        0.21969        2.82657        1.01306        0.20639        3.04918        0.65741        0.11011        
642      NO_ID      1.122308207    0.182712851    0.1732685943   4.89019156     0.1473341581   8.75389        4.81377        0.53088        13.7574        4.29467        0.81527        19.53782       3.98461        0.96248        
643      NO_ID      1.271949893    0.1284657736   0.4789477015   5.436141461    0.08296438001  8.6741         7.56924        0.31517        12.0155        5.67194        0.49077        15.75964       4.00545        0.63688        
644      NO_ID      1.45990891     0.1395220936   0.919192957    5.20550119     0.2514780492   4.97512        4.01054        0.33738        7.17949        3.44689        0.45483        9.52381        3.05426        0.51877        
645      NO_ID      1.031940356    0.2449162164   0.1073265529   2.402730285    0.05524944923  5.06146        2.6304         0.62456        7.33438        2.23285        0.87759        10.33848       2.14797        0.81712        
646      NO_ID      0.844432848    0.2381194956   0.6398823096   3.533019393    0.09851968182  2.68199        2.82709        0.27469        4.55729        2.1176         0.55186        5.28919        1.89954        0.55341        
647      NO_ID      1.537283233    0.1209632069   0.398249289    2.246455331    0.2418385704   11.91099       6.54373        0.5365         18.45238       5.29644        0.82646        24.73404       4.59184        0.86394        
648      NO_ID      0.9864474055   0.1226708917   0.3739403788   7.968444867    0.0608826534   9.78337        8.58637        0.30996        14.34469       6.29189        0.50966        19.30556       4.13826        0.71952        
649      NO_ID      0.9932991071   0.2105044598   0.4740779746   8.708197205    0.03356826153  3.91171        3.60732        0.30452        5.5887         2.7022         0.49463        5.72597        2.42691        0.42969        
650      NO_ID      0.8265147297   0.1233825032   0.5680725306   6.140153935    0.1949276508   7.08144        5.22998        0.38231        10.73643       4.54922        0.56205        14.71519       4.19784        0.61121        
651      NO_ID      1.03922935     0.2220962653   0.7746732683   8.68143887     0.1025617196   2.79107        2.99942        0.25801        4.28177        2.3993         0.41877        6.12065        2.01187        0.58973        
652      NO_ID      0.9068447674   0.2128367725   0.1724060098   7.380887676    0.2440657348   4.91228        2.56722        0.58036        7.31964        2.37832        0.75179        10.16887       2.23469        0.83388        
653      NO_ID      1.133476002    0.2025944495   0.1609394943   4.056202783    0.210197964    7.44285        3.76535        0.62709        11.40994       3.50305        0.84434        16.84915       3.26688        1.01519        
654      NO_ID      1.322998663    0.2428785281   0.7821818195   3.806748921    0.09267338872  2.79441        2.43075        0.33055        4.3621         1.77534        0.58167        4.62227        1.74865        0.52495        
655      NO_ID      0.9234440218   0.1318660506   0.2787759099   4.023864457    0.2284332498   9.99286        5.29304        0.51217        15.04329       4.68851        0.70193        20.83333       4.30635        0.81552        
656      NO_ID      0.8336842831   0.1478343468   0.5572207532   4.160156606    0.1348539699   6.09225        6.07725        0.28841        9.3147         4.91178        0.45738        12.34568       4.22682        0.54079        
657      NO_ID      1.345113492    0.1589498808   0.4496289762   7.233957865    0.2698910393   6.55431        2.9165         0.62781        9.8661         2.59268        0.90519        13.66765       2.39286        1.11021        
658      NO_ID      1.423564662    0.1758495749   0.8995049772   8.124323011    0.2399535672   3.70665        2.87982        0.35173        5.60897        2.49507        0.49897        7.51476        2.25655        0.58235        
659      NO_ID      1.327781806    0.12240039     0.6746345012   9.304680062    0.1720410668   6.63822        4.83538        0.37243        9.80392        4.25052        0.50144        12.91667       3.82568        0.56224        
660      NO_ID      1.467408988    0.1669633081   0.580488999    6.217527106    0.1509338372   5.86265        4.41343        0.35945        8.1728         3.76936        0.48344        11.01896       3.25988        0.6405         
661      NO_ID      1.295540872    0.1348986385   0.1657993694   9.899371122    0.1181579638   14.5379        5.87899        0.67766        22.14286       5.23443        0.95679        29.87013       4.7235         1.06623        
662      NO_ID      1.434626676    0.2242226692   0.9677999826   4.394883117    0.2827671874   2.99529        2.39542        0.35107        4.31755        2.00222        0.50432        5.65731        1.80096        0.5498         
663      NO_ID      1.213051903    0.188710405    0.3304297751   3.571696492    0.143085226    6.79729        4.25181        0.45812        10.6471        3.56338        0.7416         14.76793       3.16584        0.88166        
664      NO_ID      0.8209268876   0.1818210452   0.7245489767   8.350932246    0.2804315021   3.38409        2.42417        0.40317        5.17369        2.16362        0.57106        7.08144        2.02435        0.68643        
665      NO_ID      1.151048595    0.1847299621   0.3585780391   7.886957846    0.2593635811   5.54236        2.62752        0.61113        8.59617        2.3793         0.86004        12.0155        2.257          1.01031        
666      NO_ID      1.216471055    0.1700724854   0.2605343866   6.446153604    0.03991351716  8.23045        5.45963        0.42236        11.72529       3.67078        0.68004        13.67647       2.66705        0.73262        
667      NO_ID      1.047643637    0.1291146343   0.5960337193   2.001191667    0.1304407681   7.60043        6.98229        0.31092        10.23392       5.00742        0.45455        12.43316       3.57762        0.48376        
668      NO_ID      1.042201365    0.1851232758   0.189597806    2.804966252    0.1548880726   8.11594        4.76345        0.52393        12.85195       4.27892        0.78165        18.23529       4.07854        0.88546        
669      NO_ID      1.479613314    0.1751659098   0.9606276933   9.015019533    0.03666593926  3.66588        3.84335        0.26078        3.875          2.96182        0.30539        4.39093        1.98231        0.3228         
670      NO_ID      1.366907709    0.1497146008   0.4279638612   4.463396296    0.09590409797  7.96359        5.97499        0.37466        12.20779       4.61047        0.6199         15.97701       3.57634        0.82949        
671      NO_ID      0.8843649738   0.2282750691   0.978317256    5.173820417    0.1368109636   2.24467        2.81284        0.2272         3.5342         2.27121        0.37543        4.30157        2.15524        0.39712        
672      NO_ID      1.332046356    0.2091024633   0.1364640458   7.064102567    0.1292779166   8.28893        3.84182        0.63378        13.12559       3.47609        0.92393        18.82591       3.27477        1.09372        
673      NO_ID      0.852425856    0.1897491347   0.319969333    9.91225493     0.1693382955   5.1395         3.37557        0.45694        8.05893        3.06197        0.64238        11.05845       2.87698        0.73106        
674      NO_ID      1.522721575    0.2324816973   0.6203000284   6.503836993    0.0652126911   3.5167         2.70399        0.36453        5.52257        1.97509        0.67001        5.83543        2.09704        0.57446        
675      NO_ID      0.8029354848   0.1689178048   0.1976673041   3.902837895    0.1759433409   7.55124        5.35685        0.42796        12.2164        4.77247        0.62815        16.90998       4.44221        0.69669        
676      NO_ID      1.409816084    0.2073590909   0.3927559224   4.102932013    0.0507924676   5.66265        3.2463         0.49526        7.277          2.27037        0.76262        7.58564        1.91194        0.62641        
677      NO_ID      0.8553972515   0.2215469388   0.7923013087   9.174464633    0.249939932    2.62467        2.18331        0.35623        3.97968        1.9099         0.523          5.61594        1.75125        0.65548        
678      NO_ID      1.168571636    0.134283471    0.8132230258   2.999354908    0.1145948457   5.60897        6.7735         0.23334        7.35217        5.02631        0.33442        9.46586        3.57071        0.40712        
679      NO_ID      1.094430051    0.1529746101   0.7596698358   7.939225722    0.07882590324  4.62963        5.61341        0.22592        6.99248        4.2345         0.38781        8.18713        3.50388        0.43247        
680      NO_ID      1.314199384    0.2171934901   0.7083611273   4.928690925    0.1566524165   3.5461         2.96738        0.33767        5.14517        2.4941         0.48607        6.70526        2.24892        0.5811         
681      NO_ID      0.8198581282   0.2032468051   0.8199213982   8.7687445      0.1015648574   2.78275        3.58271        0.21865        4.25758        2.86704        0.34641        5.67721        2.47743        0.45609        
682      NO_ID      1.280253683    0.1654958363   0.835158053    5.115130265    0.04270812735  4.28177        4.14526        0.2882         4.46571        2.33884        0.38964        5.15521        1.96646        0.3058         
683      NO_ID      1.144496283    0.1502633048   0.6594305038   9.730200788    0.03568298068  5.56881        5.51592        0.27472        6.78295        3.48435        0.42359        7.41918        2.26474        0.42917        
684      NO_ID      1.570908608    0.1277023539   0.2255199231   5.527208349    0.193069819    15.54433       5.3931         0.78478        23.41667       4.67751        1.12604        31.57277       4.30819        1.26753        
685      NO_ID      1.351676044    0.2440691067   0.306859194    3.765159776    0.2346123445   4.29316        2.60471        0.52395        7.57576        2.3058         0.83162        11.13763       2.10502        1.08352        
686      NO_ID      1.461637759    0.1524416009   0.8013221977   6.486972416    0.079575983    4.72813        5.58976        0.2304         6.90335        4.08921        0.39273        8.10185        3.23069        0.44621        
687      NO_ID      1.017918548    0.1410306976   0.2942578836   9.54212356     0.2222660776   7.36926        3.37138        0.6129         10.95462       3.05077        0.8202         14.76793       2.89545        0.89393        
688      NO_ID      1.096332655    0.1638696388   0.8446991388   2.698602893    0.04924856907  3.88242        3.1653         0.33664        4.18535        1.69163        0.4279         4.32499        1.40311        0.2331         
689      NO_ID      1.590997962    0.190114076    0.7200061917   5.832025074    0.05202663904  4.21941        3.62305        0.32776        5.85642        2.36298        0.55965        5.82605        1.86409        0.49909        
690      NO_ID      1.00941393     0.1458208287   0.3104195331   8.98135799     0.03912477577  8.84224        6.9415         0.35231        11.84433       5.18535        0.5086         15.24123       3.18384        0.66925        
691      NO_ID      1.526532766    0.2266968017   0.8908581432   4.561559789    0.1217396719   2.72109        2.82062        0.2711         4.2042         2.15282        0.45809        4.93433        2.05262        0.47332        
692      NO_ID      0.9164776255   0.1571011734   0.7052023338   4.437398337    0.07235061806  4.69223        5.49251        0.24567        6.70498        3.81636        0.41814        9.11199        2.71188        0.57546        
693      NO_ID      0.936894371    0.2095039687   0.2059286561   7.71495337     0.0632198674   5.85529        4.19531        0.39849        9.4422         3.6803         0.62863        12.95265       3.35218        0.7547         
694      NO_ID      0.9562440296   0.237095286    0.7639205014   2.079655627    0.1967903688   2.7116         2.63222        0.30341        4.27783        2.09772        0.50991        5.28223        1.95265        0.55356        
695      NO_ID      1.233215158    0.2352228722   0.6143136304   8.209226242    0.2422779218   3.24721        2.19981        0.44018        5.05214        1.88828        0.65653        7.17557        1.68336        0.85916        
696      NO_ID      1.39566852     0.2121446851   0.8974942864   3.640513452    0.2604454469   3.11943        2.7443         0.32315        4.69012        2.34707        0.44966        6.38395        2.04235        0.60455        
697      NO_ID      1.207746806    0.198504409    0.4456528817   2.850403696    0.2313674736   5.04338        3.60045        0.43748        8.70234        2.9923         0.71903        12.45567       2.6421         0.92928        
698      NO_ID      1.565991242    0.1876949514   0.6434903838   5.48535012     0.1262718904   4.50886        3.88703        0.31577        6.60511        3.14336        0.49491        8.5003         2.78312        0.55886        
699      NO_ID      1.450580014    0.2004803923   0.3779317638   8.279929053    0.1898653257   5.88483        3.07979        0.55131        8.72274        2.6799         0.79501        12.61384       2.34722        1.06505        
700      NO_ID      1.543522582    0.1251306129   0.4655009823   8.438465187    0.218729747    8.82168        3.90903        0.62613        13.25758       3.38173        0.93619        17.41294       3.19703        0.94344        
701      NO_ID      1.247566822    0.2493292891   0.9088374401   2.113546924    0.2755187358   2.26537        2.02771        0.35889        3.82087        1.78073        0.51419        4.8734         1.67972        0.57417        
702      NO_ID      1.557004424    0.1840138361   0.9841292809   3.206637227    0.2073817033   3.45168        3.6394         0.26062        5.11135        2.98335        0.39516        6.55431        2.76147        0.41486        
703      NO_ID      1.377320968    0.1779790563   0.7439472286   3.408087982    0.2824873903   4.56778        3.50466        0.38015        7.21278        2.82766        0.60883        10.08677       2.5286         0.73321        
704      NO_ID      1.022332755    0.2055647333   0.3876578679   6.781456596    0.1818722087   4.79616        3.32521        0.41923        7.25765        2.9553         0.6034         10.34612       2.67495        0.81668        
705      NO_ID      1.264012219    0.2077837563   0.2365710321   7.833427613    0.1240110629   6.61905        3.68733        0.52345        10.21152       3.26887        0.76755        14.5379        2.93035        0.96748        
706      NO_ID      1.128981203    0.1546282455   0.2667422968   4.808118635    0.06969622533  9.97151        6.24886        0.45262        13.51744       5.16046        0.61266        18.75          3.51621        0.86208        
707      NO_ID      1.189356286    0.1416877443   0.9339868311   2.780366345    0.2573634486   4.8488         4.87705        0.28409        7.09924        4.12538        0.38391        9.69317        3.40963        0.51113        
708      NO_ID      1.204982884    0.1466618719   0.1174708097   7.304803395    0.187410151    11.90476       4.3366         0.74341        17.54386       3.90851        0.96975        23.43486       3.66793        1.05432        
709      NO_ID      1.531041638    0.1860451555   0.7871641789   9.452590044    0.2113118164   3.90843        2.83891        0.38344        5.72597        2.43282        0.53664        7.62527        2.3057         0.57842        
710      NO_ID      1.486708485    0.195467576    0.2327640092   2.326543415    0.1174689385   8.53358        4.12164        0.62136        12.68315       3.23092        0.99585        15.2459        2.64589        1.02225        
711      NO_ID      0.9644843127   0.1512078513   0.2419269683   9.55698566     0.07620744615  9.35614        6.50387        0.41185        14.33637       5.50595        0.60322        19.95708       4.73672        0.76565        
712      NO_ID      0.8359701225   0.2288753213   0.6087045086   5.978612721    0.178436267    2.96485        2.91088        0.29479        4.5915         2.41273        0.47485        6.71463        2.1639         0.62605        
713      NO_ID      1.38720355     0.2458229795   0.3859781561   7.16188823     0.2982382099   4.10076        1.94469        0.63923        6.30631        1.75029        0.92787        9.02643        1.61162        1.15107        
714      NO_ID      0.9475146171   0.1993670463   0.349429903    8.467407173    0.2665226464   4.41919        2.3586         0.55346        6.48926        2.1521         0.74942        9.14191        2.0504         0.84948        
715      NO_ID      0.9980012603   0.2162308411   0.2543701807   9.65621151     0.1068401668   5.26118        3.55293        0.43822        8.31848        3.15519        0.63782        11.61236       2.89866        0.7866         
716      NO_ID      1.108262293    0.1729934576   0.5900827433   5.739107441    0.2915973708   4.87847        2.88929        0.48788        7.51739        2.56954        0.7097         10.86449       2.31185        0.93138        
717      NO_ID      1.155866906    0.2223848747   0.3684258507   9.147121767    0.1416198367   4.69956        2.99727        0.45482        7.11382        2.63019        0.67192        10.05747       2.32412        0.87371        
718      NO_ID      0.8710285436   0.1446308855   0.6703645201   2.282837443    0.1054130451   5.69155        5.92669        0.27513        6.98027        3.85823        0.40871        9.04393        2.29034        0.50748        
719      NO_ID      0.8498417831   0.1937551225   0.5755307087   6.894668239    0.2683541909   3.81575        2.63539        0.42172        5.80431        2.39352        0.59723        8.03109        2.22445        0.71154        
720      NO_ID      1.24305332     0.1393490103   0.5156918358   4.984343111    0.2128189732   7.52947        4.86184        0.43105        11.79681       4.13182        0.68224        15.29605       3.80211        0.67296        
721      NO_ID      1.596052218    0.1619046816   0.9926988632   9.430913222    0.2534465303   3.85994        2.68315        0.39669        5.64972        2.34259        0.52311        7.17949        2.17413        0.56002        
722      NO_ID      1.503221738    0.1656559475   0.1297354607   9.643155335    0.2943113555   7.04935        2.19484        0.89314        10.46338       1.99305        1.2438         14.40329       1.91264        1.35761        
723      NO_ID      1.483394549    0.2040503306   0.5038909073   6.588384756    0.09406321859  4.78379        3.53243        0.36973        7.26098        2.78195        0.61573        8.40951        2.67173        0.6272         
724      NO_ID      1.257514912    0.1678312068   0.8540104162   4.76503891     0.2546553267   4.28135        3.54802        0.34167        6.20828        3.0369         0.45968        8.73908        2.63385        0.58532        
725      NO_ID      0.9719665844   0.1645721946   0.7313667523   2.367716129    0.1739029249   4.92982        4.73825        0.30295        7.18654        3.80889        0.46455        8.99935        3.18267        0.52837        
726      NO_ID      1.163870037    0.2115029552   0.7525041936   3.113674922    0.226355186    3.42885        3.02877        0.32045        5.12537        2.54893        0.48065        7.6081         2.2137         0.6598         
727      NO_ID      1.425048874    0.1964818745   0.9112808851   7.022967941    0.08792599786  3.04414        3.59774        0.22919        4.81596        2.65096        0.42852        5.31511        2.57801        0.40529        
728      NO_ID      1.088430963    0.1742994079   0.9460580512   6.276671975    0.2898421482   3.49301        2.7535         0.35748        5.60224        2.34734        0.58262        7.41333        2.10007        0.68146        
729      NO_ID      1.419797068    0.2392927305   0.2221725014   3.484120041    0.2047222388   5.78189        2.87718        0.61797        9.64187        2.5173         0.9625         13.83929       2.367          1.22066        
730      NO_ID      1.179274871    0.236413867    0.1046567283   7.580513075    0.2999169371   4.69956        1.93698        0.73989        7.04545        1.77248        1.0059         9.78947        1.69005        1.08372        
731      NO_ID      1.194304938    0.2276718674   0.9530601282   8.633348904    0.2476798354   2.58621        2.12638        0.34525        3.86534        1.84074        0.48624        5.52913        1.59739        0.66725        
732      NO_ID      0.8978722156   0.1264930433   0.584175061    3.383617669    0.1642648556   7.21278        7.02684        0.29187        10.98039       5.97166        0.41916        14.66245       4.91832        0.49476        
733      NO_ID      1.308833083    0.1704363144   0.5503855933   5.885442479    0.03222050359  5.52923        3.76965        0.40723        5.59567        2.07224        0.49669        6.12423        1.46157        0.37935        
734      NO_ID      0.979992733    0.1595882703   0.546096966    2.708745775    0.2363727911   5.95238        4.67925        0.38637        9.36027        4.08986        0.56446        13.14286       3.52055        0.70443        
735      NO_ID      1.435272834    0.120447223    0.9258331511   6.64213015     0.1996480588   5.62249        4.94477        0.30235        7.84314        4.23238        0.39857        10.36136       3.67629        0.47222        
736      NO_ID      0.9107492134   0.1436996594   0.2486733345   5.007143307    0.2003061335   9.25926        5.10078        0.50928        14.27115       4.56446        0.70736        19.64539       4.23123        0.79967        
737      NO_ID      1.058096361    0.193083673    0.6940981798   9.983588622    0.04405548675  3.66901        3.82717        0.26671        5.34483        2.80896        0.44451        5.95391        2.34449        0.43364        
738      NO_ID      1.38382345     0.2236747516   0.3330943902   2.547264302    0.2709027067   5.42005        2.82379        0.6128         8.78505        2.47568        0.91247        12.38977       2.3252         1.11343        
739      NO_ID      1.49249139     0.2151977629   0.1519662042   6.161274152    0.04621040864  7.71554        4.02168        0.5433         12.55646       3.29585        0.91595        15.64972       3.01581        0.97745        
740      NO_ID      0.9017900912   0.2200172059   0.7138259973   3.057286201    0.23827799     3.04519        2.9885         0.29994        4.88145        2.41846        0.4926         7.1319         2.17567        0.64526        
741      NO_ID      1.197600126    0.2178418635   0.7369305534   5.661575245    0.1330701356   3.29787        3.00028        0.30954        4.662          2.52887        0.43251        6.04491        2.32905        0.48531        
742      NO_ID      1.149802127    0.2018324212   0.998701377    9.832118336    0.1102290552   2.68079        3.36313        0.21438        4.00229        2.72738        0.33621        4.96983        2.37994        0.40022        
743      NO_ID      0.9525178329   0.247243326    0.2847076308   6.063074755    0.0268622562   3.52734        2.97961        0.34065        4.5499         2.5007         0.46014        5.03792        2.22287        0.43407        
744      NO_ID      1.410055023    0.2487592687   0.364085468    9.20508667     0.05861669489  4.10076        2.67042        0.43328        6.55431        2.17166        0.72785        8.04598        2.04143        0.80647        
745      NO_ID      0.8689274623   0.1367711125   0.8409821474   6.039705932    0.2334797855   4.93305        4.16635        0.33455        7.07071        3.67301        0.44813        9.41296        3.35678        0.48222        
746      NO_ID      0.8885903426   0.1540630196   0.7775962084   6.342365744    0.1839767278   4.40252        4.53194        0.27549        6.62879        3.86778        0.39862        9.45122        3.29832        0.52281        
747      NO_ID      0.9328477847   0.1978569312   0.2990177249   6.825625564    0.1083445586   5.51615        4.21509        0.37555        8.78845        3.60298        0.60947        12.66846       3.22437        0.80162        
748      NO_ID      1.220121462    0.2423624775   0.7469467496   8.89569007     0.2955949337   2.70218        1.7791         0.44786        4.17786        1.54852        0.68074        5.87002        1.37383        0.86721        
749      NO_ID      0.8619582564   0.1302043382   0.8232521689   4.228618476    0.1448937285   5.28316        6.72694        0.21561        7.80379        5.26145        0.34515        10.21978       4.63189        0.37369        
750      NO_ID      1.551937585    0.155688322    0.4685291074   5.327777376    0.08372844169  7.2093         5.5324         0.35867        10.92896       4.19059        0.62603        12.82051       3.14335        0.67469        
751      NO_ID      1.341531979    0.1921128881   0.6320311295   7.445434348    0.1746847115   4.28135        3.37207        0.36177        6.36115        2.85812        0.5095         9.04393        2.5936         0.611          
752      NO_ID      1.300954932    0.206876984    0.4106258668   5.636761649    0.1489509303   5.27903        3.48002        0.43468        8.40841        2.86678        0.7216         11.77721       2.5159         0.89762        
753      NO_ID      1.337164608    0.1377777709   0.1433890256   8.590450351    0.128417477    15.15152       5.79172        0.71973        23.13433       5.12111        0.98854        31.08108       4.70638        1.11462        
754      NO_ID      1.238811411    0.2299207825   0.1466146549   4.303714405    0.2245386425   5.95238        3.14945        0.61562        9.92908        2.85184        0.96955        14.5379        2.72405        1.10894        
755      NO_ID      0.9423804056   0.1622930737   0.8280022623   7.531364921    0.1207646116   3.9784         4.85322        0.22164        5.84795        4.04009        0.31769        7.90525        3.17827        0.48018        
756      NO_ID      1.103924668    0.1423542196   0.8783423892   3.298232687    0.1676368908   4.60224        5.92153        0.21443        6.92384        4.82063        0.33259        9.38544        3.9425         0.41933        
757      NO_ID      1.229283143    0.1476187963   0.1792682402   6.701201973    0.2278730444   10.16703       3.77135        0.73432        15.15152       3.39864        0.9862         20.48458       3.19627        1.08431        
758      NO_ID      1.444558438    0.1574084447   0.1912147158   7.636978654    0.2886176781   8.15789        2.62134        0.85214        12.26913       2.37171        1.16967        16.4311        2.24975        1.261          
759      NO_ID      1.291172289    0.1335560236   0.2113753225   5.552950804    0.2619745833   10.90343       3.78205        0.75402        15.86758       3.41906        1.02628        21.90476       3.22613        1.15444        
760      NO_ID      1.317629156    0.1382286485   0.9602648435   3.888062426    0.05445108956  4.4915         5.30031        0.23076        4.78632        2.88184        0.32643        5.57547        2.01649        0.29163        
761      NO_ID      1.446930884    0.2306750911   0.1264308063   3.315009206    0.08862594603  7.69657        3.49887        0.68492        12.44444       3.14305        0.99554        17.09559       2.51701        1.34012        
762      NO_ID      1.393697254    0.1810776187   0.4570577412   8.935951778    0.2868221147   5.20833        2.29435        0.66625        7.85147        2.03947        0.96021        11.24498       1.8853         1.14928        
763      NO_ID      0.8920920829   0.1361692323   0.6865497352   9.28271248     0.2071571559   5.19217        3.78085        0.39636        7.67544        3.37585        0.54265        10.64394       3.14666        0.62004        
764      NO_ID      1.509144044    0.1942747009   0.2172717094   7.25500447     0.06618582753  8.30314        4.46881        0.52037        12.99907       3.61508        0.85404        16.31702       3.27028        0.94609        
765      NO_ID      1.514553592    0.2336271698   0.6265939672   9.096483756    0.02808150207  3.36205        2.38689        0.39765        3.87919        1.81152        0.51531        4.01554        1.84827        0.39091        
766      NO_ID      1.013837193    0.2191044638   0.9417140475   8.526667097    0.07550578102  2.45098        3.01322        0.22726        3.51208        2.45081        0.34817        4.22364        2.32452        0.36987        
767      NO_ID      0.9698480819   0.1907635329   0.6472751191   4.682753874    0.1959757153   4.04391        3.72217        0.31156        6.41907        3.06245        0.51187        9.15033        2.60519        0.67982        
768      NO_ID      1.001041081    0.2465817678   0.9748644801   4.257195319    0.1377603273   2.19608        2.41844        0.25966        3.16973        1.96088        0.39633        4.07925        1.88475        0.43844        
769      NO_ID      1.052304778    0.1795784334   0.315048454    5.784979734    0.2741455943   6.1082         2.99206        0.58505        9.47047        2.71341        0.82403        12.69406       2.55952        0.92711        
770      NO_ID      1.563549316    0.1803183339   0.606210195    8.153855       0.2472745338   4.92182        2.76282        0.50376        7.56597        2.39401        0.74643        10.55807       2.10335        0.93826        
771      NO_ID      0.9253354803   0.2345200829   0.1166794083   4.53190659     0.0680852358   5.31593        3.72469        0.43598        8.72274        3.41051        0.65274        12.96296       3.17323        0.80402        
772      NO_ID      1.359016186    0.1329048828   0.4226316945   2.581630098    0.2156364978   10.12292       6.06177        0.48146        15.51155       5.08282        0.70143        20.558         4.47995        0.81931        
773      NO_ID      1.081298756    0.2254199628   0.4871631311   6.944427138    0.1399322607   3.9784         2.97107        0.38195        6.19174        2.45583        0.62571        8.30357        2.23676        0.73996        
774      NO_ID      1.250767959    0.2416201751   0.4191778972   5.930926377    0.07329804155  3.84088        2.78005        0.39655        6.2724         2.22531        0.68252        7.11382        2.21135        0.67849        
775      NO_ID      1.173053168    0.1720181508   0.5380978638   4.704608731    0.2172723345   5.63607        3.99212        0.39988        8.61009        3.35767        0.6081         12.89134       2.94274        0.8316         
776      NO_ID      1.360470002    0.1873468189   0.8674717461   5.079473424    0.02906802958  2.96108        2.68503        0.29083        3.18057        1.5665         0.4064         3.56506        1.40049        0.22762        
777      NO_ID      0.9848117145   0.2257715916   0.5412576823   5.372048779    0.2779616043   3.37187        2.53094        0.39887        5.4902         2.19741        0.62626        7.67544        2.02557        0.7751         
778      NO_ID      1.076441399    0.1790577849   0.3404745286   9.382139043    0.1120283047   6.35786        4.45044        0.41087        9.6875         3.81905        0.61078        13.8806        3.25361        0.84269        
779      NO_ID      1.285469234    0.2396733298   0.6533470647   7.656620346    0.1657556716   3.07422        2.53539        0.34147        4.69956        2.08052        0.52758        6.70498        1.81748        0.71954        
780      NO_ID      1.57612377     0.2408593806   0.2692875633   8.30998569     0.2648952355   5.20833        2.02043        0.79765        7.99087        1.82204        1.1054         11.40994       1.71254        1.33548        
781      NO_ID      1.582277588    0.1684144193   0.4896011538   6.977630817    0.02301180879  5.15085        3.58915        0.38183        5.12821        2.39592        0.41439        5.85529        1.10052        0.33408        
782      NO_ID      1.026759326    0.1267096794   0.4040629837   3.039171953    0.2736231558   8.88889        5.12731        0.48697        14.22764       4.50499        0.7249         18.80857       4.14143        0.78823        
783      NO_ID      1.548120557    0.2319932252   0.6659803933   3.168052671    0.1528096825   3.58423        2.64404        0.38663        5.59538        2.09704        0.63013        6.37661        2.05443        0.6262         
784      NO_ID      1.182776936    0.1600016241   0.8603916644   8.077366282    0.2205034205   4.25015        3.36263        0.35106        6.24721        2.93234        0.49533        8.07201        2.66957        0.51856        
785      NO_ID      1.370132157    0.1962348024   0.6838108139   8.828992284    0.184702997    3.96825        3.03086        0.36649        5.93578        2.60307        0.51979        8.13008        2.3264         0.61679        
786      NO_ID      0.8086335026   0.1765378779   0.5239060962   9.760410321    0.112966229    4.54399        4.46171        0.29353        6.79825        3.86157        0.41744        9.66736        3.25541        0.58979        
787      NO_ID      1.068784704    0.1558460557   0.5616802916   5.268823312    0.05823997318  6.32653        5.23874        0.34108        8.59423        3.57799        0.57339        9.13556        2.68557        0.49506        
788      NO_ID      1.471314401    0.2359224427   0.5166003221   7.119050706    0.2847835681   3.76648        2.08554        0.53017        6.14844        1.77749        0.86844        8.58025        1.59559        1.13049        
789      NO_ID      0.8797364146   0.1607971326   0.9311536064   6.685968371    0.08564425423  3.68615        5.15067        0.1985         5.13245        4.17093        0.28883        6.31484        3.66795        0.32762        
790      NO_ID      1.136736613    0.2191445083   0.2900899128   4.612502304    0.1891498517   5.40749        3.28704        0.47482        8.30357        2.86319        0.77984        12.5448        2.68719        0.97064        
791      NO_ID      1.064664753    0.2479958509   0.4362780111   2.195780392    0.02020465887  2.37731        1.27964        0.44999        2.38095        0.65118        0.39255        2.71476        0.86047        0.19826        
792      NO_ID      1.518293092    0.1999639702   0.4941664626   7.48825996     0.1590878811   4.93305        3.36948        0.41639        7.35217        2.84595        0.60532        10.56445       2.50163        0.80218        
793      NO_ID      1.402047772    0.1433149989   0.8748090404   3.670034902    0.1609574989   5.03416        5.73507        0.23873        6.97559        4.57569        0.35014        9.60219        3.6235         0.47114        
794      NO_ID      1.112970979    0.1776094867   0.5076938994   6.363183247    0.04764802947  5.37634        4.4762         0.33227        7.67544        3.06181        0.60293        7.75194        2.54294        0.46177        
795      NO_ID      1.277804448    0.1715062617   0.8046682309   8.014621116    0.2022061056   4.2156         3.41784        0.34279        6.02746        2.95354        0.47023        8.25933        2.62063        0.55003        
796      NO_ID      1.072302902    0.214758542    0.8515854407   3.735597965    0.100446332    2.92269        3.10694        0.26784        4.45718        2.33319        0.47686        5.18144        2.10662        0.49105        
797      NO_ID      0.8117882285   0.2136125186   0.3466800474   2.635984677    0.1802771367   3.90516        3.50708        0.37311        7.01754        3.20008        0.56359        10.03623       2.98497        0.69063        
798      NO_ID      1.269597298    0.1309227668   0.4404069121   3.968208101    0.09131269235  9.48043        7.32179        0.35948        13.18267       5.14789        0.59549        17.03431       3.70029        0.73121        
799      NO_ID      1.116283044    0.2052167306   0.532473858    7.785057688    0.1630358625   4.17412        3.2604         0.36757        6.23053        2.74143        0.55784        8.94231        2.42494        0.72249        
800      NO_ID      1.588702966    0.1248661019   0.7007427903   2.94476639     0.1535500159   7.00301        7.11466        0.26799        9.60744        5.69809        0.37957        12.61261       4.43059        0.48259        
801      NO_ID      1.497476664    0.1489756121   0.283122144    5.012596515    0.02396504819  7.97599        4.45144        0.44428        8.61214        2.0481         0.62649        9.6473         1.11505        0.39223        
802      NO_ID      1.122308207    0.182712851    0.6987199569   7.005746612    0.1473341581   4.04391        3.93924        0.285          5.97525        3.32321        0.43281        8.72274        2.84881        0.56458        
803      NO_ID      1.271949893    0.1284657736   0.8500631464   9.170621553    0.08296438001  5.19673        7.04116        0.19999        6.96517        5.41888        0.29458        9.30388        4.19697        0.37987        
804      NO_ID      1.45990891     0.1395220936   0.1669858734   3.236784669    0.2514780492   14.49275       5.14761        0.79538        22.9064        4.54307        1.11959        31.73516       4.19947        1.30408        
805      NO_ID      1.031940356    0.2449162164   0.3493462588   6.444786976    0.05524944923  3.80952        2.90259        0.37722        5.97525        2.4388         0.62089        7.4973         2.13709        0.70556        
806      NO_ID      0.844432848    0.2381194956   0.8465525074   4.233578512    0.09851968182  2.36048        2.69654        0.25302        3.71254        2.0831         0.43939        4.41595        1.89347        0.46211        
807      NO_ID      1.537283233    0.1209632069   0.8656709874   7.833740497    0.2418385704   5.76844        3.68893        0.40848        8.46945        3.23078        0.56519        10.90343       2.92499        0.61695        
808      NO_ID      0.9864474055   0.1226708917   0.4935926255   5.825028278    0.0608826534   8.43882        8.05022        0.28744        10.83916       5.85424        0.4098         13.93035       3.86798        0.49366        
809      NO_ID      0.9932991071   0.2105044598   0.8067576616   4.122295706    0.03356826153  2.69722        2.39896        0.30806        3.10078        1.48039        0.43843        3.33573        1.27634        0.28289        
810      NO_ID      0.8265147297   0.1233825032   0.4948629562   3.331632788    0.1949276508   8.34835        6.73754        0.35278        13.43931       5.59953        0.57247        17.35075       5.05112        0.58584        
811      NO_ID      1.03922935     0.2220962653   0.957818724    8.527158973    0.1025617196   2.43182        2.92839        0.23238        3.62998        2.31906        0.36772        4.32272        2.17109        0.40499        
812      NO_ID      0.9068447674   0.2128367725   0.5675764024   8.822600581    0.2440657348   3.40909        2.37886        0.43673        5.23169        2.12686        0.61601        7.42812        1.99362        0.75987        
813      NO_ID      1.133476002    0.2025944495   0.3808213955   7.689559537    0.210197964    5.09461        2.96717        0.50745        7.9096         2.62811        0.73218        11.49425       2.39733        0.92399        
814      NO_ID      1.322998663    0.2428785281   0.7689570333   5.151151149    0.09267338872  2.60271        2.52658        0.29147        4.16295        2.01537        0.4955         5.0931         1.76305        0.58216        
815      NO_ID      0.9234440218   0.1318660506   0.8128969692   8.627868369    0.2284332498   4.75702        3.60238        0.37374        7.16846        3.20936        0.52296        9.58248        2.9457         0.60037        
816      NO_ID      0.8336842831   0.1478343468   0.8789474216   6.57091114     0.1348539699   3.99202        5.54899        0.20154        6.25559        4.47504        0.31741        7.98851        3.93349        0.36462        
817      NO_ID      1.345113492    0.1589498808   0.2602333521   4.846376464    0.2698910393   9.24092        3.60884        0.70779        13.74876       3.23859        0.98088        19.15629       3.0003         1.14366        
818      NO_ID      1.423564662    0.1758495749   0.1243005047   7.939542709    0.2399535672   8.86116        2.89922        0.85726        13.1728        2.62863        1.15628        17.80735       2.48174        1.26034        
819      NO_ID      1.327781806    0.12240039     0.4725612129   7.326691802    0.1720410668   9.2556         5.37334        0.46519        13.40996       4.75849        0.66038        17.95866       4.28227        0.68362        
820      NO_ID      1.467408988    0.1669633081   0.2428160464   8.280845786    0.1509338372   9.60219        4.33448        0.62701        15.19608       3.79711        0.93489        21.30898       3.42127        1.19667        
821      NO_ID      1.295540872    0.1348986385   0.9961092443   4.559564165    0.1181579638   4.31699        6.56258        0.17891        6.10022        5.07227        0.26819        8.28893        3.91591        0.36234        
822      NO_ID      1.434626676    0.2242226692   0.9474926996   8.328848745    0.2827671874   2.78441        1.97547        0.40033        4.08612        1.6976         0.56733        5.61594        1.53972        0.65905        
823      NO_ID      1.213051903    0.188710405    0.9670870708   6.798654271    0.143085226    3.06816        3.69814        0.22593        4.45718        3.05616        0.33577        5.95998        2.6337         0.41817        
824      NO_ID      0.8209268876   0.1818210452   0.4092119121   2.320863345    0.2804315021   4.85893        4.05588        0.40035        7.82486        3.50979        0.61984        10.97946       3.38019        0.67881        
825      NO_ID      1.151048595    0.1847299621   0.7697998324   8.231560606    0.2593635811   3.68324        2.59323        0.41286        5.74006        2.25562        0.59067        8.17391        2.00366        0.81387        
826      NO_ID      1.216471055    0.1700724854   0.302028511    7.179623698    0.03991351716  7.39567        5.40857        0.38623        10.30169       3.97538        0.58612        12.17277       3.00494        0.62976        
827      NO_ID      1.047643637    0.1291146343   0.9153376975   2.575096167    0.1304407681   4.80636        7.12565        0.18933        7.29167        5.28555        0.3145         9.06433        3.41961        0.40052        
828      NO_ID      1.042201365    0.1851232758   0.2666321014   8.984962623    0.1548880726   6.71463        3.78977        0.518          9.99278        3.40983        0.71363        14.44788       3.15807        0.9            
829      NO_ID      1.479613314    0.1751659098   0.1542711835   6.014524245    0.03666593926  10.79109       5.56897        0.54771        15.2459        4.08205        0.84577        18.51852       3.03924        0.91964        
830      NO_ID      1.366907709    0.1497146008   0.818572756    8.049134375    0.09590409797  4.53074        5.71775        0.21559        6.86275        4.34655        0.35463        8.37822        3.61527        0.41476        
831      NO_ID      0.8843649738   0.2282750691   0.9006158484   8.926748779    0.1368109636   2.2731         2.78507        0.23178        3.35749        2.34031        0.33544        4.81135        2.02616        0.44463        
832      NO_ID      1.332046356    0.2091024633   0.4484815567   7.863626672    0.1292779166   4.78888        3.34031        0.40505        7.17949        2.7669         0.61779        10.5303        2.29713        0.91734        
833      NO_ID      0.852425856    0.1897491347   0.2364176405   5.145200624    0.1693382955   6.11621        4.36425        0.41323        9.69634        3.88725        0.61437        13.63636       3.63774        0.73405        
834      NO_ID      1.522721575    0.2324816973   0.1200655698   2.130579692    0.0652126911   5.81879        2.23225        0.8297         10.28211       2.07937        1.1772         13.56589       1.76242        1.05464        
835      NO_ID      0.8029354848   0.1689178048   0.3712062246   3.292222349    0.1759433409   6.11842        5.1483         0.35407        9.56284        4.48218        0.54306        14.1994        4.00925        0.69375        
836      NO_ID      1.409816084    0.2073590909   0.9836018286   9.928510412    0.0507924676   2.69906        3.19209        0.23455        4.20042        2.17963        0.46311        4.25403        2.27817        0.34621        
837      NO_ID      0.8553972515   0.2215469388   0.2084189637   6.145035544    0.249939932    4.50886        2.69581        0.51596        6.89316        2.45575        0.69582        9.74843        2.32853        0.78058        
838      NO_ID      1.168571636    0.134283471    0.4707129568   3.741421596    0.1145948457   8.11594        7.0979         0.32103        12.19618       5.41373        0.5101         15.8105        4.50329        0.59325        
839      NO_ID      1.094430051    0.1529746101   0.9434633239   7.406321865    0.07882590324  3.69491        5.69762        0.17659        5.16796        4.27683        0.29615        6.81265        3.35615        0.36923        
840      NO_ID      1.314199384    0.2171934901   0.5232279265   9.500106278    0.1566524165   3.99886        2.87167        0.3982         6.12423        2.46021        0.59299        8.46995        2.24578        0.71662        
841      NO_ID      0.8198581282   0.2032468051   0.3660413653   4.911016817    0.1015648574   4.60224        4.03044        0.33253        7.41918        3.39342        0.56366        10.15284       3.14581        0.65376        
842      NO_ID      1.280253683    0.1654958363   0.5504185329   5.091161678    0.04270812735  6.01971        4.26967        0.38958        6.57277        2.86518        0.49889        7.07452        2.04509        0.43614        
843      NO_ID      1.144496283    0.1502633048   0.3322073299   5.25934755     0.03568298068  8.45411        5.75982        0.42216        9.67078        2.91434        0.63432        11.40994       1.85017        0.60273        
844      NO_ID      1.570908608    0.1277023539   0.5955758474   6.512509447    0.193069819    7.67544        4.94312        0.42132        10.84105       4.30304        0.55637        14.01401       3.85693        0.61541        
845      NO_ID      1.351676044    0.2440691067   0.1071017052   2.400213322    0.2346123445   4.90196        2.76252        0.63672        10.65449       2.83477        1.12594        15.00536       2.65511        1.26204        
846      NO_ID      1.461637759    0.1524416009   0.5007141382   3.423284653    0.079575983    7.17203        5.56493        0.36024        9.2114         3.72626        0.55338        11.87447       2.36856        0.75128        
847      NO_ID      1.017918548    0.1410306976   0.9791303616   6.160281978    0.2222660776   4.21179        4.23451        0.27724        6.44567        3.56872        0.41238        8.56439        3.20177        0.44868        
848      NO_ID      1.096332655    0.1638696388   0.8978849302   9.96285213     0.04924856907  3.66013        5.00294        0.20142        5.30906        3.62054        0.35155        5.74713        2.85648        0.35563        
849      NO_ID      1.590997962    0.190114076    0.9908154448   3.499726001    0.05202663904  3.06011        3.06076        0.28854        3.58698        2.05645        0.3854         3.81575        1.43382        0.30413        
850      NO_ID      1.00941393     0.1458208287   0.6555927348   5.689452213    0.03912477577  5.57547        5.32006        0.29837        6.30631        2.7046         0.44564        7.46108        2.23128        0.37221        
851      NO_ID      1.526532766    0.2266968017   0.4385663804   2.753518488    0.1217396719   4.7138         2.92652        0.46811        7.21278        2.29222        0.81229        8.31832        1.94887        0.79738        
852      NO_ID      0.9164776255   0.1571011734   0.8854879835   2.028353328    0.07235061806  3.81148        3.72748        0.30444        4.208          2.12307        0.37037        4.86111        1.44084        0.26819        
853      NO_ID      0.936894371    0.2095039687   0.839589277    4.990813462    0.0632198674   2.82144        3.30568        0.2435         4.48287        2.25305        0.49714        4.65194        1.76243        0.43998        
854      NO_ID      0.9562440296   0.237095286    0.9372363984   4.467016624    0.1967903688   2.29799        2.55162        0.25671        3.59629        2.08821        0.42289        4.78888        1.86343        0.49267        
855      NO_ID      1.233215158    0.2352228722   0.876212688    5.302843629    0.2422779218   2.75645        2.37171        0.32885        4.44761        1.88025        0.55567        5.35783        1.80087        0.54239        
856      NO_ID      1.39566852     0.2121446851   0.7318462565   8.485497836    0.2604454469   3.56234        2.21587        0.46163        5.35714        1.91579        0.64402        7.44337        1.71965        0.80758        
857      NO_ID      1.207746806    0.198504409    0.3249503703   9.10447475     0.2313674736   5.41377        2.59001        0.62513        8.37838        2.34873        0.86243        12.05857       2.18612        1.042          
858      NO_ID      1.565991242    0.1876949514   0.7172750739   7.752175305    0.1262718904   4.05093        3.80963        0.2926         6.03113        3.01744        0.45976        7.70285        2.68209        0.55669        
859      NO_ID      1.450580014    0.2004803923   0.4589875132   9.352700349    0.1898653257   5.16796        2.89132        0.51269        7.72827        2.55678        0.71643        10.80247       2.31772        0.87179        
860      NO_ID      1.543522582    0.1251306129   0.7267506934   2.814734675    0.218729747    6.8326         6.07326        0.30954        10.67887       4.7566         0.50526        13.47826       4.12211        0.55577        
861      NO_ID      1.247566822    0.2493292891   0.3842759586   9.610485322    0.2755187358   3.63165        1.76544        0.64077        5.5887         1.62247        0.88909        7.93651        1.51801        1.05912        
862      NO_ID      1.557004424    0.1840138361   0.5558228053   4.743574477    0.2073817033   5.56218        3.69133        0.426          8.10265        3.02646        0.64338        11.05845       2.71445        0.74571        
863      NO_ID      1.377320968    0.1779790563   0.4221134094   6.394820449    0.2824873903   6.09863        2.75207        0.62705        9.41136        2.43157        0.95124        13.08194       2.24831        1.13871        
864      NO_ID      1.022332755    0.2055647333   0.4812326383   9.48612211     0.1818722087   4.329          2.93542        0.43561        6.41907        2.56745        0.61299        9.33333        2.32214        0.79206        
865      NO_ID      1.264012219    0.2077837563   0.4864883253   9.670429492    0.1240110629   4.56175        3.26939        0.39042        6.69536        2.81493        0.5565         9.59806        2.36403        0.79899        
866      NO_ID      1.128981203    0.1546282455   0.6099410749   7.138105792    0.06969622533  5.25037        5.83207        0.24485        7.10673        4.50514        0.37826        10.08677       3.03069        0.57505        
867      NO_ID      1.189356286    0.1416877443   0.5113133684   9.406890495    0.2573634486   5.9448         2.90122        0.57836        9.07912        2.58877        0.82571        12.57862       2.44432        0.95427        
868      NO_ID      1.204982884    0.1466618719   0.5164479302   7.630451372    0.187410151    6.68093        4.28342        0.43859        10.51051       3.72311        0.67346        14.5768        3.2394         0.86423        
869      NO_ID      1.531041638    0.1860451555   0.3422104233   6.339441617    0.2113118164   7.20102        3.40592        0.60214        11.03231       2.9498         0.90068        15.98174       2.63164        1.19872        
870      NO_ID      1.486708485    0.195467576    0.6024112431   7.377416401    0.1174689385   4.2618         3.74413        0.31442        6.46732        3.01835        0.49896        8.28877        2.7113         0.55705        
871      NO_ID      0.9644843127   0.1512078513   0.1453553927   2.512326773    0.07620744615  12.35556       6.67696        0.58133        18.30065       4.85003        0.82295        22.27564       3.51077        0.87624        
872      NO_ID      0.8359701225   0.2288753213   0.2042062455   3.056207879    0.178436267    4.51188        3.38083        0.43974        7.03871        3.12285        0.65272        10.85271       3.04151        0.75392        
873      NO_ID      1.38720355     0.2458229795   0.828372883    3.692213782    0.2982382099   2.71476        1.96034        0.41761        4.38679        1.78622        0.58241        5.74212        1.65262        0.64861        
874      NO_ID      0.9475146171   0.1993670463   0.2524820088   3.566709149    0.2665226464   5.4902         3.4044         0.52417        8.61214        3.19375        0.73147        12.96296       3.04412        0.86911        
875      NO_ID      0.9980012603   0.2162308411   0.5732511361   5.723854582    0.1068401668   3.70665        3.23639        0.32772        5.56886        2.66939        0.4991         7.36373        2.38114        0.56771        
876      NO_ID      1.108262293    0.1729934576   0.8220857619   4.055287075    0.2915973708   4.19664        3.36109        0.36137        6.41026        2.82162        0.52901        8.69293        2.49164        0.62823        
877      NO_ID      1.155866906    0.2223848747   0.509487133    5.585795785    0.1416198367   3.9852         3.07685        0.3694         6.25           2.52397        0.60888        9.05588        2.20364        0.83555        
878      NO_ID      0.8710285436   0.1446308855   0.7544707589   5.754428893    0.1054130451   4.78142        6.25969        0.21148        6.94444        5.026          0.31565        9.37922        3.70671        0.4498         
879      NO_ID      0.8498417831   0.1937551225   0.6150559973   3.124092319    0.2683541909   3.87919        3.4949         0.33404        6.3234         3.01759        0.51313        9.04118        2.67444        0.68141        
880      NO_ID      1.24305332     0.1393490103   0.7929403265   7.981442108    0.2128189732   5.03416        3.89952        0.3616         7.53904        3.38134        0.51753        9.66184        3.1523         0.52926        
881      NO_ID      1.596052218    0.1619046816   0.7595526462   7.09316258     0.2534465303   4.954          3.11184        0.43924        7.38969        2.65611        0.62937        9.34548        2.44805        0.68046        
882      NO_ID      1.503221738    0.1656559475   0.3372382121   3.989816301    0.2943113555   8.31843        3.52264        0.67939        12.96296       3.09359        1.01738        18.90244       2.82172        1.30374        
883      NO_ID      1.483394549    0.2040503306   0.6870460005   3.802103476    0.09406321859  3.96419        3.31133        0.34196        5.2901         2.73438        0.48028        6.57709        2.06896        0.56385        
884      NO_ID      1.257514912    0.1678312068   0.6291164621   3.176679747    0.2546553267   5.5754         4.02922        0.39829        8.40787        3.40912        0.57971        11.48148       2.9759         0.68909        
885      NO_ID      0.9719665844   0.1645721946   0.3037778901   4.439000161    0.1739029249   7.40149        5.13272        0.43996        11.77215       4.4237         0.64858        17.47212       3.93386        0.87695        
886      NO_ID      1.163870037    0.2115029552   0.4504781433   8.670779961    0.226355186    4.45718        2.51602        0.51946        6.56353        2.26675        0.70919        9.54329        2.07945        0.91718        
887      NO_ID      1.425048874    0.1964818745   0.2132750773   4.505672204    0.08792599786  8.30368        4.29745        0.55864        13.31418       3.52947        0.94234        19.04762       2.90505        1.2288         
888      NO_ID      1.088430963    0.1742994079   0.3270203135   6.261589196    0.2898421482   5.95998        2.76262        0.61351        8.91473        2.50725        0.84692        12.48877       2.38239        0.95696        
889      NO_ID      1.419797068    0.2392927305   0.2192952258   9.072491946    0.2047222388   5.57554        2.3503         0.72474        8.59617        2.16005        1.0074         12.23684       2.02803        1.20171        
890      NO_ID      1.179274871    0.236413867    0.8647701069   4.852648751    0.2999169371   2.72922        2.22616        0.35708        4.25076        1.86215        0.53987        5.94629        1.62493        0.71362        
891      NO_ID      1.194304938    0.2276718674   0.7473388409   5.217275867    0.2476798354   3.21839        2.51243        0.36616        4.90506        2.09845        0.55102        6.71463        1.85627        0.68164        
892      NO_ID      0.8978722156   0.1264930433   0.8346903129   7.724560157    0.1642648556   5.11405        5.41424        0.26296        7.76294        4.60565        0.37057        9.90134        4.14971        0.40479        
893      NO_ID      1.308833083    0.1704363144   0.1001875945   4.291493502    0.03222050359  13.0719        6.03651        0.61394        16.84717       4.2446         0.86272        21.85535       2.88229        0.94614        
894      NO_ID      0.979992733    0.1595882703   0.6268118164   4.751351594    0.2363727911   5.37634        4.12276        0.37216        7.95003        3.55078        0.53402        11.30081       3.07134        0.72574        
895      NO_ID      1.435272834    0.120447223    0.3596004152   2.2663132      0.1996480588   13.0719        7.31794        0.50574        19.5258        5.9256         0.78225        25.36232       5.08591        0.83897        
896      NO_ID      0.9107492134   0.1436996594   0.2344409754   5.871575911    0.2003061335   8.99676        4.69961        0.53443        13.59649       4.2399         0.71637        18.62348       3.92137        0.81639        
897      NO_ID      1.058096361    0.193083673    0.4283059495   4.323018425    0.04405548675  5.14786        3.76973        0.38908        6.79825        2.40693        0.62083        7.50268        1.8783         0.51039        
898      NO_ID      1.38382345     0.2236747516   0.6655156571   6.088207712    0.2709027067   3.663          2.35126        0.44189        5.5489         2.01256        0.66764        7.86644        1.80751        0.82853        
899      NO_ID      1.49249139     0.2151977629   0.9289526231   6.69874718     0.04621040864  2.78443        2.88589        0.2701         3.97501        1.90486        0.50662        3.79096        1.86514        0.35198        
900      NO_ID      0.9017900912   0.2200172059   0.8021155062   4.625407872    0.23827799     2.84379        2.77754        0.29956        4.44658        2.33427        0.47661        6.54426        1.95371        0.69169        
901      NO_ID      1.197600126    0.2178418635   0.1584435489   2.202101543    0.1330701356   6.76856        3.79257        0.55114        10.67887       3.04876        0.95474        15.24123       2.86534        1.02462        
902      NO_ID      1.149802127    0.2018324212   0.7441767495   6.928395109    0.1102290552   3.36458        3.5511         0.25515        4.95067        2.8677         0.41591        6.97791        2.50859        0.53036        
903      NO_ID      0.9525178329   0.247243326    0.5363879606   3.608625912    0.0268622562   2.43309        1.92353        0.34214        2.81124        1.02541        0.45682        3.05226        1.02875        0.29595        
904      NO_ID      1.410055023    0.2487592687   0.6793286833   6.743130254    0.05861669489  2.85074        2.40668        0.33851        4.68071        1.72756        0.63162        5.11405        1.59494        0.61355        
905      NO_ID      0.8689274623   0.1367711125   0.9257801104   5.920878095    0.2334797855   4.53515        4.17285        0.30765        7.07071        3.56467        0.46826        9.15033        3.26705        0.47168        
906      NO_ID      0.8885903426   0.1540630196   0.1893723452   7.581648027    0.1839767278   8.18765        4.25985        0.54364        12.46649       3.87557        0.71932        16.84915       3.62403        0.7804         
907      NO_ID      0.9328477847   0.1978569312   0.6621512221   6.233439379    0.1083445586   3.49887        3.85419        0.25963        5.64972        2.96986        0.47206        7.57081        2.70828        0.53347        
908      NO_ID      1.220121462    0.2423624775   0.890413609    4.185768953    0.2955949337   2.50761        2.18093        0.3439         4.18542        1.73079        0.57078        5.93578        1.58793        0.70023        
909      NO_ID      0.8619582564   0.1302043382   0.3176066967   3.892830908    0.1448937285   10.03584       7.43601        0.38178        15.92466       6.28535        0.60175        21.98413       5.26743        0.76127        
910      NO_ID      1.551937585    0.155688322    0.3108239541   2.949405637    0.08372844169  9.95025        5.63412        0.50334        12.89134       3.84593        0.74096        15.65996       3.02795        0.74065        
911      NO_ID      1.341531979    0.1921128881   0.7891258861   9.305106711    0.1746847115   3.61305        3.12944        0.3203         5.34555        2.72025        0.43045        7.2093         2.38888        0.5097         
912      NO_ID      1.300954932    0.206876984    0.7194964048   7.29485318     0.1489509303   3.61197        3.17838        0.31303        5.32725        2.64273        0.45587        7.519          2.17276        0.66413        
913      NO_ID      1.337164608    0.1377777709   0.249603383    5.636766209    0.128417477    12.52228       6.62762        0.52983        19.78723       5.47669        0.85382        28.04391       4.53125        1.13261        
914      NO_ID      1.238811411    0.2299207825   0.35823049     2.984513808    0.2245386425   4.74255        2.86893        0.50344        7.75194        2.46121        0.81596        10.90487       2.33052        0.94759        
915      NO_ID      0.9423804056   0.1622930737   0.5307424105   6.976993607    0.1207646116   5.49645        5.13725        0.3012         8.56269        4.13036        0.49412        11.13782       3.62196        0.61742        
916      NO_ID      1.103924668    0.1423542196   0.2010181135   8.104204034    0.1676368908   10.87801       4.71719        0.63481        16.08796       4.28015        0.83256        22.03791       3.94542        0.96095        
917      NO_ID      1.229283143    0.1476187963   0.5912617513   9.034548185    0.2278730444   5.90584        3.27658        0.50485        8.87405        2.86939        0.72336        12.34568       2.60507        0.91702        
918      NO_ID      1.444558438    0.1574084447   0.3934433868   5.520720943    0.2886176781   7.59563        3.13391        0.67371        11.77215       2.78409        0.99488        15.86758       2.60056        1.17399        
919      NO_ID      1.291172289    0.1335560236   0.3896009569   9.710831863    0.2619745833   7.14286        2.86262        0.6913         10.85271       2.57706        0.96519        14.66877       2.45395        1.06633        
920      NO_ID      1.317629156    0.1382286485   0.402025053    6.64599103     0.05445108956  8.7242         6.95325        0.34405        12.51117       4.91644        0.56174        14.95177       2.77129        0.78135        
921      NO_ID      1.446930884    0.2306750911   0.6817563171   2.455028886    0.08862594603  3.34049        2.50434        0.38489        4.63423        1.67641        0.67396        5.07484        1.31525        0.57718        
922      NO_ID      1.393697254    0.1810776187   0.9753513266   8.199140239    0.2868221147   3.50414        2.36069        0.41495        4.93305        2.08591        0.52923        6.82261        1.83133        0.6709         
923      NO_ID      0.8920920829   0.1361692323   0.1322601993   8.378556781    0.2071571559   8.17223        3.91197        0.57525        12.08981       3.55574        0.74024        16.08796       3.34713        0.80582        
924      NO_ID      1.509144044    0.1942747009   0.6411346315   2.153293494    0.06618582753  4.208          2.6953         0.46664        4.58415        1.71509        0.57466        5.13385        1.19015        0.35189        
925      NO_ID      1.514553592    0.2336271698   0.6226622691   5.435744333    0.02808150207  3.12779        2.09824        0.40991        3.7155         1.18167        0.62577        3.6215         1.42023        0.30356        
926      NO_ID      1.013837193    0.2191044638   0.6391270823   2.635302809    0.07550578102  3.50943        2.72355        0.38393        4.7449         1.80901        0.6464         4.55293        1.61137        0.42862        
927      NO_ID      0.9698480819   0.1907635329   0.1405047066   9.581401274    0.1959757153   6.22222        2.98055        0.62161        9.38967        2.74347        0.79893        12.85583       2.60547        0.88286        
928      NO_ID      1.001041081    0.2465817678   0.2867051995   7.503645854    0.1377603273   4.17039        2.82015        0.43558        6.41026        2.51004        0.62627        9.27767        2.29982        0.83333        
929      NO_ID      1.052304778    0.1795784334   0.670268502    9.298336511    0.2741455943   3.92487        2.39061        0.47157        5.87121        2.08836        0.68582        8.15912        1.97453        0.81798        
930      NO_ID      1.563549316    0.1803183339   0.9656543801   4.033799829    0.2472745338   3.75436        3.49061        0.30359        5.20833        2.93478        0.38676        7.18346        2.45384        0.52549        
931      NO_ID      0.9253354803   0.2345200829   0.7061762218   3.380867231    0.0680852358   2.849          2.63837        0.31516        4.2196         1.63191        0.62009        4.30556        1.57906        0.45199        
932      NO_ID      1.359016186    0.1329048828   0.1907781018   9.825812224    0.2156364978   10.45899       3.49702        0.80818        15.45655       3.1761         1.09939        21.02102       2.98927        1.1945         
933      NO_ID      1.081298756    0.2254199628   0.2965256993   6.825304263    0.1399322607   4.88656        3.23707        0.44071        7.7135         2.80174        0.69893        10.76389       2.54701        0.85757        
934      NO_ID      1.250767959    0.2416201751   0.5660237503   9.868191278    0.07329804155  3.18761        2.65687        0.33371        4.96454        2.09655        0.58058        6.10452        1.9852         0.64119        
935      NO_ID      1.173053168    0.1720181508   0.9189315719   8.858950022    0.2172723345   3.64583        3.10137        0.32821        5.27211        2.70608        0.44055        7.29984        2.41015        0.50871        
936      NO_ID      1.360470002    0.1873468189   0.6477619282   9.221596266    0.02906802958  4.34918        3.57326        0.34132        4.7399         2.49927        0.43321        4.82321        1.99497        0.33769        
937      NO_ID      0.9848117145   0.2257715916   0.587750398    3.542853322    0.2779616043   3.36943        2.74428        0.36682        5.48374        2.27972        0.62272        7.89622        2.07076        0.77855        
938      NO_ID      1.076441399    0.1790577849   0.7824958499   2.690049812    0.1120283047   3.88242        4.24222        0.26111        6.07639        2.92634        0.52163        6.66667        2.36728        0.4671         
939      NO_ID      1.285469234    0.2396733298   0.1728904818   8.079845231    0.1657556716   5.88358        2.79239        0.63824        9.26667        2.53564        0.90908        13.0719        2.40623        1.07139        
940      NO_ID      1.57612377     0.2408593806   0.2770667526   8.566073235    0.2648952355   5.07484        1.99633        0.78606        7.88288        1.80499        1.11389        11.08472       1.70066        1.31812        
941      NO_ID      1.582277588    0.1684144193   0.4199661744   2.379196505    0.02301180879  4.38847        2.20849        0.44381        4.64807        0.92893        0.42195        4.79124        0.84432        0.1833         
942      NO_ID      1.026759326    0.1267096794   0.2270255237   8.743427732    0.2736231558   6.86854        2.91272        0.62925        10.18923       2.65523        0.84807        13.67647       2.52252        0.91952        
943      NO_ID      1.548120557    0.2319932252   0.9064880307   8.432532109    0.1528096825   2.62911        2.54575        0.28292        3.74095        2.13755        0.40835        5.29344        1.75924        0.57048        
944      NO_ID      1.182776936    0.1600016241   0.1164727242   5.995719022    0.2205034205   10.43059       3.84524        0.73391        15.35088       3.46487        0.96995        20.81448       3.2907         1.06399        
945      NO_ID      1.370132157    0.1962348024   0.9527935755   7.492112061    0.184702997    3.03227        3.18437        0.26545        4.53956        2.63519        0.38109        6.28342        2.29878        0.45921        
946      NO_ID      0.8086335026   0.1765378779   0.4100288302   6.852835007    0.112966229    5.37572        4.83298        0.31659        8.48485        4.09936        0.52005        11.65414       3.59777        0.64827        
947      NO_ID      1.068784704    0.1558460557   0.776409189    9.758229977    0.05823997318  4.41407        5.58683        0.21446        6.30081        3.9624         0.37369        7.61047        3.30941        0.41186        
948      NO_ID      1.471314401    0.2359224427   0.1338748235   2.051251264    0.2847835681   5.60878        3.09168        0.65638        12.02975       2.74916        1.22716        16.37427       2.59553        1.3609         
949      NO_ID      0.8797364146   0.1607971326   0.8556959624   7.20866125     0.08564425423  3.76518        5.33533        0.19664        5.33333        4.14995        0.29865        6.90512        3.37984        0.39052        
950      NO_ID      1.136736613    0.2191445083   0.4356937163   6.487155178    0.1891498517   4.29616        2.96755        0.41708        6.83824        2.53173        0.67315        9.97854        2.2721         0.91782        
951      NO_ID      1.064664753    0.2479958509   0.4641906161   3.770313859    0.02020465887  2.52116        1.60136        0.40572        2.71792        0.92529        0.46725        2.90625        1.02815        0.25573        
952      NO_ID      1.518293092    0.1999639702   0.5401712723   5.495417901    0.1590878811   4.80869        3.49875        0.38413        7.51476        2.7624         0.65499        9.65278        2.59133        0.66869        
953      NO_ID      1.402047772    0.1433149989   0.1802630397   5.383716519    0.1609574989   13.93849       5.80967        0.66528        22.03791       5.03454        0.9837         30.30303       4.47465        1.21562        
954      NO_ID      1.112970979    0.1776094867   0.6929552218   3.048561112    0.04764802947  4.08612        3.14436        0.36653        4.87635        1.87164        0.55074        4.62046        1.2984         0.30716        
955      NO_ID      1.277804448    0.1715062617   0.7375523496   8.778554937    0.2022061056   4.39009        3.3034         0.37472        6.48019        2.87784        0.50528        8.62709        2.60648        0.57495        
956      NO_ID      1.072302902    0.214758542    0.1772437747   2.89194517     0.100446332    6.52275        3.94496        0.4909         10.74766       3.4682         0.79265        14.38923       2.97435        0.90101        
957      NO_ID      0.8117882285   0.2136125186   0.5464601772   2.703077036    0.1802771367   3.55606        3.35899        0.31088        5.69106        2.79755        0.55199        7.94872        2.62463        0.60362        
958      NO_ID      1.269597298    0.1309227668   0.5797066691   4.381738661    0.09131269235  7.03871        7.50188        0.26215        9.81013        5.43308        0.41091        13.43931       3.31618        0.65857        
959      NO_ID      1.116283044    0.2052167306   0.7103175796   3.943347685    0.1630358625   3.46964        3.45097        0.29005        5.64257        2.75163        0.48391        7.2093         2.55114        0.52337        
960      NO_ID      1.588702966    0.1248661019   0.2719571514   4.678319074    0.1535500159   15.08197       6.93861        0.60156        22.4359        5.69207        0.89786        31.81818       5.00248        1.11768        
961      NO_ID      1.497476664    0.1489756121   0.283122144    2.482893255    0.2779063587   10.49661       4.87733        0.66318        16.90998       4.22727        1.02553        25.22523       3.78264        1.22846        
962      NO_ID      1.122308207    0.182712851    0.6987199569   4.89019156     0.1875935617   4.33705        3.85777        0.3231         6.7671         3.12347        0.52584        8.77193        2.84006        0.54739        
963      NO_ID      1.271949893    0.1284657736   0.8500631464   5.436141461    0.2003149897   5.55556        5.13122        0.29066        8.28909        4.32578        0.41511        10.65449       3.73658        0.48518        
964      NO_ID      1.45990891     0.1395220936   0.1669858734   5.20550119     0.1886036686   14.81481       5.27746        0.76085        22.81553       4.68168        1.08705        31.30631       4.29171        1.26146        
965      NO_ID      1.031940356    0.2449162164   0.3493462588   2.402730285    0.05944051016  3.663          2.57185        0.41377        5.28409        1.5439         0.76876        5.3751         1.46313        0.52527        
966      NO_ID      0.844432848    0.2381194956   0.8465525074   3.533019393    0.1673438102   2.4255         2.68609        0.2573         4.02597        2.06917        0.48842        5.05214        1.99796        0.51492        
967      NO_ID      1.537283233    0.1209632069   0.8656709874   2.246455331    0.2350842136   6.09436        6.39935        0.27227        9.42761        4.99568        0.41733        12.12914       4.24142        0.4555         
968      NO_ID      0.9864474055   0.1226708917   0.4935926255   7.968444867    0.02692304052  7.36067        7.05793        0.28447        7.89622        3.02606        0.39921        9.38967        1.49814        0.37402        
969      NO_ID      0.9932991071   0.2105044598   0.8067576616   8.708197205    0.09969255932  2.83172        3.33351        0.23324        4.13345        2.70449        0.36915        6.80174        2.04015        0.62711        
970      NO_ID      0.8265147297   0.1233825032   0.4948629562   6.140153935    0.0552547913   7.72627        8.43211        0.25112        11.11111       5.51748        0.44186        13.42995       3.55182        0.50954        
971      NO_ID      1.03922935     0.2220962653   0.957818724    8.68143887     0.1287111814   2.37007        2.90736        0.2258         3.78174        2.2766         0.38051        5.19553        1.94715        0.50882        
972      NO_ID      0.9068447674   0.2128367725   0.5675764024   7.380887676    0.2704627953   3.35973        2.38669        0.41749        5.24345        2.10819        0.61729        7.42229        1.95139        0.76296        
973      NO_ID      1.133476002    0.2025944495   0.3808213955   4.056202783    0.2973650768   4.89168        2.99626        0.51964        8.22972        2.61936        0.78386        11.80733       2.43121        0.94288        
974      NO_ID      1.322998663    0.2428785281   0.7689570333   3.806748921    0.2633269934   2.90262        2.25102        0.37491        4.53074        1.86868        0.59051        6.2753         1.70317        0.70493        
975      NO_ID      0.9234440218   0.1318660506   0.8128969692   4.023864457    0.06558584858  5.26712        6.84893        0.21751        7.66503        4.04091        0.45193        7.70937        2.70349        0.37535        
976      NO_ID      0.8336842831   0.1478343468   0.8789474216   4.160156606    0.2864967623   4.32617        3.85095        0.31791        6.64767        3.3136         0.48211        9.51897        2.94407        0.61275        
977      NO_ID      1.345113492    0.1589498808   0.2602333521   7.233957865    0.1468129397   9.68188        4.96081        0.5584         15.15642       4.29896        0.8363         21.11614       3.78378        1.08278        
978      NO_ID      1.423564662    0.1758495749   0.1243005047   8.124323011    0.2933668894   7.1465         2.32498        0.85572        10.50075       2.1073         1.15016        14.49275       2.02123        1.28115        
979      NO_ID      1.327781806    0.12240039     0.4725612129   9.304680062    0.08542597651  8.88678        7.51082        0.31793        12.47772       6.10143        0.45176        17.09402       4.78819        0.58439        
980      NO_ID      1.467408988    0.1669633081   0.2428160464   6.217527106    0.03692331569  9.46586        5.31593        0.50603        12.41039       3.47281        0.75254        14.40329       2.63956        0.74878        
981      NO_ID      1.295540872    0.1348986385   0.9961092443   9.899371122    0.04710935729  4.53216        6.32685        0.19539        5.23756        4.93394        0.24814        6.57709        3.1873         0.2995         
982      NO_ID      1.434626676    0.2242226692   0.9474926996   4.394883117    0.1128124018   2.67738        2.75567        0.27074        3.99543        2.1589         0.4373         4.68961        2.13058        0.42507        
983      NO_ID      1.213051903    0.188710405    0.9670870708   3.571696492    0.1434361193   3.2634         3.74139        0.24439        4.48287        3.10855        0.33617        5.72597        2.88472        0.36522        
984      NO_ID      0.8209268876   0.1818210452   0.4092119121   8.350932246    0.08884262998  5.08351        4.69357        0.31109        7.52427        4.01569        0.45962        11.20482       3.40745        0.65067        
985      NO_ID      1.151048595    0.1847299621   0.7697998324   7.886957846    0.2271793923   3.92897        2.92974        0.38049        5.86735        2.52252        0.54907        7.9096         2.24015        0.66537        
986      NO_ID      1.216471055    0.1700724854   0.302028511    6.446153604    0.2054971074   7.70077        3.88209        0.56471        12.14912       3.38161        0.85732        16.66667       3.11926        1.0264         
987      NO_ID      1.047643637    0.1291146343   0.9153376975   2.001191667    0.2243221766   5.20253        6.24722        0.24186        7.63547        5.18121        0.33204        10.85271       4.21569        0.42642        
988      NO_ID      1.042201365    0.1851232758   0.2666321014   2.804966252    0.2481681938   6.51769        4.18261        0.52334        10.27047       3.69998        0.79022        15.4485        3.54127        0.87982        
989      NO_ID      1.479613314    0.1751659098   0.1542711835   9.015019533    0.2445114494   8.31853        2.66876        0.89034        12.39892       2.41695        1.18367        16.90821       2.31627        1.30838        
990      NO_ID      1.366907709    0.1497146008   0.818572756    4.463396296    0.121741989    4.69484        5.70944        0.22325        6.61001        4.44863        0.33884        8.79017        3.56132        0.44683        
991      NO_ID      0.8843649738   0.2282750691   0.9006158484   5.173820417    0.04964079126  2.37369        2.74439        0.24375        3.67165        1.78487        0.48232        3.35256        1.71341        0.34058        
992      NO_ID      1.332046356    0.2091024633   0.4484815567   7.064102567    0.0384673252   4.83092        3.34023        0.41025        6.36653        2.60559        0.60285        6.4905         2.32465        0.4879         
993      NO_ID      0.852425856    0.1897491347   0.2364176405   9.91225493     0.1772971417   5.60224        3.26268        0.5188         8.45411        2.9679         0.69259        11.75483       2.79882        0.75792        
994      NO_ID      1.522721575    0.2324816973   0.1200655698   6.503836993    0.03029425975  7.25552        3.60264        0.58217        9.90701        3.22232        0.77018        12.81337       2.86458        0.83041        
995      NO_ID      0.8029354848   0.1689178048   0.3712062246   3.902837895    0.165394886    5.99227        5.06481        0.36732        9.4086         4.39099        0.53632        14.09869       3.93987        0.71517        
996      NO_ID      1.409816084    0.2073590909   0.9836018286   4.102932013    0.1831476078   2.86826        3.12621        0.25372        4.53515        2.37257        0.43551        5.45171        2.34018        0.43731        
997      NO_ID      0.8553972515   0.2215469388   0.2084189637   9.174464633    0.1800920365   4.62227        2.82026        0.50502        7.21278        2.61023        0.68343        9.87261        2.43758        0.76669        
998      NO_ID      1.168571636    0.134283471    0.4707129568   2.999354908    0.1339009263   8.48485        6.83433        0.3708         12.76113       5.42944        0.53709        16.78614       4.35651        0.63415        
999      NO_ID      1.094430051    0.1529746101   0.9434633239   7.939225722    0.1378496887   3.97436        4.90027        0.22407        5.69801        3.97605        0.31609        7.56348        3.42377        0.40923        
1000     NO_ID      1.314199384    0.2171934901   0.5232279265   4.928690925    0.267022999    4.35323        2.70903        0.468          6.69536        2.28305        0.7275         9.62199        2.05798        0.94514        
1001     NO_ID      0.8198581282   0.2032468051   0.3660413653   8.7687445      0.07788076859  4.41501        4.0933         0.31211        6.87285        3.48346        0.48003        9.78337        3.06186        0.62045        
1002     NO_ID      1.280253683    0.1654958363   0.5504185329   5.115130265    0.1015053216   5.54236        5.1057         0.30715        9.38544        3.74786        0.58097        10.33333       3.6522         0.5305         
1003     NO_ID      1.144496283    0.1502633048   0.3322073299   9.730200788    0.044973186    8.33333        6.64584        0.3431         11.93521       4.9631         0.55928        14.90385       3.56801        0.67658        
1004     NO_ID      1.570908608    0.1277023539   0.5955758474   5.527208349    0.1084685075   7.52427        7.23431        0.28493        11.74242       5.20691        0.49729        13.9801        4.58865        0.48899        
1005     NO_ID      1.351676044    0.2440691067   0.1071017052   3.765159776    0.1282472094   6.81708        2.95785        0.77578        11.21718       2.96556        0.97178        15.98174       2.83398        1.17088        
1006     NO_ID      1.461637759    0.1524416009   0.5007141382   6.486972416    0.252712209    6.85267        3.40647        0.56959        10.59578       2.9555         0.84877        14.17683       2.68508        1.00953        
1007     NO_ID      1.017918548    0.1410306976   0.9791303616   9.54212356     0.02281285153  3.298          4.58056        0.18959        3.52467        2.30431        0.24962        4.03997        1.16877        0.19722        
1008     NO_ID      1.096332655    0.1638696388   0.8978849302   2.698602893    0.1785838227   4.18911        4.68113        0.25067        5.69106        3.90921        0.34705        7.83982        3.27763        0.44844        
1009     NO_ID      1.590997962    0.190114076    0.9908154448   5.832025074    0.2948272016   3.4904         2.60437        0.37356        4.98208        2.20155        0.52712        6.63822        1.99701        0.57351        
1010     NO_ID      1.00941393     0.1458208287   0.6555927348   8.98135799     0.2552641825   4.82094        2.96126        0.46727        7.36067        2.61502        0.66114        10.21152       2.49376        0.76698        
1011     NO_ID      1.526532766    0.2266968017   0.4385663804   4.561559789    0.1691361789   4.65735        2.89168        0.46396        7.46667        2.35252        0.7817         10.41199       2.13085        0.95786        
1012     NO_ID      0.9164776255   0.1571011734   0.8854879835   4.437398337    0.1747422577   4.22302        4.93179        0.23826        6.06849        4.0109         0.33827        8.24468        3.47535        0.42056        
1013     NO_ID      0.936894371    0.2095039687   0.839589277    7.71495337     0.2890859849   2.8972         2.18778        0.38482        4.39422        1.90919        0.56943        6.09225        1.77361        0.69816        
1014     NO_ID      0.9562440296   0.237095286    0.9372363984   2.079655627    0.03334463969  1.765          1.39988        0.31084        1.98666        0.5981         0.38438        2.06034        0.72571        0.16642        
1015     NO_ID      1.233215158    0.2352228722   0.876212688    8.209226242    0.1633053525   2.47044        2.54129        0.27524        3.72737        2.1001         0.40674        5.19095        1.82917        0.53507        
1016     NO_ID      1.39566852     0.2121446851   0.7318462565   3.640513452    0.09267208181  3.61197        3.08088        0.33087        5.10167        2.33931        0.53413        5.68413        2.09572        0.50489        
1017     NO_ID      1.207746806    0.198504409    0.3249503703   2.850403696    0.1103013975   6.19743        4.04557        0.45206        9.66184        3.0276         0.80655        12.07045       2.85255        0.78282        
1018     NO_ID      1.565991242    0.1876949514   0.7172750739   5.48535012     0.1323373072   4.06114        3.89227        0.2849         5.87121        3.14403        0.42799        7.89622        2.75398        0.53701        
1019     NO_ID      1.450580014    0.2004803923   0.4589875132   8.279929053    0.09514395609  4.90712        3.73987        0.36248        7.40741        3.02015        0.5786         9.81013        2.72519        0.66458        
1020     NO_ID      1.543522582    0.1251306129   0.7267506934   8.438465187    0.0737964234   6.16711        7.53075        0.22393        8.31848        5.72159        0.32677        10.95462       4.07411        0.4398         
1021     NO_ID      1.247566822    0.2493292891   0.3842759586   2.113546924    0.1196548128   4.10798        2.54555        0.478          5.86616        1.97448        0.76452        6.71498        1.41487        0.83284        
1022     NO_ID      1.557004424    0.1840138361   0.5558228053   3.206637227    0.07525608909  5.15786        3.97906        0.3688         6.30631        2.81545        0.5192         7.67544        1.95109        0.57311        
1023     NO_ID      1.377320968    0.1779790563   0.4221134094   3.408087982    0.1556945638   6.78832        4.34454        0.45226        10.50075       3.61737        0.70231        14.35185       3.08791        0.87507        
1024     NO_ID      1.022332755    0.2055647333   0.4812326383   6.781456596    0.2387983658   4.26569        2.79746        0.44783        6.51769        2.4736         0.65428        9.64187        2.26362        0.85176        
1025     NO_ID      1.264012219    0.2077837563   0.4864883253   7.833427613    0.1935459279   4.61768        2.9622         0.44729        6.95266        2.58783        0.65375        9.73389        2.27314        0.84263        
1026     NO_ID      1.128981203    0.1546282455   0.6099410749   4.808118635    0.2665986877   5.67677        3.73552        0.42956        8.90585        3.20544        0.66151        12.76113       2.87801        0.83963        
1027     NO_ID      1.189356286    0.1416877443   0.5113133684   2.780366345    0.1250728274   7.92303        6.2609         0.35501        10.77283       4.89027        0.49971        13.49664       3.54834        0.61463        
1028     NO_ID      1.204982884    0.1466618719   0.5164479302   7.304803395    0.1399519614   6.81818        5.30459        0.35818        10.28446       4.42218        0.5598         13.31418       3.84824        0.61111        
1029     NO_ID      1.531041638    0.1860451555   0.3422104233   9.452590044    0.2538316616   6.34058        2.43482        0.74589        9.57737        2.19278        1.03717        13.46899       2.04865        1.24831        
1030     NO_ID      1.486708485    0.195467576    0.6024112431   2.326543415    0.1582481423   4.903          3.51782        0.39934        6.8787         2.80307        0.61959        8.6741         2.37179        0.67073        
1031     NO_ID      0.9644843127   0.1512078513   0.1453553927   9.55698566     0.02144193206  10.82753       7.57358        0.40025        14.76793       5.36672        0.5953         18.22917       3.12882        0.72393        
1032     NO_ID      0.8359701225   0.2288753213   0.2042062455   5.978612721    0.2420513477   4.329          2.71862        0.493          6.68577        2.50307        0.67816        9.375          2.3649         0.75092        
1033     NO_ID      1.38720355     0.2458229795   0.828372883    7.16188823     0.2756473879   2.60126        2.00657        0.37239        4.01554        1.68156        0.57192        5.72724        1.48457        0.71415        
1034     NO_ID      0.9475146171   0.1993670463   0.2524820088   8.467407173    0.1495117149   5.81154        3.65561        0.47657        9.07623        3.28509        0.6705         12.99907       3.10367        0.83105        
1035     NO_ID      0.9980012603   0.2162308411   0.5732511361   9.65621151     0.220011056    3.46192        2.40098        0.43187        5.27903        2.15093        0.60562        7.46388        1.96486        0.76853        
1036     NO_ID      1.108262293    0.1729934576   0.8220857619   5.739107441    0.2290262258   4.10798        3.54975        0.32885        6.41553        2.96756        0.52321        8.33333        2.58467        0.60106        
1037     NO_ID      1.155866906    0.2223848747   0.509487133    9.147121767    0.1645025062   3.85039        2.81136        0.39778        5.98456        2.34277        0.62781        8.37871        2.06457        0.81966        
1038     NO_ID      0.8710285436   0.1446308855   0.7544707589   2.282837443    0.06811248981  5.05598        4.484          0.32979        5.46448        2.55535        0.40998        6.28635        1.6756         0.29945        
1039     NO_ID      0.8498417831   0.1937551225   0.6150559973   6.894668239    0.2609800358   3.69932        2.70521        0.40096        5.83333        2.42442        0.58988        7.77778        2.24655        0.69817        
1040     NO_ID      1.24305332     0.1393490103   0.7929403265   4.984343111    0.1614355096   5.27903        5.69532        0.25811        7.58808        4.62749        0.35279        10.30169       3.82041        0.47586        
1041     NO_ID      1.596052218    0.1619046816   0.7595526462   9.430913222    0.1898564239   4.75705        3.50887        0.36919        6.84262        3.03885        0.50113        8.97683        2.73534        0.57327        
1042     NO_ID      1.503221738    0.1656559475   0.3372382121   9.643155335    0.2817366881   6.55012        2.33041        0.80571        9.81638        2.11794        1.10627        13.56589       1.96998        1.2562         
1043     NO_ID      1.483394549    0.2040503306   0.6870460005   6.588384756    0.185074115    3.89864        3.11397        0.34555        5.95391        2.47602        0.54785        8.20059        2.28988        0.61457        
1044     NO_ID      1.257514912    0.1678312068   0.6291164621   4.76503891     0.05106218578  5.3653         4.33071        0.34686        6.2978         2.76328        0.48525        7.01754        2.00477        0.48801        
1045     NO_ID      0.9719665844   0.1645721946   0.3037778901   2.367716129    0.06952993471  7.97842        4.63982        0.50196        9.72222        3.23062        0.61324        11.93521       2.13147        0.65982        
1046     NO_ID      1.163870037    0.2115029552   0.4504781433   3.113674922    0.2083624004   4.65932        3.30616        0.40918        7.3723         2.74194        0.68047        10.44495       2.58384        0.77306        
1047     NO_ID      1.425048874    0.1964818745   0.2132750773   7.022967941    0.1443391895   7.88136        3.94005        0.57763        12.52252       3.44195        0.89315        18.01802       3.13874        1.13172        
1048     NO_ID      1.088430963    0.1742994079   0.3270203135   6.276671975    0.08778048493  6.87285        5.12605        0.37915        11.05845       4.192          0.63435        14.62264       3.40573        0.803          
1049     NO_ID      1.419797068    0.2392927305   0.2192952258   3.484120041    0.03530307003  5.39499        2.7361         0.56679        6.70498        1.97453        0.79132        7.3081         1.58633        0.68258        
1050     NO_ID      1.179274871    0.236413867    0.8647701069   7.580513075    0.2796363593   2.65646        2.01966        0.38387        4.10415        1.69942        0.57373        5.56886        1.57446        0.67276        
1051     NO_ID      1.194304938    0.2276718674   0.7473388409   8.633348904    0.1308244136   2.87003        2.78273        0.28988        4.25107        2.28907        0.43849        5.71253        2.04864        0.52495        
1052     NO_ID      0.8978722156   0.1264930433   0.8346903129   3.383617669    0.1248099914   5.65693        7.17931        0.21497        7.77778        5.69557        0.3105         9.67855        4.38322        0.3701         
1053     NO_ID      1.308833083    0.1704363144   0.1001875945   5.885442479    0.1162205331   13.15543       5.63425        0.66542        20.28986       4.96985        0.97123        28.38384       4.49333        1.12285        
1054     NO_ID      0.979992733    0.1595882703   0.6268118164   2.708745775    0.136770794    5.26118        5.50575        0.27494        7.5            4.31217        0.42218        9.7629         3.41634        0.49667        
1055     NO_ID      1.435272834    0.120447223    0.3596004152   6.64213015     0.2465565645   10.51051       3.90048        0.71288        15.53672       3.51894        1.0116         21.45062       3.26366        1.1883         
1056     NO_ID      0.9107492134   0.1436996594   0.2344409754   5.007143307    0.1972800042   9.41734        5.16698        0.51273        14.58333       4.61782        0.71216        20             4.2834         0.80143        
1057     NO_ID      1.058096361    0.193083673    0.4283059495   9.983588622    0.2749960953   4.25435        2.16555        0.59025        6.39269        1.96526        0.80611        9.09682        1.87118        0.92665        
1058     NO_ID      1.38382345     0.2236747516   0.6655156571   2.547264302    0.2904356209   3.63114        2.57411        0.42779        5.83333        2.18254        0.62324        8.27423        1.91466        0.79222        
1059     NO_ID      1.49249139     0.2151977629   0.9289526231   6.161274152    0.0420916939   2.83152        2.82909        0.28257        3.75303        1.82834        0.49144        3.49099        1.81277        0.33303        
1060     NO_ID      0.9017900912   0.2200172059   0.8021155062   3.057286201    0.1996556073   2.82675        3.00338        0.27429        4.66003        2.32551        0.50411        6.08639        2.23109        0.53798        
1061     NO_ID      1.197600126    0.2178418635   0.1584435489   5.661575245    0.2920743687   6.06061        2.45067        0.72122        9.06719        2.23354        0.98565        12.53369       2.10877        1.08296        
1062     NO_ID      1.149802127    0.2018324212   0.7441767495   9.832118336    0.2302668107   3.48519        2.42044        0.41243        5.17241        2.16071        0.55323        7.34597        1.88401        0.75165        
1063     NO_ID      0.9525178329   0.247243326    0.5363879606   6.063074755    0.1599960407   2.9819         2.62201        0.33054        4.75228        2.15133        0.55264        6.857          1.95332        0.74563        
1064     NO_ID      1.410055023    0.2487592687   0.6793286833   9.20508667     0.2370228949   2.95172        1.97151        0.44292        4.55588        1.69625        0.64723        6.31484        1.50893        0.80895        
1065     NO_ID      0.8689274623   0.1367711125   0.9257801104   6.039705932    0.03119135638  4.03342        5.1007         0.22253        4.60224        2.29557        0.35923        5.17369        1.68901        0.22432        
1066     NO_ID      0.8885903426   0.1540630196   0.1893723452   6.342365744    0.08080667442  9.97877        6.80236        0.41381        15.30501       5.93939        0.6135         20.94595       5.11611        0.74046        
1067     NO_ID      0.9328477847   0.1978569312   0.6621512221   6.825625564    0.1035065482   3.55777        3.84638        0.25878        5.10576        3.18072        0.38224        7.40741        2.72951        0.49035        
1068     NO_ID      1.220121462    0.2423624775   0.890413609    8.89569007     0.1813554384   2.39316        2.30559        0.29309        3.58698        1.90888        0.4354         5.01986        1.65468        0.56276        
1069     NO_ID      0.8619582564   0.1302043382   0.3176066967   4.228618476    0.1169738332   10.47297       7.8447         0.37682        16.7264        6.27232        0.63199        21.50538       5.04096        0.7352         
1070     NO_ID      1.551937585    0.155688322    0.3108239541   5.327777376    0.2225449879   9.95717        4.16514        0.65944        14.96711       3.67681        0.98643        21.80685       3.20266        1.2892         
1071     NO_ID      1.341531979    0.1921128881   0.7891258861   7.445434348    0.2833585617   3.7708         2.40763        0.45057        5.50931        2.09853        0.63114        7.77778        1.89832        0.77203        
1072     NO_ID      1.300954932    0.206876984    0.7194964048   5.636761649    0.06039537625  3.64462        3.21359        0.31984        5.34627        2.27215        0.58146        5.2236         2.10988        0.45108        
1073     NO_ID      1.337164608    0.1377777709   0.249603383    8.590450351    0.1213503395   11.77215       5.99342        0.55159        18.08237       5.16209        0.81344        25.45788       4.50625        1.03695        
1074     NO_ID      1.238811411    0.2299207825   0.35823049     4.303714405    0.0439430918   4.60678        2.93375        0.45581        5.87002        2.22519        0.63825        6.62852        1.67985        0.64195        
1075     NO_ID      0.9423804056   0.1622930737   0.5307424105   7.531364921    0.2697591084   4.84597        2.84695        0.48673        7.39567        2.56301        0.68888        10.13858       2.41227        0.79919        
1076     NO_ID      1.103924668    0.1423542196   0.2010181135   3.298232687    0.07606888253  13.16527       7.28003        0.52532        18.99863       5.01683        0.87173        23.61809       3.57321        0.91654        
1077     NO_ID      1.229283143    0.1476187963   0.5912617513   6.701201973    0.2858785876   5.87002        2.97111        0.54731        8.6741         2.62589        0.78037        12.3227        2.46069        0.9493         
1078     NO_ID      1.444558438    0.1574084447   0.3934433868   7.636978654    0.08194345881  7.65027        5.6155         0.37106        11.05845       4.56856        0.5458         14.90385       3.65701        0.72534        
1079     NO_ID      1.291172289    0.1335560236   0.3896009569   5.552950804    0.06374262604  9.42761        7.41215        0.35078        13.21023       5.07335        0.5833         16.25874       3.06122        0.75389        
1080     NO_ID      1.317629156    0.1382286485   0.402025053    3.888062426    0.2424302236   9.20792        4.84154        0.54446        14.7619        4.12862        0.83741        19.87179       3.7234         0.96695        
1081     NO_ID      1.446930884    0.2306750911   0.6817563171   3.315009206    0.1737394477   3.42885        2.67529        0.35792        5.00715        2.28487        0.51716        6.7443         2.04007        0.65566        
1082     NO_ID      1.393697254    0.1810776187   0.9753513266   8.935951778    0.1921908158   3.35256        3.20245        0.28992        4.851          2.76127        0.38387        6.44938        2.42531        0.45531        
1083     NO_ID      0.8920920829   0.1361692323   0.1322601993   9.28271248     0.2499103616   6.28084        3.0506         0.55762        9.09682        2.7755         0.74034        12.29001       2.61716        0.80665        
1084     NO_ID      1.509144044    0.1942747009   0.6411346315   7.25500447     0.1117339377   4.24628        3.68036        0.31442        6.05275        2.91751        0.48837        8.51582        2.53448        0.62455        
1085     NO_ID      1.514553592    0.2336271698   0.6226622691   9.096483756    0.2137213333   3.52734        2.27004        0.44399        5.20253        1.95593        0.62341        7.08144        1.79248        0.72175        
1086     NO_ID      1.013837193    0.2191044638   0.6391270823   8.526667097    0.04082003148  3.2069         3.12457        0.2905         4.86111        2.18299        0.52457        5.15253        2.1763         0.43404        
1087     NO_ID      0.9698480819   0.1907635329   0.1405047066   4.682753874    0.2357539557   7.26895        3.71834        0.59343        11.29944       3.31781        0.80452        15.35088       3.1452         0.88052        
1088     NO_ID      1.001041081    0.2465817678   0.2867051995   4.257195319    0.05366969158  3.9784         2.91829        0.39366        6.15655        2.35037        0.64998        7.13919        2.08709        0.63803        
1089     NO_ID      1.052304778    0.1795784334   0.670268502    5.784979734    0.02856004554  3.69198        3.66897        0.28568        4.30157        1.90289        0.42707        4.3662         1.47196        0.28452        
1090     NO_ID      1.563549316    0.1803183339   0.9656543801   8.153855       0.1721108215   3.37675        3.54857        0.25824        5.04505        2.85213        0.39246        6.48148        2.60204        0.42043        
1091     NO_ID      0.9253354803   0.2345200829   0.7061762218   4.53190659     0.09096395705  2.74995        2.79425        0.2822         4.13712        2.25785        0.45745        5.03623        1.98716        0.50461        
1092     NO_ID      1.359016186    0.1329048828   0.1907781018   2.581630098    0.2186660979   15.37598       6.36326        0.70039        24.5614        5.5245         1.03752        33.7037        5.0407         1.19967        
1093     NO_ID      1.081298756    0.2254199628   0.2965256993   6.944427138    0.2592527935   4.64807        2.3973         0.58415        6.96517        2.20007        0.80025        9.96416        2.0712         0.94682        
1094     NO_ID      1.250767959    0.2416201751   0.5660237503   5.930926377    0.09760620297  3.1893         2.66658        0.33934        5.50314        2.00383        0.6688         6.382          1.98959        0.65472        
1095     NO_ID      1.173053168    0.1720181508   0.9189315719   4.704608731    0.2022974825   3.83252        3.9842         0.26704        5.56218        3.32823        0.3757         7.66063        2.85303        0.47903        
1096     NO_ID      1.360470002    0.1873468189   0.6477619282   5.079473424    0.08400348724  4.34513        4.01146        0.29968        6.92384        2.90529        0.58287        8.25959        2.38737        0.64331        
1097     NO_ID      0.9848117145   0.2257715916   0.587750398    5.372048779    0.232606212    3.35249        2.74215        0.35698        5.27997        2.33691        0.56321        7.45192        2.084          0.76167        
1098     NO_ID      1.076441399    0.1790577849   0.7824958499   9.382139043    0.0718676031   3.61197        4.40186        0.22415        5.04886        3.56368        0.3375         6.48536        3.10709        0.38414        
1099     NO_ID      1.285469234    0.2396733298   0.1728904818   7.656620346    0.2728412106   5.23169        2.06547        0.77831        7.74805        1.88856        1.02902        11.03231       1.7933         1.15706        
1100     NO_ID      1.57612377     0.2408593806   0.2770667526   8.30998569     0.09618253796  5.37757        2.86673        0.52617        8.5003         2.39838        0.86367        11.79487       2.12596        1.10292        
1101     NO_ID      1.582277588    0.1684144193   0.4199661744   6.977630817    0.2622216699   7.07763        2.93992        0.68088        10.72797       2.55488        1.01634        14.45473       2.38077        1.15399        
1102     NO_ID      1.026759326    0.1267096794   0.2270255237   3.039171953    0.104088865    14.14141       8.64965        0.47771        21.40673       6.39188        0.77712        27.67857       4.93238        0.83563        
1103     NO_ID      1.548120557    0.2319932252   0.9064880307   3.168052671    0.2261971225   2.70531        2.52804        0.30196        4.46144        1.96872        0.52647        5.46384        1.88983        0.5503         
1104     NO_ID      1.182776936    0.1600016241   0.1164727242   8.077366282    0.02435174457  12.05857       6.87224        0.48761        16.90821       5.10766        0.71534        20.57522       3.33779        0.81905        
1105     NO_ID      1.370132157    0.1962348024   0.9527935755   8.828992284    0.1407605998   3.02346        3.37108        0.24498        4.47546        2.69282        0.37573        5.798          2.46353        0.41652        
1106     NO_ID      0.8086335026   0.1765378779   0.4100288302   9.760410321    0.1494220277   4.98575        3.98212        0.36542        7.87827        3.55409        0.52716        10.91549       3.24858        0.63752        
1107     NO_ID      1.068784704    0.1558460557   0.776409189    5.268823312    0.05284689576  4.66733        5.14987        0.2483         5.77558        3.59129        0.38069        6.34921        2.36413        0.36706        
1108     NO_ID      1.471314401    0.2359224427   0.1338748235   7.119050706    0.2114943703   7.03203        2.64404        0.80507        10.70336       2.39376        1.10238        15.20087       2.24838        1.2844         
1109     NO_ID      0.8797364146   0.1607971326   0.8556959624   6.685968371    0.2100842656   3.99261        3.88157        0.28988        6.02151        3.35006        0.41453        7.92164        2.95554        0.47367        
1110     NO_ID      1.136736613    0.2191445083   0.4356937163   4.612502304    0.2149964892   4.46144        2.98574        0.44707        6.96517        2.62402        0.66804        10.19737       2.33159        0.88587        
1111     NO_ID      1.064664753    0.2479958509   0.4641906161   2.195780392    0.05676724944  3.22729        2.08868        0.45446        4.04741        1.18176        0.70372        3.70667        1.1448         0.35289        
1112     NO_ID      1.518293092    0.1999639702   0.5401712723   7.48825996     0.1064667532   4.61867        3.63037        0.34482        6.86275        2.91903        0.53892        9.40258        2.43975        0.75714        
1113     NO_ID      1.402047772    0.1433149989   0.1802630397   3.670034902    0.2165108796   13.99799       5.31196        0.75035        22.27564       4.75222        1.06214        30.19481       4.34908        1.21738        
1114     NO_ID      1.112970979    0.1776094867   0.6929552218   6.363183247    0.1950389058   4.48166        3.67881        0.34085        6.64767        3.05172        0.523          9.00383        2.7793         0.57287        
1115     NO_ID      1.277804448    0.1715062617   0.7375523496   8.014621116    0.1536868258   4.26569        4.03718        0.2943         6.57772        3.32774        0.43978        8.5003         2.99221        0.4877         
1116     NO_ID      1.072302902    0.214758542    0.1772437747   3.735597965    0.2065557755   5.4007         3.57371        0.52236        9.58763        3.27124        0.81633        14.70276       3.12188        0.95013        
1117     NO_ID      0.8117882285   0.2136125186   0.5464601772   2.635984677    0.06463407282  3.58423        2.91251        0.36786        4.57068        1.97127        0.53864        5.08906        1.47526        0.4294         
1118     NO_ID      1.269597298    0.1309227668   0.5797066691   3.968208101    0.2578054245   7.70077        4.68228        0.45457        11.69591       3.97098        0.69756        16.25731       3.56206        0.84588        
1119     NO_ID      1.116283044    0.2052167306   0.7103175796   7.785057688    0.2991467413   3.33571        2.14426        0.45021        5.25526        1.90182        0.6924         7.2205         1.73339        0.80836        
1120     NO_ID      1.588702966    0.1248661019   0.2719571514   2.94476639     0.1526183302   15.46053       7.43443        0.59141        24.17962       5.87169        0.97028        30.21505       5.03892        1.02435        
