Dakota version 6.24 released May 15 2026.
Repository revision 1ab1c9924 (2026-05-11) built May 11 2026 11:08:44.
Running MPI Dakota executable in serial mode.
Start time: Sun Sep  6 11:07:58 2026

------------------
Begin Dakota input
------------------
# Joint calibration: Hermes (b = 2.4, 3.6, 5.0 m) + CrowdQueue baseline runs
# (w = 1.2, 3.4, 5.6 m), 30 sigma-normalised residuals, desired_speed fixed 1.55 m/s.
# Run: JPS_N_SEEDS=1 dakota -i dakota.in -o dakota.out

environment
  tabular_data
    tabular_data_file = 'joint_history.dat'

method
  efficient_global
    seed = 5
    max_iterations = 40
    convergence_tolerance = 1.e-4

variables
  continuous_design = 6
    descriptors    'radius' 'time_gap' 'strength_neighbor' 'range_neighbor' 'strength_geometry' 'range_geometry'
    initial_point   0.13  0.80   2.0   0.25   5.0   0.02
    lower_bounds    0.10  0.10   1.0   0.02   0.5   0.01
    upper_bounds    0.20  1.20  10.0   0.40  10.0   0.20
  continuous_state = 1
    descriptors    'desired_speed'
    initial_state   1.55

interface
  fork
    analysis_drivers = 'python3 driver_joint.py'
    parameters_file  = 'params.in'
    results_file     = 'results.out'
    work_directory named 'runs/run' directory_tag
    link_files = 'driver_joint.py' '../hermes/driver.py' '../hermes/observables.py' '../hermes/scenario.py' '../hermes/exp_observables.json' '../crowdqueue/driver_cq.py' '../crowdqueue/observables_cq.py' '../crowdqueue/scenario_cq.py' '../crowdqueue/exp_observables_cq.json'
  asynchronous evaluation_concurrency = 1

responses
  calibration_terms = 30
  no_gradients
  no_hessians

----------------
End Dakota input
----------------

Using Dakota parser: standard
Writing new restart file 'dakota.rst'.

>>>>> Executing environment.

>>>>> Running efficient_global iterator.

>>>>> Building global_kriging approximations.

NonD lhs Samples = 28 Seed (user-specified) = 5

---------------------
Begin Evaluation    1
---------------------
Parameters for evaluation 1:
                      1.4070263074e-01 radius
                      4.0948904927e-01 time_gap
                      2.7605934109e+00 strength_neighbor
                      3.1813699097e-02 range_neighbor
                      2.1342239955e+00 strength_geometry
                      1.5211687915e-01 range_geometry
                      1.5500000000e+00 desired_speed

blocking fork: python3 driver_joint.py params.in results.out

Active response data for evaluation 1:
Active set vector = { 1 1 1 1 1 1 1 1 1 1 1 1 1 1 1 1 1 1 1 1 1 1 1 1 1 1 1 1 1 1 }
                      1.5329100000e+00 least_sq_term_1
                     -3.5500000000e+00 least_sq_term_2
                      4.6161000000e+00 least_sq_term_3
                     -4.1043600000e+00 least_sq_term_4
                     -6.7083200000e+00 least_sq_term_5
                      4.3938800000e+00 least_sq_term_6
                     -7.4408700000e+00 least_sq_term_7
                     -6.9317400000e+00 least_sq_term_8
                     -5.6901300000e+00 least_sq_term_9
                     -1.4304080000e+01 least_sq_term_10
                      6.3587200000e+00 least_sq_term_11
                     -6.3073100000e+00 least_sq_term_12
                     -1.3505840000e+01 least_sq_term_13
                      3.0099900000e+00 least_sq_term_14
                     -6.0509600000e+00 least_sq_term_15
                     -1.3963320000e+01 least_sq_term_16
                      5.0616400000e+00 least_sq_term_17
                     -5.7541500000e+00 least_sq_term_18
                     -1.5288270000e+01 least_sq_term_19
                      4.7617600000e+00 least_sq_term_20
                     -6.9679000000e+00 least_sq_term_21
                     -1.5077100000e+01 least_sq_term_22
                      1.1779310000e+01 least_sq_term_23
                     -5.9839900000e+00 least_sq_term_24
                     -1.6549410000e+01 least_sq_term_25
                      8.6005900000e+00 least_sq_term_26
                      5.3094100000e+00 least_sq_term_27
                     -1.3112270000e+01 least_sq_term_28
                      6.8059700000e+00 least_sq_term_29
                     -7.1347200000e+00 least_sq_term_30



---------------------
Begin Evaluation    2
---------------------
Parameters for evaluation 2:
                      1.6425293190e-01 radius
                      5.5147677128e-01 time_gap
                      2.9943214254e+00 strength_neighbor
                      1.0780019935e-01 range_neighbor
                      7.1785789700e+00 strength_geometry
                      4.8296414028e-02 range_geometry
                      1.5500000000e+00 desired_speed

blocking fork: python3 driver_joint.py params.in results.out

Active response data for evaluation 2:
Active set vector = { 1 1 1 1 1 1 1 1 1 1 1 1 1 1 1 1 1 1 1 1 1 1 1 1 1 1 1 1 1 1 }
                      3.4161000000e-01 least_sq_term_1
                     -1.1653800000e+00 least_sq_term_2
                      1.2695900000e+00 least_sq_term_3
                     -1.6484000000e+00 least_sq_term_4
                     -1.9784500000e+00 least_sq_term_5
                      9.7382000000e-01 least_sq_term_6
                     -5.0391100000e+00 least_sq_term_7
                     -2.2197000000e+00 least_sq_term_8
                     -1.5722300000e+00 least_sq_term_9
                     -1.3986060000e+01 least_sq_term_10
                      6.4531000000e-01 least_sq_term_11
                      4.4831000000e+00 least_sq_term_12
                     -1.5778370000e+01 least_sq_term_13
                     -3.2549200000e+00 least_sq_term_14
                      7.3679900000e+00 least_sq_term_15
                     -1.3637180000e+01 least_sq_term_16
                     -3.0222000000e-01 least_sq_term_17
                      4.1154700000e+00 least_sq_term_18
                     -1.6103530000e+01 least_sq_term_19
                      1.1519830000e+01 least_sq_term_20
                      1.4979180000e+01 least_sq_term_21
                     -1.6426880000e+01 least_sq_term_22
                      2.0363500000e+00 least_sq_term_23
                      9.1253600000e+00 least_sq_term_24
                     -1.6204730000e+01 least_sq_term_25
                      4.3959900000e+00 least_sq_term_26
                      1.2324090000e+01 least_sq_term_27
                     -1.3599660000e+01 least_sq_term_28
                      8.0111700000e+00 least_sq_term_29
                      2.0588000000e-01 least_sq_term_30



---------------------
Begin Evaluation    3
---------------------
Parameters for evaluation 3:
                      1.5530942142e-01 radius
                      1.1827668154e+00 time_gap
                      4.7337544103e+00 strength_neighbor
                      2.9182365687e-01 range_neighbor
                      8.4957263595e+00 strength_geometry
                      5.8410919350e-02 range_geometry
                      1.5500000000e+00 desired_speed

blocking fork: python3 driver_joint.py params.in results.out

Active response data for evaluation 3:
Active set vector = { 1 1 1 1 1 1 1 1 1 1 1 1 1 1 1 1 1 1 1 1 1 1 1 1 1 1 1 1 1 1 }
                     -6.9010400000e+00 least_sq_term_1
                     -3.9570200000e+00 least_sq_term_2
                     -4.8139000000e-01 least_sq_term_3
                     -7.0453600000e+00 least_sq_term_4
                     -3.9548500000e+00 least_sq_term_5
                     -9.3961000000e-01 least_sq_term_6
                     -8.5402800000e+00 least_sq_term_7
                     -3.5991400000e+00 least_sq_term_8
                     -2.9729200000e+00 least_sq_term_9
                     -1.4219160000e+01 least_sq_term_10
                     -1.1428100000e+00 least_sq_term_11
                      4.9448400000e+00 least_sq_term_12
                     -1.0006690000e+01 least_sq_term_13
                     -5.5921700000e+00 least_sq_term_14
                      1.0352510000e+01 least_sq_term_15
                     -1.3890560000e+01 least_sq_term_16
                     -3.0900900000e+00 least_sq_term_17
                      6.7617300000e+00 least_sq_term_18
                     -1.4533900000e+01 least_sq_term_19
                      1.3192900000e+00 least_sq_term_20
                      8.2473500000e+00 least_sq_term_21
                     -1.6426880000e+01 least_sq_term_22
                      1.6850400000e+00 least_sq_term_23
                      3.1274700000e+00 least_sq_term_24
                     -1.5858000000e+01 least_sq_term_25
                      2.7481400000e+00 least_sq_term_26
                      6.3212800000e+00 least_sq_term_27
                     -9.2853900000e+00 least_sq_term_28
                     -1.1181000000e+00 least_sq_term_29
                      5.2800700000e+00 least_sq_term_30



---------------------
Begin Evaluation    4
---------------------
Parameters for evaluation 4:
                      1.2470932466e-01 radius
                      8.9858286913e-01 time_gap
                      6.9514019092e+00 strength_neighbor
                      3.6282530483e-02 range_neighbor
                      9.7139926986e+00 strength_geometry
                      1.1332325660e-01 range_geometry
                      1.5500000000e+00 desired_speed

blocking fork: python3 driver_joint.py params.in results.out

Active response data for evaluation 4:
Active set vector = { 1 1 1 1 1 1 1 1 1 1 1 1 1 1 1 1 1 1 1 1 1 1 1 1 1 1 1 1 1 1 }
                     -5.1238700000e+00 least_sq_term_1
                      3.0363700000e+00 least_sq_term_2
                     -4.5289100000e+00 least_sq_term_3
                     -6.3572200000e+00 least_sq_term_4
                     -1.6098500000e+00 least_sq_term_5
                     -2.2409300000e+00 least_sq_term_6
                     -9.8023700000e+00 least_sq_term_7
                     -4.9020200000e+00 least_sq_term_8
                     -4.9175300000e+00 least_sq_term_9
                     -1.6114770000e+01 least_sq_term_10
                      1.6699300000e+01 least_sq_term_11
                     -8.9100800000e+00 least_sq_term_12
                     -1.4751280000e+01 least_sq_term_13
                      1.2499200000e+01 least_sq_term_14
                     -9.0010700000e+00 least_sq_term_15
                     -1.6352120000e+01 least_sq_term_16
                      1.9952630000e+01 least_sq_term_17
                     -8.8989500000e+00 least_sq_term_18
                     -1.6666670000e+01 least_sq_term_19
                      7.7804000000e+00 least_sq_term_20
                      2.9238350000e+01 least_sq_term_21
                     -1.6531590000e+01 least_sq_term_22
                      1.5966750000e+01 least_sq_term_23
                     -5.7794200000e+00 least_sq_term_24
                     -1.6531900000e+01 least_sq_term_25
                      1.4656590000e+01 least_sq_term_26
                     -7.6936800000e+00 least_sq_term_27
                     -1.6666670000e+01 least_sq_term_28
                      1.0549400000e+00 least_sq_term_29
                      3.6251030000e+01 least_sq_term_30



---------------------
Begin Evaluation    5
---------------------
Parameters for evaluation 5:
                      1.9015193003e-01 radius
                      5.9499721850e-01 time_gap
                      3.7963783038e+00 strength_neighbor
                      2.1741619531e-01 range_neighbor
                      4.8858387463e+00 strength_geometry
                      1.8639078341e-01 range_geometry
                      1.5500000000e+00 desired_speed

blocking fork: python3 driver_joint.py params.in results.out

Active response data for evaluation 5:
Active set vector = { 1 1 1 1 1 1 1 1 1 1 1 1 1 1 1 1 1 1 1 1 1 1 1 1 1 1 1 1 1 1 }
                     -4.3995700000e+00 least_sq_term_1
                     -3.4090600000e+00 least_sq_term_2
                      1.3613100000e+00 least_sq_term_3
                     -2.7829500000e+00 least_sq_term_4
                     -3.9247100000e+00 least_sq_term_5
                      4.4730200000e+00 least_sq_term_6
                     -5.3886300000e+00 least_sq_term_7
                     -3.2395100000e+00 least_sq_term_8
                      4.0300000000e-02 least_sq_term_9
                     -1.6423990000e+01 least_sq_term_10
                      8.6116300000e+00 least_sq_term_11
                     -6.4707500000e+00 least_sq_term_12
                     -1.6666670000e+01 least_sq_term_13
                     -9.9220000000e-01 least_sq_term_14
                      3.0217900000e+00 least_sq_term_15
                     -1.6263810000e+01 least_sq_term_16
                      8.8721700000e+00 least_sq_term_17
                     -7.3762600000e+00 least_sq_term_18
                     -1.6666670000e+01 least_sq_term_19
                      7.7804000000e+00 least_sq_term_20
                      3.7581820000e+01 least_sq_term_21
                     -1.6177740000e+01 least_sq_term_22
                      5.1234500000e+00 least_sq_term_23
                     -5.3048200000e+00 least_sq_term_24
                     -1.6547840000e+01 least_sq_term_25
                      6.4377300000e+00 least_sq_term_26
                     -2.9280600000e+00 least_sq_term_27
                     -1.6666670000e+01 least_sq_term_28
                      1.0549400000e+00 least_sq_term_29
                      3.9017370000e+01 least_sq_term_30



---------------------
Begin Evaluation    6
---------------------
Parameters for evaluation 6:
                      1.8729039009e-01 radius
                      1.0386304329e+00 time_gap
                      4.4648439730e+00 strength_neighbor
                      1.2286764755e-01 range_neighbor
                      6.2084179211e+00 strength_geometry
                      1.6004362716e-01 range_geometry
                      1.5500000000e+00 desired_speed

blocking fork: python3 driver_joint.py params.in results.out

Active response data for evaluation 6:
Active set vector = { 1 1 1 1 1 1 1 1 1 1 1 1 1 1 1 1 1 1 1 1 1 1 1 1 1 1 1 1 1 1 }
                     -9.8406100000e+00 least_sq_term_1
                     -2.7249300000e+00 least_sq_term_2
                     -4.3725300000e+00 least_sq_term_3
                     -9.3027100000e+00 least_sq_term_4
                     -3.0954300000e+00 least_sq_term_5
                     -3.3681800000e+00 least_sq_term_6
                     -1.0564770000e+01 least_sq_term_7
                     -2.7608700000e+00 least_sq_term_8
                     -4.4748600000e+00 least_sq_term_9
                     -1.6666670000e+01 least_sq_term_10
                      4.8754200000e+00 least_sq_term_11
                     -5.4010000000e-01 least_sq_term_12
                     -1.6169100000e+01 least_sq_term_13
                      1.9656600000e+00 least_sq_term_14
                     -9.6216200000e+00 least_sq_term_15
                     -1.6666670000e+01 least_sq_term_16
                      3.3235300000e+00 least_sq_term_17
                     -3.1650300000e+00 least_sq_term_18
                     -1.6666670000e+01 least_sq_term_19
                      7.7804000000e+00 least_sq_term_20
                      2.1161960000e+01 least_sq_term_21
                     -1.6526120000e+01 least_sq_term_22
                      8.6960600000e+00 least_sq_term_23
                     -8.5273600000e+00 least_sq_term_24
                     -1.6666670000e+01 least_sq_term_25
                      1.2468700000e+00 least_sq_term_26
                      1.6009650000e+01 least_sq_term_27
                     -1.6666670000e+01 least_sq_term_28
                      1.0549400000e+00 least_sq_term_29
                      1.7903570000e+01 least_sq_term_30



---------------------
Begin Evaluation    7
---------------------
Parameters for evaluation 7:
                      1.1368331371e-01 radius
                      7.3975551686e-01 time_gap
                      2.2844250082e+00 strength_neighbor
                      2.5336716011e-01 range_neighbor
                      4.3346078090e+00 strength_geometry
                      5.2371973760e-02 range_geometry
                      1.5500000000e+00 desired_speed

blocking fork: python3 driver_joint.py params.in results.out

Active response data for evaluation 7:
Active set vector = { 1 1 1 1 1 1 1 1 1 1 1 1 1 1 1 1 1 1 1 1 1 1 1 1 1 1 1 1 1 1 }
                      3.7757200000e+00 least_sq_term_1
                      1.3011200000e+00 least_sq_term_2
                      4.1730000000e-01 least_sq_term_3
                      4.9501000000e+00 least_sq_term_4
                      7.0778000000e-01 least_sq_term_5
                      1.0211600000e+00 least_sq_term_6
                      1.4353800000e+00 least_sq_term_7
                      9.0698000000e-01 least_sq_term_8
                     -1.2001500000e+00 least_sq_term_9
                      5.0986800000e+00 least_sq_term_10
                     -5.9787000000e-01 least_sq_term_11
                      4.0860700000e+00 least_sq_term_12
                      3.3333300000e+00 least_sq_term_13
                     -8.6508000000e-01 least_sq_term_14
                      1.8901300000e+00 least_sq_term_15
                      6.8750000000e+00 least_sq_term_16
                     -1.0657600000e+00 least_sq_term_17
                      3.5257600000e+00 least_sq_term_18
                      4.1362500000e+00 least_sq_term_19
                     -2.1589900000e+00 least_sq_term_20
                      3.7733400000e+00 least_sq_term_21
                     -1.0432120000e+01 least_sq_term_22
                      2.8318000000e+00 least_sq_term_23
                     -2.4215900000e+00 least_sq_term_24
                      5.0823700000e+00 least_sq_term_25
                      1.7310000000e-02 least_sq_term_26
                      1.8694400000e+00 least_sq_term_27
                     -1.5831050000e+01 least_sq_term_28
                      5.7908200000e+00 least_sq_term_29
                      2.4644650000e+01 least_sq_term_30



---------------------
Begin Evaluation    8
---------------------
Parameters for evaluation 8:
                      1.8506954570e-01 radius
                      1.1197791018e+00 time_gap
                      8.0475282636e+00 strength_neighbor
                      3.7626689798e-01 range_neighbor
                      2.5163931632e+00 strength_geometry
                      1.8877661959e-01 range_geometry
                      1.5500000000e+00 desired_speed

blocking fork: python3 driver_joint.py params.in results.out

Active response data for evaluation 8:
Active set vector = { 1 1 1 1 1 1 1 1 1 1 1 1 1 1 1 1 1 1 1 1 1 1 1 1 1 1 1 1 1 1 }
                     -1.6666670000e+01 least_sq_term_1
                     -1.0000000000e+01 least_sq_term_2
                     -1.0000000000e+01 least_sq_term_3
                     -1.6666670000e+01 least_sq_term_4
                     -1.0000000000e+01 least_sq_term_5
                     -1.0000000000e+01 least_sq_term_6
                     -1.6666670000e+01 least_sq_term_7
                     -1.0000000000e+01 least_sq_term_8
                     -1.0000000000e+01 least_sq_term_9
                     -1.6666670000e+01 least_sq_term_10
                     -1.0000000000e+01 least_sq_term_11
                     -1.0000000000e+01 least_sq_term_12
                     -1.6666670000e+01 least_sq_term_13
                     -1.0000000000e+01 least_sq_term_14
                     -1.0000000000e+01 least_sq_term_15
                     -1.6666670000e+01 least_sq_term_16
                     -1.0000000000e+01 least_sq_term_17
                     -1.0000000000e+01 least_sq_term_18
                     -1.5544160000e+01 least_sq_term_19
                      1.5038100000e+00 least_sq_term_20
                      8.5703200000e+00 least_sq_term_21
                     -1.6666670000e+01 least_sq_term_22
                     -1.0000000000e+01 least_sq_term_23
                     -1.0000000000e+01 least_sq_term_24
                     -1.6666670000e+01 least_sq_term_25
                     -1.0000000000e+01 least_sq_term_26
                     -1.0000000000e+01 least_sq_term_27
                     -1.6666670000e+01 least_sq_term_28
                     -1.0000000000e+01 least_sq_term_29
                     -1.0000000000e+01 least_sq_term_30



---------------------
Begin Evaluation    9
---------------------
Parameters for evaluation 9:
                      1.3789908522e-01 radius
                      8.1710525074e-01 time_gap
                      5.3595959839e+00 strength_neighbor
                      9.5666328883e-02 range_neighbor
                      4.1683240269e+00 strength_geometry
                      1.9560776417e-01 range_geometry
                      1.5500000000e+00 desired_speed

blocking fork: python3 driver_joint.py params.in results.out

Active response data for evaluation 9:
Active set vector = { 1 1 1 1 1 1 1 1 1 1 1 1 1 1 1 1 1 1 1 1 1 1 1 1 1 1 1 1 1 1 }
                     -4.8032400000e+00 least_sq_term_1
                      2.7821000000e+00 least_sq_term_2
                     -4.6207600000e+00 least_sq_term_3
                     -4.9203100000e+00 least_sq_term_4
                      1.7572300000e+00 least_sq_term_5
                     -4.0182700000e+00 least_sq_term_6
                     -6.5988300000e+00 least_sq_term_7
                      3.4166000000e-01 least_sq_term_8
                     -3.8947800000e+00 least_sq_term_9
                     -1.6153410000e+01 least_sq_term_10
                      1.6600130000e+01 least_sq_term_11
                     -8.1336000000e+00 least_sq_term_12
                     -1.2203000000e+01 least_sq_term_13
                      6.6153300000e+00 least_sq_term_14
                     -7.1463800000e+00 least_sq_term_15
                     -1.6100680000e+01 least_sq_term_16
                      1.8176380000e+01 least_sq_term_17
                     -8.2245100000e+00 least_sq_term_18
                     -1.6666670000e+01 least_sq_term_19
                      7.7804000000e+00 least_sq_term_20
                      2.6997160000e+01 least_sq_term_21
                     -1.5267060000e+01 least_sq_term_22
                      1.3081700000e+01 least_sq_term_23
                     -8.2598100000e+00 least_sq_term_24
                     -1.5691500000e+01 least_sq_term_25
                      1.4189470000e+01 least_sq_term_26
                     -7.7784000000e+00 least_sq_term_27
                     -1.6666670000e+01 least_sq_term_28
                      1.0549400000e+00 least_sq_term_29
                      3.8055570000e+01 least_sq_term_30



---------------------
Begin Evaluation   10
---------------------
Parameters for evaluation 10:
                      1.8120871534e-01 radius
                      6.8985852949e-01 time_gap
                      8.3947005553e+00 strength_neighbor
                      1.6112853665e-01 range_neighbor
                      9.5915484246e+00 strength_geometry
                      8.6806603776e-02 range_geometry
                      1.5500000000e+00 desired_speed

blocking fork: python3 driver_joint.py params.in results.out

Active response data for evaluation 10:
Active set vector = { 1 1 1 1 1 1 1 1 1 1 1 1 1 1 1 1 1 1 1 1 1 1 1 1 1 1 1 1 1 1 }
                     -5.5735900000e+00 least_sq_term_1
                     -3.3132600000e+00 least_sq_term_2
                     -2.0178000000e-01 least_sq_term_3
                     -4.1766600000e+00 least_sq_term_4
                     -3.8116700000e+00 least_sq_term_5
                      2.1762600000e+00 least_sq_term_6
                     -6.4157800000e+00 least_sq_term_7
                     -3.3584300000e+00 least_sq_term_8
                     -9.5900000000e-01 least_sq_term_9
                     -1.4916690000e+01 least_sq_term_10
                      2.8211900000e+00 least_sq_term_11
                     -3.8897200000e+00 least_sq_term_12
                     -1.2326070000e+01 least_sq_term_13
                     -2.9142200000e+00 least_sq_term_14
                     -2.3102600000e+00 least_sq_term_15
                     -1.4633380000e+01 least_sq_term_16
                      2.6712800000e+00 least_sq_term_17
                     -4.6631400000e+00 least_sq_term_18
                     -1.6666670000e+01 least_sq_term_19
                      7.7804000000e+00 least_sq_term_20
                      3.6720330000e+01 least_sq_term_21
                     -1.5702000000e+01 least_sq_term_22
                      3.5367700000e+00 least_sq_term_23
                     -3.6298900000e+00 least_sq_term_24
                     -1.2711030000e+01 least_sq_term_25
                      3.4612800000e+00 least_sq_term_26
                     -3.2300300000e+00 least_sq_term_27
                     -1.4130070000e+01 least_sq_term_28
                      4.7928400000e+00 least_sq_term_29
                     -4.4891400000e+00 least_sq_term_30



---------------------
Begin Evaluation   11
---------------------
Parameters for evaluation 11:
                      1.7074386317e-01 radius
                      1.3456895490e-01 time_gap
                      5.9397664212e+00 strength_neighbor
                      3.6572286771e-01 range_neighbor
                      3.0030038944e+00 strength_geometry
                      7.2270616588e-02 range_geometry
                      1.5500000000e+00 desired_speed

blocking fork: python3 driver_joint.py params.in results.out

Active response data for evaluation 11:
Active set vector = { 1 1 1 1 1 1 1 1 1 1 1 1 1 1 1 1 1 1 1 1 1 1 1 1 1 1 1 1 1 1 }
                      5.0494400000e+00 least_sq_term_1
                     -6.1230800000e+00 least_sq_term_2
                      1.7139310000e+01 least_sq_term_3
                      4.4539100000e+00 least_sq_term_4
                     -5.9484000000e+00 least_sq_term_5
                      1.6818130000e+01 least_sq_term_6
                      1.8456300000e+00 least_sq_term_7
                     -5.3818200000e+00 least_sq_term_8
                      1.1650140000e+01 least_sq_term_9
                     -1.6550120000e+01 least_sq_term_10
                      3.2225900000e+00 least_sq_term_11
                      6.7005000000e+00 least_sq_term_12
                     -1.6000670000e+01 least_sq_term_13
                     -1.6817900000e+00 least_sq_term_14
                     -6.2400000000e+00 least_sq_term_15
                     -1.6540480000e+01 least_sq_term_16
                      1.6580900000e+00 least_sq_term_17
                      2.0223540000e+01 least_sq_term_18
                     -1.4533900000e+01 least_sq_term_19
                     -4.4355000000e-01 least_sq_term_20
                      1.2428240000e+01 least_sq_term_21
                     -8.9933800000e+00 least_sq_term_22
                     -3.9980400000e+00 least_sq_term_23
                      8.6528500000e+00 least_sq_term_24
                     -8.3517600000e+00 least_sq_term_25
                     -3.6291700000e+00 least_sq_term_26
                      1.4651510000e+01 least_sq_term_27
                     -9.1461200000e+00 least_sq_term_28
                     -3.2153800000e+00 least_sq_term_29
                      1.5178630000e+01 least_sq_term_30



---------------------
Begin Evaluation   12
---------------------
Parameters for evaluation 12:
                      1.5820285891e-01 radius
                      1.4364253012e-01 time_gap
                      7.3694824690e+00 strength_neighbor
                      2.0106358183e-01 range_neighbor
                      7.4082128556e+00 strength_geometry
                      1.4525689281e-01 range_geometry
                      1.5500000000e+00 desired_speed

blocking fork: python3 driver_joint.py params.in results.out

Active response data for evaluation 12:
Active set vector = { 1 1 1 1 1 1 1 1 1 1 1 1 1 1 1 1 1 1 1 1 1 1 1 1 1 1 1 1 1 1 }
                      1.5205220000e+01 least_sq_term_1
                     -3.2300600000e+00 least_sq_term_2
                      1.7620090000e+01 least_sq_term_3
                      1.6465220000e+01 least_sq_term_4
                     -2.7892900000e+00 least_sq_term_5
                      1.6227380000e+01 least_sq_term_6
                      1.2953010000e+01 least_sq_term_7
                     -2.0009700000e+00 least_sq_term_8
                      1.1249790000e+01 least_sq_term_9
                     -1.5848640000e+01 least_sq_term_10
                      5.0063300000e+00 least_sq_term_11
                      2.4683000000e+00 least_sq_term_12
                     -1.1543550000e+01 least_sq_term_13
                     -4.3645000000e-01 least_sq_term_14
                      8.3472300000e+00 least_sq_term_15
                     -1.5650710000e+01 least_sq_term_16
                      5.3220600000e+00 least_sq_term_17
                      2.2740000000e-01 least_sq_term_18
                     -1.6666670000e+01 least_sq_term_19
                      7.7804000000e+00 least_sq_term_20
                      5.8335630000e+01 least_sq_term_21
                     -1.4028970000e+01 least_sq_term_22
                      2.7368200000e+00 least_sq_term_23
                     -1.4382600000e+00 least_sq_term_24
                     -1.5855010000e+01 least_sq_term_25
                      4.5820900000e+00 least_sq_term_26
                     -3.9980400000e+00 least_sq_term_27
                     -1.6525740000e+01 least_sq_term_28
                      7.1351500000e+00 least_sq_term_29
                      9.3296000000e-01 least_sq_term_30



---------------------
Begin Evaluation   13
---------------------
Parameters for evaluation 13:
                      1.1502399698e-01 radius
                      9.6994931159e-01 time_gap
                      9.2673227201e+00 strength_neighbor
                      1.4189136146e-01 range_neighbor
                      8.8282287271e+00 strength_geometry
                      1.0834817358e-01 range_geometry
                      1.5500000000e+00 desired_speed

blocking fork: python3 driver_joint.py params.in results.out

Active response data for evaluation 13:
Active set vector = { 1 1 1 1 1 1 1 1 1 1 1 1 1 1 1 1 1 1 1 1 1 1 1 1 1 1 1 1 1 1 }
                     -3.7638500000e+00 least_sq_term_1
                      9.7353000000e-01 least_sq_term_2
                     -3.1013300000e+00 least_sq_term_3
                     -3.9011400000e+00 least_sq_term_4
                      7.2015000000e-01 least_sq_term_5
                     -3.1953100000e+00 least_sq_term_6
                     -5.8648700000e+00 least_sq_term_7
                      7.1225000000e-01 least_sq_term_8
                     -4.1758500000e+00 least_sq_term_9
                     -1.4561760000e+01 least_sq_term_10
                      3.8528800000e+00 least_sq_term_11
                     -3.3226600000e+00 least_sq_term_12
                     -1.0307800000e+01 least_sq_term_13
                      2.4979600000e+00 least_sq_term_14
                     -4.9578700000e+00 least_sq_term_15
                     -1.4246420000e+01 least_sq_term_16
                      3.9835400000e+00 least_sq_term_17
                     -4.5268600000e+00 least_sq_term_18
                     -1.5752750000e+01 least_sq_term_19
                      4.8329500000e+00 least_sq_term_20
                     -7.7927400000e+00 least_sq_term_21
                     -1.0523160000e+01 least_sq_term_22
                      4.1988300000e+00 least_sq_term_23
                     -5.0995800000e+00 least_sq_term_24
                     -1.0066340000e+01 least_sq_term_25
                      3.6373800000e+00 least_sq_term_26
                     -2.3928800000e+00 least_sq_term_27
                     -1.1189270000e+01 least_sq_term_28
                      4.0661500000e+00 least_sq_term_29
                     -1.8277900000e+00 least_sq_term_30



---------------------
Begin Evaluation   14
---------------------
Parameters for evaluation 14:
                      1.5185149283e-01 radius
                      5.1563648534e-01 time_gap
                      1.3086443034e+00 strength_neighbor
                      5.9665887570e-02 range_neighbor
                      1.5945317725e+00 strength_geometry
                      1.3140109890e-01 range_geometry
                      1.5500000000e+00 desired_speed

blocking fork: python3 driver_joint.py params.in results.out

Active response data for evaluation 14:
Active set vector = { 1 1 1 1 1 1 1 1 1 1 1 1 1 1 1 1 1 1 1 1 1 1 1 1 1 1 1 1 1 1 }
                     -3.7307900000e+00 least_sq_term_1
                     -5.0480400000e+00 least_sq_term_2
                      2.9554400000e+00 least_sq_term_3
                     -6.8008000000e+00 least_sq_term_4
                     -6.8026100000e+00 least_sq_term_5
                      1.9606700000e+00 least_sq_term_6
                     -9.6055100000e+00 least_sq_term_7
                     -7.4383200000e+00 least_sq_term_8
                     -6.8269400000e+00 least_sq_term_9
                     -1.4329450000e+01 least_sq_term_10
                      1.7869300000e+00 least_sq_term_11
                      2.8886900000e+00 least_sq_term_12
                     -1.0448610000e+01 least_sq_term_13
                     -3.3030300000e+00 least_sq_term_14
                      6.5624800000e+00 least_sq_term_15
                     -1.5523710000e+01 least_sq_term_16
                      2.9004200000e+00 least_sq_term_17
                     -9.2490000000e-01 least_sq_term_18
                     -1.4291100000e+01 least_sq_term_19
                      1.7587400000e+00 least_sq_term_20
                     -2.0648100000e+00 least_sq_term_21
                     -1.4502020000e+01 least_sq_term_22
                      7.5039000000e+00 least_sq_term_23
                     -4.1764200000e+00 least_sq_term_24
                     -1.5854460000e+01 least_sq_term_25
                      7.7566500000e+00 least_sq_term_26
                      2.3216900000e+00 least_sq_term_27
                     -8.8229000000e+00 least_sq_term_28
                      1.0057700000e+00 least_sq_term_29
                     -4.3066500000e+00 least_sq_term_30



---------------------
Begin Evaluation   15
---------------------
Parameters for evaluation 15:
                      1.0376850043e-01 radius
                      2.2587750803e-01 time_gap
                      9.6150882851e+00 strength_neighbor
                      7.0169024092e-02 range_neighbor
                      6.5824774837e+00 strength_geometry
                      1.3851667416e-01 range_geometry
                      1.5500000000e+00 desired_speed

blocking fork: python3 driver_joint.py params.in results.out

Active response data for evaluation 15:
Active set vector = { 1 1 1 1 1 1 1 1 1 1 1 1 1 1 1 1 1 1 1 1 1 1 1 1 1 1 1 1 1 1 }
                      2.6765540000e+01 least_sq_term_1
                      8.4711900000e+00 least_sq_term_2
                      3.2645900000e+00 least_sq_term_3
                      3.2174450000e+01 least_sq_term_4
                      6.5433800000e+00 least_sq_term_5
                      6.7191700000e+00 least_sq_term_6
                      2.5169160000e+01 least_sq_term_7
                      4.3403800000e+00 least_sq_term_8
                      5.7796900000e+00 least_sq_term_9
                     -1.5246220000e+01 least_sq_term_10
                      1.0118860000e+01 least_sq_term_11
                     -2.4844200000e+00 least_sq_term_12
                     -1.1022330000e+01 least_sq_term_13
                      6.4985600000e+00 least_sq_term_14
                     -1.4756000000e-01 least_sq_term_15
                     -1.5123480000e+01 least_sq_term_16
                      1.1192740000e+01 least_sq_term_17
                     -3.4478300000e+00 least_sq_term_18
                     -1.6666670000e+01 least_sq_term_19
                      7.7804000000e+00 least_sq_term_20
                      5.9770050000e+01 least_sq_term_21
                     -1.2319820000e+01 least_sq_term_22
                      6.4497700000e+00 least_sq_term_23
                     -5.3369600000e+00 least_sq_term_24
                     -1.1544150000e+01 least_sq_term_25
                      6.0182200000e+00 least_sq_term_26
                     -3.5270700000e+00 least_sq_term_27
                     -1.3275330000e+01 least_sq_term_28
                      6.8405300000e+00 least_sq_term_29
                     -5.6564700000e+00 least_sq_term_30



---------------------
Begin Evaluation   16
---------------------
Parameters for evaluation 16:
                      1.9342253523e-01 radius
                      6.6044289406e-01 time_gap
                      5.6856773486e+00 strength_neighbor
                      7.4315764350e-02 range_neighbor
                      8.2738197592e-01 strength_geometry
                      3.9622884845e-02 range_geometry
                      1.5500000000e+00 desired_speed

blocking fork: python3 driver_joint.py params.in results.out

Active response data for evaluation 16:
Active set vector = { 1 1 1 1 1 1 1 1 1 1 1 1 1 1 1 1 1 1 1 1 1 1 1 1 1 1 1 1 1 1 }
                     -4.7922500000e+00 least_sq_term_1
                     -3.2963500000e+00 least_sq_term_2
                     -1.6693000000e-01 least_sq_term_3
                     -4.6934900000e+00 least_sq_term_4
                     -4.2182300000e+00 least_sq_term_5
                      2.3976400000e+00 least_sq_term_6
                     -7.7760900000e+00 least_sq_term_7
                     -4.1529400000e+00 least_sq_term_8
                     -7.6678000000e-01 least_sq_term_9
                      2.9092700000e+00 least_sq_term_10
                     -9.9967000000e-01 least_sq_term_11
                      5.6525100000e+00 least_sq_term_12
                      1.6505700000e+00 least_sq_term_13
                     -4.2903200000e+00 least_sq_term_14
                      7.5801900000e+00 least_sq_term_15
                      4.4943800000e+00 least_sq_term_16
                     -1.8594000000e+00 least_sq_term_17
                      4.9183600000e+00 least_sq_term_18
                      9.2593000000e-01 least_sq_term_19
                     -1.1758000000e-01 least_sq_term_20
                      1.3909300000e+00 least_sq_term_21
                     -1.6546770000e+01 least_sq_term_22
                      2.4640400000e+00 least_sq_term_23
                      5.9426000000e+00 least_sq_term_24
                     -1.6204730000e+01 least_sq_term_25
                      3.2088900000e+00 least_sq_term_26
                      6.9586900000e+00 least_sq_term_27
                      5.4080100000e+00 least_sq_term_28
                      9.0575000000e-01 least_sq_term_29
                     -1.8125000000e-01 least_sq_term_30



---------------------
Begin Evaluation   17
---------------------
Parameters for evaluation 17:
                      1.1915620320e-01 radius
                      3.4734599737e-01 time_gap
                      9.8929832922e+00 strength_neighbor
                      1.4301830789e-01 range_neighbor
                      9.3270603151e-01 strength_geometry
                      8.0246358505e-02 range_geometry
                      1.5500000000e+00 desired_speed

blocking fork: python3 driver_joint.py params.in results.out

Active response data for evaluation 17:
Active set vector = { 1 1 1 1 1 1 1 1 1 1 1 1 1 1 1 1 1 1 1 1 1 1 1 1 1 1 1 1 1 1 }
                     -1.6666670000e+01 least_sq_term_1
                     -1.0000000000e+01 least_sq_term_2
                     -1.0000000000e+01 least_sq_term_3
                     -1.6666670000e+01 least_sq_term_4
                     -1.0000000000e+01 least_sq_term_5
                     -1.0000000000e+01 least_sq_term_6
                     -1.6666670000e+01 least_sq_term_7
                     -1.0000000000e+01 least_sq_term_8
                     -1.0000000000e+01 least_sq_term_9
                     -1.6666670000e+01 least_sq_term_10
                     -1.0000000000e+01 least_sq_term_11
                     -1.0000000000e+01 least_sq_term_12
                     -1.6666670000e+01 least_sq_term_13
                     -1.0000000000e+01 least_sq_term_14
                     -1.0000000000e+01 least_sq_term_15
                     -1.6666670000e+01 least_sq_term_16
                     -1.0000000000e+01 least_sq_term_17
                     -1.0000000000e+01 least_sq_term_18
                      1.2867010000e+01 least_sq_term_19
                     -1.9346700000e+00 least_sq_term_20
                      1.0400450000e+01 least_sq_term_21
                     -1.6666670000e+01 least_sq_term_22
                     -1.0000000000e+01 least_sq_term_23
                     -1.0000000000e+01 least_sq_term_24
                     -1.6666670000e+01 least_sq_term_25
                     -1.0000000000e+01 least_sq_term_26
                     -1.0000000000e+01 least_sq_term_27
                     -1.6666670000e+01 least_sq_term_28
                     -1.0000000000e+01 least_sq_term_29
                     -1.0000000000e+01 least_sq_term_30



---------------------
Begin Evaluation   18
---------------------
Parameters for evaluation 18:
                      1.7171693310e-01 radius
                      1.8933911113e-01 time_gap
                      4.1639420488e+00 strength_neighbor
                      3.1768493628e-01 range_neighbor
                      6.6391044984e+00 strength_geometry
                      6.9680950713e-02 range_geometry
                      1.5500000000e+00 desired_speed

blocking fork: python3 driver_joint.py params.in results.out

Active response data for evaluation 18:
Active set vector = { 1 1 1 1 1 1 1 1 1 1 1 1 1 1 1 1 1 1 1 1 1 1 1 1 1 1 1 1 1 1 }
                      9.5484100000e+00 least_sq_term_1
                     -4.4375000000e+00 least_sq_term_2
                      1.7070960000e+01 least_sq_term_3
                      1.0375560000e+01 least_sq_term_4
                     -4.2058700000e+00 least_sq_term_5
                      1.7313570000e+01 least_sq_term_6
                      7.0093500000e+00 least_sq_term_7
                     -3.5185000000e+00 least_sq_term_8
                      1.1500700000e+01 least_sq_term_9
                     -1.4219160000e+01 least_sq_term_10
                      1.5182000000e-01 least_sq_term_11
                      9.8483600000e+00 least_sq_term_12
                     -1.6555670000e+01 least_sq_term_13
                     -2.6299800000e+00 least_sq_term_14
                      2.9563680000e+01 least_sq_term_15
                     -1.3890560000e+01 least_sq_term_16
                      2.1636000000e-01 least_sq_term_17
                      6.6584100000e+00 least_sq_term_18
                     -1.4870650000e+01 least_sq_term_19
                      1.3844700000e+00 least_sq_term_20
                      1.0350930000e+01 least_sq_term_21
                     -1.5467720000e+01 least_sq_term_22
                      2.2825900000e+00 least_sq_term_23
                      2.3438800000e+00 least_sq_term_24
                     -1.6435700000e+01 least_sq_term_25
                      2.1480600000e+00 least_sq_term_26
                      2.9538510000e+01 least_sq_term_27
                     -9.5639300000e+00 least_sq_term_28
                     -1.6980400000e+00 least_sq_term_29
                      1.2980150000e+01 least_sq_term_30



---------------------
Begin Evaluation   19
---------------------
Parameters for evaluation 19:
                      1.9915847358e-01 radius
                      4.7414438630e-01 time_gap
                      8.7975670839e+00 strength_neighbor
                      2.4760444838e-01 range_neighbor
                      3.6838241002e+00 strength_geometry
                      2.4851673888e-02 range_geometry
                      1.5500000000e+00 desired_speed

blocking fork: python3 driver_joint.py params.in results.out

Active response data for evaluation 19:
Active set vector = { 1 1 1 1 1 1 1 1 1 1 1 1 1 1 1 1 1 1 1 1 1 1 1 1 1 1 1 1 1 1 }
                     -2.6024500000e+00 least_sq_term_1
                     -5.6141200000e+00 least_sq_term_2
                      8.8035200000e+00 least_sq_term_3
                     -2.2231500000e+00 least_sq_term_4
                     -5.5242200000e+00 least_sq_term_5
                      9.7372700000e+00 least_sq_term_6
                     -3.4260500000e+00 least_sq_term_7
                     -5.2158600000e+00 least_sq_term_8
                      7.2114200000e+00 least_sq_term_9
                     -1.4919030000e+01 least_sq_term_10
                      2.7239000000e-01 least_sq_term_11
                      1.5140900000e+00 least_sq_term_12
                     -1.1227680000e+01 least_sq_term_13
                     -4.4158700000e+00 least_sq_term_14
                      6.9589500000e+00 least_sq_term_15
                     -1.4647680000e+01 least_sq_term_16
                      1.2076000000e-01 least_sq_term_17
                      3.0878000000e-01 least_sq_term_18
                     -1.5095150000e+01 least_sq_term_19
                      2.9342000000e+00 least_sq_term_20
                     -8.1785700000e+00 least_sq_term_21
                     -1.6546770000e+01 least_sq_term_22
                      9.0604000000e-01 least_sq_term_23
                      7.2257100000e+00 least_sq_term_24
                     -1.6551140000e+01 least_sq_term_25
                      8.1429000000e-01 least_sq_term_26
                      3.2110960000e+01 least_sq_term_27
                     -9.1461200000e+00 least_sq_term_28
                     -2.1397900000e+00 least_sq_term_29
                      1.0336650000e+01 least_sq_term_30



---------------------
Begin Evaluation   20
---------------------
Parameters for evaluation 20:
                      1.2849801785e-01 radius
                      2.7341637598e-01 time_gap
                      4.8645142078e+00 strength_neighbor
                      2.7086692179e-01 range_neighbor
                      4.9769194405e+00 strength_geometry
                      1.5307749841e-01 range_geometry
                      1.5500000000e+00 desired_speed

blocking fork: python3 driver_joint.py params.in results.out

Active response data for evaluation 20:
Active set vector = { 1 1 1 1 1 1 1 1 1 1 1 1 1 1 1 1 1 1 1 1 1 1 1 1 1 1 1 1 1 1 }
                      1.3912090000e+01 least_sq_term_1
                     -2.8895300000e+00 least_sq_term_2
                      1.4892030000e+01 least_sq_term_3
                      1.5492110000e+01 least_sq_term_4
                     -2.5774200000e+00 least_sq_term_5
                      1.5908210000e+01 least_sq_term_6
                      1.1654740000e+01 least_sq_term_7
                     -1.7758700000e+00 least_sq_term_8
                      9.7209700000e+00 least_sq_term_9
                     -1.4801900000e+01 least_sq_term_10
                      3.3758300000e+00 least_sq_term_11
                      6.7804800000e+00 least_sq_term_12
                     -1.0559640000e+01 least_sq_term_13
                     -2.7825000000e-01 least_sq_term_14
                      7.4086600000e+00 least_sq_term_15
                     -1.4519340000e+01 least_sq_term_16
                      3.1610500000e+00 least_sq_term_17
                      5.2600200000e+00 least_sq_term_18
                     -1.6215090000e+01 least_sq_term_19
                      1.0332610000e+01 least_sq_term_20
                     -3.9951000000e-01 least_sq_term_21
                     -1.0791800000e+01 least_sq_term_22
                      9.2202000000e-01 least_sq_term_23
                      1.7803800000e+00 least_sq_term_24
                     -1.0545970000e+01 least_sq_term_25
                      6.6725000000e-01 least_sq_term_26
                      3.3852400000e+00 least_sq_term_27
                     -1.1790610000e+01 least_sq_term_28
                      1.5209800000e+00 least_sq_term_29
                      3.6938600000e+00 least_sq_term_30



---------------------
Begin Evaluation   21
---------------------
Parameters for evaluation 21:
                      1.0079283275e-01 radius
                      9.5774435783e-01 time_gap
                      1.7034189944e+00 strength_neighbor
                      3.3636329892e-01 range_neighbor
                      1.3929206245e+00 strength_geometry
                      1.0470175840e-01 range_geometry
                      1.5500000000e+00 desired_speed

blocking fork: python3 driver_joint.py params.in results.out

Active response data for evaluation 21:
Active set vector = { 1 1 1 1 1 1 1 1 1 1 1 1 1 1 1 1 1 1 1 1 1 1 1 1 1 1 1 1 1 1 }
                     -1.6666670000e+01 least_sq_term_1
                     -1.0000000000e+01 least_sq_term_2
                     -1.0000000000e+01 least_sq_term_3
                     -1.6666670000e+01 least_sq_term_4
                     -1.0000000000e+01 least_sq_term_5
                     -1.0000000000e+01 least_sq_term_6
                     -1.6666670000e+01 least_sq_term_7
                     -1.0000000000e+01 least_sq_term_8
                     -1.0000000000e+01 least_sq_term_9
                      3.7551400000e+00 least_sq_term_10
                     -7.5436000000e-01 least_sq_term_11
                      2.6328300000e+00 least_sq_term_12
                      1.9640900000e+00 least_sq_term_13
                     -6.5344000000e-01 least_sq_term_14
                      1.0226900000e+00 least_sq_term_15
                      5.2964000000e+00 least_sq_term_16
                     -1.3096900000e+00 least_sq_term_17
                      1.7477800000e+00 least_sq_term_18
                      2.7210900000e+00 least_sq_term_19
                     -2.5974400000e+00 least_sq_term_20
                      2.3125600000e+00 least_sq_term_21
                     -9.3530600000e+00 least_sq_term_22
                      3.1337000000e-01 least_sq_term_23
                     -2.6436500000e+00 least_sq_term_24
                      4.1834700000e+00 least_sq_term_25
                     -7.6570000000e-01 least_sq_term_26
                      1.5879800000e+00 least_sq_term_27
                      8.1924600000e+00 least_sq_term_28
                     -1.0562700000e+00 least_sq_term_29
                      2.6073800000e+00 least_sq_term_30



---------------------
Begin Evaluation   22
---------------------
Parameters for evaluation 22:
                      1.7731949600e-01 radius
                      3.0110731769e-01 time_gap
                      1.3505335090e+00 strength_neighbor
                      3.1974570574e-01 range_neighbor
                      9.0550822361e+00 strength_geometry
                      3.6091446208e-02 range_geometry
                      1.5500000000e+00 desired_speed

blocking fork: python3 driver_joint.py params.in results.out

Active response data for evaluation 22:
Active set vector = { 1 1 1 1 1 1 1 1 1 1 1 1 1 1 1 1 1 1 1 1 1 1 1 1 1 1 1 1 1 1 }
                      3.6384000000e+00 least_sq_term_1
                     -2.9064500000e+00 least_sq_term_2
                      1.0848090000e+01 least_sq_term_3
                      6.1725600000e+00 least_sq_term_4
                     -3.0551500000e+00 least_sq_term_5
                      1.6022620000e+01 least_sq_term_6
                      6.2216600000e+00 least_sq_term_7
                     -2.5195400000e+00 least_sq_term_8
                      9.4792800000e+00 least_sq_term_9
                     -1.6550120000e+01 least_sq_term_10
                      4.8754200000e+00 least_sq_term_11
                      1.0202850000e+01 least_sq_term_12
                     -1.6444670000e+01 least_sq_term_13
                     -1.9918300000e+00 least_sq_term_14
                     -6.6453300000e+00 least_sq_term_15
                     -1.3638190000e+01 least_sq_term_16
                      6.8886000000e-01 least_sq_term_17
                      5.3437400000e+00 least_sq_term_18
                     -1.5768660000e+01 least_sq_term_19
                      7.0585100000e+00 least_sq_term_20
                      1.4130670000e+01 least_sq_term_21
                     -1.6426880000e+01 least_sq_term_22
                      3.9849500000e+00 least_sq_term_23
                      1.8454250000e+01 least_sq_term_24
                     -1.6204570000e+01 least_sq_term_25
                      6.4377300000e+00 least_sq_term_26
                      2.0494630000e+01 least_sq_term_27
                     -1.5831050000e+01 least_sq_term_28
                      7.4282800000e+00 least_sq_term_29
                      1.9967450000e+01 least_sq_term_30



---------------------
Begin Evaluation   23
---------------------
Parameters for evaluation 23:
                      1.3031575425e-01 radius
                      4.3898809635e-01 time_gap
                      2.2935271086e+00 strength_neighbor
                      2.7950672922e-01 range_neighbor
                      7.9763334223e+00 strength_geometry
                      1.2253089110e-01 range_geometry
                      1.5500000000e+00 desired_speed

blocking fork: python3 driver_joint.py params.in results.out

Active response data for evaluation 23:
Active set vector = { 1 1 1 1 1 1 1 1 1 1 1 1 1 1 1 1 1 1 1 1 1 1 1 1 1 1 1 1 1 1 }
                      8.2119700000e+00 least_sq_term_1
                     -1.5414000000e-01 least_sq_term_2
                      5.6139900000e+00 least_sq_term_3
                      1.0758170000e+01 least_sq_term_4
                     -3.5031000000e-01 least_sq_term_5
                      8.0893600000e+00 least_sq_term_6
                      9.1749900000e+00 least_sq_term_7
                     -2.0397000000e-01 least_sq_term_8
                      5.7837400000e+00 least_sq_term_9
                     -1.6197170000e+01 least_sq_term_10
                      7.6936900000e+00 least_sq_term_11
                     -3.7700000000e-01 least_sq_term_12
                     -1.0834230000e+01 least_sq_term_13
                      3.9724900000e+00 least_sq_term_14
                     -4.0955500000e+00 least_sq_term_15
                     -1.4750110000e+01 least_sq_term_16
                      7.1109000000e+00 least_sq_term_17
                     -5.3427500000e+00 least_sq_term_18
                     -1.6666670000e+01 least_sq_term_19
                      7.7804000000e+00 least_sq_term_20
                      5.6438990000e+01 least_sq_term_21
                     -1.4500560000e+01 least_sq_term_22
                      6.4138100000e+00 least_sq_term_23
                     -3.8520100000e+00 least_sq_term_24
                     -1.2259050000e+01 least_sq_term_25
                      4.6536100000e+00 least_sq_term_26
                     -2.8083400000e+00 least_sq_term_27
                     -1.3860590000e+01 least_sq_term_28
                      6.0311200000e+00 least_sq_term_29
                     -2.2048300000e+00 least_sq_term_30



---------------------
Begin Evaluation   24
---------------------
Parameters for evaluation 24:
                      1.4559252807e-01 radius
                      1.0493633622e+00 time_gap
                      3.4701514449e+00 strength_neighbor
                      1.7169119744e-01 range_neighbor
                      5.5596412239e+00 strength_geometry
                      2.2457310416e-02 range_geometry
                      1.5500000000e+00 desired_speed

blocking fork: python3 driver_joint.py params.in results.out

Active response data for evaluation 24:
Active set vector = { 1 1 1 1 1 1 1 1 1 1 1 1 1 1 1 1 1 1 1 1 1 1 1 1 1 1 1 1 1 1 }
                     -5.2979900000e+00 least_sq_term_1
                     -2.6582000000e-01 least_sq_term_2
                     -3.4142500000e+00 least_sq_term_3
                     -5.6786200000e+00 least_sq_term_4
                     -1.2299300000e+00 least_sq_term_5
                     -2.9186600000e+00 least_sq_term_6
                     -7.1923600000e+00 least_sq_term_7
                     -1.3627300000e+00 least_sq_term_8
                     -3.5420000000e+00 least_sq_term_9
                      1.6114200000e+00 least_sq_term_10
                     -1.0028100000e+00 least_sq_term_11
                      4.6591600000e+00 least_sq_term_12
                     -1.6555670000e+01 least_sq_term_13
                     -2.6299800000e+00 least_sq_term_14
                      2.1539000000e+00 least_sq_term_15
                      3.1578900000e+00 least_sq_term_16
                     -2.1230300000e+00 least_sq_term_17
                      4.6618800000e+00 least_sq_term_18
                     -5.0340100000e+00 least_sq_term_19
                     -2.8185000000e-01 least_sq_term_20
                     -2.4042000000e-01 least_sq_term_21
                     -1.4028970000e+01 least_sq_term_22
                      5.5574000000e+00 least_sq_term_23
                     -2.0336700000e+00 least_sq_term_24
                     -1.6435700000e+01 least_sq_term_25
                      1.4745300000e+00 least_sq_term_26
                      1.6090470000e+01 least_sq_term_27
                     -1.6388130000e+01 least_sq_term_28
                      3.4669200000e+00 least_sq_term_29
                      1.8046450000e+01 least_sq_term_30



---------------------
Begin Evaluation   25
---------------------
Parameters for evaluation 25:
                      1.6495614724e-01 radius
                      8.7890034563e-01 time_gap
                      7.6342198759e+00 strength_neighbor
                      1.9390065503e-01 range_neighbor
                      7.7689269372e+00 strength_geometry
                      1.7858126582e-01 range_geometry
                      1.5500000000e+00 desired_speed

blocking fork: python3 driver_joint.py params.in results.out

Active response data for evaluation 25:
Active set vector = { 1 1 1 1 1 1 1 1 1 1 1 1 1 1 1 1 1 1 1 1 1 1 1 1 1 1 1 1 1 1 }
                     -7.4556700000e+00 least_sq_term_1
                     -3.2007800000e+00 least_sq_term_2
                     -1.6748600000e+00 least_sq_term_3
                     -6.9785500000e+00 least_sq_term_4
                     -3.0276700000e+00 least_sq_term_5
                     -1.7114900000e+00 least_sq_term_6
                     -7.9684600000e+00 least_sq_term_7
                     -2.7683400000e+00 least_sq_term_8
                     -2.9847500000e+00 least_sq_term_9
                     -1.6666670000e+01 least_sq_term_10
                      4.8754200000e+00 least_sq_term_11
                      2.4383800000e+00 least_sq_term_12
                     -1.6086860000e+01 least_sq_term_13
                      9.4531000000e-01 least_sq_term_14
                     -6.4675300000e+00 least_sq_term_15
                     -1.6666670000e+01 least_sq_term_16
                      3.3235300000e+00 least_sq_term_17
                      8.7634700000e+00 least_sq_term_18
                     -1.6666670000e+01 least_sq_term_19
                      7.7804000000e+00 least_sq_term_20
                      3.1093930000e+01 least_sq_term_21
                     -1.6666670000e+01 least_sq_term_22
                      1.4253700000e+00 least_sq_term_23
                      1.1202450000e+01 least_sq_term_24
                     -1.6666670000e+01 least_sq_term_25
                      1.2468700000e+00 least_sq_term_26
                      2.5892680000e+01 least_sq_term_27
                     -1.6666670000e+01 least_sq_term_28
                      1.0549400000e+00 least_sq_term_29
                      3.3872860000e+01 least_sq_term_30



---------------------
Begin Evaluation   26
---------------------
Parameters for evaluation 26:
                      1.3246364655e-01 radius
                      7.7152497638e-01 time_gap
                      6.6863707416e+00 strength_neighbor
                      3.8727287109e-01 range_neighbor
                      3.4298529974e+00 strength_geometry
                      1.7157725129e-01 range_geometry
                      1.5500000000e+00 desired_speed

blocking fork: python3 driver_joint.py params.in results.out

Active response data for evaluation 26:
Active set vector = { 1 1 1 1 1 1 1 1 1 1 1 1 1 1 1 1 1 1 1 1 1 1 1 1 1 1 1 1 1 1 }
                     -1.6666670000e+01 least_sq_term_1
                     -1.0000000000e+01 least_sq_term_2
                     -1.0000000000e+01 least_sq_term_3
                     -1.6666670000e+01 least_sq_term_4
                     -1.0000000000e+01 least_sq_term_5
                     -1.0000000000e+01 least_sq_term_6
                     -1.6666670000e+01 least_sq_term_7
                     -1.0000000000e+01 least_sq_term_8
                     -1.0000000000e+01 least_sq_term_9
                     -1.4335710000e+01 least_sq_term_10
                     -8.3952000000e-01 least_sq_term_11
                      4.6815000000e+00 least_sq_term_12
                     -1.6666670000e+01 least_sq_term_13
                     -1.0000000000e+01 least_sq_term_14
                     -1.0000000000e+01 least_sq_term_15
                     -1.4016750000e+01 least_sq_term_16
                     -1.0390900000e+00 least_sq_term_17
                      2.5600000000e+00 least_sq_term_18
                     -1.5544160000e+01 least_sq_term_19
                      2.2358700000e+00 least_sq_term_20
                      1.0042050000e+01 least_sq_term_21
                     -1.6666670000e+01 least_sq_term_22
                     -1.0000000000e+01 least_sq_term_23
                     -1.0000000000e+01 least_sq_term_24
                     -9.3911200000e+00 least_sq_term_25
                     -2.8532600000e+00 least_sq_term_26
                      9.3803600000e+00 least_sq_term_27
                     -1.0399550000e+01 least_sq_term_28
                     -2.4641400000e+00 least_sq_term_29
                      1.0302200000e+01 least_sq_term_30



---------------------
Begin Evaluation   27
---------------------
Parameters for evaluation 27:
                      1.4769335015e-01 radius
                      1.1592972708e+00 time_gap
                      8.3882364154e+00 strength_neighbor
                      2.3183239221e-01 range_neighbor
                      2.7277778213e+00 strength_geometry
                      1.0347040452e-02 range_geometry
                      1.5500000000e+00 desired_speed

blocking fork: python3 driver_joint.py params.in results.out

Active response data for evaluation 27:
Active set vector = { 1 1 1 1 1 1 1 1 1 1 1 1 1 1 1 1 1 1 1 1 1 1 1 1 1 1 1 1 1 1 }
                     -5.8361500000e+00 least_sq_term_1
                     -4.1335100000e+00 least_sq_term_2
                     -1.4505000000e-01 least_sq_term_3
                     -6.4901700000e+00 least_sq_term_4
                     -4.0490100000e+00 least_sq_term_5
                     -8.5070000000e-01 least_sq_term_6
                     -8.1526900000e+00 least_sq_term_7
                     -3.5231600000e+00 least_sq_term_8
                     -3.1239200000e+00 least_sq_term_9
                     -1.5967610000e+01 least_sq_term_10
                      4.0255500000e+00 least_sq_term_11
                     -7.3007200000e+00 least_sq_term_12
                     -1.5112670000e+01 least_sq_term_13
                     -6.0349000000e-01 least_sq_term_14
                     -4.1533200000e+00 least_sq_term_15
                     -1.6035730000e+01 least_sq_term_16
                      3.8091400000e+00 least_sq_term_17
                     -7.1128100000e+00 least_sq_term_18
                     -1.4533900000e+01 least_sq_term_19
                      2.5044700000e+00 least_sq_term_20
                      8.2507500000e+00 least_sq_term_21
                     -1.6306980000e+01 least_sq_term_22
                      1.2769900000e+00 least_sq_term_23
                      4.3619600000e+00 least_sq_term_24
                     -8.3517600000e+00 least_sq_term_25
                     -9.5781000000e-01 least_sq_term_26
                      3.7286000000e+00 least_sq_term_27
                     -9.1461200000e+00 least_sq_term_28
                     -4.3718000000e-01 least_sq_term_29
                      4.9428900000e+00 least_sq_term_30



---------------------
Begin Evaluation   28
---------------------
Parameters for evaluation 28:
                      1.1025261537e-01 radius
                      6.3946636458e-01 time_gap
                      6.1433849833e+00 strength_neighbor
                      3.4722687316e-01 range_neighbor
                      5.8391067535e+00 strength_geometry
                      9.5763812838e-02 range_geometry
                      1.5500000000e+00 desired_speed

blocking fork: python3 driver_joint.py params.in results.out

Active response data for evaluation 28:
Active set vector = { 1 1 1 1 1 1 1 1 1 1 1 1 1 1 1 1 1 1 1 1 1 1 1 1 1 1 1 1 1 1 }
                      1.9291200000e+00 least_sq_term_1
                     -5.0162100000e+00 least_sq_term_2
                      1.0526410000e+01 least_sq_term_3
                      2.0286700000e+00 least_sq_term_4
                     -4.8205600000e+00 least_sq_term_5
                      9.8135100000e+00 least_sq_term_6
                     -3.9048000000e-01 least_sq_term_7
                     -4.1559300000e+00 least_sq_term_8
                      5.5544100000e+00 least_sq_term_9
                     -1.4219160000e+01 least_sq_term_10
                      8.5980000000e-02 least_sq_term_11
                      5.1890500000e+00 least_sq_term_12
                     -1.0228690000e+01 least_sq_term_13
                     -3.0367600000e+00 least_sq_term_14
                      5.0757300000e+00 least_sq_term_15
                     -1.3890560000e+01 least_sq_term_16
                     -1.2037000000e-01 least_sq_term_17
                      3.6289000000e+00 least_sq_term_18
                     -1.4533900000e+01 least_sq_term_19
                      7.2600000000e-03 least_sq_term_20
                      1.1680600000e+01 least_sq_term_21
                     -8.9933800000e+00 least_sq_term_22
                     -2.4764800000e+00 least_sq_term_23
                      4.4954700000e+00 least_sq_term_24
                     -8.3517600000e+00 least_sq_term_25
                     -2.3893100000e+00 least_sq_term_26
                      9.6364000000e+00 least_sq_term_27
                     -9.1461200000e+00 least_sq_term_28
                     -2.0019200000e+00 least_sq_term_29
                      1.1762310000e+01 least_sq_term_30



>>>>> Appending 28 points to global_kriging approximations.

<<<<< global_kriging approximation updates completed.
Constructing global approximations with no anchor, 28 DACE samples, and 0 reused points.

<<<<< global_kriging approximation builds completed.

>>>>> Initiating global iteration 1 (acquisition batch 1)
Beginning Approximate Fn Evaluations...
NCSU DIRECT succeeded with code 4
(volume of best hyperrectangle is less than the prescribed percentage of the original)

Results of EGO iteration:
Final point =
                      1.0624142661e-01 radius
                      9.9705075446e-01 time_gap
                      3.2901234568e+00 strength_neighbor
                      2.7307270233e-01 range_neighbor
                      5.4194101509e+00 strength_geometry
                      9.1707818930e-02 range_geometry
                      1.5500000000e+00 desired_speed
Expected Improvement    =
                      6.0686344624e+02

---------------------
Begin Evaluation   29
---------------------
Parameters for evaluation 29:
                      1.0624142661e-01 radius
                      9.9705075446e-01 time_gap
                      3.2901234568e+00 strength_neighbor
                      2.7307270233e-01 range_neighbor
                      5.4194101509e+00 strength_geometry
                      9.1707818930e-02 range_geometry
                      1.5500000000e+00 desired_speed

blocking fork: python3 driver_joint.py params.in results.out

Active response data for evaluation 29:
Active set vector = { 1 1 1 1 1 1 1 1 1 1 1 1 1 1 1 1 1 1 1 1 1 1 1 1 1 1 1 1 1 1 }
                      1.2560000000e-01 least_sq_term_1
                     -3.3100000000e-01 least_sq_term_2
                      9.1900000000e-03 least_sq_term_3
                     -2.5730000000e-01 least_sq_term_4
                     -6.6723000000e-01 least_sq_term_5
                     -4.4997000000e-01 least_sq_term_6
                     -2.8731900000e+00 least_sq_term_7
                     -1.5441000000e-01 least_sq_term_8
                     -2.4966900000e+00 least_sq_term_9
                     -1.3986060000e+01 least_sq_term_10
                      1.0210000000e-02 least_sq_term_11
                      4.1778500000e+00 least_sq_term_12
                     -9.7846900000e+00 least_sq_term_13
                     -1.5030700000e+00 least_sq_term_14
                      1.8584200000e+00 least_sq_term_15
                     -1.3638190000e+01 least_sq_term_16
                     -2.1329200000e+00 least_sq_term_17
                      5.9733600000e+00 least_sq_term_18
                     -1.4421640000e+01 least_sq_term_19
                      1.8553000000e-01 least_sq_term_20
                      6.1931300000e+00 least_sq_term_21
                     -1.4868240000e+01 least_sq_term_22
                      4.5609800000e+00 least_sq_term_23
                      9.8740000000e-02 least_sq_term_24
                     -8.2362700000e+00 least_sq_term_25
                     -1.1560000000e-02 least_sq_term_26
                      2.4318400000e+00 least_sq_term_27
                     -1.2767130000e+01 least_sq_term_28
                      4.7594300000e+00 least_sq_term_29
                      1.1843400000e+00 least_sq_term_30



>>>>> Appending to global_kriging approximations.

<<<<< global_kriging approximation updates completed.

>>>>> Initiating global iteration 2 (acquisition batch 1)
NCSU DIRECT succeeded with code 4
(volume of best hyperrectangle is less than the prescribed percentage of the original)

Results of EGO iteration:
Final point =
                      1.3340192044e-01 radius
                      7.1035665295e-01 time_gap
                      4.7222222222e+00 strength_neighbor
                      8.8545953361e-02 range_neighbor
                      2.6045953361e+00 strength_geometry
                      4.2969821674e-02 range_geometry
                      1.5500000000e+00 desired_speed
Expected Improvement    =
                      4.5291310558e+02

---------------------
Begin Evaluation   30
---------------------
Parameters for evaluation 30:
                      1.3340192044e-01 radius
                      7.1035665295e-01 time_gap
                      4.7222222222e+00 strength_neighbor
                      8.8545953361e-02 range_neighbor
                      2.6045953361e+00 strength_geometry
                      4.2969821674e-02 range_geometry
                      1.5500000000e+00 desired_speed

blocking fork: python3 driver_joint.py params.in results.out

Active response data for evaluation 30:
Active set vector = { 1 1 1 1 1 1 1 1 1 1 1 1 1 1 1 1 1 1 1 1 1 1 1 1 1 1 1 1 1 1 }
                      2.3637000000e-01 least_sq_term_1
                      2.5132200000e+00 least_sq_term_2
                     -2.4938800000e+00 least_sq_term_3
                     -6.1926000000e-01 least_sq_term_4
                      3.4724000000e-01 least_sq_term_5
                     -1.1128200000e+00 least_sq_term_6
                     -4.3692100000e+00 least_sq_term_7
                     -1.1550600000e+00 least_sq_term_8
                     -2.7559500000e+00 least_sq_term_9
                      4.6087900000e+00 least_sq_term_10
                     -5.7043000000e-01 least_sq_term_11
                      2.9999100000e+00 least_sq_term_12
                      3.3925200000e+00 least_sq_term_13
                     -7.1486000000e-01 least_sq_term_14
                      1.3510000000e+00 least_sq_term_15
                      5.1059700000e+00 least_sq_term_16
                     -1.3848200000e+00 least_sq_term_17
                      2.0254400000e+00 least_sq_term_18
                      3.5461000000e+00 least_sq_term_19
                     -1.4953400000e+00 least_sq_term_20
                      1.3352400000e+00 least_sq_term_21
                      4.9458800000e+00 least_sq_term_22
                      3.8205000000e-01 least_sq_term_23
                     -2.6699500000e+00 least_sq_term_24
                     -1.3895030000e+01 least_sq_term_25
                      6.9735600000e+00 least_sq_term_26
                      1.6369500000e+00 least_sq_term_27
                      7.8105000000e+00 least_sq_term_28
                     -8.4151000000e-01 least_sq_term_29
                     -7.9190000000e-01 least_sq_term_30



>>>>> Appending to global_kriging approximations.

<<<<< global_kriging approximation updates completed.

>>>>> Initiating global iteration 3 (acquisition batch 1)
NCSU DIRECT succeeded with code 4
(volume of best hyperrectangle is less than the prescribed percentage of the original)

Results of EGO iteration:
Final point =
                      1.1844993141e-01 radius
                      7.7976680384e-01 time_gap
                      4.3888888889e+00 strength_neighbor
                      9.6886145405e-02 range_neighbor
                      3.8425925926e+00 strength_geometry
                      5.2613168724e-02 range_geometry
                      1.5500000000e+00 desired_speed
Expected Improvement    =
                      2.1334130909e+02

---------------------
Begin Evaluation   31
---------------------
Parameters for evaluation 31:
                      1.1844993141e-01 radius
                      7.7976680384e-01 time_gap
                      4.3888888889e+00 strength_neighbor
                      9.6886145405e-02 range_neighbor
                      3.8425925926e+00 strength_geometry
                      5.2613168724e-02 range_geometry
                      1.5500000000e+00 desired_speed

blocking fork: python3 driver_joint.py params.in results.out

Active response data for evaluation 31:
Active set vector = { 1 1 1 1 1 1 1 1 1 1 1 1 1 1 1 1 1 1 1 1 1 1 1 1 1 1 1 1 1 1 }
                     -2.1630000000e-02 least_sq_term_1
                      4.8156000000e+00 least_sq_term_2
                     -3.5778700000e+00 least_sq_term_3
                     -7.9728000000e-01 least_sq_term_4
                      2.5732400000e+00 least_sq_term_5
                     -2.8397100000e+00 least_sq_term_6
                     -3.5789000000e+00 least_sq_term_7
                     -3.9545000000e-01 least_sq_term_8
                     -3.2256900000e+00 least_sq_term_9
                      4.6087900000e+00 least_sq_term_10
                     -9.5715000000e-01 least_sq_term_11
                      3.2319300000e+00 least_sq_term_12
                      2.9783000000e+00 least_sq_term_13
                     -3.9400000000e-01 least_sq_term_14
                      8.5972000000e-01 least_sq_term_15
                      5.2964000000e+00 least_sq_term_16
                     -1.2467500000e+00 least_sq_term_17
                      2.3155500000e+00 least_sq_term_18
                      3.8369300000e+00 least_sq_term_19
                     -2.4510100000e+00 least_sq_term_20
                      1.0505400000e+00 least_sq_term_21
                     -1.4148020000e+01 least_sq_term_22
                      6.8646200000e+00 least_sq_term_23
                      5.1623000000e-01 least_sq_term_24
                     -1.1123390000e+01 least_sq_term_25
                      3.5298100000e+00 least_sq_term_26
                     -2.1383900000e+00 least_sq_term_27
                      8.8562500000e+00 least_sq_term_28
                     -1.0985600000e+00 least_sq_term_29
                     -7.2333000000e-01 least_sq_term_30



>>>>> Appending to global_kriging approximations.

<<<<< global_kriging approximation updates completed.

>>>>> Initiating global iteration 4 (acquisition batch 1)
NCSU DIRECT succeeded with code 4
(volume of best hyperrectangle is less than the prescribed percentage of the original)

Results of EGO iteration:
Final point =
                      1.3340192044e-01 radius
                      6.6508916324e-01 time_gap
                      4.0061728395e+00 strength_neighbor
                      1.0418381344e-01 range_neighbor
                      3.6601508916e+00 strength_geometry
                      4.9746227709e-02 range_geometry
                      1.5500000000e+00 desired_speed
Expected Improvement    =
                      1.2701290574e+02

---------------------
Begin Evaluation   32
---------------------
Parameters for evaluation 32:
                      1.3340192044e-01 radius
                      6.6508916324e-01 time_gap
                      4.0061728395e+00 strength_neighbor
                      1.0418381344e-01 range_neighbor
                      3.6601508916e+00 strength_geometry
                      4.9746227709e-02 range_geometry
                      1.5500000000e+00 desired_speed

blocking fork: python3 driver_joint.py params.in results.out

Active response data for evaluation 32:
Active set vector = { 1 1 1 1 1 1 1 1 1 1 1 1 1 1 1 1 1 1 1 1 1 1 1 1 1 1 1 1 1 1 }
                      1.5070900000e+00 least_sq_term_1
                      2.2686100000e+00 least_sq_term_2
                     -1.4941400000e+00 least_sq_term_3
                     -5.8943000000e-01 least_sq_term_4
                      1.1928400000e+00 least_sq_term_5
                     -1.4845400000e+00 least_sq_term_6
                     -2.2734700000e+00 least_sq_term_7
                     -1.3903100000e+00 least_sq_term_8
                     -1.1249600000e+00 least_sq_term_9
                      4.0752400000e+00 least_sq_term_10
                     -3.7230000000e-01 least_sq_term_11
                      2.5075900000e+00 least_sq_term_12
                     -1.4002670000e+01 least_sq_term_13
                     -1.5789800000e+00 least_sq_term_14
                      6.3222200000e+00 least_sq_term_15
                      6.7287800000e+00 least_sq_term_16
                     -9.4577000000e-01 least_sq_term_17
                      2.9150200000e+00 least_sq_term_18
                      2.9885100000e+00 least_sq_term_19
                     -1.3514300000e+00 least_sq_term_20
                      1.7900200000e+00 least_sq_term_21
                     -1.6187090000e+01 least_sq_term_22
                      3.5546400000e+00 least_sq_term_23
                      1.0020780000e+01 least_sq_term_24
                     -1.6089240000e+01 least_sq_term_25
                      4.4345900000e+00 least_sq_term_26
                      1.5939440000e+01 least_sq_term_27
                     -1.2906390000e+01 least_sq_term_28
                      4.9974600000e+00 least_sq_term_29
                      5.0372000000e-01 least_sq_term_30



>>>>> Appending to global_kriging approximations.

<<<<< global_kriging approximation updates completed.

>>>>> Initiating global iteration 5 (acquisition batch 1)
NCSU DIRECT succeeded with code 4
(volume of best hyperrectangle is less than the prescribed percentage of the original)

Results of EGO iteration:
Final point =
                      1.0733882030e-01 radius
                      6.3038408779e-01 time_gap
                      1.5370370370e+00 strength_neighbor
                      2.4961591221e-01 range_neighbor
                      2.4873113855e+00 strength_geometry
                      1.0161179698e-01 range_geometry
                      1.5500000000e+00 desired_speed
Expected Improvement    =
                      1.5381525274e+02

---------------------
Begin Evaluation   33
---------------------
Parameters for evaluation 33:
                      1.0733882030e-01 radius
                      6.3038408779e-01 time_gap
                      1.5370370370e+00 strength_neighbor
                      2.4961591221e-01 range_neighbor
                      2.4873113855e+00 strength_geometry
                      1.0161179698e-01 range_geometry
                      1.5500000000e+00 desired_speed

blocking fork: python3 driver_joint.py params.in results.out

Active response data for evaluation 33:
Active set vector = { 1 1 1 1 1 1 1 1 1 1 1 1 1 1 1 1 1 1 1 1 1 1 1 1 1 1 1 1 1 1 }
                      8.3089700000e+00 least_sq_term_1
                      3.4722900000e+00 least_sq_term_2
                      1.1193300000e+00 least_sq_term_3
                      8.1883700000e+00 least_sq_term_4
                      2.9146800000e+00 least_sq_term_5
                      1.0503800000e+00 least_sq_term_6
                      4.6505200000e+00 least_sq_term_7
                      2.3764400000e+00 least_sq_term_8
                     -4.7332000000e-01 least_sq_term_9
                      5.3888900000e+00 least_sq_term_10
                      1.6404000000e-01 least_sq_term_11
                      5.0266000000e-01 least_sq_term_12
                      5.4078000000e+00 least_sq_term_13
                     -5.4770000000e-02 least_sq_term_14
                      1.7574300000e+00 least_sq_term_15
                      8.0327900000e+00 least_sq_term_16
                     -4.5365000000e-01 least_sq_term_17
                      1.9684300000e+00 least_sq_term_18
                      5.3410600000e+00 least_sq_term_19
                     -3.1924700000e+00 least_sq_term_20
                      2.0288200000e+00 least_sq_term_21
                      6.8282400000e+00 least_sq_term_22
                      9.1410000000e-02 least_sq_term_23
                     -2.5417600000e+00 least_sq_term_24
                     -1.5165360000e+01 least_sq_term_25
                      7.3893800000e+00 least_sq_term_26
                      9.5852000000e+00 least_sq_term_27
                      1.0998550000e+01 least_sq_term_28
                     -1.1033300000e+00 least_sq_term_29
                      5.9944000000e-01 least_sq_term_30



>>>>> Appending to global_kriging approximations.

<<<<< global_kriging approximation updates completed.

>>>>> Initiating global iteration 6 (acquisition batch 1)
NCSU DIRECT succeeded with code 4
(volume of best hyperrectangle is less than the prescribed percentage of the original)

Results of EGO iteration:
Final point =
                      1.4451303155e-01 radius
                      7.2695473251e-01 time_gap
                      5.9444444444e+00 strength_neighbor
                      9.9492455418e-02 range_neighbor
                      2.3309327846e+00 strength_geometry
                      2.8635116598e-02 range_geometry
                      1.5500000000e+00 desired_speed
Expected Improvement    =
                      1.6615288358e+02

---------------------
Begin Evaluation   34
---------------------
Parameters for evaluation 34:
                      1.4451303155e-01 radius
                      7.2695473251e-01 time_gap
                      5.9444444444e+00 strength_neighbor
                      9.9492455418e-02 range_neighbor
                      2.3309327846e+00 strength_geometry
                      2.8635116598e-02 range_geometry
                      1.5500000000e+00 desired_speed

blocking fork: python3 driver_joint.py params.in results.out

Active response data for evaluation 34:
Active set vector = { 1 1 1 1 1 1 1 1 1 1 1 1 1 1 1 1 1 1 1 1 1 1 1 1 1 1 1 1 1 1 }
                     -1.7487300000e+00 least_sq_term_1
                      9.2196000000e-01 least_sq_term_2
                     -2.5084700000e+00 least_sq_term_3
                     -2.7453900000e+00 least_sq_term_4
                     -4.9310000000e-02 least_sq_term_5
                     -2.1083000000e+00 least_sq_term_6
                     -5.2568900000e+00 least_sq_term_7
                     -6.2529000000e-01 least_sq_term_8
                     -3.0934900000e+00 least_sq_term_9
                      1.8674100000e+00 least_sq_term_10
                     -4.1085000000e-01 least_sq_term_11
                      1.7097200000e+00 least_sq_term_12
                      1.4491500000e+00 least_sq_term_13
                     -4.0558000000e-01 least_sq_term_14
                      4.8055000000e-01 least_sq_term_15
                      2.6992300000e+00 least_sq_term_16
                     -4.8563000000e-01 least_sq_term_17
                      4.2526000000e-01 least_sq_term_18
                      2.6553700000e+00 least_sq_term_19
                     -1.3282300000e+00 least_sq_term_20
                      2.0186500000e+00 least_sq_term_21
                     -1.4508550000e+01 least_sq_term_22
                      6.5301500000e+00 least_sq_term_23
                      6.4407000000e-01 least_sq_term_24
                     -1.4934390000e+01 least_sq_term_25
                      7.1047000000e+00 least_sq_term_26
                      5.4317800000e+00 least_sq_term_27
                     -1.4716900000e+01 least_sq_term_28
                      6.8839000000e+00 least_sq_term_29
                      5.5528400000e+00 least_sq_term_30



>>>>> Appending to global_kriging approximations.

<<<<< global_kriging approximation updates completed.

>>>>> Initiating global iteration 7 (acquisition batch 1)
NCSU DIRECT succeeded with code 4
(volume of best hyperrectangle is less than the prescribed percentage of the original)

Results of EGO iteration:
Final point =
                      1.3573388203e-01 radius
                      6.2887517147e-01 time_gap
                      5.5740740741e+00 strength_neighbor
                      8.2812071331e-02 range_neighbor
                      2.1484910837e+00 strength_geometry
                      3.9842249657e-02 range_geometry
                      1.5500000000e+00 desired_speed
Expected Improvement    =
                      1.2392107731e+02

---------------------
Begin Evaluation   35
---------------------
Parameters for evaluation 35:
                      1.3573388203e-01 radius
                      6.2887517147e-01 time_gap
                      5.5740740741e+00 strength_neighbor
                      8.2812071331e-02 range_neighbor
                      2.1484910837e+00 strength_geometry
                      3.9842249657e-02 range_geometry
                      1.5500000000e+00 desired_speed

blocking fork: python3 driver_joint.py params.in results.out

Active response data for evaluation 35:
Active set vector = { 1 1 1 1 1 1 1 1 1 1 1 1 1 1 1 1 1 1 1 1 1 1 1 1 1 1 1 1 1 1 }
                      8.2202000000e-01 least_sq_term_1
                      2.1113300000e+00 least_sq_term_2
                     -1.8138500000e+00 least_sq_term_3
                     -6.4840000000e-02 least_sq_term_4
                      3.7802000000e-01 least_sq_term_5
                     -6.2797000000e-01 least_sq_term_6
                     -2.8731900000e+00 least_sq_term_7
                     -3.9155000000e-01 least_sq_term_8
                     -2.2217400000e+00 least_sq_term_9
                      4.1404600000e+00 least_sq_term_10
                     -3.0067000000e-01 least_sq_term_11
                      1.5120000000e+00 least_sq_term_12
                      4.1093000000e+00 least_sq_term_13
                     -1.8866000000e-01 least_sq_term_14
                      1.1016500000e+00 least_sq_term_15
                      5.2964000000e+00 least_sq_term_16
                     -8.9817000000e-01 least_sq_term_17
                      9.9569000000e-01 least_sq_term_18
                      3.6904800000e+00 least_sq_term_19
                     -2.3321700000e+00 least_sq_term_20
                      5.9682000000e-01 least_sq_term_21
                     -1.3189710000e+01 least_sq_term_22
                      6.4479100000e+00 least_sq_term_23
                     -1.1822600000e+00 least_sq_term_24
                      5.0367300000e+00 least_sq_term_25
                     -1.1206000000e-01 least_sq_term_26
                     -7.5379000000e-01 least_sq_term_27
                      9.0277800000e+00 least_sq_term_28
                     -9.1863000000e-01 least_sq_term_29
                     -1.6576000000e-01 least_sq_term_30



>>>>> Appending to global_kriging approximations.

<<<<< global_kriging approximation updates completed.

>>>>> Initiating global iteration 8 (acquisition batch 1)
NCSU DIRECT succeeded with code 4
(volume of best hyperrectangle is less than the prescribed percentage of the original)

Results of EGO iteration:
Final point =
                      1.0377229081e-01 radius
                      8.3257887517e-01 time_gap
                      4.0432098765e+00 strength_neighbor
                      2.3137174211e-01 range_neighbor
                      3.4516460905e+00 strength_geometry
                      1.0604252401e-01 range_geometry
                      1.5500000000e+00 desired_speed
Expected Improvement    =
                      2.0272164338e+02

---------------------
Begin Evaluation   36
---------------------
Parameters for evaluation 36:
                      1.0377229081e-01 radius
                      8.3257887517e-01 time_gap
                      4.0432098765e+00 strength_neighbor
                      2.3137174211e-01 range_neighbor
                      3.4516460905e+00 strength_geometry
                      1.0604252401e-01 range_geometry
                      1.5500000000e+00 desired_speed

blocking fork: python3 driver_joint.py params.in results.out

Active response data for evaluation 36:
Active set vector = { 1 1 1 1 1 1 1 1 1 1 1 1 1 1 1 1 1 1 1 1 1 1 1 1 1 1 1 1 1 1 }
                      3.0752400000e+00 least_sq_term_1
                      5.0993000000e-01 least_sq_term_2
                      6.0405000000e-01 least_sq_term_3
                      2.8841300000e+00 least_sq_term_4
                      2.7658000000e-01 least_sq_term_5
                      8.1650000000e-02 least_sq_term_6
                     -1.7361000000e-01 least_sq_term_7
                      5.3284000000e-01 least_sq_term_8
                     -1.8083800000e+00 least_sq_term_9
                     -1.3986060000e+01 least_sq_term_10
                      4.6259000000e-01 least_sq_term_11
                      3.6138500000e+00 least_sq_term_12
                     -9.7846900000e+00 least_sq_term_13
                     -2.8598000000e-01 least_sq_term_14
                      9.5793000000e-01 least_sq_term_15
                     -1.3638190000e+01 least_sq_term_16
                     -6.3890000000e-01 least_sq_term_17
                      3.3308200000e+00 least_sq_term_18
                     -1.4309390000e+01 least_sq_term_19
                     -9.1793000000e-01 least_sq_term_20
                      5.3881900000e+00 least_sq_term_21
                     -8.7535900000e+00 least_sq_term_22
                      3.9613000000e-01 least_sq_term_23
                     -4.8030000000e-01 least_sq_term_24
                     -8.1207900000e+00 least_sq_term_25
                      2.1335000000e-01 least_sq_term_26
                      2.1332900000e+00 least_sq_term_27
                     -8.8675800000e+00 least_sq_term_28
                      2.5280000000e-02 least_sq_term_29
                      3.0317600000e+00 least_sq_term_30



>>>>> Appending to global_kriging approximations.

<<<<< global_kriging approximation updates completed.

>>>>> Initiating global iteration 9 (acquisition batch 1)
NCSU DIRECT succeeded with code 4
(volume of best hyperrectangle is less than the prescribed percentage of the original)

Results of EGO iteration:
Final point =
                      1.0061728395e-01 radius
                      8.3257887517e-01 time_gap
                      2.9197530864e+00 strength_neighbor
                      2.3085048011e-01 range_neighbor
                      2.1875857339e+00 strength_geometry
                      1.0864883402e-01 range_geometry
                      1.5500000000e+00 desired_speed
Expected Improvement    =
                      2.4992960185e+02

---------------------
Begin Evaluation   37
---------------------
Parameters for evaluation 37:
                      1.0061728395e-01 radius
                      8.3257887517e-01 time_gap
                      2.9197530864e+00 strength_neighbor
                      2.3085048011e-01 range_neighbor
                      2.1875857339e+00 strength_geometry
                      1.0864883402e-01 range_geometry
                      1.5500000000e+00 desired_speed

blocking fork: python3 driver_joint.py params.in results.out

Active response data for evaluation 37:
Active set vector = { 1 1 1 1 1 1 1 1 1 1 1 1 1 1 1 1 1 1 1 1 1 1 1 1 1 1 1 1 1 1 }
                     -1.6666670000e+01 least_sq_term_1
                     -1.0000000000e+01 least_sq_term_2
                     -1.0000000000e+01 least_sq_term_3
                     -1.6666670000e+01 least_sq_term_4
                     -1.0000000000e+01 least_sq_term_5
                     -1.0000000000e+01 least_sq_term_6
                     -1.6666670000e+01 least_sq_term_7
                     -1.0000000000e+01 least_sq_term_8
                     -1.0000000000e+01 least_sq_term_9
                      4.5406000000e+00 least_sq_term_10
                     -3.5530000000e-02 least_sq_term_11
                      2.0198700000e+00 least_sq_term_12
                      3.7766800000e+00 least_sq_term_13
                      9.7640000000e-02 least_sq_term_14
                      6.3357000000e-01 least_sq_term_15
                      5.8209000000e+00 least_sq_term_16
                     -1.6381000000e+00 least_sq_term_17
                      3.4490200000e+00 least_sq_term_18
                      3.4746800000e+00 least_sq_term_19
                     -2.1855000000e+00 least_sq_term_20
                      3.3875900000e+00 least_sq_term_21
                      5.8013200000e+00 least_sq_term_22
                      2.8766000000e-01 least_sq_term_23
                     -1.5268300000e+00 least_sq_term_24
                      4.9460100000e+00 least_sq_term_25
                     -1.8270000000e-01 least_sq_term_26
                      1.5799000000e+00 least_sq_term_27
                      9.3778400000e+00 least_sq_term_28
                     -6.5820000000e-01 least_sq_term_29
                      2.0965600000e+00 least_sq_term_30



>>>>> Appending to global_kriging approximations.

<<<<< global_kriging approximation updates completed.

>>>>> Initiating global iteration 10 (acquisition batch 1)
NCSU DIRECT succeeded with code 4
(volume of best hyperrectangle is less than the prescribed percentage of the original)

Results of EGO iteration:
Final point =
                      1.0898491084e-01 radius
                      5.8964334705e-01 time_gap
                      4.3395061728e+00 strength_neighbor
                      2.1677640604e-01 range_neighbor
                      2.1224279835e+00 strength_geometry
                      1.3653635117e-01 range_geometry
                      1.5500000000e+00 desired_speed
Expected Improvement    =
                      1.5566592221e+02

---------------------
Begin Evaluation   38
---------------------
Parameters for evaluation 38:
                      1.0898491084e-01 radius
                      5.8964334705e-01 time_gap
                      4.3395061728e+00 strength_neighbor
                      2.1677640604e-01 range_neighbor
                      2.1224279835e+00 strength_geometry
                      1.3653635117e-01 range_geometry
                      1.5500000000e+00 desired_speed

blocking fork: python3 driver_joint.py params.in results.out

Active response data for evaluation 38:
Active set vector = { 1 1 1 1 1 1 1 1 1 1 1 1 1 1 1 1 1 1 1 1 1 1 1 1 1 1 1 1 1 1 }
                     -1.6666670000e+01 least_sq_term_1
                     -1.0000000000e+01 least_sq_term_2
                     -1.0000000000e+01 least_sq_term_3
                     -1.6666670000e+01 least_sq_term_4
                     -1.0000000000e+01 least_sq_term_5
                     -1.0000000000e+01 least_sq_term_6
                     -1.6666670000e+01 least_sq_term_7
                     -1.0000000000e+01 least_sq_term_8
                     -1.0000000000e+01 least_sq_term_9
                     -1.3986060000e+01 least_sq_term_10
                      1.6673500000e+00 least_sq_term_11
                      5.1620600000e+00 least_sq_term_12
                     -1.6666670000e+01 least_sq_term_13
                     -1.0000000000e+01 least_sq_term_14
                     -1.0000000000e+01 least_sq_term_15
                     -1.3638190000e+01 least_sq_term_16
                      1.7795300000e+00 least_sq_term_17
                      2.2234900000e+00 least_sq_term_18
                     -1.4309390000e+01 least_sq_term_19
                     -5.4276000000e-01 least_sq_term_20
                      7.5545700000e+00 least_sq_term_21
                     -8.7535900000e+00 least_sq_term_22
                      3.1947000000e-01 least_sq_term_23
                      4.4864000000e-01 least_sq_term_24
                     -8.1207900000e+00 least_sq_term_25
                      1.6067000000e-01 least_sq_term_26
                      3.3690100000e+00 least_sq_term_27
                     -8.8675800000e+00 least_sq_term_28
                     -5.8070000000e-02 least_sq_term_29
                      4.4347100000e+00 least_sq_term_30



>>>>> Appending to global_kriging approximations.

<<<<< global_kriging approximation updates completed.

>>>>> Initiating global iteration 11 (acquisition batch 1)
NCSU DIRECT succeeded with code 4
(volume of best hyperrectangle is less than the prescribed percentage of the original)

Results of EGO iteration:
Final point =
                      1.1241426612e-01 radius
                      5.4286694102e-01 time_gap
                      6.5246913580e+00 strength_neighbor
                      1.1669410151e-01 range_neighbor
                      4.2465706447e+00 strength_geometry
                      4.8964334705e-02 range_geometry
                      1.5500000000e+00 desired_speed
Expected Improvement    =
                      1.6860466351e-28

---------------------
Begin Evaluation   39
---------------------
Parameters for evaluation 39:
                      1.1241426612e-01 radius
                      5.4286694102e-01 time_gap
                      6.5246913580e+00 strength_neighbor
                      1.1669410151e-01 range_neighbor
                      4.2465706447e+00 strength_geometry
                      4.8964334705e-02 range_geometry
                      1.5500000000e+00 desired_speed

blocking fork: python3 driver_joint.py params.in results.out

Active response data for evaluation 39:
Active set vector = { 1 1 1 1 1 1 1 1 1 1 1 1 1 1 1 1 1 1 1 1 1 1 1 1 1 1 1 1 1 1 }
                      8.7046200000e+00 least_sq_term_1
                      3.7036700000e+00 least_sq_term_2
                      7.5340000000e-02 least_sq_term_3
                      7.3127700000e+00 least_sq_term_4
                      2.8100000000e+00 least_sq_term_5
                      6.6961000000e-01 least_sq_term_6
                      4.4902400000e+00 least_sq_term_7
                      2.0873800000e+00 least_sq_term_8
                     -6.2657000000e-01 least_sq_term_9
                      7.1342900000e+00 least_sq_term_10
                      3.7902000000e-01 least_sq_term_11
                      2.4206000000e+00 least_sq_term_12
                      6.9128800000e+00 least_sq_term_13
                      1.2170700000e+00 least_sq_term_14
                      1.3104900000e+00 least_sq_term_15
                      9.4907400000e+00 least_sq_term_16
                     -7.6228000000e-01 least_sq_term_17
                      3.2209600000e+00 least_sq_term_18
                      6.8870500000e+00 least_sq_term_19
                     -2.5366200000e+00 least_sq_term_20
                      3.7828400000e+00 least_sq_term_21
                      9.0324000000e+00 least_sq_term_22
                      7.4582000000e-01 least_sq_term_23
                      9.3870000000e-02 least_sq_term_24
                      8.2830700000e+00 least_sq_term_25
                      7.7360000000e-02 least_sq_term_26
                      1.5308000000e+00 least_sq_term_27
                      1.3063760000e+01 least_sq_term_28
                     -5.4065000000e-01 least_sq_term_29
                      3.0403600000e+00 least_sq_term_30



>>>>> Appending to global_kriging approximations.

<<<<< global_kriging approximation updates completed.

>>>>> Initiating global iteration 12 (acquisition batch 1)
NCSU DIRECT succeeded with code 4
(volume of best hyperrectangle is less than the prescribed percentage of the original)

Results of EGO iteration:
Final point =
                      1.1543209877e-01 radius
                      6.3943758573e-01 time_gap
                      6.9938271605e+00 strength_neighbor
                      6.1961591221e-02 range_neighbor
                      3.8425925926e+00 strength_geometry
                      6.8511659808e-02 range_geometry
                      1.5500000000e+00 desired_speed
Expected Improvement    =
                      2.3433129059e+02

---------------------
Begin Evaluation   40
---------------------
Parameters for evaluation 40:
                      1.1543209877e-01 radius
                      6.3943758573e-01 time_gap
                      6.9938271605e+00 strength_neighbor
                      6.1961591221e-02 range_neighbor
                      3.8425925926e+00 strength_geometry
                      6.8511659808e-02 range_geometry
                      1.5500000000e+00 desired_speed

blocking fork: python3 driver_joint.py params.in results.out

Active response data for evaluation 40:
Active set vector = { 1 1 1 1 1 1 1 1 1 1 1 1 1 1 1 1 1 1 1 1 1 1 1 1 1 1 1 1 1 1 }
                      4.2410700000e+00 least_sq_term_1
                      5.7355900000e+00 least_sq_term_2
                     -2.5354700000e+00 least_sq_term_3
                      1.5315600000e+00 least_sq_term_4
                      2.5128600000e+00 least_sq_term_5
                     -1.8990900000e+00 least_sq_term_6
                     -2.1621900000e+00 least_sq_term_7
                     -5.0066000000e-01 least_sq_term_8
                     -2.8722100000e+00 least_sq_term_9
                      5.9931500000e+00 least_sq_term_10
                      1.7079000000e-01 least_sq_term_11
                      3.0061800000e+00 least_sq_term_12
                      4.9761000000e+00 least_sq_term_13
                     -6.1047000000e-01 least_sq_term_14
                      1.9546300000e+00 least_sq_term_15
                      7.9520700000e+00 least_sq_term_16
                     -2.4062000000e-01 least_sq_term_17
                      2.5901400000e+00 least_sq_term_18
                      4.7619000000e+00 least_sq_term_19
                     -2.3720500000e+00 least_sq_term_20
                     -2.1971000000e-01 least_sq_term_21
                      6.7841200000e+00 least_sq_term_22
                     -2.5490000000e-01 least_sq_term_23
                     -2.7419600000e+00 least_sq_term_24
                      5.6214100000e+00 least_sq_term_25
                     -5.2812000000e-01 least_sq_term_26
                     -1.7586200000e+00 least_sq_term_27
                      1.0721110000e+01 least_sq_term_28
                     -1.4027700000e+00 least_sq_term_29
                     -1.1758700000e+00 least_sq_term_30



>>>>> Appending to global_kriging approximations.

<<<<< global_kriging approximation updates completed.

>>>>> Initiating global iteration 13 (acquisition batch 1)
NCSU DIRECT succeeded with code 4
(volume of best hyperrectangle is less than the prescribed percentage of the original)

Results of EGO iteration:
Final point =
                      1.2023319616e-01 radius
                      6.6056241427e-01 time_gap
                      5.5987654321e+00 strength_neighbor
                      1.4067215364e-01 range_neighbor
                      4.1292866941e+00 strength_geometry
                      5.8086419753e-02 range_geometry
                      1.5500000000e+00 desired_speed
Expected Improvement    =
                      1.1653847750e+02

---------------------
Begin Evaluation   41
---------------------
Parameters for evaluation 41:
                      1.2023319616e-01 radius
                      6.6056241427e-01 time_gap
                      5.5987654321e+00 strength_neighbor
                      1.4067215364e-01 range_neighbor
                      4.1292866941e+00 strength_geometry
                      5.8086419753e-02 range_geometry
                      1.5500000000e+00 desired_speed

blocking fork: python3 driver_joint.py params.in results.out

Active response data for evaluation 41:
Active set vector = { 1 1 1 1 1 1 1 1 1 1 1 1 1 1 1 1 1 1 1 1 1 1 1 1 1 1 1 1 1 1 }
                      3.2285200000e+00 least_sq_term_1
                      2.6265600000e+00 least_sq_term_2
                     -1.3078800000e+00 least_sq_term_3
                      2.2041100000e+00 least_sq_term_4
                      1.6870500000e+00 least_sq_term_5
                     -9.9488000000e-01 least_sq_term_6
                      1.5213000000e-01 least_sq_term_7
                      1.2351400000e+00 least_sq_term_8
                     -1.9117800000e+00 least_sq_term_9
                      5.0273200000e+00 least_sq_term_10
                     -2.9040000000e-02 least_sq_term_11
                      3.2486300000e+00 least_sq_term_12
                     -1.3114680000e+01 least_sq_term_13
                      6.3940000000e-01 least_sq_term_14
                      3.3304000000e+00 least_sq_term_15
                      6.8750000000e+00 least_sq_term_16
                     -8.6342000000e-01 least_sq_term_17
                      3.0718900000e+00 least_sq_term_18
                      4.6816500000e+00 least_sq_term_19
                     -1.9783200000e+00 least_sq_term_20
                      4.4113300000e+00 least_sq_term_21
                     -1.4148870000e+01 least_sq_term_22
                      7.6847200000e+00 least_sq_term_23
                     -6.0794000000e-01 least_sq_term_24
                      5.5734800000e+00 least_sq_term_25
                      6.6515000000e-01 least_sq_term_26
                      1.1600400000e+00 least_sq_term_27
                      1.0107380000e+01 least_sq_term_28
                     -5.5190000000e-02 least_sq_term_29
                      2.9203500000e+00 least_sq_term_30



>>>>> Appending to global_kriging approximations.

<<<<< global_kriging approximation updates completed.

>>>>> Initiating global iteration 14 (acquisition batch 1)
NCSU DIRECT succeeded with code 4
(volume of best hyperrectangle is less than the prescribed percentage of the original)

Results of EGO iteration:
Final point =
                      1.1104252401e-01 radius
                      5.8964334705e-01 time_gap
                      8.2283950617e+00 strength_neighbor
                      1.4640603567e-01 range_neighbor
                      3.7122770919e+00 strength_geometry
                      4.6358024691e-02 range_geometry
                      1.5500000000e+00 desired_speed
Expected Improvement    =
                      3.1597279590e+02

---------------------
Begin Evaluation   42
---------------------
Parameters for evaluation 42:
                      1.1104252401e-01 radius
                      5.8964334705e-01 time_gap
                      8.2283950617e+00 strength_neighbor
                      1.4640603567e-01 range_neighbor
                      3.7122770919e+00 strength_geometry
                      4.6358024691e-02 range_geometry
                      1.5500000000e+00 desired_speed

blocking fork: python3 driver_joint.py params.in results.out

Active response data for evaluation 42:
Active set vector = { 1 1 1 1 1 1 1 1 1 1 1 1 1 1 1 1 1 1 1 1 1 1 1 1 1 1 1 1 1 1 }
                      6.5443800000e+00 least_sq_term_1
                      1.2489000000e+00 least_sq_term_2
                      1.2431500000e+00 least_sq_term_3
                      6.2196100000e+00 least_sq_term_4
                      1.0398800000e+00 least_sq_term_5
                      1.2197300000e+00 least_sq_term_6
                      3.0077700000e+00 least_sq_term_7
                      1.0005100000e+00 least_sq_term_8
                     -6.1531000000e-01 least_sq_term_9
                      5.0986800000e+00 least_sq_term_10
                      1.5589300000e+00 least_sq_term_11
                      3.4069300000e+00 least_sq_term_12
                      6.1983500000e+00 least_sq_term_13
                      4.9803000000e-01 least_sq_term_14
                      2.0219200000e+00 least_sq_term_15
                      7.5562700000e+00 least_sq_term_16
                      1.1670000000e+00 least_sq_term_17
                      1.9666800000e+00 least_sq_term_18
                      5.5989600000e+00 least_sq_term_19
                     -1.8110800000e+00 least_sq_term_20
                      6.6929000000e+00 least_sq_term_21
                      8.2365600000e+00 least_sq_term_22
                      8.2773000000e-01 least_sq_term_23
                      1.0859500000e+00 least_sq_term_24
                      7.5810900000e+00 least_sq_term_25
                      4.5567000000e-01 least_sq_term_26
                      3.5850800000e+00 least_sq_term_27
                      1.2166920000e+01 least_sq_term_28
                     -1.8874000000e-01 least_sq_term_29
                      4.8757600000e+00 least_sq_term_30



>>>>> Appending to global_kriging approximations.

<<<<< global_kriging approximation updates completed.

>>>>> Initiating global iteration 15 (acquisition batch 1)
NCSU DIRECT succeeded with code 4
(volume of best hyperrectangle is less than the prescribed percentage of the original)

Results of EGO iteration:
Final point =
                      1.1844993141e-01 radius
                      7.3148148148e-01 time_gap
                      8.7469135802e+00 strength_neighbor
                      1.6100137174e-01 range_neighbor
                      3.7904663923e+00 strength_geometry
                      4.5315500686e-02 range_geometry
                      1.5500000000e+00 desired_speed
Expected Improvement    =
                      3.2872123859e+02

---------------------
Begin Evaluation   43
---------------------
Parameters for evaluation 43:
                      1.1844993141e-01 radius
                      7.3148148148e-01 time_gap
                      8.7469135802e+00 strength_neighbor
                      1.6100137174e-01 range_neighbor
                      3.7904663923e+00 strength_geometry
                      4.5315500686e-02 range_geometry
                      1.5500000000e+00 desired_speed

blocking fork: python3 driver_joint.py params.in results.out

Active response data for evaluation 43:
Active set vector = { 1 1 1 1 1 1 1 1 1 1 1 1 1 1 1 1 1 1 1 1 1 1 1 1 1 1 1 1 1 1 }
                      1.5329100000e+00 least_sq_term_1
                     -2.8271000000e-01 least_sq_term_2
                      3.8017000000e-01 least_sq_term_3
                      1.2683700000e+00 least_sq_term_4
                     -3.9019000000e-01 least_sq_term_5
                     -1.4281000000e-01 least_sq_term_6
                     -1.4565600000e+00 least_sq_term_7
                     -2.8354000000e-01 least_sq_term_8
                     -1.6695900000e+00 least_sq_term_9
                      3.2032000000e+00 least_sq_term_10
                      9.2645000000e-01 least_sq_term_11
                      4.5944300000e+00 least_sq_term_12
                      3.3816400000e+00 least_sq_term_13
                     -8.1440000000e-02 least_sq_term_14
                      7.7243000000e-01 least_sq_term_15
                      5.4902000000e+00 least_sq_term_16
                     -6.0320000000e-01 least_sq_term_17
                      3.3381100000e+00 least_sq_term_18
                      3.4746800000e+00 least_sq_term_19
                     -7.0570000000e-01 least_sq_term_20
                      9.3052000000e+00 least_sq_term_21
                      5.5940000000e+00 least_sq_term_22
                      5.6859000000e-01 least_sq_term_23
                      1.5128200000e+00 least_sq_term_24
                      4.7004100000e+00 least_sq_term_25
                      5.2591000000e-01 least_sq_term_26
                      4.0882600000e+00 least_sq_term_27
                      8.6870000000e+00 least_sq_term_28
                      2.4961000000e-01 least_sq_term_29
                      5.4723700000e+00 least_sq_term_30



>>>>> Appending to global_kriging approximations.

<<<<< global_kriging approximation updates completed.

>>>>> Initiating global iteration 16 (acquisition batch 1)
NCSU DIRECT succeeded with code 4
(volume of best hyperrectangle is less than the prescribed percentage of the original)

Results of EGO iteration:
Final point =
                      1.1611796982e-01 radius
                      7.2544581619e-01 time_gap
                      7.3395061728e+00 strength_neighbor
                      1.4640603567e-01 range_neighbor
                      4.0250342936e+00 strength_geometry
                      8.9883401920e-02 range_geometry
                      1.5500000000e+00 desired_speed
Expected Improvement    =
                      2.5491786211e+02

---------------------
Begin Evaluation   44
---------------------
Parameters for evaluation 44:
                      1.1611796982e-01 radius
                      7.2544581619e-01 time_gap
                      7.3395061728e+00 strength_neighbor
                      1.4640603567e-01 range_neighbor
                      4.0250342936e+00 strength_geometry
                      8.9883401920e-02 range_geometry
                      1.5500000000e+00 desired_speed

blocking fork: python3 driver_joint.py params.in results.out

Active response data for evaluation 44:
Active set vector = { 1 1 1 1 1 1 1 1 1 1 1 1 1 1 1 1 1 1 1 1 1 1 1 1 1 1 1 1 1 1 }
                      1.4824400000e+00 least_sq_term_1
                      1.4924300000e+00 least_sq_term_2
                     -1.2526500000e+00 least_sq_term_3
                      1.1945600000e+00 least_sq_term_4
                      1.2226300000e+00 least_sq_term_5
                     -1.3192500000e+00 least_sq_term_6
                     -1.2610700000e+00 least_sq_term_7
                      1.1868600000e+00 least_sq_term_8
                     -2.5134500000e+00 least_sq_term_9
                     -1.3986060000e+01 least_sq_term_10
                      8.6300000000e-01 least_sq_term_11
                      3.7391400000e+00 least_sq_term_12
                     -9.7846900000e+00 least_sq_term_13
                      5.3151000000e-01 least_sq_term_14
                      2.6213000000e-01 least_sq_term_15
                     -1.3638190000e+01 least_sq_term_16
                     -7.0263000000e-01 least_sq_term_17
                      4.7248300000e+00 least_sq_term_18
                     -1.4309390000e+01 least_sq_term_19
                     -8.3428000000e-01 least_sq_term_20
                      5.0534600000e+00 least_sq_term_21
                     -8.7535900000e+00 least_sq_term_22
                      1.3330400000e+00 least_sq_term_23
                     -3.2421000000e-01 least_sq_term_24
                     -8.1207900000e+00 least_sq_term_25
                      1.0762900000e+00 least_sq_term_26
                      2.0478100000e+00 least_sq_term_27
                     -8.8675800000e+00 least_sq_term_28
                      4.8407000000e-01 least_sq_term_29
                      3.4531200000e+00 least_sq_term_30



>>>>> Appending to global_kriging approximations.

<<<<< global_kriging approximation updates completed.

>>>>> Initiating global iteration 17 (acquisition batch 1)
NCSU DIRECT succeeded with code 4
(volume of best hyperrectangle is less than the prescribed percentage of the original)

Results of EGO iteration:
Final point =
                      1.1707818930e-01 radius
                      6.6961591221e-01 time_gap
                      6.9938271605e+00 strength_neighbor
                      1.0053497942e-01 range_neighbor
                      4.7287379973e+00 strength_geometry
                      7.2421124829e-02 range_geometry
                      1.5500000000e+00 desired_speed
Expected Improvement    =
                      2.0045092490e+02

---------------------
Begin Evaluation   45
---------------------
Parameters for evaluation 45:
                      1.1707818930e-01 radius
                      6.6961591221e-01 time_gap
                      6.9938271605e+00 strength_neighbor
                      1.0053497942e-01 range_neighbor
                      4.7287379973e+00 strength_geometry
                      7.2421124829e-02 range_geometry
                      1.5500000000e+00 desired_speed

blocking fork: python3 driver_joint.py params.in results.out

Active response data for evaluation 45:
Active set vector = { 1 1 1 1 1 1 1 1 1 1 1 1 1 1 1 1 1 1 1 1 1 1 1 1 1 1 1 1 1 1 }
                      2.4392200000e+00 least_sq_term_1
                      3.9409700000e+00 least_sq_term_2
                     -2.4160300000e+00 least_sq_term_3
                      1.5697900000e+00 least_sq_term_4
                      2.5476200000e+00 least_sq_term_5
                     -1.7777200000e+00 least_sq_term_6
                     -9.0269000000e-01 least_sq_term_7
                      1.9523200000e+00 least_sq_term_8
                     -2.7557600000e+00 least_sq_term_9
                      5.3888900000e+00 least_sq_term_10
                     -4.9489000000e-01 least_sq_term_11
                      3.5109100000e+00 least_sq_term_12
                      4.1876000000e+00 least_sq_term_13
                      1.1541000000e-01 least_sq_term_14
                      8.3317000000e-01 least_sq_term_15
                      6.9488000000e+00 least_sq_term_16
                     -9.8580000000e-01 least_sq_term_17
                      3.0814400000e+00 least_sq_term_18
                      4.6816500000e+00 least_sq_term_19
                     -2.0145000000e+00 least_sq_term_20
                      2.0178200000e+00 least_sq_term_21
                      6.1196400000e+00 least_sq_term_22
                      1.1044600000e+00 least_sq_term_23
                     -1.4053600000e+00 least_sq_term_24
                      5.4309100000e+00 least_sq_term_25
                      5.1883000000e-01 least_sq_term_26
                      1.5845000000e-01 least_sq_term_27
                      9.8474300000e+00 least_sq_term_28
                     -1.1104000000e-01 least_sq_term_29
                      1.4895100000e+00 least_sq_term_30



>>>>> Appending to global_kriging approximations.

<<<<< global_kriging approximation updates completed.

>>>>> Initiating global iteration 18 (acquisition batch 1)
NCSU DIRECT succeeded with code 4
(volume of best hyperrectangle is less than the prescribed percentage of the original)

Results of EGO iteration:
Final point =
                      1.1337448560e-01 radius
                      7.1337448560e-01 time_gap
                      8.4135802469e+00 strength_neighbor
                      1.6100137174e-01 range_neighbor
                      5.5497256516e+00 strength_geometry
                      7.2942386831e-02 range_geometry
                      1.5500000000e+00 desired_speed
Expected Improvement    =
                      2.4828375557e+02

---------------------
Begin Evaluation   46
---------------------
Parameters for evaluation 46:
                      1.1337448560e-01 radius
                      7.1337448560e-01 time_gap
                      8.4135802469e+00 strength_neighbor
                      1.6100137174e-01 range_neighbor
                      5.5497256516e+00 strength_geometry
                      7.2942386831e-02 range_geometry
                      1.5500000000e+00 desired_speed

blocking fork: python3 driver_joint.py params.in results.out

Active response data for evaluation 46:
Active set vector = { 1 1 1 1 1 1 1 1 1 1 1 1 1 1 1 1 1 1 1 1 1 1 1 1 1 1 1 1 1 1 }
                      2.0377100000e+00 least_sq_term_1
                      2.1920000000e-01 least_sq_term_2
                      1.9631000000e-01 least_sq_term_3
                      1.8026000000e+00 least_sq_term_4
                      3.0783000000e-01 least_sq_term_5
                     -3.2239000000e-01 least_sq_term_6
                     -1.0465000000e+00 least_sq_term_7
                      3.4466000000e-01 least_sq_term_8
                     -1.7117200000e+00 least_sq_term_9
                     -1.4102610000e+01 least_sq_term_10
                      1.4444600000e+00 least_sq_term_11
                      3.8509700000e+00 least_sq_term_12
                     -9.8956900000e+00 least_sq_term_13
                      1.2116000000e-01 least_sq_term_14
                      9.5871000000e-01 least_sq_term_15
                     -1.3764380000e+01 least_sq_term_16
                     -1.0431000000e-01 least_sq_term_17
                      4.3539600000e+00 least_sq_term_18
                     -1.4309390000e+01 least_sq_term_19
                     -5.0442000000e-01 least_sq_term_20
                      8.1190300000e+00 least_sq_term_21
                     -8.7535900000e+00 least_sq_term_22
                      1.0384800000e+00 least_sq_term_23
                      2.4893000000e-01 least_sq_term_24
                     -8.1207900000e+00 least_sq_term_25
                      7.3564000000e-01 least_sq_term_26
                      3.6855200000e+00 least_sq_term_27
                     -8.8675800000e+00 least_sq_term_28
                      3.1010000000e-01 least_sq_term_29
                      4.5414200000e+00 least_sq_term_30



>>>>> Appending to global_kriging approximations.

<<<<< global_kriging approximation updates completed.

>>>>> Initiating global iteration 19 (acquisition batch 1)
NCSU DIRECT succeeded with code 4
(volume of best hyperrectangle is less than the prescribed percentage of the original)

Results of EGO iteration:
Final point =
                      1.1474622771e-01 radius
                      6.8470507545e-01 time_gap
                      8.0061728395e+00 strength_neighbor
                      1.2347050754e-01 range_neighbor
                      5.0675582990e+00 strength_geometry
                      7.0075445816e-02 range_geometry
                      1.5500000000e+00 desired_speed
Expected Improvement    =
                      2.5233806546e+02

---------------------
Begin Evaluation   47
---------------------
Parameters for evaluation 47:
                      1.1474622771e-01 radius
                      6.8470507545e-01 time_gap
                      8.0061728395e+00 strength_neighbor
                      1.2347050754e-01 range_neighbor
                      5.0675582990e+00 strength_geometry
                      7.0075445816e-02 range_geometry
                      1.5500000000e+00 desired_speed

blocking fork: python3 driver_joint.py params.in results.out

Active response data for evaluation 47:
Active set vector = { 1 1 1 1 1 1 1 1 1 1 1 1 1 1 1 1 1 1 1 1 1 1 1 1 1 1 1 1 1 1 }
                      1.6630900000e+00 least_sq_term_1
                      2.7209700000e+00 least_sq_term_2
                     -1.8025800000e+00 least_sq_term_3
                      1.9477700000e+00 least_sq_term_4
                      1.8568700000e+00 least_sq_term_5
                     -1.4872700000e+00 least_sq_term_6
                     -9.4673000000e-01 least_sq_term_7
                      1.3847800000e+00 least_sq_term_8
                     -2.3225800000e+00 least_sq_term_9
                      5.1705200000e+00 least_sq_term_10
                      1.6704000000e-01 least_sq_term_11
                      3.3741600000e+00 least_sq_term_12
                      4.2929300000e+00 least_sq_term_13
                      3.8949000000e-01 least_sq_term_14
                      4.7737000000e-01 least_sq_term_15
                      7.3248400000e+00 least_sq_term_16
                     -6.6824000000e-01 least_sq_term_17
                      3.6427300000e+00 least_sq_term_18
                      4.3665400000e+00 least_sq_term_19
                     -1.5911600000e+00 least_sq_term_20
                      4.2402800000e+00 least_sq_term_21
                      6.2277600000e+00 least_sq_term_22
                      1.4106000000e+00 least_sq_term_23
                     -7.0371000000e-01 least_sq_term_24
                      5.3135000000e+00 least_sq_term_25
                      9.1670000000e-01 least_sq_term_26
                      1.5717000000e+00 least_sq_term_27
                      9.7740900000e+00 least_sq_term_28
                      1.3726000000e-01 least_sq_term_29
                      2.7049000000e+00 least_sq_term_30



>>>>> Appending to global_kriging approximations.

<<<<< global_kriging approximation updates completed.

>>>>> Initiating global iteration 20 (acquisition batch 1)
NCSU DIRECT succeeded with code 4
(volume of best hyperrectangle is less than the prescribed percentage of the original)

Results of EGO iteration:
Final point =
                      1.1790123457e-01 radius
                      6.2887517147e-01 time_gap
                      8.0432098765e+00 strength_neighbor
                      1.1773662551e-01 range_neighbor
                      3.9338134431e+00 strength_geometry
                      8.3106995885e-02 range_geometry
                      1.5500000000e+00 desired_speed
Expected Improvement    =
                      2.7828299778e+02

---------------------
Begin Evaluation   48
---------------------
Parameters for evaluation 48:
                      1.1790123457e-01 radius
                      6.2887517147e-01 time_gap
                      8.0432098765e+00 strength_neighbor
                      1.1773662551e-01 range_neighbor
                      3.9338134431e+00 strength_geometry
                      8.3106995885e-02 range_geometry
                      1.5500000000e+00 desired_speed

blocking fork: python3 driver_joint.py params.in results.out

Active response data for evaluation 48:
Active set vector = { 1 1 1 1 1 1 1 1 1 1 1 1 1 1 1 1 1 1 1 1 1 1 1 1 1 1 1 1 1 1 }
                      2.9243100000e+00 least_sq_term_1
                      2.7603000000e+00 least_sq_term_2
                     -1.5676200000e+00 least_sq_term_3
                      2.3279800000e+00 least_sq_term_4
                      2.1198300000e+00 least_sq_term_5
                     -1.1041900000e+00 least_sq_term_6
                      2.5565000000e-01 least_sq_term_7
                      1.5419200000e+00 least_sq_term_8
                     -1.9539800000e+00 least_sq_term_9
                     -1.3986060000e+01 least_sq_term_10
                      7.5212000000e-01 least_sq_term_11
                      4.1468300000e+00 least_sq_term_12
                     -9.7823900000e+00 least_sq_term_13
                      8.3248000000e-01 least_sq_term_14
                      4.2159000000e-01 least_sq_term_15
                     -1.3638190000e+01 least_sq_term_16
                      6.6290000000e-02 least_sq_term_17
                      3.9894200000e+00 least_sq_term_18
                     -1.4309390000e+01 least_sq_term_19
                     -1.0351500000e+00 least_sq_term_20
                      5.4886300000e+00 least_sq_term_21
                     -8.7535900000e+00 least_sq_term_22
                      1.5690600000e+00 least_sq_term_23
                     -1.3114100000e+00 least_sq_term_24
                     -8.1207900000e+00 least_sq_term_25
                      1.0217000000e+00 least_sq_term_26
                      1.5687500000e+00 least_sq_term_27
                     -8.8675800000e+00 least_sq_term_28
                      3.5800000000e-01 least_sq_term_29
                      2.6799900000e+00 least_sq_term_30



>>>>> Appending to global_kriging approximations.

<<<<< global_kriging approximation updates completed.

>>>>> Initiating global iteration 21 (acquisition batch 1)
NCSU DIRECT succeeded with code 4
(volume of best hyperrectangle is less than the prescribed percentage of the original)

Results of EGO iteration:
Final point =
                      1.1817558299e-01 radius
                      6.2133058985e-01 time_gap
                      5.9938271605e+00 strength_neighbor
                      5.6227709191e-02 range_neighbor
                      5.7191358025e+00 strength_geometry
                      5.2091906722e-02 range_geometry
                      1.5500000000e+00 desired_speed
Expected Improvement    =
                      1.8219048258e+02

---------------------
Begin Evaluation   49
---------------------
Parameters for evaluation 49:
                      1.1817558299e-01 radius
                      6.2133058985e-01 time_gap
                      5.9938271605e+00 strength_neighbor
                      5.6227709191e-02 range_neighbor
                      5.7191358025e+00 strength_geometry
                      5.2091906722e-02 range_geometry
                      1.5500000000e+00 desired_speed

blocking fork: python3 driver_joint.py params.in results.out

Active response data for evaluation 49:
Active set vector = { 1 1 1 1 1 1 1 1 1 1 1 1 1 1 1 1 1 1 1 1 1 1 1 1 1 1 1 1 1 1 }
                      3.6145000000e+00 least_sq_term_1
                      5.3667600000e+00 least_sq_term_2
                     -2.4369000000e+00 least_sq_term_3
                      2.1367100000e+00 least_sq_term_4
                     -7.2291000000e-01 least_sq_term_5
                      6.0255000000e-01 least_sq_term_6
                     -2.7020600000e+00 least_sq_term_7
                     -2.7934200000e+00 least_sq_term_8
                     -1.2659700000e+00 least_sq_term_9
                      6.1494300000e+00 least_sq_term_10
                     -1.1622200000e+00 least_sq_term_11
                      3.7545800000e+00 least_sq_term_12
                      4.9479200000e+00 least_sq_term_13
                     -7.1852000000e-01 least_sq_term_14
                      2.0418000000e+00 least_sq_term_15
                      8.1140400000e+00 least_sq_term_16
                     -5.3702000000e-01 least_sq_term_17
                      2.1805500000e+00 least_sq_term_18
                      4.5229200000e+00 least_sq_term_19
                     -2.4268700000e+00 least_sq_term_20
                     -9.2373000000e-01 least_sq_term_21
                      6.7556600000e+00 least_sq_term_22
                     -1.5341000000e-01 least_sq_term_23
                     -3.2020800000e+00 least_sq_term_24
                      4.9912700000e+00 least_sq_term_25
                     -7.6396000000e-01 least_sq_term_26
                     -2.5672700000e+00 least_sq_term_27
                      7.9682100000e+00 least_sq_term_28
                     -1.5032100000e+00 least_sq_term_29
                     -2.9381700000e+00 least_sq_term_30



>>>>> Appending to global_kriging approximations.

<<<<< global_kriging approximation updates completed.

>>>>> Initiating global iteration 22 (acquisition batch 1)
NCSU DIRECT succeeded with code 4
(volume of best hyperrectangle is less than the prescribed percentage of the original)

Results of EGO iteration:
Final point =
                      1.2174211248e-01 radius
                      6.4547325103e-01 time_gap
                      5.9938271605e+00 strength_neighbor
                      6.8216735254e-02 range_neighbor
                      6.3316186557e+00 strength_geometry
                      7.0075445816e-02 range_geometry
                      1.5500000000e+00 desired_speed
Expected Improvement    =
                      2.4770796844e+02

---------------------
Begin Evaluation   50
---------------------
Parameters for evaluation 50:
                      1.2174211248e-01 radius
                      6.4547325103e-01 time_gap
                      5.9938271605e+00 strength_neighbor
                      6.8216735254e-02 range_neighbor
                      6.3316186557e+00 strength_geometry
                      7.0075445816e-02 range_geometry
                      1.5500000000e+00 desired_speed

blocking fork: python3 driver_joint.py params.in results.out

Active response data for evaluation 50:
Active set vector = { 1 1 1 1 1 1 1 1 1 1 1 1 1 1 1 1 1 1 1 1 1 1 1 1 1 1 1 1 1 1 }
                      8.8470000000e-01 least_sq_term_1
                      5.4654900000e+00 least_sq_term_2
                     -3.5102300000e+00 least_sq_term_3
                      3.8747000000e-01 least_sq_term_4
                      2.3363600000e+00 least_sq_term_5
                     -2.2820400000e+00 least_sq_term_6
                     -2.8361200000e+00 least_sq_term_7
                     -9.0831000000e-01 least_sq_term_8
                     -2.1813600000e+00 least_sq_term_9
                     -1.3981570000e+01 least_sq_term_10
                      1.0324500000e+00 least_sq_term_11
                      3.8676400000e+00 least_sq_term_12
                     -9.7639200000e+00 least_sq_term_13
                     -6.2848000000e-01 least_sq_term_14
                      2.2013200000e+00 least_sq_term_15
                     -1.3630050000e+01 least_sq_term_16
                      3.6150000000e-01 least_sq_term_17
                      3.0527100000e+00 least_sq_term_18
                     -1.4295900000e+01 least_sq_term_19
                     -1.6486000000e+00 least_sq_term_20
                      6.6700000000e-02 least_sq_term_21
                     -8.7509300000e+00 least_sq_term_22
                      7.2462000000e-01 least_sq_term_23
                     -3.0947500000e+00 least_sq_term_24
                     -8.1121900000e+00 least_sq_term_25
                      4.1658000000e-01 least_sq_term_26
                     -2.1080100000e+00 least_sq_term_27
                     -8.8492500000e+00 least_sq_term_28
                     -2.4757000000e-01 least_sq_term_29
                     -1.2487700000e+00 least_sq_term_30



>>>>> Appending to global_kriging approximations.

<<<<< global_kriging approximation updates completed.

>>>>> Initiating global iteration 23 (acquisition batch 1)
NCSU DIRECT succeeded with code 4
(volume of best hyperrectangle is less than the prescribed percentage of the original)

Results of EGO iteration:
Final point =
                      1.1323731139e-01 radius
                      6.6207133059e-01 time_gap
                      5.0061728395e+00 strength_neighbor
                      2.1000000000e-01 range_neighbor
                      2.5394375857e+00 strength_geometry
                      5.2091906722e-02 range_geometry
                      1.5500000000e+00 desired_speed
Expected Improvement    =
                      1.8902889217e+02

---------------------
Begin Evaluation   51
---------------------
Parameters for evaluation 51:
                      1.1323731139e-01 radius
                      6.6207133059e-01 time_gap
                      5.0061728395e+00 strength_neighbor
                      2.1000000000e-01 range_neighbor
                      2.5394375857e+00 strength_geometry
                      5.2091906722e-02 range_geometry
                      1.5500000000e+00 desired_speed

blocking fork: python3 driver_joint.py params.in results.out

Active response data for evaluation 51:
Active set vector = { 1 1 1 1 1 1 1 1 1 1 1 1 1 1 1 1 1 1 1 1 1 1 1 1 1 1 1 1 1 1 }
                      5.8114000000e+00 least_sq_term_1
                     -1.3892000000e-01 least_sq_term_2
                      2.4292200000e+00 least_sq_term_3
                      4.6851900000e+00 least_sq_term_4
                     -2.1822000000e-01 least_sq_term_5
                      1.6325300000e+00 least_sq_term_6
                      1.9117400000e+00 least_sq_term_7
                      7.2900000000e-02 least_sq_term_8
                     -4.7696000000e-01 least_sq_term_9
                      6.5497100000e+00 least_sq_term_10
                      2.2324000000e-01 least_sq_term_11
                      5.6418200000e+00 least_sq_term_12
                      5.0043500000e+00 least_sq_term_13
                     -3.0356000000e-01 least_sq_term_14
                      2.3111800000e+00 least_sq_term_15
                      7.2486800000e+00 least_sq_term_16
                      4.4590000000e-01 least_sq_term_17
                      2.9383500000e+00 least_sq_term_18
                      4.2892200000e+00 least_sq_term_19
                     -1.3792000000e+00 least_sq_term_20
                      7.7778400000e+00 least_sq_term_21
                      7.4583300000e+00 least_sq_term_22
                      2.2320000000e-02 least_sq_term_23
                      1.4204000000e+00 least_sq_term_24
                      6.4174100000e+00 least_sq_term_25
                     -9.8600000000e-03 least_sq_term_26
                      4.2304200000e+00 least_sq_term_27
                      1.0603900000e+01 least_sq_term_28
                     -1.6551000000e-01 least_sq_term_29
                      5.4454900000e+00 least_sq_term_30



>>>>> Appending to global_kriging approximations.

<<<<< global_kriging approximation updates completed.

>>>>> Initiating global iteration 24 (acquisition batch 1)
NCSU DIRECT succeeded with code 4
(volume of best hyperrectangle is less than the prescribed percentage of the original)

Results of EGO iteration:
Final point =
                      1.1488340192e-01 radius
                      1.0242112483e+00 time_gap
                      4.0061728395e+00 strength_neighbor
                      1.8967078189e-01 range_neighbor
                      2.6045953361e+00 strength_geometry
                      4.5054869684e-02 range_geometry
                      1.5500000000e+00 desired_speed
Expected Improvement    =
                      8.2629400638e+01

---------------------
Begin Evaluation   52
---------------------
Parameters for evaluation 52:
                      1.1488340192e-01 radius
                      1.0242112483e+00 time_gap
                      4.0061728395e+00 strength_neighbor
                      1.8967078189e-01 range_neighbor
                      2.6045953361e+00 strength_geometry
                      4.5054869684e-02 range_geometry
                      1.5500000000e+00 desired_speed

blocking fork: python3 driver_joint.py params.in results.out

Active response data for evaluation 52:
Active set vector = { 1 1 1 1 1 1 1 1 1 1 1 1 1 1 1 1 1 1 1 1 1 1 1 1 1 1 1 1 1 1 }
                     -1.4318300000e+00 least_sq_term_1
                      1.5101200000e+00 least_sq_term_2
                     -2.7478900000e+00 least_sq_term_3
                     -2.6883200000e+00 least_sq_term_4
                      1.1666100000e+00 least_sq_term_5
                     -3.0817600000e+00 least_sq_term_6
                     -4.2603900000e+00 least_sq_term_7
                      4.7001000000e-01 least_sq_term_8
                     -3.6015500000e+00 least_sq_term_9
                      2.2381000000e+00 least_sq_term_10
                     -1.2420000000e-02 least_sq_term_11
                      2.4041700000e+00 least_sq_term_12
                      4.8209000000e-01 least_sq_term_13
                     -3.9894000000e-01 least_sq_term_14
                     -2.9376000000e-01 least_sq_term_15
                      3.9726000000e+00 least_sq_term_16
                     -1.6727900000e+00 least_sq_term_17
                      2.7434300000e+00 least_sq_term_18
                      2.2075100000e+00 least_sq_term_19
                     -1.7793000000e+00 least_sq_term_20
                      4.1649100000e+00 least_sq_term_21
                      4.0192900000e+00 least_sq_term_22
                      3.9393000000e-01 least_sq_term_23
                     -1.5908600000e+00 least_sq_term_24
                      3.2020500000e+00 least_sq_term_25
                      3.6885000000e-01 least_sq_term_26
                      6.4862000000e-01 least_sq_term_27
                      7.2590700000e+00 least_sq_term_28
                     -1.7562000000e-01 least_sq_term_29
                      1.3923600000e+00 least_sq_term_30



>>>>> Appending to global_kriging approximations.

<<<<< global_kriging approximation updates completed.

>>>>> Initiating global iteration 25 (acquisition batch 1)
NCSU DIRECT succeeded with code 4
(volume of best hyperrectangle is less than the prescribed percentage of the original)

Results of EGO iteration:
Final point =
                      1.2215363512e-01 radius
                      1.0242112483e+00 time_gap
                      5.3395061728e+00 strength_neighbor
                      2.1312757202e-01 range_neighbor
                      2.2266803841e+00 strength_geometry
                      3.4629629630e-02 range_geometry
                      1.5500000000e+00 desired_speed
Expected Improvement    =
                      3.0875580878e+00

---------------------
Begin Evaluation   53
---------------------
Parameters for evaluation 53:
                      1.2215363512e-01 radius
                      1.0242112483e+00 time_gap
                      5.3395061728e+00 strength_neighbor
                      2.1312757202e-01 range_neighbor
                      2.2266803841e+00 strength_geometry
                      3.4629629630e-02 range_geometry
                      1.5500000000e+00 desired_speed

blocking fork: python3 driver_joint.py params.in results.out

Active response data for evaluation 53:
Active set vector = { 1 1 1 1 1 1 1 1 1 1 1 1 1 1 1 1 1 1 1 1 1 1 1 1 1 1 1 1 1 1 }
                     -2.0070600000e+00 least_sq_term_1
                     -1.1383800000e+00 least_sq_term_2
                     -1.0423800000e+00 least_sq_term_3
                     -2.6834300000e+00 least_sq_term_4
                     -1.1019800000e+00 least_sq_term_5
                     -1.6825500000e+00 least_sq_term_6
                     -4.8436900000e+00 least_sq_term_7
                     -9.4614000000e-01 least_sq_term_8
                     -3.2036800000e+00 least_sq_term_9
                      0.0000000000e+00 least_sq_term_10
                      4.5681000000e-01 least_sq_term_11
                      2.3183600000e+00 least_sq_term_12
                     -9.1714000000e-01 least_sq_term_13
                     -7.7874000000e-01 least_sq_term_14
                     -3.1713000000e-01 least_sq_term_15
                      1.1426300000e+00 least_sq_term_16
                     -5.5333000000e-01 least_sq_term_17
                      1.0184800000e+00 least_sq_term_18
                      1.7204300000e+00 least_sq_term_19
                     -5.6667000000e-01 least_sq_term_20
                      8.2735800000e+00 least_sq_term_21
                      3.2507700000e+00 least_sq_term_22
                      3.3870000000e-02 least_sq_term_23
                      3.1426000000e-01 least_sq_term_24
                      2.3612400000e+00 least_sq_term_25
                      5.9680000000e-02 least_sq_term_26
                      2.8418900000e+00 least_sq_term_27
                      6.4211000000e+00 least_sq_term_28
                     -1.4724000000e-01 least_sq_term_29
                      3.1327200000e+00 least_sq_term_30



>>>>> Appending to global_kriging approximations.

<<<<< global_kriging approximation updates completed.

>>>>> Initiating global iteration 26 (acquisition batch 1)
NCSU DIRECT succeeded with code 4
(volume of best hyperrectangle is less than the prescribed percentage of the original)

Results of EGO iteration:
Final point =
                      1.1721536351e-01 radius
                      1.1992455418e+00 time_gap
                      3.3148148148e+00 strength_neighbor
                      2.4544581619e-01 range_neighbor
                      2.1615226337e+00 strength_geometry
                      3.8278463649e-02 range_geometry
                      1.5500000000e+00 desired_speed
Expected Improvement    =
                      1.1904185429e+02

---------------------
Begin Evaluation   54
---------------------
Parameters for evaluation 54:
                      1.1721536351e-01 radius
                      1.1992455418e+00 time_gap
                      3.3148148148e+00 strength_neighbor
                      2.4544581619e-01 range_neighbor
                      2.1615226337e+00 strength_geometry
                      3.8278463649e-02 range_geometry
                      1.5500000000e+00 desired_speed

blocking fork: python3 driver_joint.py params.in results.out

Active response data for evaluation 54:
Active set vector = { 1 1 1 1 1 1 1 1 1 1 1 1 1 1 1 1 1 1 1 1 1 1 1 1 1 1 1 1 1 1 }
                     -3.2644700000e+00 least_sq_term_1
                     -3.7927000000e-01 least_sq_term_2
                     -2.3586500000e+00 least_sq_term_3
                     -3.9092100000e+00 least_sq_term_4
                     -5.9789000000e-01 least_sq_term_5
                     -2.7325300000e+00 least_sq_term_6
                     -5.3659900000e+00 least_sq_term_7
                     -7.2806000000e-01 least_sq_term_8
                     -3.5030300000e+00 least_sq_term_9
                      8.4390000000e-02 least_sq_term_10
                     -9.5580000000e-02 least_sq_term_11
                      2.6676400000e+00 least_sq_term_12
                     -2.3686500000e+00 least_sq_term_13
                     -5.1369000000e-01 least_sq_term_14
                     -1.1138100000e+00 least_sq_term_15
                      3.9162100000e+00 least_sq_term_16
                     -2.8345200000e+00 least_sq_term_17
                      6.1192300000e+00 least_sq_term_18
                      1.7204300000e+00 least_sq_term_19
                     -1.3203000000e+00 least_sq_term_20
                      4.6628500000e+00 least_sq_term_21
                      3.0674800000e+00 least_sq_term_22
                     -2.4420000000e-02 least_sq_term_23
                     -7.7834000000e-01 least_sq_term_24
                      2.1877800000e+00 least_sq_term_25
                     -3.2730000000e-02 least_sq_term_26
                      1.1719700000e+00 least_sq_term_27
                      5.9834100000e+00 least_sq_term_28
                     -2.8866000000e-01 least_sq_term_29
                      2.7306500000e+00 least_sq_term_30



>>>>> Appending to global_kriging approximations.

<<<<< global_kriging approximation updates completed.

>>>>> Initiating global iteration 27 (acquisition batch 1)
NCSU DIRECT succeeded with code 4
(volume of best hyperrectangle is less than the prescribed percentage of the original)

Results of EGO iteration:
Final point =
                      1.1982167353e-01 radius
                      9.9705075446e-01 time_gap
                      2.9938271605e+00 strength_neighbor
                      1.7455418381e-01 range_neighbor
                      2.3569958848e+00 strength_geometry
                      4.5054869684e-02 range_geometry
                      1.5500000000e+00 desired_speed
Expected Improvement    =
                      9.0416929570e+01

---------------------
Begin Evaluation   55
---------------------
Parameters for evaluation 55:
                      1.1982167353e-01 radius
                      9.9705075446e-01 time_gap
                      2.9938271605e+00 strength_neighbor
                      1.7455418381e-01 range_neighbor
                      2.3569958848e+00 strength_geometry
                      4.5054869684e-02 range_geometry
                      1.5500000000e+00 desired_speed

blocking fork: python3 driver_joint.py params.in results.out

Active response data for evaluation 55:
Active set vector = { 1 1 1 1 1 1 1 1 1 1 1 1 1 1 1 1 1 1 1 1 1 1 1 1 1 1 1 1 1 1 }
                     -2.1892700000e+00 least_sq_term_1
                      2.9462800000e+00 least_sq_term_2
                     -3.7414500000e+00 least_sq_term_3
                     -2.6479400000e+00 least_sq_term_4
                      1.3478400000e+00 least_sq_term_5
                     -2.9748100000e+00 least_sq_term_6
                     -4.6158400000e+00 least_sq_term_7
                      1.0464900000e+00 least_sq_term_8
                     -3.9259000000e+00 least_sq_term_9
                      3.0257900000e+00 least_sq_term_10
                     -5.4899000000e-01 least_sq_term_11
                      2.6221400000e+00 least_sq_term_12
                      5.1760000000e-01 least_sq_term_13
                      2.0692000000e-01 least_sq_term_14
                     -4.7933000000e-01 least_sq_term_15
                      5.1059700000e+00 least_sq_term_16
                     -2.0279600000e+00 least_sq_term_17
                      5.0352500000e+00 least_sq_term_18
                      2.3968800000e+00 least_sq_term_19
                     -2.1927900000e+00 least_sq_term_20
                      1.2483200000e+00 least_sq_term_21
                      2.3107200000e+00 least_sq_term_22
                      7.2187000000e-01 least_sq_term_23
                     -2.8756400000e+00 least_sq_term_24
                     -1.2624700000e+01 least_sq_term_25
                      5.5930500000e+00 least_sq_term_26
                     -6.3852000000e-01 least_sq_term_27
                     -1.5691780000e+01 least_sq_term_28
                      5.4355900000e+00 least_sq_term_29
                      1.5876730000e+01 least_sq_term_30



>>>>> Appending to global_kriging approximations.

<<<<< global_kriging approximation updates completed.

>>>>> Initiating global iteration 28 (acquisition batch 1)
NCSU DIRECT succeeded with code 4
(volume of best hyperrectangle is less than the prescribed percentage of the original)

Results of EGO iteration:
Final point =
                      1.1488340192e-01 radius
                      7.1035665295e-01 time_gap
                      8.9567901235e+00 strength_neighbor
                      6.3525377229e-02 range_neighbor
                      2.6045953361e+00 strength_geometry
                      3.3587105624e-02 range_geometry
                      1.5500000000e+00 desired_speed
Expected Improvement    =
                      6.6502191996e+01

---------------------
Begin Evaluation   56
---------------------
Parameters for evaluation 56:
                      1.1488340192e-01 radius
                      7.1035665295e-01 time_gap
                      8.9567901235e+00 strength_neighbor
                      6.3525377229e-02 range_neighbor
                      2.6045953361e+00 strength_geometry
                      3.3587105624e-02 range_geometry
                      1.5500000000e+00 desired_speed

blocking fork: python3 driver_joint.py params.in results.out

Active response data for evaluation 56:
Active set vector = { 1 1 1 1 1 1 1 1 1 1 1 1 1 1 1 1 1 1 1 1 1 1 1 1 1 1 1 1 1 1 }
                      1.5329100000e+00 least_sq_term_1
                      5.4209600000e+00 least_sq_term_2
                     -3.5008700000e+00 least_sq_term_3
                     -9.6640000000e-02 least_sq_term_4
                      2.5340800000e+00 least_sq_term_5
                     -2.5284700000e+00 least_sq_term_6
                     -2.7326500000e+00 least_sq_term_7
                      5.3980000000e-02 least_sq_term_8
                     -3.3893700000e+00 least_sq_term_9
                      5.3156100000e+00 least_sq_term_10
                     -1.0846000000e+00 least_sq_term_11
                      3.6783500000e+00 least_sq_term_12
                      3.3574600000e+00 least_sq_term_13
                      9.1000000000e-01 least_sq_term_14
                     -4.8004000000e-01 least_sq_term_15
                      7.3248400000e+00 least_sq_term_16
                     -6.9996000000e-01 least_sq_term_17
                      5.7084000000e-01 least_sq_term_18
                      4.9242400000e+00 least_sq_term_19
                     -2.4364700000e+00 least_sq_term_20
                     -2.7616000000e-01 least_sq_term_21
                      6.4471100000e+00 least_sq_term_22
                     -6.7185000000e-01 least_sq_term_23
                     -2.3430700000e+00 least_sq_term_24
                      5.5734800000e+00 least_sq_term_25
                     -9.7918000000e-01 least_sq_term_26
                     -1.1662000000e+00 least_sq_term_27
                      1.0144930000e+01 least_sq_term_28
                     -1.7924100000e+00 least_sq_term_29
                     -7.9289000000e-01 least_sq_term_30



>>>>> Appending to global_kriging approximations.

<<<<< global_kriging approximation updates completed.

>>>>> Initiating global iteration 29 (acquisition batch 1)
NCSU DIRECT succeeded with code 4
(volume of best hyperrectangle is less than the prescribed percentage of the original)

Results of EGO iteration:
Final point =
                      1.1639231824e-01 radius
                      7.5713305898e-01 time_gap
                      8.9320987654e+00 strength_neighbor
                      1.5213991770e-01 range_neighbor
                      5.1196844993e+00 strength_geometry
                      5.2091906722e-02 range_geometry
                      1.5500000000e+00 desired_speed
Expected Improvement    =
                      9.6199686534e+01

---------------------
Begin Evaluation   57
---------------------
Parameters for evaluation 57:
                      1.1639231824e-01 radius
                      7.5713305898e-01 time_gap
                      8.9320987654e+00 strength_neighbor
                      1.5213991770e-01 range_neighbor
                      5.1196844993e+00 strength_geometry
                      5.2091906722e-02 range_geometry
                      1.5500000000e+00 desired_speed

blocking fork: python3 driver_joint.py params.in results.out

Active response data for evaluation 57:
Active set vector = { 1 1 1 1 1 1 1 1 1 1 1 1 1 1 1 1 1 1 1 1 1 1 1 1 1 1 1 1 1 1 }
                      9.8140000000e-01 least_sq_term_1
                      3.0884000000e-01 least_sq_term_2
                     -5.7804000000e-01 least_sq_term_3
                      9.0531000000e-01 least_sq_term_4
                      1.1972000000e-01 least_sq_term_5
                     -8.2445000000e-01 least_sq_term_6
                     -2.1621900000e+00 least_sq_term_7
                      2.3498000000e-01 least_sq_term_8
                     -2.5110600000e+00 least_sq_term_9
                      3.8183700000e+00 least_sq_term_10
                      4.1177000000e-01 least_sq_term_11
                      4.1681100000e+00 least_sq_term_12
                      2.7258600000e+00 least_sq_term_13
                      9.5200000000e-02 least_sq_term_14
                      7.0191000000e-01 least_sq_term_15
                      5.4252200000e+00 least_sq_term_16
                     -1.1449000000e-01 least_sq_term_17
                      2.2284200000e+00 least_sq_term_18
                      3.1250000000e+00 least_sq_term_19
                     -1.0398900000e+00 least_sq_term_20
                      6.1612200000e+00 least_sq_term_21
                      5.3151100000e+00 least_sq_term_22
                      9.0072000000e-01 least_sq_term_23
                      3.0435000000e-01 least_sq_term_24
                      4.5035800000e+00 least_sq_term_25
                      6.4931000000e-01 least_sq_term_26
                      3.2455800000e+00 least_sq_term_27
                      8.5532100000e+00 least_sq_term_28
                      1.1185000000e-01 least_sq_term_29
                      4.2162200000e+00 least_sq_term_30



>>>>> Appending to global_kriging approximations.

<<<<< global_kriging approximation updates completed.

>>>>> Initiating global iteration 30 (acquisition batch 1)
NCSU DIRECT succeeded with code 4
(volume of best hyperrectangle is less than the prescribed percentage of the original)

Results of EGO iteration:
Final point =
                      1.2270233196e-01 radius
                      6.6961591221e-01 time_gap
                      5.5493827160e+00 strength_neighbor
                      8.5418381344e-02 range_neighbor
                      6.2664609053e+00 strength_geometry
                      4.5054869684e-02 range_geometry
                      1.5500000000e+00 desired_speed
Expected Improvement    =
                      7.2459265285e+01

---------------------
Begin Evaluation   58
---------------------
Parameters for evaluation 58:
                      1.2270233196e-01 radius
                      6.6961591221e-01 time_gap
                      5.5493827160e+00 strength_neighbor
                      8.5418381344e-02 range_neighbor
                      6.2664609053e+00 strength_geometry
                      4.5054869684e-02 range_geometry
                      1.5500000000e+00 desired_speed

blocking fork: python3 driver_joint.py params.in results.out

Active response data for evaluation 58:
Active set vector = { 1 1 1 1 1 1 1 1 1 1 1 1 1 1 1 1 1 1 1 1 1 1 1 1 1 1 1 1 1 1 }
                      1.2278900000e+00 least_sq_term_1
                      4.3480900000e+00 least_sq_term_2
                     -2.9545700000e+00 least_sq_term_3
                      6.2528000000e-01 least_sq_term_4
                      2.1704400000e+00 least_sq_term_5
                     -1.7584000000e+00 least_sq_term_6
                     -2.3467200000e+00 least_sq_term_7
                      1.1618000000e-01 least_sq_term_8
                     -2.9410500000e+00 least_sq_term_9
                      5.4626500000e+00 least_sq_term_10
                     -7.2215000000e-01 least_sq_term_11
                      3.2729900000e+00 least_sq_term_12
                      3.4789600000e+00 least_sq_term_13
                     -1.1474000000e-01 least_sq_term_14
                      9.7992000000e-01 least_sq_term_15
                      7.0977900000e+00 least_sq_term_16
                     -1.2904800000e+00 least_sq_term_17
                      3.3040700000e+00 least_sq_term_18
                      3.8369300000e+00 least_sq_term_19
                     -1.7673700000e+00 least_sq_term_20
                      1.1206100000e+00 least_sq_term_21
                      5.6713000000e+00 least_sq_term_22
                      5.6562000000e-01 least_sq_term_23
                     -2.6518300000e+00 least_sq_term_24
                      5.2204600000e+00 least_sq_term_25
                      3.1000000000e-02 least_sq_term_26
                     -1.1735500000e+00 least_sq_term_27
                     -1.5134700000e+01 least_sq_term_28
                      7.6269700000e+00 least_sq_term_29
                      9.7229800000e+00 least_sq_term_30



>>>>> Appending to global_kriging approximations.

<<<<< global_kriging approximation updates completed.

>>>>> Initiating global iteration 31 (acquisition batch 1)
NCSU DIRECT succeeded with code 4
(volume of best hyperrectangle is less than the prescribed percentage of the original)

Results of EGO iteration:
Final point =
                      1.3106995885e-01 radius
                      5.8964334705e-01 time_gap
                      8.1296296296e+00 strength_neighbor
                      7.8120713306e-02 range_neighbor
                      2.4873113855e+00 strength_geometry
                      3.8017832647e-02 range_geometry
                      1.5500000000e+00 desired_speed
Expected Improvement    =
                      7.6722474664e+01

---------------------
Begin Evaluation   59
---------------------
Parameters for evaluation 59:
                      1.3106995885e-01 radius
                      5.8964334705e-01 time_gap
                      8.1296296296e+00 strength_neighbor
                      7.8120713306e-02 range_neighbor
                      2.4873113855e+00 strength_geometry
                      3.8017832647e-02 range_geometry
                      1.5500000000e+00 desired_speed

blocking fork: python3 driver_joint.py params.in results.out

Active response data for evaluation 59:
Active set vector = { 1 1 1 1 1 1 1 1 1 1 1 1 1 1 1 1 1 1 1 1 1 1 1 1 1 1 1 1 1 1 }
                      2.6875600000e+00 least_sq_term_1
                      2.7320700000e+00 least_sq_term_2
                     -1.5678400000e+00 least_sq_term_3
                      1.2513200000e+00 least_sq_term_4
                      1.0020900000e+00 least_sq_term_5
                     -7.3294000000e-01 least_sq_term_6
                     -1.5383400000e+00 least_sq_term_7
                      4.6787000000e-01 least_sq_term_8
                     -2.1811300000e+00 least_sq_term_9
                      5.4626500000e+00 least_sq_term_10
                     -3.2547000000e-01 least_sq_term_11
                      1.5046100000e+00 least_sq_term_12
                      4.7250900000e+00 least_sq_term_13
                      1.7238000000e-01 least_sq_term_14
                      1.2200800000e+00 least_sq_term_15
                      7.5562700000e+00 least_sq_term_16
                     -9.8954000000e-01 least_sq_term_17
                      3.2669100000e+00 least_sq_term_18
                      5.4263600000e+00 least_sq_term_19
                     -2.1489200000e+00 least_sq_term_20
                      1.2141400000e+00 least_sq_term_21
                      6.8699200000e+00 least_sq_term_22
                      6.9666000000e-01 least_sq_term_23
                     -1.3982300000e+00 least_sq_term_24
                      6.0622700000e+00 least_sq_term_25
                     -3.8980000000e-02 least_sq_term_26
                      3.4689000000e-01 least_sq_term_27
                      1.0526320000e+01 least_sq_term_28
                     -7.7682000000e-01 least_sq_term_29
                      9.1909000000e-01 least_sq_term_30



>>>>> Appending to global_kriging approximations.

<<<<< global_kriging approximation updates completed.

>>>>> Initiating global iteration 32 (acquisition batch 1)
NCSU DIRECT succeeded with code 4
(volume of best hyperrectangle is less than the prescribed percentage of the original)

Results of EGO iteration:
Final point =
                      1.1790123457e-01 radius
                      5.3381344307e-01 time_gap
                      4.5493827160e+00 strength_neighbor
                      1.7455418381e-01 range_neighbor
                      2.0963648834e+00 strength_geometry
                      6.9293552812e-02 range_geometry
                      1.5500000000e+00 desired_speed
Expected Improvement    =
                      7.0466406622e+01

---------------------
Begin Evaluation   60
---------------------
Parameters for evaluation 60:
                      1.1790123457e-01 radius
                      5.3381344307e-01 time_gap
                      4.5493827160e+00 strength_neighbor
                      1.7455418381e-01 range_neighbor
                      2.0963648834e+00 strength_geometry
                      6.9293552812e-02 range_geometry
                      1.5500000000e+00 desired_speed

blocking fork: python3 driver_joint.py params.in results.out

Active response data for evaluation 60:
Active set vector = { 1 1 1 1 1 1 1 1 1 1 1 1 1 1 1 1 1 1 1 1 1 1 1 1 1 1 1 1 1 1 }
                      9.8054400000e+00 least_sq_term_1
                      1.4397300000e+00 least_sq_term_2
                      2.8945200000e+00 least_sq_term_3
                      9.0916600000e+00 least_sq_term_4
                      1.2421900000e+00 least_sq_term_5
                      2.4068100000e+00 least_sq_term_6
                      4.8185400000e+00 least_sq_term_7
                      1.3092000000e+00 least_sq_term_8
                      3.6540000000e-02 least_sq_term_9
                      6.8801900000e+00 least_sq_term_10
                      4.5616000000e-01 least_sq_term_11
                      3.7133400000e+00 least_sq_term_12
                      7.0476200000e+00 least_sq_term_13
                      7.0516000000e-01 least_sq_term_14
                      1.7435600000e+00 least_sq_term_15
                      9.0443700000e+00 least_sq_term_16
                     -2.0562000000e-01 least_sq_term_17
                      2.9908600000e+00 least_sq_term_18
                      6.5040700000e+00 least_sq_term_19
                     -2.1274100000e+00 least_sq_term_20
                      5.3906300000e+00 least_sq_term_21
                      9.6276100000e+00 least_sq_term_22
                      3.8175000000e-01 least_sq_term_23
                      1.1049900000e+00 least_sq_term_24
                      8.1334900000e+00 least_sq_term_25
                      2.1077000000e-01 least_sq_term_26
                      2.8095500000e+00 least_sq_term_27
                      1.3110070000e+01 least_sq_term_28
                     -3.5659000000e-01 least_sq_term_29
                      4.1275900000e+00 least_sq_term_30



>>>>> Appending to global_kriging approximations.

<<<<< global_kriging approximation updates completed.

>>>>> Initiating global iteration 33 (acquisition batch 1)
NCSU DIRECT succeeded with code 4
(volume of best hyperrectangle is less than the prescribed percentage of the original)

Results of EGO iteration:
Final point =
                      1.2599451303e-01 radius
                      5.8964334705e-01 time_gap
                      4.3395061728e+00 strength_neighbor
                      1.4692729767e-01 range_neighbor
                      2.0833333333e+00 strength_geometry
                      8.7277091907e-02 range_geometry
                      1.5500000000e+00 desired_speed
Expected Improvement    =
                      6.9951062270e+01

---------------------
Begin Evaluation   61
---------------------
Parameters for evaluation 61:
                      1.2599451303e-01 radius
                      5.8964334705e-01 time_gap
                      4.3395061728e+00 strength_neighbor
                      1.4692729767e-01 range_neighbor
                      2.0833333333e+00 strength_geometry
                      8.7277091907e-02 range_geometry
                      1.5500000000e+00 desired_speed

blocking fork: python3 driver_joint.py params.in results.out

Active response data for evaluation 61:
Active set vector = { 1 1 1 1 1 1 1 1 1 1 1 1 1 1 1 1 1 1 1 1 1 1 1 1 1 1 1 1 1 1 }
                      5.3479400000e+00 least_sq_term_1
                      2.1736900000e+00 least_sq_term_2
                     -3.4510000000e-02 least_sq_term_3
                      3.9522300000e+00 least_sq_term_4
                      1.5117200000e+00 least_sq_term_5
                     -8.7220000000e-02 least_sq_term_6
                      2.4687400000e+00 least_sq_term_7
                      5.0030000000e-02 least_sq_term_8
                      8.6950000000e-01 least_sq_term_9
                      5.9158100000e+00 least_sq_term_10
                      2.4863000000e-01 least_sq_term_11
                      2.6116700000e+00 least_sq_term_12
                      4.5881300000e+00 least_sq_term_13
                      2.6965000000e-01 least_sq_term_14
                      1.0321900000e+00 least_sq_term_15
                      7.9520700000e+00 least_sq_term_16
                     -9.6756000000e-01 least_sq_term_17
                      3.4573300000e+00 least_sq_term_18
                      5.1724100000e+00 least_sq_term_19
                     -2.0290500000e+00 least_sq_term_20
                      4.0416800000e+00 least_sq_term_21
                      7.3084900000e+00 least_sq_term_22
                      7.4366000000e-01 least_sq_term_23
                     -5.9684000000e-01 least_sq_term_24
                      6.3148100000e+00 least_sq_term_25
                      1.7048000000e-01 least_sq_term_26
                      1.1523000000e+00 least_sq_term_27
                      1.1038650000e+01 least_sq_term_28
                     -3.2013000000e-01 least_sq_term_29
                      2.0583300000e+00 least_sq_term_30



>>>>> Appending to global_kriging approximations.

<<<<< global_kriging approximation updates completed.

>>>>> Initiating global iteration 34 (acquisition batch 1)
NCSU DIRECT succeeded with code 4
(volume of best hyperrectangle is less than the prescribed percentage of the original)

Results of EGO iteration:
Final point =
                      1.2091906722e-01 radius
                      6.0322359396e-01 time_gap
                      2.9938271605e+00 strength_neighbor
                      1.2034293553e-01 range_neighbor
                      2.1875857339e+00 strength_geometry
                      1.0473936900e-01 range_geometry
                      1.5500000000e+00 desired_speed
Expected Improvement    =
                      1.0757369129e+02

---------------------
Begin Evaluation   62
---------------------
Parameters for evaluation 62:
                      1.2091906722e-01 radius
                      6.0322359396e-01 time_gap
                      2.9938271605e+00 strength_neighbor
                      1.2034293553e-01 range_neighbor
                      2.1875857339e+00 strength_geometry
                      1.0473936900e-01 range_geometry
                      1.5500000000e+00 desired_speed

blocking fork: python3 driver_joint.py params.in results.out

Active response data for evaluation 62:
Active set vector = { 1 1 1 1 1 1 1 1 1 1 1 1 1 1 1 1 1 1 1 1 1 1 1 1 1 1 1 1 1 1 }
                      5.6180100000e+00 least_sq_term_1
                      4.0175300000e+00 least_sq_term_2
                     -1.0926000000e+00 least_sq_term_3
                      2.5806800000e+00 least_sq_term_4
                      3.2874600000e+00 least_sq_term_5
                     -1.5257000000e+00 least_sq_term_6
                      1.3065300000e+00 least_sq_term_7
                     -1.9712000000e-01 least_sq_term_8
                     -9.2260000000e-02 least_sq_term_9
                      6.1494300000e+00 least_sq_term_10
                     -2.8753000000e-01 least_sq_term_11
                      3.0627500000e+00 least_sq_term_12
                      5.2620000000e+00 least_sq_term_13
                      1.8644000000e-01 least_sq_term_14
                      1.2515300000e+00 least_sq_term_15
                      7.8718800000e+00 least_sq_term_16
                     -5.6430000000e-01 least_sq_term_17
                      2.4804000000e+00 least_sq_term_18
                      5.3410600000e+00 least_sq_term_19
                     -2.8132400000e+00 least_sq_term_20
                      1.1368700000e+00 least_sq_term_21
                      6.6143900000e+00 least_sq_term_22
                      3.4040000000e-01 least_sq_term_23
                     -2.3396100000e+00 least_sq_term_24
                     -1.3086640000e+01 least_sq_term_25
                      6.2101200000e+00 least_sq_term_26
                     -6.3154000000e-01 least_sq_term_27
                     -1.6248860000e+01 least_sq_term_28
                      5.0246700000e+00 least_sq_term_29
                      2.6161820000e+01 least_sq_term_30



>>>>> Appending to global_kriging approximations.

<<<<< global_kriging approximation updates completed.

>>>>> Initiating global iteration 35 (acquisition batch 1)
NCSU DIRECT succeeded with code 4
(volume of best hyperrectangle is less than the prescribed percentage of the original)

Results of EGO iteration:
Final point =
                      1.0294924554e-01 radius
                      8.4012345679e-01 time_gap
                      6.7469135802e+00 strength_neighbor
                      1.6256515775e-01 range_neighbor
                      4.1944444444e+00 strength_geometry
                      7.2421124829e-02 range_geometry
                      1.5500000000e+00 desired_speed
Expected Improvement    =
                      8.6291745989e+01

---------------------
Begin Evaluation   63
---------------------
Parameters for evaluation 63:
                      1.0294924554e-01 radius
                      8.4012345679e-01 time_gap
                      6.7469135802e+00 strength_neighbor
                      1.6256515775e-01 range_neighbor
                      4.1944444444e+00 strength_geometry
                      7.2421124829e-02 range_geometry
                      1.5500000000e+00 desired_speed

blocking fork: python3 driver_joint.py params.in results.out

Active response data for evaluation 63:
Active set vector = { 1 1 1 1 1 1 1 1 1 1 1 1 1 1 1 1 1 1 1 1 1 1 1 1 1 1 1 1 1 1 }
                      2.2867400000e+00 least_sq_term_1
                      1.8024100000e+00 least_sq_term_2
                     -1.1196200000e+00 least_sq_term_3
                      1.0578300000e+00 least_sq_term_4
                      1.5769500000e+00 least_sq_term_5
                     -1.4944000000e+00 least_sq_term_6
                     -1.4975600000e+00 least_sq_term_7
                      1.4884100000e+00 least_sq_term_8
                     -2.8868000000e+00 least_sq_term_9
                      3.8183700000e+00 least_sq_term_10
                     -2.2079000000e-01 least_sq_term_11
                      2.9754500000e+00 least_sq_term_12
                      4.2929300000e+00 least_sq_term_13
                      7.7630000000e-02 least_sq_term_14
                      8.4432000000e-01 least_sq_term_15
                      5.6213000000e+00 least_sq_term_16
                     -1.2404700000e+00 least_sq_term_17
                      3.3437300000e+00 least_sq_term_18
                      3.0565200000e+00 least_sq_term_19
                     -1.5445600000e+00 least_sq_term_20
                      4.4409700000e+00 least_sq_term_21
                      5.2357400000e+00 least_sq_term_22
                      9.7172000000e-01 least_sq_term_23
                     -7.9206000000e-01 least_sq_term_24
                      5.0823700000e+00 least_sq_term_25
                      5.0168000000e-01 least_sq_term_26
                      1.9929200000e+00 least_sq_term_27
                      8.9932900000e+00 least_sq_term_28
                     -1.0316000000e-01 least_sq_term_29
                      3.2616500000e+00 least_sq_term_30



>>>>> Appending to global_kriging approximations.

<<<<< global_kriging approximation updates completed.

>>>>> Initiating global iteration 36 (acquisition batch 1)
NCSU DIRECT succeeded with code 4
(volume of best hyperrectangle is less than the prescribed percentage of the original)

Results of EGO iteration:
Final point =
                      1.1049382716e-01 radius
                      1.1992455418e+00 time_gap
                      6.7222222222e+00 strength_neighbor
                      1.8914951989e-01 range_neighbor
                      4.7938957476e+00 strength_geometry
                      3.1241426612e-02 range_geometry
                      1.5500000000e+00 desired_speed
Expected Improvement    =
                      9.5284315378e+01

---------------------
Begin Evaluation   64
---------------------
Parameters for evaluation 64:
                      1.1049382716e-01 radius
                      1.1992455418e+00 time_gap
                      6.7222222222e+00 strength_neighbor
                      1.8914951989e-01 range_neighbor
                      4.7938957476e+00 strength_geometry
                      3.1241426612e-02 range_geometry
                      1.5500000000e+00 desired_speed

blocking fork: python3 driver_joint.py params.in results.out

Active response data for evaluation 64:
Active set vector = { 1 1 1 1 1 1 1 1 1 1 1 1 1 1 1 1 1 1 1 1 1 1 1 1 1 1 1 1 1 1 }
                     -2.7702500000e+00 least_sq_term_1
                     -3.1807000000e-01 least_sq_term_2
                     -2.2907400000e+00 least_sq_term_3
                     -4.0861500000e+00 least_sq_term_4
                     -5.3148000000e-01 least_sq_term_5
                     -2.9572400000e+00 least_sq_term_6
                     -6.0482900000e+00 least_sq_term_7
                     -4.7803000000e-01 least_sq_term_8
                     -3.9480500000e+00 least_sq_term_9
                     -4.4935000000e-01 least_sq_term_10
                      3.2914000000e-01 least_sq_term_11
                      2.7535700000e+00 least_sq_term_12
                     -7.8150000000e-01 least_sq_term_13
                     -1.3147400000e+00 least_sq_term_14
                     -5.7940000000e-02 least_sq_term_15
                      3.1058600000e+00 least_sq_term_16
                     -1.4504400000e+00 least_sq_term_17
                      3.5980400000e+00 least_sq_term_18
                      1.6613100000e+00 least_sq_term_19
                     -5.8136000000e-01 least_sq_term_20
                      8.5324000000e+00 least_sq_term_21
                      2.9471500000e+00 least_sq_term_22
                      3.1341000000e-01 least_sq_term_23
                     -5.6991000000e-01 least_sq_term_24
                      2.3262900000e+00 least_sq_term_25
                      2.9362000000e-01 least_sq_term_26
                      1.8311400000e+00 least_sq_term_27
                      5.8765700000e+00 least_sq_term_28
                      1.0570000000e-01 least_sq_term_29
                      3.2031300000e+00 least_sq_term_30



>>>>> Appending to global_kriging approximations.

<<<<< global_kriging approximation updates completed.

>>>>> Initiating global iteration 37 (acquisition batch 1)
NCSU DIRECT succeeded with code 4
(volume of best hyperrectangle is less than the prescribed percentage of the original)

Results of EGO iteration:
Final point =
                      1.2009602195e-01 radius
                      4.6591220850e-01 time_gap
                      5.0061728395e+00 strength_neighbor
                      1.4640603567e-01 range_neighbor
                      2.1224279835e+00 strength_geometry
                      1.0656378601e-01 range_geometry
                      1.5500000000e+00 desired_speed
Expected Improvement    =
                      6.9501089642e+01

---------------------
Begin Evaluation   65
---------------------
Parameters for evaluation 65:
                      1.2009602195e-01 radius
                      4.6591220850e-01 time_gap
                      5.0061728395e+00 strength_neighbor
                      1.4640603567e-01 range_neighbor
                      2.1224279835e+00 strength_geometry
                      1.0656378601e-01 range_geometry
                      1.5500000000e+00 desired_speed

blocking fork: python3 driver_joint.py params.in results.out

Active response data for evaluation 65:
Active set vector = { 1 1 1 1 1 1 1 1 1 1 1 1 1 1 1 1 1 1 1 1 1 1 1 1 1 1 1 1 1 1 }
                     -1.6666670000e+01 least_sq_term_1
                     -1.0000000000e+01 least_sq_term_2
                     -1.0000000000e+01 least_sq_term_3
                     -1.6666670000e+01 least_sq_term_4
                     -1.0000000000e+01 least_sq_term_5
                     -1.0000000000e+01 least_sq_term_6
                     -1.6666670000e+01 least_sq_term_7
                     -1.0000000000e+01 least_sq_term_8
                     -1.0000000000e+01 least_sq_term_9
                      8.6845500000e+00 least_sq_term_10
                      4.0901000000e-01 least_sq_term_11
                      4.4661600000e+00 least_sq_term_12
                      8.4468000000e+00 least_sq_term_13
                      9.5607000000e-01 least_sq_term_14
                      2.0631400000e+00 least_sq_term_15
                      1.0628020000e+01 least_sq_term_16
                     -2.5386000000e-01 least_sq_term_17
                      3.2667400000e+00 least_sq_term_18
                      7.6923100000e+00 least_sq_term_19
                     -2.0899600000e+00 least_sq_term_20
                      5.1491000000e+00 least_sq_term_21
                      1.0251050000e+01 least_sq_term_22
                      8.5323000000e-01 least_sq_term_23
                      2.1205000000e-01 least_sq_term_24
                      9.3501000000e+00 least_sq_term_25
                      2.5510000000e-01 least_sq_term_26
                      3.5115900000e+00 least_sq_term_27
                      1.4366880000e+01 least_sq_term_28
                     -2.7183000000e-01 least_sq_term_29
                      4.2432700000e+00 least_sq_term_30



>>>>> Appending to global_kriging approximations.

<<<<< global_kriging approximation updates completed.

>>>>> Initiating global iteration 38 (acquisition batch 1)
NCSU DIRECT succeeded with code 4
(volume of best hyperrectangle is less than the prescribed percentage of the original)

Results of EGO iteration:
Final point =
                      1.3916323731e-01 radius
                      6.1227709191e-01 time_gap
                      8.0061728395e+00 strength_neighbor
                      9.9492455418e-02 range_neighbor
                      1.9660493827e+00 strength_geometry
                      4.7661179698e-02 range_geometry
                      1.5500000000e+00 desired_speed
Expected Improvement    =
                      1.0068237195e+02

---------------------
Begin Evaluation   66
---------------------
Parameters for evaluation 66:
                      1.3916323731e-01 radius
                      6.1227709191e-01 time_gap
                      8.0061728395e+00 strength_neighbor
                      9.9492455418e-02 range_neighbor
                      1.9660493827e+00 strength_geometry
                      4.7661179698e-02 range_geometry
                      1.5500000000e+00 desired_speed

blocking fork: python3 driver_joint.py params.in results.out

Active response data for evaluation 66:
Active set vector = { 1 1 1 1 1 1 1 1 1 1 1 1 1 1 1 1 1 1 1 1 1 1 1 1 1 1 1 1 1 1 }
                      7.5044000000e-01 least_sq_term_1
                      1.0894300000e+00 least_sq_term_2
                     -1.2898500000e+00 least_sq_term_3
                      2.6710000000e-02 least_sq_term_4
                      4.4125000000e-01 least_sq_term_5
                     -1.0703900000e+00 least_sq_term_6
                     -1.9484500000e+00 least_sq_term_7
                     -7.6005000000e-01 least_sq_term_8
                     -8.4555000000e-01 least_sq_term_9
                      4.2061000000e+00 least_sq_term_10
                      4.5229000000e-01 least_sq_term_11
                      2.9637500000e+00 least_sq_term_12
                      3.6019500000e+00 least_sq_term_13
                      9.8330000000e-02 least_sq_term_14
                      5.7849000000e-01 least_sq_term_15
                      6.1616200000e+00 least_sq_term_16
                     -6.1114000000e-01 least_sq_term_17
                      2.4821200000e+00 least_sq_term_18
                      4.5229200000e+00 least_sq_term_19
                     -1.7863000000e+00 least_sq_term_20
                      3.3874100000e+00 least_sq_term_21
                      6.1196400000e+00 least_sq_term_22
                      1.2440900000e+00 least_sq_term_23
                     -7.9030000000e-01 least_sq_term_24
                      5.2668800000e+00 least_sq_term_25
                      7.5747000000e-01 least_sq_term_26
                      1.1578300000e+00 least_sq_term_27
                      9.6286100000e+00 least_sq_term_28
                      1.1572000000e-01 least_sq_term_29
                      1.8321600000e+00 least_sq_term_30



>>>>> Appending to global_kriging approximations.

<<<<< global_kriging approximation updates completed.

>>>>> Initiating global iteration 39 (acquisition batch 1)
NCSU DIRECT succeeded with code 4
(volume of best hyperrectangle is less than the prescribed percentage of the original)

Results of EGO iteration:
Final point =
                      1.4451303155e-01 radius
                      5.6399176955e-01 time_gap
                      8.9938271605e+00 strength_neighbor
                      6.1961591221e-02 range_neighbor
                      1.9530178326e+00 strength_geometry
                      3.0720164609e-02 range_geometry
                      1.5500000000e+00 desired_speed
Expected Improvement    =
                      9.1738081921e+01

---------------------
Begin Evaluation   67
---------------------
Parameters for evaluation 67:
                      1.4451303155e-01 radius
                      5.6399176955e-01 time_gap
                      8.9938271605e+00 strength_neighbor
                      6.1961591221e-02 range_neighbor
                      1.9530178326e+00 strength_geometry
                      3.0720164609e-02 range_geometry
                      1.5500000000e+00 desired_speed

blocking fork: python3 driver_joint.py params.in results.out

Active response data for evaluation 67:
Active set vector = { 1 1 1 1 1 1 1 1 1 1 1 1 1 1 1 1 1 1 1 1 1 1 1 1 1 1 1 1 1 1 }
                      7.8009000000e-01 least_sq_term_1
                      1.5272300000e+00 least_sq_term_2
                     -1.6964200000e+00 least_sq_term_3
                     -1.3228000000e-01 least_sq_term_4
                     -1.9184000000e-01 least_sq_term_5
                     -1.9495000000e-01 least_sq_term_6
                     -3.1867700000e+00 least_sq_term_7
                     -1.5534000000e+00 least_sq_term_8
                     -1.3325800000e+00 least_sq_term_9
                      3.2630500000e+00 least_sq_term_10
                     -5.3969000000e-01 least_sq_term_11
                      2.0016100000e+00 least_sq_term_12
                      3.8271600000e+00 least_sq_term_13
                     -1.1750000000e-02 least_sq_term_14
                      7.7744000000e-01 least_sq_term_15
                      7.1730000000e+00 least_sq_term_16
                     -1.1001300000e+00 least_sq_term_17
                      3.3719800000e+00 least_sq_term_18
                      4.6019900000e+00 least_sq_term_19
                     -1.6415900000e+00 least_sq_term_20
                      1.1672400000e+00 least_sq_term_21
                      5.6454700000e+00 least_sq_term_22
                      8.1008000000e-01 least_sq_term_23
                     -2.0419700000e+00 least_sq_term_24
                      4.3316400000e+00 least_sq_term_25
                     -3.1110000000e-02 least_sq_term_26
                      2.9790000000e-01 least_sq_term_27
                      9.2366800000e+00 least_sq_term_28
                     -4.8363000000e-01 least_sq_term_29
                     -2.8880000000e-02 least_sq_term_30



>>>>> Appending to global_kriging approximations.

<<<<< global_kriging approximation updates completed.

>>>>> Initiating global iteration 40 (acquisition batch 1)
NCSU DIRECT succeeded with code 4
(volume of best hyperrectangle is less than the prescribed percentage of the original)

Results of EGO iteration:
Final point =
                      1.2860082305e-01 radius
                      4.6591220850e-01 time_gap
                      7.6604938272e+00 strength_neighbor
                      1.4692729767e-01 range_neighbor
                      2.1354595336e+00 strength_geometry
                      5.2091906722e-02 range_geometry
                      1.5500000000e+00 desired_speed
Expected Improvement    =
                      9.3098904739e+00

---------------------
Begin Evaluation   68
---------------------
Parameters for evaluation 68:
                      1.2860082305e-01 radius
                      4.6591220850e-01 time_gap
                      7.6604938272e+00 strength_neighbor
                      1.4692729767e-01 range_neighbor
                      2.1354595336e+00 strength_geometry
                      5.2091906722e-02 range_geometry
                      1.5500000000e+00 desired_speed

blocking fork: python3 driver_joint.py params.in results.out

Active response data for evaluation 68:
Active set vector = { 1 1 1 1 1 1 1 1 1 1 1 1 1 1 1 1 1 1 1 1 1 1 1 1 1 1 1 1 1 1 }
                      7.1483900000e+00 least_sq_term_1
                      2.8591000000e-01 least_sq_term_2
                      2.6647800000e+00 least_sq_term_3
                      7.6982700000e+00 least_sq_term_4
                      6.2710000000e-02 least_sq_term_5
                      3.2900700000e+00 least_sq_term_6
                      4.1768100000e+00 least_sq_term_7
                      5.4509000000e-01 least_sq_term_8
                      6.1846000000e-01 least_sq_term_9
                      7.3939400000e+00 least_sq_term_10
                      1.3422000000e+00 least_sq_term_11
                      5.1662800000e+00 least_sq_term_12
                      7.2182300000e+00 least_sq_term_13
                      4.5498000000e-01 least_sq_term_14
                      2.7000200000e+00 least_sq_term_15
                      9.4002300000e+00 least_sq_term_16
                      1.3537100000e+00 least_sq_term_17
                      2.9203300000e+00 least_sq_term_18
                      7.3839700000e+00 least_sq_term_19
                     -1.5580500000e+00 least_sq_term_20
                      8.6952600000e+00 least_sq_term_21
                      9.8079600000e+00 least_sq_term_22
                      6.9759000000e-01 least_sq_term_23
                      1.5154200000e+00 least_sq_term_24
                      8.8054200000e+00 least_sq_term_25
                      3.6948000000e-01 least_sq_term_26
                      5.4623800000e+00 least_sq_term_27
                      1.3871140000e+01 least_sq_term_28
                     -1.2108000000e-01 least_sq_term_29
                      6.4452600000e+00 least_sq_term_30



>>>>> Appending to global_kriging approximations.

<<<<< global_kriging approximation updates completed.

Stopping criteria not met: distConvergenceCntr (0) < distConvergenceLimit (1)
Stopping criteria not met: eifConvergenceCntr (0) < eifConvergenceLimit (2)
Stopping criteria met:     globalIterCount (40) >= maxIterations (40)
<<<<< Function evaluation summary: 68 total (68 new, 0 duplicate)
<<<<< Best parameters          =
                      1.1488340192e-01 radius
                      1.0242112483e+00 time_gap
                      4.0061728395e+00 strength_neighbor
                      1.8967078189e-01 range_neighbor
                      2.6045953361e+00 strength_geometry
                      4.5054869684e-02 range_geometry
                      1.5500000000e+00 desired_speed
<<<<< Best residual terms =
                     -1.4318300000e+00
                      1.5101200000e+00
                     -2.7478900000e+00
                     -2.6883200000e+00
                      1.1666100000e+00
                     -3.0817600000e+00
                     -4.2603900000e+00
                      4.7001000000e-01
                     -3.6015500000e+00
                      2.2381000000e+00
                     -1.2420000000e-02
                      2.4041700000e+00
                      4.8209000000e-01
                     -3.9894000000e-01
                     -2.9376000000e-01
                      3.9726000000e+00
                     -1.6727900000e+00
                      2.7434300000e+00
                      2.2075100000e+00
                     -1.7793000000e+00
                      4.1649100000e+00
                      4.0192900000e+00
                      3.9393000000e-01
                     -1.5908600000e+00
                      3.2020500000e+00
                      3.6885000000e-01
                      6.4862000000e-01
                      7.2590700000e+00
                     -1.7562000000e-01
                      1.3923600000e+00
<<<<< Best residual norm =  1.4435469729e+01; 0.5 * norm^2 =  1.0419139316e+02
<<<<< Best evaluation ID: 52


<<<<< Iterator efficient_global completed.
<<<<< Environment execution completed.
DAKOTA execution time in seconds:
  Total CPU        =    20.6212 [parent =    20.6212, child =     -4e-06]
  Total wall clock =    885.526
