Dakota version 6.24 released May 15 2026.
Repository revision 1ab1c9924 (2026-05-11) built May 11 2026 11:08:44.
Running MPI Dakota executable in serial mode.
Start time: Sat Sep  5 11:25:25 2026

------------------
Begin Dakota input
------------------
# Sobol indices of the 5 parameters kept after Morris screening, per observable.
# Wall repulsion fixed at defaults (strength 5, range 0.02). Cost 40*(5+2)=280 evals.
# Run:  HERMES_WIDTHS=2.4,3.6,5.0 dakota -i dakota.in -o dakota.out

environment
  tabular_data
    tabular_data_file = 'sobol_samples.dat'

method
  sampling
    sample_type lhs
    samples = 40
    seed = 3
    variance_based_decomp

variables
  uniform_uncertain = 5
    descriptors  'desired_speed' 'radius' 'time_gap' 'strength_neighbor' 'range_neighbor'
    lower_bounds  0.8   0.12  0.10   2.0   0.02
    upper_bounds  1.6   0.25  1.00  10.0   0.30

interface
  fork
    analysis_drivers = 'python3 driver.py'
    parameters_file  = 'params.in'
    results_file     = 'results.out'
    work_directory named 'runs/run' directory_tag
    link_files = '../driver.py' '../observables.py' '../scenario.py' '../exp_observables.json'
  asynchronous evaluation_concurrency = 2

responses
  response_functions = 9
    descriptors 'flow_2.4' 'density_2.4' 'speed_2.4' 'flow_3.6' 'density_3.6' 'speed_3.6' 'flow_5.0' 'density_5.0' 'speed_5.0'
  no_gradients
  no_hessians

----------------
End Dakota input
----------------

Using Dakota parser: standard
Writing new restart file 'dakota.rst'.

>>>>> Executing environment.

>>>>> Running random_sampling iterator.

NonD lhs Samples = 40 Seed (user-specified) = 3

NonD lhs Samples = 40 Seed not reset from previous LHS execution

---------------------
Begin Evaluation    1
---------------------
Parameters for evaluation 1:
                      1.1049577660e+00 desired_speed
                      1.4000982016e-01 radius
                      6.8142342610e-01 time_gap
                      8.3851465569e+00 strength_neighbor
                      2.2062228132e-01 range_neighbor

(Asynchronous job 1 added to queue)

---------------------
Begin Evaluation    2
---------------------
Parameters for evaluation 2:
                      1.3255697457e+00 desired_speed
                      1.8154324687e-01 radius
                      3.1720669418e-01 time_gap
                      8.0133938845e+00 strength_neighbor
                      1.0895026422e-01 range_neighbor

(Asynchronous job 2 added to queue)

---------------------
Begin Evaluation    3
---------------------
Parameters for evaluation 3:
                      1.5251850489e+00 desired_speed
                      2.0904672061e-01 radius
                      9.5068815024e-01 time_gap
                      3.9043208674e+00 strength_neighbor
                      2.7586991202e-01 range_neighbor

(Asynchronous job 3 added to queue)

---------------------
Begin Evaluation    4
---------------------
Parameters for evaluation 4:
                      1.1938964731e+00 desired_speed
                      1.5503602298e-01 radius
                      5.5462173265e-01 time_gap
                      3.1080239203e+00 strength_neighbor
                      2.0905057042e-02 range_neighbor

(Asynchronous job 4 added to queue)

---------------------
Begin Evaluation    5
---------------------
Parameters for evaluation 5:
                      1.4404796377e+00 desired_speed
                      1.7165246160e-01 radius
                      3.8319069029e-01 time_gap
                      6.9447878273e+00 strength_neighbor
                      1.2797310966e-01 range_neighbor

(Asynchronous job 5 added to queue)

---------------------
Begin Evaluation    6
---------------------
Parameters for evaluation 6:
                      1.0179258618e+00 desired_speed
                      1.7326090659e-01 radius
                      1.0914669813e-01 time_gap
                      4.8485350843e+00 strength_neighbor
                      2.8737466404e-01 range_neighbor

(Asynchronous job 6 added to queue)

---------------------
Begin Evaluation    7
---------------------
Parameters for evaluation 7:
                      1.0203749602e+00 desired_speed
                      1.6308715220e-01 radius
                      8.8180179001e-01 time_gap
                      2.6978582511e+00 strength_neighbor
                      1.8660422458e-01 range_neighbor

(Asynchronous job 7 added to queue)

---------------------
Begin Evaluation    8
---------------------
Parameters for evaluation 8:
                      1.2005975243e+00 desired_speed
                      2.0724869034e-01 radius
                      9.2554959075e-01 time_gap
                      2.0747200238e+00 strength_neighbor
                      2.4250011234e-01 range_neighbor

(Asynchronous job 8 added to queue)

---------------------
Begin Evaluation    9
---------------------
Parameters for evaluation 9:
                      8.2141449761e-01 desired_speed
                      2.3606908868e-01 radius
                      1.3516232717e-01 time_gap
                      2.8679697328e+00 strength_neighbor
                      2.1440917078e-01 range_neighbor

(Asynchronous job 9 added to queue)

---------------------
Begin Evaluation   10
---------------------
Parameters for evaluation 10:
                      1.0841448576e+00 desired_speed
                      2.3817508548e-01 radius
                      7.8314896486e-01 time_gap
                      5.4638990070e+00 strength_neighbor
                      2.8281767832e-01 range_neighbor

(Asynchronous job 10 added to queue)

---------------------
Begin Evaluation   11
---------------------
Parameters for evaluation 11:
                      1.2690634460e+00 desired_speed
                      1.6622136312e-01 radius
                      6.8696266077e-01 time_gap
                      6.6052052533e+00 strength_neighbor
                      3.7872944120e-02 range_neighbor

(Asynchronous job 11 added to queue)

---------------------
Begin Evaluation   12
---------------------
Parameters for evaluation 12:
                      8.1101595809e-01 desired_speed
                      1.5840710486e-01 radius
                      3.6241044099e-01 time_gap
                      7.2950177213e+00 strength_neighbor
                      5.5602005008e-02 range_neighbor

(Asynchronous job 12 added to queue)

---------------------
Begin Evaluation   13
---------------------
Parameters for evaluation 13:
                      1.2929828810e+00 desired_speed
                      1.8817198514e-01 radius
                      2.2621653244e-01 time_gap
                      7.5836060045e+00 strength_neighbor
                      1.7736167967e-01 range_neighbor

(Asynchronous job 13 added to queue)

---------------------
Begin Evaluation   14
---------------------
Parameters for evaluation 14:
                      1.4382660291e+00 desired_speed
                      1.2424567204e-01 radius
                      5.2919200256e-01 time_gap
                      9.6200208688e+00 strength_neighbor
                      1.4473846510e-01 range_neighbor

(Asynchronous job 14 added to queue)

---------------------
Begin Evaluation   15
---------------------
Parameters for evaluation 15:
                      1.1688161968e+00 desired_speed
                      2.2980820013e-01 radius
                      3.4436201301e-01 time_gap
                      7.1011148116e+00 strength_neighbor
                      8.5306999505e-02 range_neighbor

(Asynchronous job 15 added to queue)

---------------------
Begin Evaluation   16
---------------------
Parameters for evaluation 16:
                      8.7679898085e-01 desired_speed
                      1.5999568148e-01 radius
                      4.2137847686e-01 time_gap
                      6.1382955019e+00 strength_neighbor
                      1.5187435142e-01 range_neighbor

(Asynchronous job 16 added to queue)

---------------------
Begin Evaluation   17
---------------------
Parameters for evaluation 17:
                      1.2229074029e+00 desired_speed
                      1.9368524696e-01 radius
                      6.1893482054e-01 time_gap
                      8.6554646098e+00 strength_neighbor
                      2.9879615482e-01 range_neighbor

(Asynchronous job 17 added to queue)

---------------------
Begin Evaluation   18
---------------------
Parameters for evaluation 18:
                      9.7785893916e-01 desired_speed
                      1.9580724508e-01 radius
                      8.9778997394e-01 time_gap
                      2.3687574191e+00 strength_neighbor
                      1.1984720669e-01 range_neighbor

(Asynchronous job 18 added to queue)

---------------------
Begin Evaluation   19
---------------------
Parameters for evaluation 19:
                      1.3898527184e+00 desired_speed
                      2.2612358542e-01 radius
                      4.5575262452e-01 time_gap
                      4.4123057858e+00 strength_neighbor
                      3.2264980210e-02 range_neighbor

(Asynchronous job 19 added to queue)

---------------------
Begin Evaluation   20
---------------------
Parameters for evaluation 20:
                      1.5683020239e+00 desired_speed
                      2.4777624356e-01 radius
                      7.4088067450e-01 time_gap
                      8.4145124275e+00 strength_neighbor
                      1.5699899321e-01 range_neighbor

(Asynchronous job 20 added to queue)

---------------------
Begin Evaluation   21
---------------------
Parameters for evaluation 21:
                      1.4118172562e+00 desired_speed
                      2.3231298248e-01 radius
                      2.6207547690e-01 time_gap
                      3.5652256149e+00 strength_neighbor
                      1.9744947655e-01 range_neighbor

(Asynchronous job 21 added to queue)

---------------------
Begin Evaluation   22
---------------------
Parameters for evaluation 22:
                      1.1418710299e+00 desired_speed
                      1.2875269824e-01 radius
                      4.1209912114e-01 time_gap
                      3.6651614322e+00 strength_neighbor
                      2.5298385160e-01 range_neighbor

(Asynchronous job 22 added to queue)

---------------------
Begin Evaluation   23
---------------------
Parameters for evaluation 23:
                      9.3021655202e-01 desired_speed
                      2.0093421083e-01 radius
                      2.9029794396e-01 time_gap
                      9.5980602377e+00 strength_neighbor
                      2.0721326626e-01 range_neighbor

(Asynchronous job 23 added to queue)

---------------------
Begin Evaluation   24
---------------------
Parameters for evaluation 24:
                      1.2491366645e+00 desired_speed
                      2.2209458572e-01 radius
                      2.4156533740e-01 time_gap
                      6.2964891605e+00 strength_neighbor
                      2.2927547661e-01 range_neighbor

(Asynchronous job 24 added to queue)

---------------------
Begin Evaluation   25
---------------------
Parameters for evaluation 25:
                      8.8581809487e-01 desired_speed
                      2.0387901990e-01 radius
                      6.5156578871e-01 time_gap
                      9.0352124230e+00 strength_neighbor
                      1.3848707979e-01 range_neighbor

(Asynchronous job 25 added to queue)

---------------------
Begin Evaluation   26
---------------------
Parameters for evaluation 26:
                      1.0425117063e+00 desired_speed
                      2.1222848065e-01 radius
                      7.6253275992e-01 time_gap
                      5.6461168414e+00 strength_neighbor
                      4.9314703775e-02 range_neighbor

(Asynchronous job 26 added to queue)

---------------------
Begin Evaluation   27
---------------------
Parameters for evaluation 27:
                      1.5194729654e+00 desired_speed
                      1.8181699713e-01 radius
                      5.8961301603e-01 time_gap
                      3.3145587731e+00 strength_neighbor
                      1.9389472232e-01 range_neighbor

(Asynchronous job 27 added to queue)

---------------------
Begin Evaluation   28
---------------------
Parameters for evaluation 28:
                      8.5416295644e-01 desired_speed
                      2.4032513210e-01 radius
                      7.2308425931e-01 time_gap
                      7.8413932271e+00 strength_neighbor
                      2.3639782683e-01 range_neighbor

(Asynchronous job 28 added to queue)

---------------------
Begin Evaluation   29
---------------------
Parameters for evaluation 29:
                      1.0608126148e+00 desired_speed
                      2.1563028023e-01 radius
                      9.7050655937e-01 time_gap
                      4.0890290104e+00 strength_neighbor
                      6.8664708715e-02 range_neighbor

(Asynchronous job 29 added to queue)

---------------------
Begin Evaluation   30
---------------------
Parameters for evaluation 30:
                      1.1210293442e+00 desired_speed
                      2.1779970529e-01 radius
                      8.5411212894e-01 time_gap
                      5.1614045350e+00 strength_neighbor
                      4.1813516133e-02 range_neighbor

(Asynchronous job 30 added to queue)

---------------------
Begin Evaluation   31
---------------------
Parameters for evaluation 31:
                      9.0242657159e-01 desired_speed
                      1.3443147460e-01 radius
                      5.9953102107e-01 time_gap
                      5.3943205219e+00 strength_neighbor
                      2.7117335913e-01 range_neighbor

(Asynchronous job 31 added to queue)

---------------------
Begin Evaluation   32
---------------------
Parameters for evaluation 32:
                      1.5480472128e+00 desired_speed
                      2.4423142713e-01 radius
                      5.1522899685e-01 time_gap
                      9.9385301233e+00 strength_neighbor
                      9.9531554323e-02 range_neighbor

(Asynchronous job 32 added to queue)

---------------------
Begin Evaluation   33
---------------------
Parameters for evaluation 33:
                      1.3043115402e+00 desired_speed
                      1.3165651491e-01 radius
                      1.8433354233e-01 time_gap
                      2.5336269610e+00 strength_neighbor
                      9.3787137713e-02 range_neighbor

(Asynchronous job 33 added to queue)

---------------------
Begin Evaluation   34
---------------------
Parameters for evaluation 34:
                      1.4911770817e+00 desired_speed
                      1.4422747524e-01 radius
                      8.0565266032e-01 time_gap
                      5.8042451480e+00 strength_neighbor
                      1.7316777518e-01 range_neighbor

(Asynchronous job 34 added to queue)

---------------------
Begin Evaluation   35
---------------------
Parameters for evaluation 35:
                      1.4753165275e+00 desired_speed
                      1.5171241205e-01 radius
                      8.3592294904e-01 time_gap
                      7.7193327555e+00 strength_neighbor
                      2.6056158409e-01 range_neighbor

(Asynchronous job 35 added to queue)

---------------------
Begin Evaluation   36
---------------------
Parameters for evaluation 36:
                      1.3735250981e+00 desired_speed
                      1.7758487158e-01 radius
                      4.6625449396e-01 time_gap
                      6.5300953723e+00 strength_neighbor
                      2.4843565897e-01 range_neighbor

(Asynchronous job 36 added to queue)

---------------------
Begin Evaluation   37
---------------------
Parameters for evaluation 37:
                      1.5910554390e+00 desired_speed
                      1.3714349035e-01 radius
                      1.5555115552e-01 time_gap
                      4.2285198693e+00 strength_neighbor
                      1.1468277700e-01 range_neighbor

(Asynchronous job 37 added to queue)

---------------------
Begin Evaluation   38
---------------------
Parameters for evaluation 38:
                      1.3470781015e+00 desired_speed
                      1.4777010929e-01 radius
                      1.9605780056e-01 time_gap
                      4.6604527227e+00 strength_neighbor
                      7.3659372253e-02 range_neighbor

(Asynchronous job 38 added to queue)

---------------------
Begin Evaluation   39
---------------------
Parameters for evaluation 39:
                      9.8874123880e-01 desired_speed
                      1.2092145653e-01 radius
                      9.8461640201e-01 time_gap
                      9.2303721985e+00 strength_neighbor
                      1.6508423649e-01 range_neighbor

(Asynchronous job 39 added to queue)

---------------------
Begin Evaluation   40
---------------------
Parameters for evaluation 40:
                      9.5138622651e-01 desired_speed
                      1.8871383132e-01 radius
                      4.9091780638e-01 time_gap
                      8.8397952050e+00 strength_neighbor
                      8.0771282470e-02 range_neighbor

(Asynchronous job 40 added to queue)

---------------------
Begin Evaluation   41
---------------------
Parameters for evaluation 41:
                      1.5044664596e+00 desired_speed
                      2.3508354067e-01 radius
                      4.4304704802e-01 time_gap
                      5.0226888172e+00 strength_neighbor
                      2.4073685227e-01 range_neighbor

(Asynchronous job 41 added to queue)

---------------------
Begin Evaluation   42
---------------------
Parameters for evaluation 42:
                      1.5646419678e+00 desired_speed
                      2.1357829870e-01 radius
                      8.1173475482e-01 time_gap
                      4.8680664950e+00 strength_neighbor
                      1.6681159799e-01 range_neighbor

(Asynchronous job 42 added to queue)

---------------------
Begin Evaluation   43
---------------------
Parameters for evaluation 43:
                      9.0137099845e-01 desired_speed
                      1.9391744559e-01 radius
                      9.3638166058e-01 time_gap
                      3.1351993178e+00 strength_neighbor
                      1.3492755965e-01 range_neighbor

(Asynchronous job 43 added to queue)

---------------------
Begin Evaluation   44
---------------------
Parameters for evaluation 44:
                      1.4518305201e+00 desired_speed
                      1.4624631167e-01 radius
                      4.1726299854e-01 time_gap
                      5.7132762951e+00 strength_neighbor
                      2.4783829612e-01 range_neighbor

(Asynchronous job 44 added to queue)

---------------------
Begin Evaluation   45
---------------------
Parameters for evaluation 45:
                      1.2890862356e+00 desired_speed
                      1.6412903093e-01 radius
                      3.8313842708e-01 time_gap
                      8.5348660750e+00 strength_neighbor
                      2.5188506110e-01 range_neighbor

(Asynchronous job 45 added to queue)

---------------------
Begin Evaluation   46
---------------------
Parameters for evaluation 46:
                      1.0998584711e+00 desired_speed
                      2.4350155615e-01 radius
                      5.2888466618e-01 time_gap
                      8.7429773335e+00 strength_neighbor
                      1.7054259685e-01 range_neighbor

(Asynchronous job 46 added to queue)

---------------------
Begin Evaluation   47
---------------------
Parameters for evaluation 47:
                      1.2674562301e+00 desired_speed
                      1.5833441490e-01 radius
                      9.7399620172e-01 time_gap
                      5.5016314863e+00 strength_neighbor
                      1.0252182639e-01 range_neighbor

(Asynchronous job 47 added to queue)

---------------------
Begin Evaluation   48
---------------------
Parameters for evaluation 48:
                      1.4630617860e+00 desired_speed
                      1.9595893601e-01 radius
                      2.7126086132e-01 time_gap
                      7.8691034677e+00 strength_neighbor
                      3.0503958859e-02 range_neighbor

(Asynchronous job 48 added to queue)

---------------------
Begin Evaluation   49
---------------------
Parameters for evaluation 49:
                      8.0722167550e-01 desired_speed
                      2.2339804284e-01 radius
                      3.5688850518e-01 time_gap
                      8.2113745145e+00 strength_neighbor
                      1.9177910501e-01 range_neighbor

(Asynchronous job 49 added to queue)

---------------------
Begin Evaluation   50
---------------------
Parameters for evaluation 50:
                      1.3757717827e+00 desired_speed
                      1.4327819225e-01 radius
                      3.0344569421e-01 time_gap
                      9.7578088513e+00 strength_neighbor
                      1.1727017669e-01 range_neighbor

(Asynchronous job 50 added to queue)

---------------------
Begin Evaluation   51
---------------------
Parameters for evaluation 51:
                      1.3431448931e+00 desired_speed
                      2.1956148628e-01 radius
                      5.7913060359e-01 time_gap
                      4.1659740073e+00 strength_neighbor
                      1.1027486291e-01 range_neighbor

(Asynchronous job 51 added to queue)

---------------------
Begin Evaluation   52
---------------------
Parameters for evaluation 52:
                      8.8612254593e-01 desired_speed
                      2.1499006692e-01 radius
                      9.0678399470e-01 time_gap
                      2.9592652031e+00 strength_neighbor
                      5.7033394239e-02 range_neighbor

(Asynchronous job 52 added to queue)

---------------------
Begin Evaluation   53
---------------------
Parameters for evaluation 53:
                      1.5895901462e+00 desired_speed
                      2.2810905796e-01 radius
                      4.7129327523e-01 time_gap
                      3.4891828221e+00 strength_neighbor
                      2.8326319209e-01 range_neighbor

(Asynchronous job 53 added to queue)

---------------------
Begin Evaluation   54
---------------------
Parameters for evaluation 54:
                      9.2567378900e-01 desired_speed
                      1.5145838088e-01 radius
                      1.4901712376e-01 time_gap
                      7.3646467115e+00 strength_neighbor
                      2.9643842192e-01 range_neighbor

(Asynchronous job 54 added to queue)

---------------------
Begin Evaluation   55
---------------------
Parameters for evaluation 55:
                      1.5448595637e+00 desired_speed
                      2.0818620905e-01 radius
                      1.2576902407e-01 time_gap
                      4.2920737004e+00 strength_neighbor
                      4.3922933356e-02 range_neighbor

(Asynchronous job 55 added to queue)

---------------------
Begin Evaluation   56
---------------------
Parameters for evaluation 56:
                      1.4123490836e+00 desired_speed
                      1.2739257178e-01 radius
                      8.8737670060e-01 time_gap
                      6.3855058553e+00 strength_neighbor
                      2.0804276126e-01 range_neighbor

(Asynchronous job 56 added to queue)

---------------------
Begin Evaluation   57
---------------------
Parameters for evaluation 57:
                      1.2324102536e+00 desired_speed
                      2.4764554550e-01 radius
                      7.6905310122e-01 time_gap
                      9.0828837721e+00 strength_neighbor
                      1.5903823559e-01 range_neighbor

(Asynchronous job 57 added to queue)

---------------------
Begin Evaluation   58
---------------------
Parameters for evaluation 58:
                      8.6891620357e-01 desired_speed
                      1.7437301850e-01 radius
                      6.8435250032e-01 time_gap
                      9.8954183278e+00 strength_neighbor
                      5.4400663072e-02 range_neighbor

(Asynchronous job 58 added to queue)

---------------------
Begin Evaluation   59
---------------------
Parameters for evaluation 59:
                      9.6425788671e-01 desired_speed
                      2.2647208372e-01 radius
                      1.1195792043e-01 time_gap
                      6.9632538497e+00 strength_neighbor
                      2.7643072373e-01 range_neighbor

(Asynchronous job 59 added to queue)

---------------------
Begin Evaluation   60
---------------------
Parameters for evaluation 60:
                      1.0215113281e+00 desired_speed
                      1.6687352936e-01 radius
                      8.5297809406e-01 time_gap
                      4.5269546438e+00 strength_neighbor
                      2.2014731773e-01 range_neighbor

(Asynchronous job 60 added to queue)

---------------------
Begin Evaluation   61
---------------------
Parameters for evaluation 61:
                      1.3123747317e+00 desired_speed
                      2.4329190958e-01 radius
                      6.3973253685e-01 time_gap
                      6.0054063749e+00 strength_neighbor
                      1.9580452563e-01 range_neighbor

(Asynchronous job 61 added to queue)

---------------------
Begin Evaluation   62
---------------------
Parameters for evaluation 62:
                      9.9077585324e-01 desired_speed
                      1.5339164454e-01 radius
                      6.5553121378e-01 time_gap
                      2.5713236317e+00 strength_neighbor
                      1.7439690096e-01 range_neighbor

(Asynchronous job 62 added to queue)

---------------------
Begin Evaluation   63
---------------------
Parameters for evaluation 63:
                      1.0425164208e+00 desired_speed
                      1.2984851191e-01 radius
                      9.1751911686e-01 time_gap
                      8.9816716040e+00 strength_neighbor
                      8.7681513057e-02 range_neighbor

(Asynchronous job 63 added to queue)

---------------------
Begin Evaluation   64
---------------------
Parameters for evaluation 64:
                      9.4152992561e-01 desired_speed
                      2.3257367186e-01 radius
                      2.3556306886e-01 time_gap
                      3.7430758139e+00 strength_neighbor
                      7.5304976112e-02 range_neighbor

(Asynchronous job 64 added to queue)

---------------------
Begin Evaluation   65
---------------------
Parameters for evaluation 65:
                      1.0636754463e+00 desired_speed
                      1.8190046267e-01 radius
                      8.3389025409e-01 time_gap
                      7.5808024948e+00 strength_neighbor
                      1.8497531521e-01 range_neighbor

(Asynchronous job 65 added to queue)

---------------------
Begin Evaluation   66
---------------------
Parameters for evaluation 66:
                      1.5206185839e+00 desired_speed
                      1.4039949573e-01 radius
                      7.1834154374e-01 time_gap
                      4.7560006445e+00 strength_neighbor
                      2.1433481090e-01 range_neighbor

(Asynchronous job 66 added to queue)

---------------------
Begin Evaluation   67
---------------------
Parameters for evaluation 67:
                      1.1499556566e+00 desired_speed
                      1.8558740607e-01 radius
                      2.0730550806e-01 time_gap
                      5.2382566582e+00 strength_neighbor
                      1.2675132258e-01 range_neighbor

(Asynchronous job 67 added to queue)

---------------------
Begin Evaluation   68
---------------------
Parameters for evaluation 68:
                      1.1087271417e+00 desired_speed
                      1.3606122168e-01 radius
                      5.5158331959e-01 time_gap
                      6.4105950041e+00 strength_neighbor
                      2.6389568859e-01 range_neighbor

(Asynchronous job 68 added to queue)

---------------------
Begin Evaluation   69
---------------------
Parameters for evaluation 69:
                      1.1286706858e+00 desired_speed
                      2.3912918521e-01 radius
                      7.9400005704e-01 time_gap
                      9.5470648366e+00 strength_neighbor
                      2.2421257504e-01 range_neighbor

(Asynchronous job 69 added to queue)

---------------------
Begin Evaluation   70
---------------------
Parameters for evaluation 70:
                      1.1723341057e+00 desired_speed
                      1.7652061356e-01 radius
                      3.3234094012e-01 time_gap
                      7.0503860602e+00 strength_neighbor
                      6.7349079701e-02 range_neighbor

(Asynchronous job 70 added to queue)

---------------------
Begin Evaluation   71
---------------------
Parameters for evaluation 71:
                      1.1916662382e+00 desired_speed
                      1.8049936573e-01 radius
                      6.1387532667e-01 time_gap
                      5.9742979091e+00 strength_neighbor
                      2.3627944525e-01 range_neighbor

(Asynchronous job 71 added to queue)

---------------------
Begin Evaluation   72
---------------------
Parameters for evaluation 72:
                      1.4359743654e+00 desired_speed
                      2.0702447661e-01 radius
                      9.9613971831e-01 time_gap
                      3.9343140497e+00 strength_neighbor
                      1.4543874427e-01 range_neighbor

(Asynchronous job 72 added to queue)

---------------------
Begin Evaluation   73
---------------------
Parameters for evaluation 73:
                      8.5768129337e-01 desired_speed
                      2.0319026053e-01 radius
                      6.8779354564e-01 time_gap
                      6.6440672662e+00 strength_neighbor
                      7.7439476863e-02 range_neighbor

(Asynchronous job 73 added to queue)

---------------------
Begin Evaluation   74
---------------------
Parameters for evaluation 74:
                      1.2195815451e+00 desired_speed
                      1.7100798616e-01 radius
                      7.4200588604e-01 time_gap
                      8.0373901991e+00 strength_neighbor
                      2.9153833524e-01 range_neighbor

(Asynchronous job 74 added to queue)

---------------------
Begin Evaluation   75
---------------------
Parameters for evaluation 75:
                      1.4824924350e+00 desired_speed
                      1.2004145535e-01 radius
                      3.9259599491e-01 time_gap
                      7.6046045948e+00 strength_neighbor
                      2.0620044993e-02 range_neighbor

(Asynchronous job 75 added to queue)

---------------------
Begin Evaluation   76
---------------------
Parameters for evaluation 76:
                      1.2458670903e+00 desired_speed
                      1.9918781543e-01 radius
                      2.2525899739e-01 time_gap
                      2.0812554370e+00 strength_neighbor
                      1.5282460515e-01 range_neighbor

(Asynchronous job 76 added to queue)

---------------------
Begin Evaluation   77
---------------------
Parameters for evaluation 77:
                      1.3855101695e+00 desired_speed
                      1.3775003150e-01 radius
                      2.8148207239e-01 time_gap
                      9.3431831399e+00 strength_neighbor
                      1.2320172499e-01 range_neighbor

(Asynchronous job 77 added to queue)

---------------------
Begin Evaluation   78
---------------------
Parameters for evaluation 78:
                      1.0084053299e+00 desired_speed
                      1.6220458564e-01 radius
                      1.8329545282e-01 time_gap
                      3.2211482998e+00 strength_neighbor
                      9.1622487461e-02 range_neighbor

(Asynchronous job 78 added to queue)

---------------------
Begin Evaluation   79
---------------------
Parameters for evaluation 79:
                      1.3279627382e+00 desired_speed
                      1.8967811996e-01 radius
                      4.9838626410e-01 time_gap
                      2.7733907381e+00 strength_neighbor
                      3.7020627572e-02 range_neighbor

(Asynchronous job 79 added to queue)

---------------------
Begin Evaluation   80
---------------------
Parameters for evaluation 80:
                      8.3768482857e-01 desired_speed
                      1.2325242294e-01 radius
                      5.2302241526e-01 time_gap
                      2.2084139040e+00 strength_neighbor
                      2.6551041963e-01 range_neighbor

(Asynchronous job 80 added to queue)

---------------------
Begin Evaluation   81
---------------------
Parameters for evaluation 81:
                      1.1049577660e+00 desired_speed
                      2.3508354067e-01 radius
                      4.4304704802e-01 time_gap
                      5.0226888172e+00 strength_neighbor
                      2.4073685227e-01 range_neighbor

(Asynchronous job 81 added to queue)

---------------------
Begin Evaluation   82
---------------------
Parameters for evaluation 82:
                      1.3255697457e+00 desired_speed
                      2.1357829870e-01 radius
                      8.1173475482e-01 time_gap
                      4.8680664950e+00 strength_neighbor
                      1.6681159799e-01 range_neighbor

(Asynchronous job 82 added to queue)

---------------------
Begin Evaluation   83
---------------------
Parameters for evaluation 83:
                      1.5251850489e+00 desired_speed
                      1.9391744559e-01 radius
                      9.3638166058e-01 time_gap
                      3.1351993178e+00 strength_neighbor
                      1.3492755965e-01 range_neighbor

(Asynchronous job 83 added to queue)

---------------------
Begin Evaluation   84
---------------------
Parameters for evaluation 84:
                      1.1938964731e+00 desired_speed
                      1.4624631167e-01 radius
                      4.1726299854e-01 time_gap
                      5.7132762951e+00 strength_neighbor
                      2.4783829612e-01 range_neighbor

(Asynchronous job 84 added to queue)

---------------------
Begin Evaluation   85
---------------------
Parameters for evaluation 85:
                      1.4404796377e+00 desired_speed
                      1.6412903093e-01 radius
                      3.8313842708e-01 time_gap
                      8.5348660750e+00 strength_neighbor
                      2.5188506110e-01 range_neighbor

(Asynchronous job 85 added to queue)

---------------------
Begin Evaluation   86
---------------------
Parameters for evaluation 86:
                      1.0179258618e+00 desired_speed
                      2.4350155615e-01 radius
                      5.2888466618e-01 time_gap
                      8.7429773335e+00 strength_neighbor
                      1.7054259685e-01 range_neighbor

(Asynchronous job 86 added to queue)

---------------------
Begin Evaluation   87
---------------------
Parameters for evaluation 87:
                      1.0203749602e+00 desired_speed
                      1.5833441490e-01 radius
                      9.7399620172e-01 time_gap
                      5.5016314863e+00 strength_neighbor
                      1.0252182639e-01 range_neighbor

(Asynchronous job 87 added to queue)

---------------------
Begin Evaluation   88
---------------------
Parameters for evaluation 88:
                      1.2005975243e+00 desired_speed
                      1.9595893601e-01 radius
                      2.7126086132e-01 time_gap
                      7.8691034677e+00 strength_neighbor
                      3.0503958859e-02 range_neighbor

(Asynchronous job 88 added to queue)

---------------------
Begin Evaluation   89
---------------------
Parameters for evaluation 89:
                      8.2141449761e-01 desired_speed
                      2.2339804284e-01 radius
                      3.5688850518e-01 time_gap
                      8.2113745145e+00 strength_neighbor
                      1.9177910501e-01 range_neighbor

(Asynchronous job 89 added to queue)

---------------------
Begin Evaluation   90
---------------------
Parameters for evaluation 90:
                      1.0841448576e+00 desired_speed
                      1.4327819225e-01 radius
                      3.0344569421e-01 time_gap
                      9.7578088513e+00 strength_neighbor
                      1.1727017669e-01 range_neighbor

(Asynchronous job 90 added to queue)

---------------------
Begin Evaluation   91
---------------------
Parameters for evaluation 91:
                      1.2690634460e+00 desired_speed
                      2.1956148628e-01 radius
                      5.7913060359e-01 time_gap
                      4.1659740073e+00 strength_neighbor
                      1.1027486291e-01 range_neighbor

(Asynchronous job 91 added to queue)

---------------------
Begin Evaluation   92
---------------------
Parameters for evaluation 92:
                      8.1101595809e-01 desired_speed
                      2.1499006692e-01 radius
                      9.0678399470e-01 time_gap
                      2.9592652031e+00 strength_neighbor
                      5.7033394239e-02 range_neighbor

(Asynchronous job 92 added to queue)

---------------------
Begin Evaluation   93
---------------------
Parameters for evaluation 93:
                      1.2929828810e+00 desired_speed
                      2.2810905796e-01 radius
                      4.7129327523e-01 time_gap
                      3.4891828221e+00 strength_neighbor
                      2.8326319209e-01 range_neighbor

(Asynchronous job 93 added to queue)

---------------------
Begin Evaluation   94
---------------------
Parameters for evaluation 94:
                      1.4382660291e+00 desired_speed
                      1.5145838088e-01 radius
                      1.4901712376e-01 time_gap
                      7.3646467115e+00 strength_neighbor
                      2.9643842192e-01 range_neighbor

(Asynchronous job 94 added to queue)

---------------------
Begin Evaluation   95
---------------------
Parameters for evaluation 95:
                      1.1688161968e+00 desired_speed
                      2.0818620905e-01 radius
                      1.2576902407e-01 time_gap
                      4.2920737004e+00 strength_neighbor
                      4.3922933356e-02 range_neighbor

(Asynchronous job 95 added to queue)

---------------------
Begin Evaluation   96
---------------------
Parameters for evaluation 96:
                      8.7679898085e-01 desired_speed
                      1.2739257178e-01 radius
                      8.8737670060e-01 time_gap
                      6.3855058553e+00 strength_neighbor
                      2.0804276126e-01 range_neighbor

(Asynchronous job 96 added to queue)

---------------------
Begin Evaluation   97
---------------------
Parameters for evaluation 97:
                      1.2229074029e+00 desired_speed
                      2.4764554550e-01 radius
                      7.6905310122e-01 time_gap
                      9.0828837721e+00 strength_neighbor
                      1.5903823559e-01 range_neighbor

(Asynchronous job 97 added to queue)

---------------------
Begin Evaluation   98
---------------------
Parameters for evaluation 98:
                      9.7785893916e-01 desired_speed
                      1.7437301850e-01 radius
                      6.8435250032e-01 time_gap
                      9.8954183278e+00 strength_neighbor
                      5.4400663072e-02 range_neighbor

(Asynchronous job 98 added to queue)

---------------------
Begin Evaluation   99
---------------------
Parameters for evaluation 99:
                      1.3898527184e+00 desired_speed
                      2.2647208372e-01 radius
                      1.1195792043e-01 time_gap
                      6.9632538497e+00 strength_neighbor
                      2.7643072373e-01 range_neighbor

(Asynchronous job 99 added to queue)

---------------------
Begin Evaluation  100
---------------------
Parameters for evaluation 100:
                      1.5683020239e+00 desired_speed
                      1.6687352936e-01 radius
                      8.5297809406e-01 time_gap
                      4.5269546438e+00 strength_neighbor
                      2.2014731773e-01 range_neighbor

(Asynchronous job 100 added to queue)

---------------------
Begin Evaluation  101
---------------------
Parameters for evaluation 101:
                      1.4118172562e+00 desired_speed
                      2.4329190958e-01 radius
                      6.3973253685e-01 time_gap
                      6.0054063749e+00 strength_neighbor
                      1.9580452563e-01 range_neighbor

(Asynchronous job 101 added to queue)

---------------------
Begin Evaluation  102
---------------------
Parameters for evaluation 102:
                      1.1418710299e+00 desired_speed
                      1.5339164454e-01 radius
                      6.5553121378e-01 time_gap
                      2.5713236317e+00 strength_neighbor
                      1.7439690096e-01 range_neighbor

(Asynchronous job 102 added to queue)

---------------------
Begin Evaluation  103
---------------------
Parameters for evaluation 103:
                      9.3021655202e-01 desired_speed
                      1.2984851191e-01 radius
                      9.1751911686e-01 time_gap
                      8.9816716040e+00 strength_neighbor
                      8.7681513057e-02 range_neighbor

(Asynchronous job 103 added to queue)

---------------------
Begin Evaluation  104
---------------------
Parameters for evaluation 104:
                      1.2491366645e+00 desired_speed
                      2.3257367186e-01 radius
                      2.3556306886e-01 time_gap
                      3.7430758139e+00 strength_neighbor
                      7.5304976112e-02 range_neighbor

(Asynchronous job 104 added to queue)

---------------------
Begin Evaluation  105
---------------------
Parameters for evaluation 105:
                      8.8581809487e-01 desired_speed
                      1.8190046267e-01 radius
                      8.3389025409e-01 time_gap
                      7.5808024948e+00 strength_neighbor
                      1.8497531521e-01 range_neighbor

(Asynchronous job 105 added to queue)

---------------------
Begin Evaluation  106
---------------------
Parameters for evaluation 106:
                      1.0425117063e+00 desired_speed
                      1.4039949573e-01 radius
                      7.1834154374e-01 time_gap
                      4.7560006445e+00 strength_neighbor
                      2.1433481090e-01 range_neighbor

(Asynchronous job 106 added to queue)

---------------------
Begin Evaluation  107
---------------------
Parameters for evaluation 107:
                      1.5194729654e+00 desired_speed
                      1.8558740607e-01 radius
                      2.0730550806e-01 time_gap
                      5.2382566582e+00 strength_neighbor
                      1.2675132258e-01 range_neighbor

(Asynchronous job 107 added to queue)

---------------------
Begin Evaluation  108
---------------------
Parameters for evaluation 108:
                      8.5416295644e-01 desired_speed
                      1.3606122168e-01 radius
                      5.5158331959e-01 time_gap
                      6.4105950041e+00 strength_neighbor
                      2.6389568859e-01 range_neighbor

(Asynchronous job 108 added to queue)

---------------------
Begin Evaluation  109
---------------------
Parameters for evaluation 109:
                      1.0608126148e+00 desired_speed
                      2.3912918521e-01 radius
                      7.9400005704e-01 time_gap
                      9.5470648366e+00 strength_neighbor
                      2.2421257504e-01 range_neighbor

(Asynchronous job 109 added to queue)

---------------------
Begin Evaluation  110
---------------------
Parameters for evaluation 110:
                      1.1210293442e+00 desired_speed
                      1.7652061356e-01 radius
                      3.3234094012e-01 time_gap
                      7.0503860602e+00 strength_neighbor
                      6.7349079701e-02 range_neighbor

(Asynchronous job 110 added to queue)

---------------------
Begin Evaluation  111
---------------------
Parameters for evaluation 111:
                      9.0242657159e-01 desired_speed
                      1.8049936573e-01 radius
                      6.1387532667e-01 time_gap
                      5.9742979091e+00 strength_neighbor
                      2.3627944525e-01 range_neighbor

(Asynchronous job 111 added to queue)

---------------------
Begin Evaluation  112
---------------------
Parameters for evaluation 112:
                      1.5480472128e+00 desired_speed
                      2.0702447661e-01 radius
                      9.9613971831e-01 time_gap
                      3.9343140497e+00 strength_neighbor
                      1.4543874427e-01 range_neighbor

(Asynchronous job 112 added to queue)

---------------------
Begin Evaluation  113
---------------------
Parameters for evaluation 113:
                      1.3043115402e+00 desired_speed
                      2.0319026053e-01 radius
                      6.8779354564e-01 time_gap
                      6.6440672662e+00 strength_neighbor
                      7.7439476863e-02 range_neighbor

(Asynchronous job 113 added to queue)

---------------------
Begin Evaluation  114
---------------------
Parameters for evaluation 114:
                      1.4911770817e+00 desired_speed
                      1.7100798616e-01 radius
                      7.4200588604e-01 time_gap
                      8.0373901991e+00 strength_neighbor
                      2.9153833524e-01 range_neighbor

(Asynchronous job 114 added to queue)

---------------------
Begin Evaluation  115
---------------------
Parameters for evaluation 115:
                      1.4753165275e+00 desired_speed
                      1.2004145535e-01 radius
                      3.9259599491e-01 time_gap
                      7.6046045948e+00 strength_neighbor
                      2.0620044993e-02 range_neighbor

(Asynchronous job 115 added to queue)

---------------------
Begin Evaluation  116
---------------------
Parameters for evaluation 116:
                      1.3735250981e+00 desired_speed
                      1.9918781543e-01 radius
                      2.2525899739e-01 time_gap
                      2.0812554370e+00 strength_neighbor
                      1.5282460515e-01 range_neighbor

(Asynchronous job 116 added to queue)

---------------------
Begin Evaluation  117
---------------------
Parameters for evaluation 117:
                      1.5910554390e+00 desired_speed
                      1.3775003150e-01 radius
                      2.8148207239e-01 time_gap
                      9.3431831399e+00 strength_neighbor
                      1.2320172499e-01 range_neighbor

(Asynchronous job 117 added to queue)

---------------------
Begin Evaluation  118
---------------------
Parameters for evaluation 118:
                      1.3470781015e+00 desired_speed
                      1.6220458564e-01 radius
                      1.8329545282e-01 time_gap
                      3.2211482998e+00 strength_neighbor
                      9.1622487461e-02 range_neighbor

(Asynchronous job 118 added to queue)

---------------------
Begin Evaluation  119
---------------------
Parameters for evaluation 119:
                      9.8874123880e-01 desired_speed
                      1.8967811996e-01 radius
                      4.9838626410e-01 time_gap
                      2.7733907381e+00 strength_neighbor
                      3.7020627572e-02 range_neighbor

(Asynchronous job 119 added to queue)

---------------------
Begin Evaluation  120
---------------------
Parameters for evaluation 120:
                      9.5138622651e-01 desired_speed
                      1.2325242294e-01 radius
                      5.2302241526e-01 time_gap
                      2.2084139040e+00 strength_neighbor
                      2.6551041963e-01 range_neighbor

(Asynchronous job 120 added to queue)

---------------------
Begin Evaluation  121
---------------------
Parameters for evaluation 121:
                      1.5044664596e+00 desired_speed
                      1.4000982016e-01 radius
                      4.4304704802e-01 time_gap
                      5.0226888172e+00 strength_neighbor
                      2.4073685227e-01 range_neighbor

(Asynchronous job 121 added to queue)

---------------------
Begin Evaluation  122
---------------------
Parameters for evaluation 122:
                      1.5646419678e+00 desired_speed
                      1.8154324687e-01 radius
                      8.1173475482e-01 time_gap
                      4.8680664950e+00 strength_neighbor
                      1.6681159799e-01 range_neighbor

(Asynchronous job 122 added to queue)

---------------------
Begin Evaluation  123
---------------------
Parameters for evaluation 123:
                      9.0137099845e-01 desired_speed
                      2.0904672061e-01 radius
                      9.3638166058e-01 time_gap
                      3.1351993178e+00 strength_neighbor
                      1.3492755965e-01 range_neighbor

(Asynchronous job 123 added to queue)

---------------------
Begin Evaluation  124
---------------------
Parameters for evaluation 124:
                      1.4518305201e+00 desired_speed
                      1.5503602298e-01 radius
                      4.1726299854e-01 time_gap
                      5.7132762951e+00 strength_neighbor
                      2.4783829612e-01 range_neighbor

(Asynchronous job 124 added to queue)

---------------------
Begin Evaluation  125
---------------------
Parameters for evaluation 125:
                      1.2890862356e+00 desired_speed
                      1.7165246160e-01 radius
                      3.8313842708e-01 time_gap
                      8.5348660750e+00 strength_neighbor
                      2.5188506110e-01 range_neighbor

(Asynchronous job 125 added to queue)

---------------------
Begin Evaluation  126
---------------------
Parameters for evaluation 126:
                      1.0998584711e+00 desired_speed
                      1.7326090659e-01 radius
                      5.2888466618e-01 time_gap
                      8.7429773335e+00 strength_neighbor
                      1.7054259685e-01 range_neighbor

(Asynchronous job 126 added to queue)

---------------------
Begin Evaluation  127
---------------------
Parameters for evaluation 127:
                      1.2674562301e+00 desired_speed
                      1.6308715220e-01 radius
                      9.7399620172e-01 time_gap
                      5.5016314863e+00 strength_neighbor
                      1.0252182639e-01 range_neighbor

(Asynchronous job 127 added to queue)

---------------------
Begin Evaluation  128
---------------------
Parameters for evaluation 128:
                      1.4630617860e+00 desired_speed
                      2.0724869034e-01 radius
                      2.7126086132e-01 time_gap
                      7.8691034677e+00 strength_neighbor
                      3.0503958859e-02 range_neighbor

(Asynchronous job 128 added to queue)

---------------------
Begin Evaluation  129
---------------------
Parameters for evaluation 129:
                      8.0722167550e-01 desired_speed
                      2.3606908868e-01 radius
                      3.5688850518e-01 time_gap
                      8.2113745145e+00 strength_neighbor
                      1.9177910501e-01 range_neighbor

(Asynchronous job 129 added to queue)

---------------------
Begin Evaluation  130
---------------------
Parameters for evaluation 130:
                      1.3757717827e+00 desired_speed
                      2.3817508548e-01 radius
                      3.0344569421e-01 time_gap
                      9.7578088513e+00 strength_neighbor
                      1.1727017669e-01 range_neighbor

(Asynchronous job 130 added to queue)

---------------------
Begin Evaluation  131
---------------------
Parameters for evaluation 131:
                      1.3431448931e+00 desired_speed
                      1.6622136312e-01 radius
                      5.7913060359e-01 time_gap
                      4.1659740073e+00 strength_neighbor
                      1.1027486291e-01 range_neighbor

(Asynchronous job 131 added to queue)

---------------------
Begin Evaluation  132
---------------------
Parameters for evaluation 132:
                      8.8612254593e-01 desired_speed
                      1.5840710486e-01 radius
                      9.0678399470e-01 time_gap
                      2.9592652031e+00 strength_neighbor
                      5.7033394239e-02 range_neighbor

(Asynchronous job 132 added to queue)

---------------------
Begin Evaluation  133
---------------------
Parameters for evaluation 133:
                      1.5895901462e+00 desired_speed
                      1.8817198514e-01 radius
                      4.7129327523e-01 time_gap
                      3.4891828221e+00 strength_neighbor
                      2.8326319209e-01 range_neighbor

(Asynchronous job 133 added to queue)

---------------------
Begin Evaluation  134
---------------------
Parameters for evaluation 134:
                      9.2567378900e-01 desired_speed
                      1.2424567204e-01 radius
                      1.4901712376e-01 time_gap
                      7.3646467115e+00 strength_neighbor
                      2.9643842192e-01 range_neighbor

(Asynchronous job 134 added to queue)

---------------------
Begin Evaluation  135
---------------------
Parameters for evaluation 135:
                      1.5448595637e+00 desired_speed
                      2.2980820013e-01 radius
                      1.2576902407e-01 time_gap
                      4.2920737004e+00 strength_neighbor
                      4.3922933356e-02 range_neighbor

(Asynchronous job 135 added to queue)

---------------------
Begin Evaluation  136
---------------------
Parameters for evaluation 136:
                      1.4123490836e+00 desired_speed
                      1.5999568148e-01 radius
                      8.8737670060e-01 time_gap
                      6.3855058553e+00 strength_neighbor
                      2.0804276126e-01 range_neighbor

(Asynchronous job 136 added to queue)

---------------------
Begin Evaluation  137
---------------------
Parameters for evaluation 137:
                      1.2324102536e+00 desired_speed
                      1.9368524696e-01 radius
                      7.6905310122e-01 time_gap
                      9.0828837721e+00 strength_neighbor
                      1.5903823559e-01 range_neighbor

(Asynchronous job 137 added to queue)

---------------------
Begin Evaluation  138
---------------------
Parameters for evaluation 138:
                      8.6891620357e-01 desired_speed
                      1.9580724508e-01 radius
                      6.8435250032e-01 time_gap
                      9.8954183278e+00 strength_neighbor
                      5.4400663072e-02 range_neighbor

(Asynchronous job 138 added to queue)

---------------------
Begin Evaluation  139
---------------------
Parameters for evaluation 139:
                      9.6425788671e-01 desired_speed
                      2.2612358542e-01 radius
                      1.1195792043e-01 time_gap
                      6.9632538497e+00 strength_neighbor
                      2.7643072373e-01 range_neighbor

(Asynchronous job 139 added to queue)

---------------------
Begin Evaluation  140
---------------------
Parameters for evaluation 140:
                      1.0215113281e+00 desired_speed
                      2.4777624356e-01 radius
                      8.5297809406e-01 time_gap
                      4.5269546438e+00 strength_neighbor
                      2.2014731773e-01 range_neighbor

(Asynchronous job 140 added to queue)

---------------------
Begin Evaluation  141
---------------------
Parameters for evaluation 141:
                      1.3123747317e+00 desired_speed
                      2.3231298248e-01 radius
                      6.3973253685e-01 time_gap
                      6.0054063749e+00 strength_neighbor
                      1.9580452563e-01 range_neighbor

(Asynchronous job 141 added to queue)

---------------------
Begin Evaluation  142
---------------------
Parameters for evaluation 142:
                      9.9077585324e-01 desired_speed
                      1.2875269824e-01 radius
                      6.5553121378e-01 time_gap
                      2.5713236317e+00 strength_neighbor
                      1.7439690096e-01 range_neighbor

(Asynchronous job 142 added to queue)

---------------------
Begin Evaluation  143
---------------------
Parameters for evaluation 143:
                      1.0425164208e+00 desired_speed
                      2.0093421083e-01 radius
                      9.1751911686e-01 time_gap
                      8.9816716040e+00 strength_neighbor
                      8.7681513057e-02 range_neighbor

(Asynchronous job 143 added to queue)

---------------------
Begin Evaluation  144
---------------------
Parameters for evaluation 144:
                      9.4152992561e-01 desired_speed
                      2.2209458572e-01 radius
                      2.3556306886e-01 time_gap
                      3.7430758139e+00 strength_neighbor
                      7.5304976112e-02 range_neighbor

(Asynchronous job 144 added to queue)

---------------------
Begin Evaluation  145
---------------------
Parameters for evaluation 145:
                      1.0636754463e+00 desired_speed
                      2.0387901990e-01 radius
                      8.3389025409e-01 time_gap
                      7.5808024948e+00 strength_neighbor
                      1.8497531521e-01 range_neighbor

(Asynchronous job 145 added to queue)

---------------------
Begin Evaluation  146
---------------------
Parameters for evaluation 146:
                      1.5206185839e+00 desired_speed
                      2.1222848065e-01 radius
                      7.1834154374e-01 time_gap
                      4.7560006445e+00 strength_neighbor
                      2.1433481090e-01 range_neighbor

(Asynchronous job 146 added to queue)

---------------------
Begin Evaluation  147
---------------------
Parameters for evaluation 147:
                      1.1499556566e+00 desired_speed
                      1.8181699713e-01 radius
                      2.0730550806e-01 time_gap
                      5.2382566582e+00 strength_neighbor
                      1.2675132258e-01 range_neighbor

(Asynchronous job 147 added to queue)

---------------------
Begin Evaluation  148
---------------------
Parameters for evaluation 148:
                      1.1087271417e+00 desired_speed
                      2.4032513210e-01 radius
                      5.5158331959e-01 time_gap
                      6.4105950041e+00 strength_neighbor
                      2.6389568859e-01 range_neighbor

(Asynchronous job 148 added to queue)

---------------------
Begin Evaluation  149
---------------------
Parameters for evaluation 149:
                      1.1286706858e+00 desired_speed
                      2.1563028023e-01 radius
                      7.9400005704e-01 time_gap
                      9.5470648366e+00 strength_neighbor
                      2.2421257504e-01 range_neighbor

(Asynchronous job 149 added to queue)

---------------------
Begin Evaluation  150
---------------------
Parameters for evaluation 150:
                      1.1723341057e+00 desired_speed
                      2.1779970529e-01 radius
                      3.3234094012e-01 time_gap
                      7.0503860602e+00 strength_neighbor
                      6.7349079701e-02 range_neighbor

(Asynchronous job 150 added to queue)

---------------------
Begin Evaluation  151
---------------------
Parameters for evaluation 151:
                      1.1916662382e+00 desired_speed
                      1.3443147460e-01 radius
                      6.1387532667e-01 time_gap
                      5.9742979091e+00 strength_neighbor
                      2.3627944525e-01 range_neighbor

(Asynchronous job 151 added to queue)

---------------------
Begin Evaluation  152
---------------------
Parameters for evaluation 152:
                      1.4359743654e+00 desired_speed
                      2.4423142713e-01 radius
                      9.9613971831e-01 time_gap
                      3.9343140497e+00 strength_neighbor
                      1.4543874427e-01 range_neighbor

(Asynchronous job 152 added to queue)

---------------------
Begin Evaluation  153
---------------------
Parameters for evaluation 153:
                      8.5768129337e-01 desired_speed
                      1.3165651491e-01 radius
                      6.8779354564e-01 time_gap
                      6.6440672662e+00 strength_neighbor
                      7.7439476863e-02 range_neighbor

(Asynchronous job 153 added to queue)

---------------------
Begin Evaluation  154
---------------------
Parameters for evaluation 154:
                      1.2195815451e+00 desired_speed
                      1.4422747524e-01 radius
                      7.4200588604e-01 time_gap
                      8.0373901991e+00 strength_neighbor
                      2.9153833524e-01 range_neighbor

(Asynchronous job 154 added to queue)

---------------------
Begin Evaluation  155
---------------------
Parameters for evaluation 155:
                      1.4824924350e+00 desired_speed
                      1.5171241205e-01 radius
                      3.9259599491e-01 time_gap
                      7.6046045948e+00 strength_neighbor
                      2.0620044993e-02 range_neighbor

(Asynchronous job 155 added to queue)

---------------------
Begin Evaluation  156
---------------------
Parameters for evaluation 156:
                      1.2458670903e+00 desired_speed
                      1.7758487158e-01 radius
                      2.2525899739e-01 time_gap
                      2.0812554370e+00 strength_neighbor
                      1.5282460515e-01 range_neighbor

(Asynchronous job 156 added to queue)

---------------------
Begin Evaluation  157
---------------------
Parameters for evaluation 157:
                      1.3855101695e+00 desired_speed
                      1.3714349035e-01 radius
                      2.8148207239e-01 time_gap
                      9.3431831399e+00 strength_neighbor
                      1.2320172499e-01 range_neighbor

(Asynchronous job 157 added to queue)

---------------------
Begin Evaluation  158
---------------------
Parameters for evaluation 158:
                      1.0084053299e+00 desired_speed
                      1.4777010929e-01 radius
                      1.8329545282e-01 time_gap
                      3.2211482998e+00 strength_neighbor
                      9.1622487461e-02 range_neighbor

(Asynchronous job 158 added to queue)

---------------------
Begin Evaluation  159
---------------------
Parameters for evaluation 159:
                      1.3279627382e+00 desired_speed
                      1.2092145653e-01 radius
                      4.9838626410e-01 time_gap
                      2.7733907381e+00 strength_neighbor
                      3.7020627572e-02 range_neighbor

(Asynchronous job 159 added to queue)

---------------------
Begin Evaluation  160
---------------------
Parameters for evaluation 160:
                      8.3768482857e-01 desired_speed
                      1.8871383132e-01 radius
                      5.2302241526e-01 time_gap
                      2.2084139040e+00 strength_neighbor
                      2.6551041963e-01 range_neighbor

(Asynchronous job 160 added to queue)

---------------------
Begin Evaluation  161
---------------------
Parameters for evaluation 161:
                      1.5044664596e+00 desired_speed
                      2.3508354067e-01 radius
                      6.8142342610e-01 time_gap
                      5.0226888172e+00 strength_neighbor
                      2.4073685227e-01 range_neighbor

(Asynchronous job 161 added to queue)

---------------------
Begin Evaluation  162
---------------------
Parameters for evaluation 162:
                      1.5646419678e+00 desired_speed
                      2.1357829870e-01 radius
                      3.1720669418e-01 time_gap
                      4.8680664950e+00 strength_neighbor
                      1.6681159799e-01 range_neighbor

(Asynchronous job 162 added to queue)

---------------------
Begin Evaluation  163
---------------------
Parameters for evaluation 163:
                      9.0137099845e-01 desired_speed
                      1.9391744559e-01 radius
                      9.5068815024e-01 time_gap
                      3.1351993178e+00 strength_neighbor
                      1.3492755965e-01 range_neighbor

(Asynchronous job 163 added to queue)

---------------------
Begin Evaluation  164
---------------------
Parameters for evaluation 164:
                      1.4518305201e+00 desired_speed
                      1.4624631167e-01 radius
                      5.5462173265e-01 time_gap
                      5.7132762951e+00 strength_neighbor
                      2.4783829612e-01 range_neighbor

(Asynchronous job 164 added to queue)

---------------------
Begin Evaluation  165
---------------------
Parameters for evaluation 165:
                      1.2890862356e+00 desired_speed
                      1.6412903093e-01 radius
                      3.8319069029e-01 time_gap
                      8.5348660750e+00 strength_neighbor
                      2.5188506110e-01 range_neighbor

(Asynchronous job 165 added to queue)

---------------------
Begin Evaluation  166
---------------------
Parameters for evaluation 166:
                      1.0998584711e+00 desired_speed
                      2.4350155615e-01 radius
                      1.0914669813e-01 time_gap
                      8.7429773335e+00 strength_neighbor
                      1.7054259685e-01 range_neighbor

(Asynchronous job 166 added to queue)

---------------------
Begin Evaluation  167
---------------------
Parameters for evaluation 167:
                      1.2674562301e+00 desired_speed
                      1.5833441490e-01 radius
                      8.8180179001e-01 time_gap
                      5.5016314863e+00 strength_neighbor
                      1.0252182639e-01 range_neighbor

(Asynchronous job 167 added to queue)

---------------------
Begin Evaluation  168
---------------------
Parameters for evaluation 168:
                      1.4630617860e+00 desired_speed
                      1.9595893601e-01 radius
                      9.2554959075e-01 time_gap
                      7.8691034677e+00 strength_neighbor
                      3.0503958859e-02 range_neighbor

(Asynchronous job 168 added to queue)

---------------------
Begin Evaluation  169
---------------------
Parameters for evaluation 169:
                      8.0722167550e-01 desired_speed
                      2.2339804284e-01 radius
                      1.3516232717e-01 time_gap
                      8.2113745145e+00 strength_neighbor
                      1.9177910501e-01 range_neighbor

(Asynchronous job 169 added to queue)

---------------------
Begin Evaluation  170
---------------------
Parameters for evaluation 170:
                      1.3757717827e+00 desired_speed
                      1.4327819225e-01 radius
                      7.8314896486e-01 time_gap
                      9.7578088513e+00 strength_neighbor
                      1.1727017669e-01 range_neighbor

(Asynchronous job 170 added to queue)

---------------------
Begin Evaluation  171
---------------------
Parameters for evaluation 171:
                      1.3431448931e+00 desired_speed
                      2.1956148628e-01 radius
                      6.8696266077e-01 time_gap
                      4.1659740073e+00 strength_neighbor
                      1.1027486291e-01 range_neighbor

(Asynchronous job 171 added to queue)

---------------------
Begin Evaluation  172
---------------------
Parameters for evaluation 172:
                      8.8612254593e-01 desired_speed
                      2.1499006692e-01 radius
                      3.6241044099e-01 time_gap
                      2.9592652031e+00 strength_neighbor
                      5.7033394239e-02 range_neighbor

(Asynchronous job 172 added to queue)

---------------------
Begin Evaluation  173
---------------------
Parameters for evaluation 173:
                      1.5895901462e+00 desired_speed
                      2.2810905796e-01 radius
                      2.2621653244e-01 time_gap
                      3.4891828221e+00 strength_neighbor
                      2.8326319209e-01 range_neighbor

(Asynchronous job 173 added to queue)

---------------------
Begin Evaluation  174
---------------------
Parameters for evaluation 174:
                      9.2567378900e-01 desired_speed
                      1.5145838088e-01 radius
                      5.2919200256e-01 time_gap
                      7.3646467115e+00 strength_neighbor
                      2.9643842192e-01 range_neighbor

(Asynchronous job 174 added to queue)

---------------------
Begin Evaluation  175
---------------------
Parameters for evaluation 175:
                      1.5448595637e+00 desired_speed
                      2.0818620905e-01 radius
                      3.4436201301e-01 time_gap
                      4.2920737004e+00 strength_neighbor
                      4.3922933356e-02 range_neighbor

(Asynchronous job 175 added to queue)

---------------------
Begin Evaluation  176
---------------------
Parameters for evaluation 176:
                      1.4123490836e+00 desired_speed
                      1.2739257178e-01 radius
                      4.2137847686e-01 time_gap
                      6.3855058553e+00 strength_neighbor
                      2.0804276126e-01 range_neighbor

(Asynchronous job 176 added to queue)

---------------------
Begin Evaluation  177
---------------------
Parameters for evaluation 177:
                      1.2324102536e+00 desired_speed
                      2.4764554550e-01 radius
                      6.1893482054e-01 time_gap
                      9.0828837721e+00 strength_neighbor
                      1.5903823559e-01 range_neighbor

(Asynchronous job 177 added to queue)

---------------------
Begin Evaluation  178
---------------------
Parameters for evaluation 178:
                      8.6891620357e-01 desired_speed
                      1.7437301850e-01 radius
                      8.9778997394e-01 time_gap
                      9.8954183278e+00 strength_neighbor
                      5.4400663072e-02 range_neighbor

(Asynchronous job 178 added to queue)

---------------------
Begin Evaluation  179
---------------------
Parameters for evaluation 179:
                      9.6425788671e-01 desired_speed
                      2.2647208372e-01 radius
                      4.5575262452e-01 time_gap
                      6.9632538497e+00 strength_neighbor
                      2.7643072373e-01 range_neighbor

(Asynchronous job 179 added to queue)

---------------------
Begin Evaluation  180
---------------------
Parameters for evaluation 180:
                      1.0215113281e+00 desired_speed
                      1.6687352936e-01 radius
                      7.4088067450e-01 time_gap
                      4.5269546438e+00 strength_neighbor
                      2.2014731773e-01 range_neighbor

(Asynchronous job 180 added to queue)

---------------------
Begin Evaluation  181
---------------------
Parameters for evaluation 181:
                      1.3123747317e+00 desired_speed
                      2.4329190958e-01 radius
                      2.6207547690e-01 time_gap
                      6.0054063749e+00 strength_neighbor
                      1.9580452563e-01 range_neighbor

(Asynchronous job 181 added to queue)

---------------------
Begin Evaluation  182
---------------------
Parameters for evaluation 182:
                      9.9077585324e-01 desired_speed
                      1.5339164454e-01 radius
                      4.1209912114e-01 time_gap
                      2.5713236317e+00 strength_neighbor
                      1.7439690096e-01 range_neighbor

(Asynchronous job 182 added to queue)

---------------------
Begin Evaluation  183
---------------------
Parameters for evaluation 183:
                      1.0425164208e+00 desired_speed
                      1.2984851191e-01 radius
                      2.9029794396e-01 time_gap
                      8.9816716040e+00 strength_neighbor
                      8.7681513057e-02 range_neighbor

(Asynchronous job 183 added to queue)

---------------------
Begin Evaluation  184
---------------------
Parameters for evaluation 184:
                      9.4152992561e-01 desired_speed
                      2.3257367186e-01 radius
                      2.4156533740e-01 time_gap
                      3.7430758139e+00 strength_neighbor
                      7.5304976112e-02 range_neighbor

(Asynchronous job 184 added to queue)

---------------------
Begin Evaluation  185
---------------------
Parameters for evaluation 185:
                      1.0636754463e+00 desired_speed
                      1.8190046267e-01 radius
                      6.5156578871e-01 time_gap
                      7.5808024948e+00 strength_neighbor
                      1.8497531521e-01 range_neighbor

(Asynchronous job 185 added to queue)

---------------------
Begin Evaluation  186
---------------------
Parameters for evaluation 186:
                      1.5206185839e+00 desired_speed
                      1.4039949573e-01 radius
                      7.6253275992e-01 time_gap
                      4.7560006445e+00 strength_neighbor
                      2.1433481090e-01 range_neighbor

(Asynchronous job 186 added to queue)

---------------------
Begin Evaluation  187
---------------------
Parameters for evaluation 187:
                      1.1499556566e+00 desired_speed
                      1.8558740607e-01 radius
                      5.8961301603e-01 time_gap
                      5.2382566582e+00 strength_neighbor
                      1.2675132258e-01 range_neighbor

(Asynchronous job 187 added to queue)

---------------------
Begin Evaluation  188
---------------------
Parameters for evaluation 188:
                      1.1087271417e+00 desired_speed
                      1.3606122168e-01 radius
                      7.2308425931e-01 time_gap
                      6.4105950041e+00 strength_neighbor
                      2.6389568859e-01 range_neighbor

(Asynchronous job 188 added to queue)

---------------------
Begin Evaluation  189
---------------------
Parameters for evaluation 189:
                      1.1286706858e+00 desired_speed
                      2.3912918521e-01 radius
                      9.7050655937e-01 time_gap
                      9.5470648366e+00 strength_neighbor
                      2.2421257504e-01 range_neighbor

(Asynchronous job 189 added to queue)

---------------------
Begin Evaluation  190
---------------------
Parameters for evaluation 190:
                      1.1723341057e+00 desired_speed
                      1.7652061356e-01 radius
                      8.5411212894e-01 time_gap
                      7.0503860602e+00 strength_neighbor
                      6.7349079701e-02 range_neighbor

(Asynchronous job 190 added to queue)

---------------------
Begin Evaluation  191
---------------------
Parameters for evaluation 191:
                      1.1916662382e+00 desired_speed
                      1.8049936573e-01 radius
                      5.9953102107e-01 time_gap
                      5.9742979091e+00 strength_neighbor
                      2.3627944525e-01 range_neighbor

(Asynchronous job 191 added to queue)

---------------------
Begin Evaluation  192
---------------------
Parameters for evaluation 192:
                      1.4359743654e+00 desired_speed
                      2.0702447661e-01 radius
                      5.1522899685e-01 time_gap
                      3.9343140497e+00 strength_neighbor
                      1.4543874427e-01 range_neighbor

(Asynchronous job 192 added to queue)

---------------------
Begin Evaluation  193
---------------------
Parameters for evaluation 193:
                      8.5768129337e-01 desired_speed
                      2.0319026053e-01 radius
                      1.8433354233e-01 time_gap
                      6.6440672662e+00 strength_neighbor
                      7.7439476863e-02 range_neighbor

(Asynchronous job 193 added to queue)

---------------------
Begin Evaluation  194
---------------------
Parameters for evaluation 194:
                      1.2195815451e+00 desired_speed
                      1.7100798616e-01 radius
                      8.0565266032e-01 time_gap
                      8.0373901991e+00 strength_neighbor
                      2.9153833524e-01 range_neighbor

(Asynchronous job 194 added to queue)

---------------------
Begin Evaluation  195
---------------------
Parameters for evaluation 195:
                      1.4824924350e+00 desired_speed
                      1.2004145535e-01 radius
                      8.3592294904e-01 time_gap
                      7.6046045948e+00 strength_neighbor
                      2.0620044993e-02 range_neighbor

(Asynchronous job 195 added to queue)

---------------------
Begin Evaluation  196
---------------------
Parameters for evaluation 196:
                      1.2458670903e+00 desired_speed
                      1.9918781543e-01 radius
                      4.6625449396e-01 time_gap
                      2.0812554370e+00 strength_neighbor
                      1.5282460515e-01 range_neighbor

(Asynchronous job 196 added to queue)

---------------------
Begin Evaluation  197
---------------------
Parameters for evaluation 197:
                      1.3855101695e+00 desired_speed
                      1.3775003150e-01 radius
                      1.5555115552e-01 time_gap
                      9.3431831399e+00 strength_neighbor
                      1.2320172499e-01 range_neighbor

(Asynchronous job 197 added to queue)

---------------------
Begin Evaluation  198
---------------------
Parameters for evaluation 198:
                      1.0084053299e+00 desired_speed
                      1.6220458564e-01 radius
                      1.9605780056e-01 time_gap
                      3.2211482998e+00 strength_neighbor
                      9.1622487461e-02 range_neighbor

(Asynchronous job 198 added to queue)

---------------------
Begin Evaluation  199
---------------------
Parameters for evaluation 199:
                      1.3279627382e+00 desired_speed
                      1.8967811996e-01 radius
                      9.8461640201e-01 time_gap
                      2.7733907381e+00 strength_neighbor
                      3.7020627572e-02 range_neighbor

(Asynchronous job 199 added to queue)

---------------------
Begin Evaluation  200
---------------------
Parameters for evaluation 200:
                      8.3768482857e-01 desired_speed
                      1.2325242294e-01 radius
                      4.9091780638e-01 time_gap
                      2.2084139040e+00 strength_neighbor
                      2.6551041963e-01 range_neighbor

(Asynchronous job 200 added to queue)

---------------------
Begin Evaluation  201
---------------------
Parameters for evaluation 201:
                      1.5044664596e+00 desired_speed
                      2.3508354067e-01 radius
                      4.4304704802e-01 time_gap
                      8.3851465569e+00 strength_neighbor
                      2.4073685227e-01 range_neighbor

(Asynchronous job 201 added to queue)

---------------------
Begin Evaluation  202
---------------------
Parameters for evaluation 202:
                      1.5646419678e+00 desired_speed
                      2.1357829870e-01 radius
                      8.1173475482e-01 time_gap
                      8.0133938845e+00 strength_neighbor
                      1.6681159799e-01 range_neighbor

(Asynchronous job 202 added to queue)

---------------------
Begin Evaluation  203
---------------------
Parameters for evaluation 203:
                      9.0137099845e-01 desired_speed
                      1.9391744559e-01 radius
                      9.3638166058e-01 time_gap
                      3.9043208674e+00 strength_neighbor
                      1.3492755965e-01 range_neighbor

(Asynchronous job 203 added to queue)

---------------------
Begin Evaluation  204
---------------------
Parameters for evaluation 204:
                      1.4518305201e+00 desired_speed
                      1.4624631167e-01 radius
                      4.1726299854e-01 time_gap
                      3.1080239203e+00 strength_neighbor
                      2.4783829612e-01 range_neighbor

(Asynchronous job 204 added to queue)

---------------------
Begin Evaluation  205
---------------------
Parameters for evaluation 205:
                      1.2890862356e+00 desired_speed
                      1.6412903093e-01 radius
                      3.8313842708e-01 time_gap
                      6.9447878273e+00 strength_neighbor
                      2.5188506110e-01 range_neighbor

(Asynchronous job 205 added to queue)

---------------------
Begin Evaluation  206
---------------------
Parameters for evaluation 206:
                      1.0998584711e+00 desired_speed
                      2.4350155615e-01 radius
                      5.2888466618e-01 time_gap
                      4.8485350843e+00 strength_neighbor
                      1.7054259685e-01 range_neighbor

(Asynchronous job 206 added to queue)

---------------------
Begin Evaluation  207
---------------------
Parameters for evaluation 207:
                      1.2674562301e+00 desired_speed
                      1.5833441490e-01 radius
                      9.7399620172e-01 time_gap
                      2.6978582511e+00 strength_neighbor
                      1.0252182639e-01 range_neighbor

(Asynchronous job 207 added to queue)

---------------------
Begin Evaluation  208
---------------------
Parameters for evaluation 208:
                      1.4630617860e+00 desired_speed
                      1.9595893601e-01 radius
                      2.7126086132e-01 time_gap
                      2.0747200238e+00 strength_neighbor
                      3.0503958859e-02 range_neighbor

(Asynchronous job 208 added to queue)

---------------------
Begin Evaluation  209
---------------------
Parameters for evaluation 209:
                      8.0722167550e-01 desired_speed
                      2.2339804284e-01 radius
                      3.5688850518e-01 time_gap
                      2.8679697328e+00 strength_neighbor
                      1.9177910501e-01 range_neighbor

(Asynchronous job 209 added to queue)

---------------------
Begin Evaluation  210
---------------------
Parameters for evaluation 210:
                      1.3757717827e+00 desired_speed
                      1.4327819225e-01 radius
                      3.0344569421e-01 time_gap
                      5.4638990070e+00 strength_neighbor
                      1.1727017669e-01 range_neighbor

(Asynchronous job 210 added to queue)

---------------------
Begin Evaluation  211
---------------------
Parameters for evaluation 211:
                      1.3431448931e+00 desired_speed
                      2.1956148628e-01 radius
                      5.7913060359e-01 time_gap
                      6.6052052533e+00 strength_neighbor
                      1.1027486291e-01 range_neighbor

(Asynchronous job 211 added to queue)

---------------------
Begin Evaluation  212
---------------------
Parameters for evaluation 212:
                      8.8612254593e-01 desired_speed
                      2.1499006692e-01 radius
                      9.0678399470e-01 time_gap
                      7.2950177213e+00 strength_neighbor
                      5.7033394239e-02 range_neighbor

(Asynchronous job 212 added to queue)

---------------------
Begin Evaluation  213
---------------------
Parameters for evaluation 213:
                      1.5895901462e+00 desired_speed
                      2.2810905796e-01 radius
                      4.7129327523e-01 time_gap
                      7.5836060045e+00 strength_neighbor
                      2.8326319209e-01 range_neighbor

(Asynchronous job 213 added to queue)

---------------------
Begin Evaluation  214
---------------------
Parameters for evaluation 214:
                      9.2567378900e-01 desired_speed
                      1.5145838088e-01 radius
                      1.4901712376e-01 time_gap
                      9.6200208688e+00 strength_neighbor
                      2.9643842192e-01 range_neighbor

(Asynchronous job 214 added to queue)

---------------------
Begin Evaluation  215
---------------------
Parameters for evaluation 215:
                      1.5448595637e+00 desired_speed
                      2.0818620905e-01 radius
                      1.2576902407e-01 time_gap
                      7.1011148116e+00 strength_neighbor
                      4.3922933356e-02 range_neighbor

(Asynchronous job 215 added to queue)

---------------------
Begin Evaluation  216
---------------------
Parameters for evaluation 216:
                      1.4123490836e+00 desired_speed
                      1.2739257178e-01 radius
                      8.8737670060e-01 time_gap
                      6.1382955019e+00 strength_neighbor
                      2.0804276126e-01 range_neighbor

(Asynchronous job 216 added to queue)

---------------------
Begin Evaluation  217
---------------------
Parameters for evaluation 217:
                      1.2324102536e+00 desired_speed
                      2.4764554550e-01 radius
                      7.6905310122e-01 time_gap
                      8.6554646098e+00 strength_neighbor
                      1.5903823559e-01 range_neighbor

(Asynchronous job 217 added to queue)

---------------------
Begin Evaluation  218
---------------------
Parameters for evaluation 218:
                      8.6891620357e-01 desired_speed
                      1.7437301850e-01 radius
                      6.8435250032e-01 time_gap
                      2.3687574191e+00 strength_neighbor
                      5.4400663072e-02 range_neighbor

(Asynchronous job 218 added to queue)

---------------------
Begin Evaluation  219
---------------------
Parameters for evaluation 219:
                      9.6425788671e-01 desired_speed
                      2.2647208372e-01 radius
                      1.1195792043e-01 time_gap
                      4.4123057858e+00 strength_neighbor
                      2.7643072373e-01 range_neighbor

(Asynchronous job 219 added to queue)

---------------------
Begin Evaluation  220
---------------------
Parameters for evaluation 220:
                      1.0215113281e+00 desired_speed
                      1.6687352936e-01 radius
                      8.5297809406e-01 time_gap
                      8.4145124275e+00 strength_neighbor
                      2.2014731773e-01 range_neighbor

(Asynchronous job 220 added to queue)

---------------------
Begin Evaluation  221
---------------------
Parameters for evaluation 221:
                      1.3123747317e+00 desired_speed
                      2.4329190958e-01 radius
                      6.3973253685e-01 time_gap
                      3.5652256149e+00 strength_neighbor
                      1.9580452563e-01 range_neighbor

(Asynchronous job 221 added to queue)

---------------------
Begin Evaluation  222
---------------------
Parameters for evaluation 222:
                      9.9077585324e-01 desired_speed
                      1.5339164454e-01 radius
                      6.5553121378e-01 time_gap
                      3.6651614322e+00 strength_neighbor
                      1.7439690096e-01 range_neighbor

(Asynchronous job 222 added to queue)

---------------------
Begin Evaluation  223
---------------------
Parameters for evaluation 223:
                      1.0425164208e+00 desired_speed
                      1.2984851191e-01 radius
                      9.1751911686e-01 time_gap
                      9.5980602377e+00 strength_neighbor
                      8.7681513057e-02 range_neighbor

(Asynchronous job 223 added to queue)

---------------------
Begin Evaluation  224
---------------------
Parameters for evaluation 224:
                      9.4152992561e-01 desired_speed
                      2.3257367186e-01 radius
                      2.3556306886e-01 time_gap
                      6.2964891605e+00 strength_neighbor
                      7.5304976112e-02 range_neighbor

(Asynchronous job 224 added to queue)

---------------------
Begin Evaluation  225
---------------------
Parameters for evaluation 225:
                      1.0636754463e+00 desired_speed
                      1.8190046267e-01 radius
                      8.3389025409e-01 time_gap
                      9.0352124230e+00 strength_neighbor
                      1.8497531521e-01 range_neighbor

(Asynchronous job 225 added to queue)

---------------------
Begin Evaluation  226
---------------------
Parameters for evaluation 226:
                      1.5206185839e+00 desired_speed
                      1.4039949573e-01 radius
                      7.1834154374e-01 time_gap
                      5.6461168414e+00 strength_neighbor
                      2.1433481090e-01 range_neighbor

(Asynchronous job 226 added to queue)

---------------------
Begin Evaluation  227
---------------------
Parameters for evaluation 227:
                      1.1499556566e+00 desired_speed
                      1.8558740607e-01 radius
                      2.0730550806e-01 time_gap
                      3.3145587731e+00 strength_neighbor
                      1.2675132258e-01 range_neighbor

(Asynchronous job 227 added to queue)

---------------------
Begin Evaluation  228
---------------------
Parameters for evaluation 228:
                      1.1087271417e+00 desired_speed
                      1.3606122168e-01 radius
                      5.5158331959e-01 time_gap
                      7.8413932271e+00 strength_neighbor
                      2.6389568859e-01 range_neighbor

(Asynchronous job 228 added to queue)

---------------------
Begin Evaluation  229
---------------------
Parameters for evaluation 229:
                      1.1286706858e+00 desired_speed
                      2.3912918521e-01 radius
                      7.9400005704e-01 time_gap
                      4.0890290104e+00 strength_neighbor
                      2.2421257504e-01 range_neighbor

(Asynchronous job 229 added to queue)

---------------------
Begin Evaluation  230
---------------------
Parameters for evaluation 230:
                      1.1723341057e+00 desired_speed
                      1.7652061356e-01 radius
                      3.3234094012e-01 time_gap
                      5.1614045350e+00 strength_neighbor
                      6.7349079701e-02 range_neighbor

(Asynchronous job 230 added to queue)

---------------------
Begin Evaluation  231
---------------------
Parameters for evaluation 231:
                      1.1916662382e+00 desired_speed
                      1.8049936573e-01 radius
                      6.1387532667e-01 time_gap
                      5.3943205219e+00 strength_neighbor
                      2.3627944525e-01 range_neighbor

(Asynchronous job 231 added to queue)

---------------------
Begin Evaluation  232
---------------------
Parameters for evaluation 232:
                      1.4359743654e+00 desired_speed
                      2.0702447661e-01 radius
                      9.9613971831e-01 time_gap
                      9.9385301233e+00 strength_neighbor
                      1.4543874427e-01 range_neighbor

(Asynchronous job 232 added to queue)

---------------------
Begin Evaluation  233
---------------------
Parameters for evaluation 233:
                      8.5768129337e-01 desired_speed
                      2.0319026053e-01 radius
                      6.8779354564e-01 time_gap
                      2.5336269610e+00 strength_neighbor
                      7.7439476863e-02 range_neighbor

(Asynchronous job 233 added to queue)

---------------------
Begin Evaluation  234
---------------------
Parameters for evaluation 234:
                      1.2195815451e+00 desired_speed
                      1.7100798616e-01 radius
                      7.4200588604e-01 time_gap
                      5.8042451480e+00 strength_neighbor
                      2.9153833524e-01 range_neighbor

(Asynchronous job 234 added to queue)

---------------------
Begin Evaluation  235
---------------------
Parameters for evaluation 235:
                      1.4824924350e+00 desired_speed
                      1.2004145535e-01 radius
                      3.9259599491e-01 time_gap
                      7.7193327555e+00 strength_neighbor
                      2.0620044993e-02 range_neighbor

(Asynchronous job 235 added to queue)

---------------------
Begin Evaluation  236
---------------------
Parameters for evaluation 236:
                      1.2458670903e+00 desired_speed
                      1.9918781543e-01 radius
                      2.2525899739e-01 time_gap
                      6.5300953723e+00 strength_neighbor
                      1.5282460515e-01 range_neighbor

(Asynchronous job 236 added to queue)

---------------------
Begin Evaluation  237
---------------------
Parameters for evaluation 237:
                      1.3855101695e+00 desired_speed
                      1.3775003150e-01 radius
                      2.8148207239e-01 time_gap
                      4.2285198693e+00 strength_neighbor
                      1.2320172499e-01 range_neighbor

(Asynchronous job 237 added to queue)

---------------------
Begin Evaluation  238
---------------------
Parameters for evaluation 238:
                      1.0084053299e+00 desired_speed
                      1.6220458564e-01 radius
                      1.8329545282e-01 time_gap
                      4.6604527227e+00 strength_neighbor
                      9.1622487461e-02 range_neighbor

(Asynchronous job 238 added to queue)

---------------------
Begin Evaluation  239
---------------------
Parameters for evaluation 239:
                      1.3279627382e+00 desired_speed
                      1.8967811996e-01 radius
                      4.9838626410e-01 time_gap
                      9.2303721985e+00 strength_neighbor
                      3.7020627572e-02 range_neighbor

(Asynchronous job 239 added to queue)

---------------------
Begin Evaluation  240
---------------------
Parameters for evaluation 240:
                      8.3768482857e-01 desired_speed
                      1.2325242294e-01 radius
                      5.2302241526e-01 time_gap
                      8.8397952050e+00 strength_neighbor
                      2.6551041963e-01 range_neighbor

(Asynchronous job 240 added to queue)

---------------------
Begin Evaluation  241
---------------------
Parameters for evaluation 241:
                      1.5044664596e+00 desired_speed
                      2.3508354067e-01 radius
                      4.4304704802e-01 time_gap
                      5.0226888172e+00 strength_neighbor
                      2.2062228132e-01 range_neighbor

(Asynchronous job 241 added to queue)

---------------------
Begin Evaluation  242
---------------------
Parameters for evaluation 242:
                      1.5646419678e+00 desired_speed
                      2.1357829870e-01 radius
                      8.1173475482e-01 time_gap
                      4.8680664950e+00 strength_neighbor
                      1.0895026422e-01 range_neighbor

(Asynchronous job 242 added to queue)

---------------------
Begin Evaluation  243
---------------------
Parameters for evaluation 243:
                      9.0137099845e-01 desired_speed
                      1.9391744559e-01 radius
                      9.3638166058e-01 time_gap
                      3.1351993178e+00 strength_neighbor
                      2.7586991202e-01 range_neighbor

(Asynchronous job 243 added to queue)

---------------------
Begin Evaluation  244
---------------------
Parameters for evaluation 244:
                      1.4518305201e+00 desired_speed
                      1.4624631167e-01 radius
                      4.1726299854e-01 time_gap
                      5.7132762951e+00 strength_neighbor
                      2.0905057042e-02 range_neighbor

(Asynchronous job 244 added to queue)

---------------------
Begin Evaluation  245
---------------------
Parameters for evaluation 245:
                      1.2890862356e+00 desired_speed
                      1.6412903093e-01 radius
                      3.8313842708e-01 time_gap
                      8.5348660750e+00 strength_neighbor
                      1.2797310966e-01 range_neighbor

(Asynchronous job 245 added to queue)

---------------------
Begin Evaluation  246
---------------------
Parameters for evaluation 246:
                      1.0998584711e+00 desired_speed
                      2.4350155615e-01 radius
                      5.2888466618e-01 time_gap
                      8.7429773335e+00 strength_neighbor
                      2.8737466404e-01 range_neighbor

(Asynchronous job 246 added to queue)

---------------------
Begin Evaluation  247
---------------------
Parameters for evaluation 247:
                      1.2674562301e+00 desired_speed
                      1.5833441490e-01 radius
                      9.7399620172e-01 time_gap
                      5.5016314863e+00 strength_neighbor
                      1.8660422458e-01 range_neighbor

(Asynchronous job 247 added to queue)

---------------------
Begin Evaluation  248
---------------------
Parameters for evaluation 248:
                      1.4630617860e+00 desired_speed
                      1.9595893601e-01 radius
                      2.7126086132e-01 time_gap
                      7.8691034677e+00 strength_neighbor
                      2.4250011234e-01 range_neighbor

(Asynchronous job 248 added to queue)

---------------------
Begin Evaluation  249
---------------------
Parameters for evaluation 249:
                      8.0722167550e-01 desired_speed
                      2.2339804284e-01 radius
                      3.5688850518e-01 time_gap
                      8.2113745145e+00 strength_neighbor
                      2.1440917078e-01 range_neighbor

(Asynchronous job 249 added to queue)

---------------------
Begin Evaluation  250
---------------------
Parameters for evaluation 250:
                      1.3757717827e+00 desired_speed
                      1.4327819225e-01 radius
                      3.0344569421e-01 time_gap
                      9.7578088513e+00 strength_neighbor
                      2.8281767832e-01 range_neighbor

(Asynchronous job 250 added to queue)

---------------------
Begin Evaluation  251
---------------------
Parameters for evaluation 251:
                      1.3431448931e+00 desired_speed
                      2.1956148628e-01 radius
                      5.7913060359e-01 time_gap
                      4.1659740073e+00 strength_neighbor
                      3.7872944120e-02 range_neighbor

(Asynchronous job 251 added to queue)

---------------------
Begin Evaluation  252
---------------------
Parameters for evaluation 252:
                      8.8612254593e-01 desired_speed
                      2.1499006692e-01 radius
                      9.0678399470e-01 time_gap
                      2.9592652031e+00 strength_neighbor
                      5.5602005008e-02 range_neighbor

(Asynchronous job 252 added to queue)

---------------------
Begin Evaluation  253
---------------------
Parameters for evaluation 253:
                      1.5895901462e+00 desired_speed
                      2.2810905796e-01 radius
                      4.7129327523e-01 time_gap
                      3.4891828221e+00 strength_neighbor
                      1.7736167967e-01 range_neighbor

(Asynchronous job 253 added to queue)

---------------------
Begin Evaluation  254
---------------------
Parameters for evaluation 254:
                      9.2567378900e-01 desired_speed
                      1.5145838088e-01 radius
                      1.4901712376e-01 time_gap
                      7.3646467115e+00 strength_neighbor
                      1.4473846510e-01 range_neighbor

(Asynchronous job 254 added to queue)

---------------------
Begin Evaluation  255
---------------------
Parameters for evaluation 255:
                      1.5448595637e+00 desired_speed
                      2.0818620905e-01 radius
                      1.2576902407e-01 time_gap
                      4.2920737004e+00 strength_neighbor
                      8.5306999505e-02 range_neighbor

(Asynchronous job 255 added to queue)

---------------------
Begin Evaluation  256
---------------------
Parameters for evaluation 256:
                      1.4123490836e+00 desired_speed
                      1.2739257178e-01 radius
                      8.8737670060e-01 time_gap
                      6.3855058553e+00 strength_neighbor
                      1.5187435142e-01 range_neighbor

(Asynchronous job 256 added to queue)

---------------------
Begin Evaluation  257
---------------------
Parameters for evaluation 257:
                      1.2324102536e+00 desired_speed
                      2.4764554550e-01 radius
                      7.6905310122e-01 time_gap
                      9.0828837721e+00 strength_neighbor
                      2.9879615482e-01 range_neighbor

(Asynchronous job 257 added to queue)

---------------------
Begin Evaluation  258
---------------------
Parameters for evaluation 258:
                      8.6891620357e-01 desired_speed
                      1.7437301850e-01 radius
                      6.8435250032e-01 time_gap
                      9.8954183278e+00 strength_neighbor
                      1.1984720669e-01 range_neighbor

(Asynchronous job 258 added to queue)

---------------------
Begin Evaluation  259
---------------------
Parameters for evaluation 259:
                      9.6425788671e-01 desired_speed
                      2.2647208372e-01 radius
                      1.1195792043e-01 time_gap
                      6.9632538497e+00 strength_neighbor
                      3.2264980210e-02 range_neighbor

(Asynchronous job 259 added to queue)

---------------------
Begin Evaluation  260
---------------------
Parameters for evaluation 260:
                      1.0215113281e+00 desired_speed
                      1.6687352936e-01 radius
                      8.5297809406e-01 time_gap
                      4.5269546438e+00 strength_neighbor
                      1.5699899321e-01 range_neighbor

(Asynchronous job 260 added to queue)

---------------------
Begin Evaluation  261
---------------------
Parameters for evaluation 261:
                      1.3123747317e+00 desired_speed
                      2.4329190958e-01 radius
                      6.3973253685e-01 time_gap
                      6.0054063749e+00 strength_neighbor
                      1.9744947655e-01 range_neighbor

(Asynchronous job 261 added to queue)

---------------------
Begin Evaluation  262
---------------------
Parameters for evaluation 262:
                      9.9077585324e-01 desired_speed
                      1.5339164454e-01 radius
                      6.5553121378e-01 time_gap
                      2.5713236317e+00 strength_neighbor
                      2.5298385160e-01 range_neighbor

(Asynchronous job 262 added to queue)

---------------------
Begin Evaluation  263
---------------------
Parameters for evaluation 263:
                      1.0425164208e+00 desired_speed
                      1.2984851191e-01 radius
                      9.1751911686e-01 time_gap
                      8.9816716040e+00 strength_neighbor
                      2.0721326626e-01 range_neighbor

(Asynchronous job 263 added to queue)

---------------------
Begin Evaluation  264
---------------------
Parameters for evaluation 264:
                      9.4152992561e-01 desired_speed
                      2.3257367186e-01 radius
                      2.3556306886e-01 time_gap
                      3.7430758139e+00 strength_neighbor
                      2.2927547661e-01 range_neighbor

(Asynchronous job 264 added to queue)

---------------------
Begin Evaluation  265
---------------------
Parameters for evaluation 265:
                      1.0636754463e+00 desired_speed
                      1.8190046267e-01 radius
                      8.3389025409e-01 time_gap
                      7.5808024948e+00 strength_neighbor
                      1.3848707979e-01 range_neighbor

(Asynchronous job 265 added to queue)

---------------------
Begin Evaluation  266
---------------------
Parameters for evaluation 266:
                      1.5206185839e+00 desired_speed
                      1.4039949573e-01 radius
                      7.1834154374e-01 time_gap
                      4.7560006445e+00 strength_neighbor
                      4.9314703775e-02 range_neighbor

(Asynchronous job 266 added to queue)

---------------------
Begin Evaluation  267
---------------------
Parameters for evaluation 267:
                      1.1499556566e+00 desired_speed
                      1.8558740607e-01 radius
                      2.0730550806e-01 time_gap
                      5.2382566582e+00 strength_neighbor
                      1.9389472232e-01 range_neighbor

(Asynchronous job 267 added to queue)

---------------------
Begin Evaluation  268
---------------------
Parameters for evaluation 268:
                      1.1087271417e+00 desired_speed
                      1.3606122168e-01 radius
                      5.5158331959e-01 time_gap
                      6.4105950041e+00 strength_neighbor
                      2.3639782683e-01 range_neighbor

(Asynchronous job 268 added to queue)

---------------------
Begin Evaluation  269
---------------------
Parameters for evaluation 269:
                      1.1286706858e+00 desired_speed
                      2.3912918521e-01 radius
                      7.9400005704e-01 time_gap
                      9.5470648366e+00 strength_neighbor
                      6.8664708715e-02 range_neighbor

(Asynchronous job 269 added to queue)

---------------------
Begin Evaluation  270
---------------------
Parameters for evaluation 270:
                      1.1723341057e+00 desired_speed
                      1.7652061356e-01 radius
                      3.3234094012e-01 time_gap
                      7.0503860602e+00 strength_neighbor
                      4.1813516133e-02 range_neighbor

(Asynchronous job 270 added to queue)

---------------------
Begin Evaluation  271
---------------------
Parameters for evaluation 271:
                      1.1916662382e+00 desired_speed
                      1.8049936573e-01 radius
                      6.1387532667e-01 time_gap
                      5.9742979091e+00 strength_neighbor
                      2.7117335913e-01 range_neighbor

(Asynchronous job 271 added to queue)

---------------------
Begin Evaluation  272
---------------------
Parameters for evaluation 272:
                      1.4359743654e+00 desired_speed
                      2.0702447661e-01 radius
                      9.9613971831e-01 time_gap
                      3.9343140497e+00 strength_neighbor
                      9.9531554323e-02 range_neighbor

(Asynchronous job 272 added to queue)

---------------------
Begin Evaluation  273
---------------------
Parameters for evaluation 273:
                      8.5768129337e-01 desired_speed
                      2.0319026053e-01 radius
                      6.8779354564e-01 time_gap
                      6.6440672662e+00 strength_neighbor
                      9.3787137713e-02 range_neighbor

(Asynchronous job 273 added to queue)

---------------------
Begin Evaluation  274
---------------------
Parameters for evaluation 274:
                      1.2195815451e+00 desired_speed
                      1.7100798616e-01 radius
                      7.4200588604e-01 time_gap
                      8.0373901991e+00 strength_neighbor
                      1.7316777518e-01 range_neighbor

(Asynchronous job 274 added to queue)

---------------------
Begin Evaluation  275
---------------------
Parameters for evaluation 275:
                      1.4824924350e+00 desired_speed
                      1.2004145535e-01 radius
                      3.9259599491e-01 time_gap
                      7.6046045948e+00 strength_neighbor
                      2.6056158409e-01 range_neighbor

(Asynchronous job 275 added to queue)

---------------------
Begin Evaluation  276
---------------------
Parameters for evaluation 276:
                      1.2458670903e+00 desired_speed
                      1.9918781543e-01 radius
                      2.2525899739e-01 time_gap
                      2.0812554370e+00 strength_neighbor
                      2.4843565897e-01 range_neighbor

(Asynchronous job 276 added to queue)

---------------------
Begin Evaluation  277
---------------------
Parameters for evaluation 277:
                      1.3855101695e+00 desired_speed
                      1.3775003150e-01 radius
                      2.8148207239e-01 time_gap
                      9.3431831399e+00 strength_neighbor
                      1.1468277700e-01 range_neighbor

(Asynchronous job 277 added to queue)

---------------------
Begin Evaluation  278
---------------------
Parameters for evaluation 278:
                      1.0084053299e+00 desired_speed
                      1.6220458564e-01 radius
                      1.8329545282e-01 time_gap
                      3.2211482998e+00 strength_neighbor
                      7.3659372253e-02 range_neighbor

(Asynchronous job 278 added to queue)

---------------------
Begin Evaluation  279
---------------------
Parameters for evaluation 279:
                      1.3279627382e+00 desired_speed
                      1.8967811996e-01 radius
                      4.9838626410e-01 time_gap
                      2.7733907381e+00 strength_neighbor
                      1.6508423649e-01 range_neighbor

(Asynchronous job 279 added to queue)

---------------------
Begin Evaluation  280
---------------------
Parameters for evaluation 280:
                      8.3768482857e-01 desired_speed
                      1.2325242294e-01 radius
                      5.2302241526e-01 time_gap
                      2.2084139040e+00 strength_neighbor
                      8.0771282470e-02 range_neighbor

(Asynchronous job 280 added to queue)

Blocking synchronize of 280 asynchronous evaluations
First pass: initiating 2 local asynchronous jobs
Initiating evaluation 1
nonblocking fork: python3 driver.py params.in results.out
Initiating evaluation 2
nonblocking fork: python3 driver.py params.in results.out
Second pass: scheduling 278 remaining local asynchronous jobs
Waiting on completed jobs
Evaluation 2 has completed
Initiating evaluation 3
nonblocking fork: python3 driver.py params.in results.out
Waiting on completed jobs
Evaluation 1 has completed
Initiating evaluation 4
nonblocking fork: python3 driver.py params.in results.out
Waiting on completed jobs
Evaluation 3 has completed
Initiating evaluation 5
nonblocking fork: python3 driver.py params.in results.out
Waiting on completed jobs
Evaluation 4 has completed
Initiating evaluation 6
nonblocking fork: python3 driver.py params.in results.out
Waiting on completed jobs
Evaluation 5 has completed
Initiating evaluation 7
nonblocking fork: python3 driver.py params.in results.out
Waiting on completed jobs
Evaluation 6 has completed
Initiating evaluation 8
nonblocking fork: python3 driver.py params.in results.out
Waiting on completed jobs
Evaluation 7 has completed
Initiating evaluation 9
nonblocking fork: python3 driver.py params.in results.out
Waiting on completed jobs
Evaluation 8 has completed
Initiating evaluation 10
nonblocking fork: python3 driver.py params.in results.out
Waiting on completed jobs
Evaluation 9 has completed
Initiating evaluation 11
nonblocking fork: python3 driver.py params.in results.out
Waiting on completed jobs
Evaluation 10 has completed
Initiating evaluation 12
nonblocking fork: python3 driver.py params.in results.out
Waiting on completed jobs
Evaluation 11 has completed
Initiating evaluation 13
nonblocking fork: python3 driver.py params.in results.out
Waiting on completed jobs
Evaluation 12 has completed
Initiating evaluation 14
nonblocking fork: python3 driver.py params.in results.out
Waiting on completed jobs
Evaluation 13 has completed
Initiating evaluation 15
nonblocking fork: python3 driver.py params.in results.out
Waiting on completed jobs
Evaluation 14 has completed
Initiating evaluation 16
nonblocking fork: python3 driver.py params.in results.out
Waiting on completed jobs
Evaluation 15 has completed
Initiating evaluation 17
nonblocking fork: python3 driver.py params.in results.out
Waiting on completed jobs
Evaluation 16 has completed
Initiating evaluation 18
nonblocking fork: python3 driver.py params.in results.out
Waiting on completed jobs
Evaluation 17 has completed
Initiating evaluation 19
nonblocking fork: python3 driver.py params.in results.out
Waiting on completed jobs
Evaluation 18 has completed
Initiating evaluation 20
nonblocking fork: python3 driver.py params.in results.out
Waiting on completed jobs
Evaluation 19 has completed
Initiating evaluation 21
nonblocking fork: python3 driver.py params.in results.out
Waiting on completed jobs
Evaluation 21 has completed
Initiating evaluation 22
nonblocking fork: python3 driver.py params.in results.out
Waiting on completed jobs
Evaluation 20 has completed
Initiating evaluation 23
nonblocking fork: python3 driver.py params.in results.out
Waiting on completed jobs
Evaluation 22 has completed
Initiating evaluation 24
nonblocking fork: python3 driver.py params.in results.out
Waiting on completed jobs
Evaluation 23 has completed
Initiating evaluation 25
nonblocking fork: python3 driver.py params.in results.out
Waiting on completed jobs
Evaluation 24 has completed
Initiating evaluation 26
nonblocking fork: python3 driver.py params.in results.out
Waiting on completed jobs
Evaluation 25 has completed
Initiating evaluation 27
nonblocking fork: python3 driver.py params.in results.out
Waiting on completed jobs
Evaluation 26 has completed
Initiating evaluation 28
nonblocking fork: python3 driver.py params.in results.out
Waiting on completed jobs
Evaluation 27 has completed
Initiating evaluation 29
nonblocking fork: python3 driver.py params.in results.out
Waiting on completed jobs
Evaluation 28 has completed
Initiating evaluation 30
nonblocking fork: python3 driver.py params.in results.out
Waiting on completed jobs
Evaluation 29 has completed
Initiating evaluation 31
nonblocking fork: python3 driver.py params.in results.out
Waiting on completed jobs
Evaluation 31 has completed
Initiating evaluation 32
nonblocking fork: python3 driver.py params.in results.out
Waiting on completed jobs
Evaluation 30 has completed
Initiating evaluation 33
nonblocking fork: python3 driver.py params.in results.out
Waiting on completed jobs
Evaluation 33 has completed
Initiating evaluation 34
nonblocking fork: python3 driver.py params.in results.out
Waiting on completed jobs
Evaluation 32 has completed
Initiating evaluation 35
nonblocking fork: python3 driver.py params.in results.out
Waiting on completed jobs
Evaluation 34 has completed
Initiating evaluation 36
nonblocking fork: python3 driver.py params.in results.out
Waiting on completed jobs
Evaluation 35 has completed
Initiating evaluation 37
nonblocking fork: python3 driver.py params.in results.out
Waiting on completed jobs
Evaluation 37 has completed
Initiating evaluation 38
nonblocking fork: python3 driver.py params.in results.out
Waiting on completed jobs
Evaluation 36 has completed
Initiating evaluation 39
nonblocking fork: python3 driver.py params.in results.out
Waiting on completed jobs
Evaluation 38 has completed
Initiating evaluation 40
nonblocking fork: python3 driver.py params.in results.out
Waiting on completed jobs
Evaluation 39 has completed
Initiating evaluation 41
nonblocking fork: python3 driver.py params.in results.out
Waiting on completed jobs
Evaluation 40 has completed
Initiating evaluation 42
nonblocking fork: python3 driver.py params.in results.out
Waiting on completed jobs
Evaluation 41 has completed
Initiating evaluation 43
nonblocking fork: python3 driver.py params.in results.out
Waiting on completed jobs
Evaluation 42 has completed
Initiating evaluation 44
nonblocking fork: python3 driver.py params.in results.out
Waiting on completed jobs
Evaluation 43 has completed
Initiating evaluation 45
nonblocking fork: python3 driver.py params.in results.out
Waiting on completed jobs
Evaluation 44 has completed
Initiating evaluation 46
nonblocking fork: python3 driver.py params.in results.out
Waiting on completed jobs
Evaluation 45 has completed
Initiating evaluation 47
nonblocking fork: python3 driver.py params.in results.out
Waiting on completed jobs
Evaluation 46 has completed
Initiating evaluation 48
nonblocking fork: python3 driver.py params.in results.out
Waiting on completed jobs
Evaluation 47 has completed
Initiating evaluation 49
nonblocking fork: python3 driver.py params.in results.out
Waiting on completed jobs
Evaluation 48 has completed
Initiating evaluation 50
nonblocking fork: python3 driver.py params.in results.out
Waiting on completed jobs
Evaluation 50 has completed
Initiating evaluation 51
nonblocking fork: python3 driver.py params.in results.out
Waiting on completed jobs
Evaluation 49 has completed
Initiating evaluation 52
nonblocking fork: python3 driver.py params.in results.out
Waiting on completed jobs
Evaluation 51 has completed
Initiating evaluation 53
nonblocking fork: python3 driver.py params.in results.out
Waiting on completed jobs
Evaluation 53 has completed
Initiating evaluation 54
nonblocking fork: python3 driver.py params.in results.out
Waiting on completed jobs
Evaluation 52 has completed
Initiating evaluation 55
nonblocking fork: python3 driver.py params.in results.out
Waiting on completed jobs
Evaluation 55 has completed
Initiating evaluation 56
nonblocking fork: python3 driver.py params.in results.out
Waiting on completed jobs
Evaluation 54 has completed
Initiating evaluation 57
nonblocking fork: python3 driver.py params.in results.out
Waiting on completed jobs
Evaluation 56 has completed
Initiating evaluation 58
nonblocking fork: python3 driver.py params.in results.out
Waiting on completed jobs
Evaluation 57 has completed
Initiating evaluation 59
nonblocking fork: python3 driver.py params.in results.out
Waiting on completed jobs
Evaluation 59 has completed
Initiating evaluation 60
nonblocking fork: python3 driver.py params.in results.out
Waiting on completed jobs
Evaluation 58 has completed
Initiating evaluation 61
nonblocking fork: python3 driver.py params.in results.out
Waiting on completed jobs
Evaluation 60 has completed
Initiating evaluation 62
nonblocking fork: python3 driver.py params.in results.out
Waiting on completed jobs
Evaluation 61 has completed
Initiating evaluation 63
nonblocking fork: python3 driver.py params.in results.out
Waiting on completed jobs
Evaluation 62 has completed
Initiating evaluation 64
nonblocking fork: python3 driver.py params.in results.out
Waiting on completed jobs
Evaluation 63 has completed
Initiating evaluation 65
nonblocking fork: python3 driver.py params.in results.out
Waiting on completed jobs
Evaluation 64 has completed
Initiating evaluation 66
nonblocking fork: python3 driver.py params.in results.out
Waiting on completed jobs
Evaluation 65 has completed
Initiating evaluation 67
nonblocking fork: python3 driver.py params.in results.out
Waiting on completed jobs
Evaluation 66 has completed
Initiating evaluation 68
nonblocking fork: python3 driver.py params.in results.out
Waiting on completed jobs
Evaluation 67 has completed
Initiating evaluation 69
nonblocking fork: python3 driver.py params.in results.out
Waiting on completed jobs
Evaluation 68 has completed
Initiating evaluation 70
nonblocking fork: python3 driver.py params.in results.out
Waiting on completed jobs
Evaluation 69 has completed
Initiating evaluation 71
nonblocking fork: python3 driver.py params.in results.out
Waiting on completed jobs
Evaluation 70 has completed
Initiating evaluation 72
nonblocking fork: python3 driver.py params.in results.out
Waiting on completed jobs
Evaluation 71 has completed
Initiating evaluation 73
nonblocking fork: python3 driver.py params.in results.out
Waiting on completed jobs
Evaluation 72 has completed
Initiating evaluation 74
nonblocking fork: python3 driver.py params.in results.out
Waiting on completed jobs
Evaluation 73 has completed
Initiating evaluation 75
nonblocking fork: python3 driver.py params.in results.out
Waiting on completed jobs
Evaluation 74 has completed
Initiating evaluation 76
nonblocking fork: python3 driver.py params.in results.out
Waiting on completed jobs
Evaluation 76 has completed
Initiating evaluation 77
nonblocking fork: python3 driver.py params.in results.out
Waiting on completed jobs
Evaluation 75 has completed
Initiating evaluation 78
nonblocking fork: python3 driver.py params.in results.out
Waiting on completed jobs
Evaluation 77 has completed
Initiating evaluation 79
nonblocking fork: python3 driver.py params.in results.out
Waiting on completed jobs
Evaluation 78 has completed
Initiating evaluation 80
nonblocking fork: python3 driver.py params.in results.out
Waiting on completed jobs
Evaluation 79 has completed
Initiating evaluation 81
nonblocking fork: python3 driver.py params.in results.out
Waiting on completed jobs
Evaluation 80 has completed
Initiating evaluation 82
nonblocking fork: python3 driver.py params.in results.out
Waiting on completed jobs
Evaluation 81 has completed
Initiating evaluation 83
nonblocking fork: python3 driver.py params.in results.out
Waiting on completed jobs
Evaluation 82 has completed
Initiating evaluation 84
nonblocking fork: python3 driver.py params.in results.out
Waiting on completed jobs
Evaluation 84 has completed
Initiating evaluation 85
nonblocking fork: python3 driver.py params.in results.out
Waiting on completed jobs
Evaluation 83 has completed
Initiating evaluation 86
nonblocking fork: python3 driver.py params.in results.out
Waiting on completed jobs
Evaluation 85 has completed
Initiating evaluation 87
nonblocking fork: python3 driver.py params.in results.out
Waiting on completed jobs
Evaluation 86 has completed
Initiating evaluation 88
nonblocking fork: python3 driver.py params.in results.out
Waiting on completed jobs
Evaluation 87 has completed
Initiating evaluation 89
nonblocking fork: python3 driver.py params.in results.out
Waiting on completed jobs
Evaluation 88 has completed
Initiating evaluation 90
nonblocking fork: python3 driver.py params.in results.out
Waiting on completed jobs
Evaluation 90 has completed
Initiating evaluation 91
nonblocking fork: python3 driver.py params.in results.out
Waiting on completed jobs
Evaluation 89 has completed
Initiating evaluation 92
nonblocking fork: python3 driver.py params.in results.out
Waiting on completed jobs
Evaluation 91 has completed
Initiating evaluation 93
nonblocking fork: python3 driver.py params.in results.out
Waiting on completed jobs
Evaluation 92 has completed
Initiating evaluation 94
nonblocking fork: python3 driver.py params.in results.out
Waiting on completed jobs
Evaluation 93 has completed
Initiating evaluation 95
nonblocking fork: python3 driver.py params.in results.out
Waiting on completed jobs
Evaluation 94 has completed
Initiating evaluation 96
nonblocking fork: python3 driver.py params.in results.out
Waiting on completed jobs
Evaluation 95 has completed
Initiating evaluation 97
nonblocking fork: python3 driver.py params.in results.out
Waiting on completed jobs
Evaluation 96 has completed
Initiating evaluation 98
nonblocking fork: python3 driver.py params.in results.out
Waiting on completed jobs
Evaluation 97 has completed
Initiating evaluation 99
nonblocking fork: python3 driver.py params.in results.out
Waiting on completed jobs
Evaluation 98 has completed
Initiating evaluation 100
nonblocking fork: python3 driver.py params.in results.out
Waiting on completed jobs
Evaluation 99 has completed
Initiating evaluation 101
nonblocking fork: python3 driver.py params.in results.out
Waiting on completed jobs
Evaluation 100 has completed
Initiating evaluation 102
nonblocking fork: python3 driver.py params.in results.out
Waiting on completed jobs
Evaluation 101 has completed
Initiating evaluation 103
nonblocking fork: python3 driver.py params.in results.out
Waiting on completed jobs
Evaluation 102 has completed
Initiating evaluation 104
nonblocking fork: python3 driver.py params.in results.out
Waiting on completed jobs
Evaluation 103 has completed
Initiating evaluation 105
nonblocking fork: python3 driver.py params.in results.out
Waiting on completed jobs
Evaluation 104 has completed
Initiating evaluation 106
nonblocking fork: python3 driver.py params.in results.out
Waiting on completed jobs
Evaluation 105 has completed
Initiating evaluation 107
nonblocking fork: python3 driver.py params.in results.out
Waiting on completed jobs
Evaluation 106 has completed
Initiating evaluation 108
nonblocking fork: python3 driver.py params.in results.out
Waiting on completed jobs
Evaluation 107 has completed
Initiating evaluation 109
nonblocking fork: python3 driver.py params.in results.out
Waiting on completed jobs
Evaluation 108 has completed
Initiating evaluation 110
nonblocking fork: python3 driver.py params.in results.out
Waiting on completed jobs
Evaluation 110 has completed
Initiating evaluation 111
nonblocking fork: python3 driver.py params.in results.out
Waiting on completed jobs
Evaluation 109 has completed
Initiating evaluation 112
nonblocking fork: python3 driver.py params.in results.out
Waiting on completed jobs
Evaluation 111 has completed
Initiating evaluation 113
nonblocking fork: python3 driver.py params.in results.out
Waiting on completed jobs
Evaluation 112 has completed
Initiating evaluation 114
nonblocking fork: python3 driver.py params.in results.out
Waiting on completed jobs
Evaluation 114 has completed
Initiating evaluation 115
nonblocking fork: python3 driver.py params.in results.out
Waiting on completed jobs
Evaluation 113 has completed
Initiating evaluation 116
nonblocking fork: python3 driver.py params.in results.out
Waiting on completed jobs
Evaluation 116 has completed
Initiating evaluation 117
nonblocking fork: python3 driver.py params.in results.out
Waiting on completed jobs
Evaluation 115 has completed
Initiating evaluation 118
nonblocking fork: python3 driver.py params.in results.out
Waiting on completed jobs
Evaluation 117 has completed
Initiating evaluation 119
nonblocking fork: python3 driver.py params.in results.out
Waiting on completed jobs
Evaluation 118 has completed
Initiating evaluation 120
nonblocking fork: python3 driver.py params.in results.out
Waiting on completed jobs
Evaluation 120 has completed
Initiating evaluation 121
nonblocking fork: python3 driver.py params.in results.out
Waiting on completed jobs
Evaluation 119 has completed
Initiating evaluation 122
nonblocking fork: python3 driver.py params.in results.out
Waiting on completed jobs
Evaluation 121 has completed
Initiating evaluation 123
nonblocking fork: python3 driver.py params.in results.out
Waiting on completed jobs
Evaluation 122 has completed
Initiating evaluation 124
nonblocking fork: python3 driver.py params.in results.out
Waiting on completed jobs
Evaluation 124 has completed
Initiating evaluation 125
nonblocking fork: python3 driver.py params.in results.out
Waiting on completed jobs
Evaluation 123 has completed
Initiating evaluation 126
nonblocking fork: python3 driver.py params.in results.out
Waiting on completed jobs
Evaluation 125 has completed
Initiating evaluation 127
nonblocking fork: python3 driver.py params.in results.out
Waiting on completed jobs
Evaluation 126 has completed
Initiating evaluation 128
nonblocking fork: python3 driver.py params.in results.out
Waiting on completed jobs
Evaluation 128 has completed
Initiating evaluation 129
nonblocking fork: python3 driver.py params.in results.out
Waiting on completed jobs
Evaluation 127 has completed
Initiating evaluation 130
nonblocking fork: python3 driver.py params.in results.out
Waiting on completed jobs
Evaluation 130 has completed
Initiating evaluation 131
nonblocking fork: python3 driver.py params.in results.out
Waiting on completed jobs
Evaluation 129 has completed
Initiating evaluation 132
nonblocking fork: python3 driver.py params.in results.out
Waiting on completed jobs
Evaluation 131 has completed
Initiating evaluation 133
nonblocking fork: python3 driver.py params.in results.out
Waiting on completed jobs
Evaluation 132 has completed
Initiating evaluation 134
nonblocking fork: python3 driver.py params.in results.out
Waiting on completed jobs
Evaluation 133 has completed
Initiating evaluation 135
nonblocking fork: python3 driver.py params.in results.out
Waiting on completed jobs
Evaluation 134 has completed
Initiating evaluation 136
nonblocking fork: python3 driver.py params.in results.out
Waiting on completed jobs
Evaluation 135 has completed
Initiating evaluation 137
nonblocking fork: python3 driver.py params.in results.out
Waiting on completed jobs
Evaluation 136 has completed
Initiating evaluation 138
nonblocking fork: python3 driver.py params.in results.out
Waiting on completed jobs
Evaluation 137 has completed
Initiating evaluation 139
nonblocking fork: python3 driver.py params.in results.out
Waiting on completed jobs
Evaluation 139 has completed
Initiating evaluation 140
nonblocking fork: python3 driver.py params.in results.out
Waiting on completed jobs
Evaluation 138 has completed
Initiating evaluation 141
nonblocking fork: python3 driver.py params.in results.out
Waiting on completed jobs
Evaluation 141 has completed
Initiating evaluation 142
nonblocking fork: python3 driver.py params.in results.out
Waiting on completed jobs
Evaluation 140 has completed
Initiating evaluation 143
nonblocking fork: python3 driver.py params.in results.out
Waiting on completed jobs
Evaluation 142 has completed
Initiating evaluation 144
nonblocking fork: python3 driver.py params.in results.out
Waiting on completed jobs
Evaluation 143 has completed
Initiating evaluation 145
nonblocking fork: python3 driver.py params.in results.out
Waiting on completed jobs
Evaluation 144 has completed
Initiating evaluation 146
nonblocking fork: python3 driver.py params.in results.out
Waiting on completed jobs
Evaluation 145 has completed
Initiating evaluation 147
nonblocking fork: python3 driver.py params.in results.out
Waiting on completed jobs
Evaluation 146 has completed
Initiating evaluation 148
nonblocking fork: python3 driver.py params.in results.out
Waiting on completed jobs
Evaluation 147 has completed
Initiating evaluation 149
nonblocking fork: python3 driver.py params.in results.out
Waiting on completed jobs
Evaluation 148 has completed
Initiating evaluation 150
nonblocking fork: python3 driver.py params.in results.out
Waiting on completed jobs
Evaluation 149 has completed
Initiating evaluation 151
nonblocking fork: python3 driver.py params.in results.out
Waiting on completed jobs
Evaluation 150 has completed
Initiating evaluation 152
nonblocking fork: python3 driver.py params.in results.out
Waiting on completed jobs
Evaluation 151 has completed
Initiating evaluation 153
nonblocking fork: python3 driver.py params.in results.out
Waiting on completed jobs
Evaluation 152 has completed
Initiating evaluation 154
nonblocking fork: python3 driver.py params.in results.out
Waiting on completed jobs
Evaluation 153 has completed
Initiating evaluation 155
nonblocking fork: python3 driver.py params.in results.out
Waiting on completed jobs
Evaluation 154 has completed
Initiating evaluation 156
nonblocking fork: python3 driver.py params.in results.out
Waiting on completed jobs
Evaluation 155 has completed
Initiating evaluation 157
nonblocking fork: python3 driver.py params.in results.out
Waiting on completed jobs
Evaluation 156 has completed
Initiating evaluation 158
nonblocking fork: python3 driver.py params.in results.out
Waiting on completed jobs
Evaluation 157 has completed
Initiating evaluation 159
nonblocking fork: python3 driver.py params.in results.out
Waiting on completed jobs
Evaluation 158 has completed
Initiating evaluation 160
nonblocking fork: python3 driver.py params.in results.out
Waiting on completed jobs
Evaluation 159 has completed
Initiating evaluation 161
nonblocking fork: python3 driver.py params.in results.out
Waiting on completed jobs
Evaluation 160 has completed
Initiating evaluation 162
nonblocking fork: python3 driver.py params.in results.out
Waiting on completed jobs
Evaluation 161 has completed
Initiating evaluation 163
nonblocking fork: python3 driver.py params.in results.out
Waiting on completed jobs
Evaluation 162 has completed
Initiating evaluation 164
nonblocking fork: python3 driver.py params.in results.out
Waiting on completed jobs
Evaluation 164 has completed
Initiating evaluation 165
nonblocking fork: python3 driver.py params.in results.out
Waiting on completed jobs
Evaluation 163 has completed
Initiating evaluation 166
nonblocking fork: python3 driver.py params.in results.out
Waiting on completed jobs
Evaluation 165 has completed
Initiating evaluation 167
nonblocking fork: python3 driver.py params.in results.out
Waiting on completed jobs
Evaluation 166 has completed
Initiating evaluation 168
nonblocking fork: python3 driver.py params.in results.out
Waiting on completed jobs
Evaluation 167 has completed
Initiating evaluation 169
nonblocking fork: python3 driver.py params.in results.out
Waiting on completed jobs
Evaluation 168 has completed
Initiating evaluation 170
nonblocking fork: python3 driver.py params.in results.out
Waiting on completed jobs
Evaluation 169 has completed
Initiating evaluation 171
nonblocking fork: python3 driver.py params.in results.out
Waiting on completed jobs
Evaluation 170 has completed
Initiating evaluation 172
nonblocking fork: python3 driver.py params.in results.out
Waiting on completed jobs
Evaluation 171 has completed
Initiating evaluation 173
nonblocking fork: python3 driver.py params.in results.out
Waiting on completed jobs
Evaluation 173 has completed
Initiating evaluation 174
nonblocking fork: python3 driver.py params.in results.out
Waiting on completed jobs
Evaluation 172 has completed
Initiating evaluation 175
nonblocking fork: python3 driver.py params.in results.out
Waiting on completed jobs
Evaluation 174 has completed
Initiating evaluation 176
nonblocking fork: python3 driver.py params.in results.out
Waiting on completed jobs
Evaluation 175 has completed
Initiating evaluation 177
nonblocking fork: python3 driver.py params.in results.out
Waiting on completed jobs
Evaluation 176 has completed
Initiating evaluation 178
nonblocking fork: python3 driver.py params.in results.out
Waiting on completed jobs
Evaluation 177 has completed
Initiating evaluation 179
nonblocking fork: python3 driver.py params.in results.out
Waiting on completed jobs
Evaluation 178 has completed
Initiating evaluation 180
nonblocking fork: python3 driver.py params.in results.out
Waiting on completed jobs
Evaluation 179 has completed
Initiating evaluation 181
nonblocking fork: python3 driver.py params.in results.out
Waiting on completed jobs
Evaluation 181 has completed
Initiating evaluation 182
nonblocking fork: python3 driver.py params.in results.out
Waiting on completed jobs
Evaluation 180 has completed
Initiating evaluation 183
nonblocking fork: python3 driver.py params.in results.out
Waiting on completed jobs
Evaluation 183 has completed
Initiating evaluation 184
nonblocking fork: python3 driver.py params.in results.out
Waiting on completed jobs
Evaluation 182 has completed
Initiating evaluation 185
nonblocking fork: python3 driver.py params.in results.out
Waiting on completed jobs
Evaluation 184 has completed
Initiating evaluation 186
nonblocking fork: python3 driver.py params.in results.out
Waiting on completed jobs
Evaluation 185 has completed
Initiating evaluation 187
nonblocking fork: python3 driver.py params.in results.out
Waiting on completed jobs
Evaluation 186 has completed
Initiating evaluation 188
nonblocking fork: python3 driver.py params.in results.out
Waiting on completed jobs
Evaluation 187 has completed
Initiating evaluation 189
nonblocking fork: python3 driver.py params.in results.out
Waiting on completed jobs
Evaluation 188 has completed
Initiating evaluation 190
nonblocking fork: python3 driver.py params.in results.out
Waiting on completed jobs
Evaluation 189 has completed
Initiating evaluation 191
nonblocking fork: python3 driver.py params.in results.out
Waiting on completed jobs
Evaluation 190 has completed
Initiating evaluation 192
nonblocking fork: python3 driver.py params.in results.out
Waiting on completed jobs
Evaluation 191 has completed
Initiating evaluation 193
nonblocking fork: python3 driver.py params.in results.out
Waiting on completed jobs
Evaluation 192 has completed
Initiating evaluation 194
nonblocking fork: python3 driver.py params.in results.out
Waiting on completed jobs
Evaluation 193 has completed
Initiating evaluation 195
nonblocking fork: python3 driver.py params.in results.out
Waiting on completed jobs
Evaluation 194 has completed
Initiating evaluation 196
nonblocking fork: python3 driver.py params.in results.out
Waiting on completed jobs
Evaluation 196 has completed
Initiating evaluation 197
nonblocking fork: python3 driver.py params.in results.out
Waiting on completed jobs
Evaluation 195 has completed
Initiating evaluation 198
nonblocking fork: python3 driver.py params.in results.out
Waiting on completed jobs
Evaluation 197 has completed
Initiating evaluation 199
nonblocking fork: python3 driver.py params.in results.out
Waiting on completed jobs
Evaluation 198 has completed
Initiating evaluation 200
nonblocking fork: python3 driver.py params.in results.out
Waiting on completed jobs
Evaluation 200 has completed
Initiating evaluation 201
nonblocking fork: python3 driver.py params.in results.out
Waiting on completed jobs
Evaluation 199 has completed
Initiating evaluation 202
nonblocking fork: python3 driver.py params.in results.out
Waiting on completed jobs
Evaluation 201 has completed
Initiating evaluation 203
nonblocking fork: python3 driver.py params.in results.out
Waiting on completed jobs
Evaluation 202 has completed
Initiating evaluation 204
nonblocking fork: python3 driver.py params.in results.out
Waiting on completed jobs
Evaluation 203 has completed
Initiating evaluation 205
nonblocking fork: python3 driver.py params.in results.out
Waiting on completed jobs
Evaluation 204 has completed
Initiating evaluation 206
nonblocking fork: python3 driver.py params.in results.out
Waiting on completed jobs
Evaluation 205 has completed
Initiating evaluation 207
nonblocking fork: python3 driver.py params.in results.out
Waiting on completed jobs
Evaluation 206 has completed
Initiating evaluation 208
nonblocking fork: python3 driver.py params.in results.out
Waiting on completed jobs
Evaluation 207 has completed
Initiating evaluation 209
nonblocking fork: python3 driver.py params.in results.out
Waiting on completed jobs
Evaluation 208 has completed
Initiating evaluation 210
nonblocking fork: python3 driver.py params.in results.out
Waiting on completed jobs
Evaluation 210 has completed
Initiating evaluation 211
nonblocking fork: python3 driver.py params.in results.out
Waiting on completed jobs
Evaluation 209 has completed
Initiating evaluation 212
nonblocking fork: python3 driver.py params.in results.out
Waiting on completed jobs
Evaluation 211 has completed
Initiating evaluation 213
nonblocking fork: python3 driver.py params.in results.out
Waiting on completed jobs
Evaluation 213 has completed
Initiating evaluation 214
nonblocking fork: python3 driver.py params.in results.out
Waiting on completed jobs
Evaluation 212 has completed
Initiating evaluation 215
nonblocking fork: python3 driver.py params.in results.out
Waiting on completed jobs
Evaluation 214 has completed
Initiating evaluation 216
nonblocking fork: python3 driver.py params.in results.out
Waiting on completed jobs
Evaluation 215 has completed
Initiating evaluation 217
nonblocking fork: python3 driver.py params.in results.out
Waiting on completed jobs
Evaluation 216 has completed
Initiating evaluation 218
nonblocking fork: python3 driver.py params.in results.out
Waiting on completed jobs
Evaluation 217 has completed
Initiating evaluation 219
nonblocking fork: python3 driver.py params.in results.out
Waiting on completed jobs
Evaluation 219 has completed
Initiating evaluation 220
nonblocking fork: python3 driver.py params.in results.out
Waiting on completed jobs
Evaluation 218 has completed
Initiating evaluation 221
nonblocking fork: python3 driver.py params.in results.out
Waiting on completed jobs
Evaluation 220 has completed
Initiating evaluation 222
nonblocking fork: python3 driver.py params.in results.out
Waiting on completed jobs
Evaluation 221 has completed
Initiating evaluation 223
nonblocking fork: python3 driver.py params.in results.out
Waiting on completed jobs
Evaluation 222 has completed
Initiating evaluation 224
nonblocking fork: python3 driver.py params.in results.out
Waiting on completed jobs
Evaluation 223 has completed
Initiating evaluation 225
nonblocking fork: python3 driver.py params.in results.out
Waiting on completed jobs
Evaluation 224 has completed
Initiating evaluation 226
nonblocking fork: python3 driver.py params.in results.out
Waiting on completed jobs
Evaluation 225 has completed
Initiating evaluation 227
nonblocking fork: python3 driver.py params.in results.out
Waiting on completed jobs
Evaluation 226 has completed
Initiating evaluation 228
nonblocking fork: python3 driver.py params.in results.out
Waiting on completed jobs
Evaluation 227 has completed
Initiating evaluation 229
nonblocking fork: python3 driver.py params.in results.out
Waiting on completed jobs
Evaluation 228 has completed
Initiating evaluation 230
nonblocking fork: python3 driver.py params.in results.out
Waiting on completed jobs
Evaluation 230 has completed
Initiating evaluation 231
nonblocking fork: python3 driver.py params.in results.out
Waiting on completed jobs
Evaluation 229 has completed
Initiating evaluation 232
nonblocking fork: python3 driver.py params.in results.out
Waiting on completed jobs
Evaluation 231 has completed
Initiating evaluation 233
nonblocking fork: python3 driver.py params.in results.out
Waiting on completed jobs
Evaluation 232 has completed
Initiating evaluation 234
nonblocking fork: python3 driver.py params.in results.out
Waiting on completed jobs
Evaluation 233 has completed
Initiating evaluation 235
nonblocking fork: python3 driver.py params.in results.out
Waiting on completed jobs
Evaluation 234 has completed
Initiating evaluation 236
nonblocking fork: python3 driver.py params.in results.out
Waiting on completed jobs
Evaluation 236 has completed
Initiating evaluation 237
nonblocking fork: python3 driver.py params.in results.out
Waiting on completed jobs
Evaluation 235 has completed
Initiating evaluation 238
nonblocking fork: python3 driver.py params.in results.out
Waiting on completed jobs
Evaluation 237 has completed
Initiating evaluation 239
nonblocking fork: python3 driver.py params.in results.out
Waiting on completed jobs
Evaluation 238 has completed
Initiating evaluation 240
nonblocking fork: python3 driver.py params.in results.out
Waiting on completed jobs
Evaluation 239 has completed
Initiating evaluation 241
nonblocking fork: python3 driver.py params.in results.out
Waiting on completed jobs
Evaluation 240 has completed
Initiating evaluation 242
nonblocking fork: python3 driver.py params.in results.out
Waiting on completed jobs
Evaluation 241 has completed
Initiating evaluation 243
nonblocking fork: python3 driver.py params.in results.out
Waiting on completed jobs
Evaluation 242 has completed
Initiating evaluation 244
nonblocking fork: python3 driver.py params.in results.out
Waiting on completed jobs
Evaluation 243 has completed
Initiating evaluation 245
nonblocking fork: python3 driver.py params.in results.out
Waiting on completed jobs
Evaluation 244 has completed
Initiating evaluation 246
nonblocking fork: python3 driver.py params.in results.out
Waiting on completed jobs
Evaluation 245 has completed
Initiating evaluation 247
nonblocking fork: python3 driver.py params.in results.out
Waiting on completed jobs
Evaluation 246 has completed
Initiating evaluation 248
nonblocking fork: python3 driver.py params.in results.out
Waiting on completed jobs
Evaluation 248 has completed
Initiating evaluation 249
nonblocking fork: python3 driver.py params.in results.out
Waiting on completed jobs
Evaluation 247 has completed
Initiating evaluation 250
nonblocking fork: python3 driver.py params.in results.out
Waiting on completed jobs
Evaluation 250 has completed
Initiating evaluation 251
nonblocking fork: python3 driver.py params.in results.out
Waiting on completed jobs
Evaluation 249 has completed
Initiating evaluation 252
nonblocking fork: python3 driver.py params.in results.out
Waiting on completed jobs
Evaluation 251 has completed
Initiating evaluation 253
nonblocking fork: python3 driver.py params.in results.out
Waiting on completed jobs
Evaluation 252 has completed
Initiating evaluation 254
nonblocking fork: python3 driver.py params.in results.out
Waiting on completed jobs
Evaluation 253 has completed
Initiating evaluation 255
nonblocking fork: python3 driver.py params.in results.out
Waiting on completed jobs
Evaluation 254 has completed
Initiating evaluation 256
nonblocking fork: python3 driver.py params.in results.out
Waiting on completed jobs
Evaluation 255 has completed
Initiating evaluation 257
nonblocking fork: python3 driver.py params.in results.out
Waiting on completed jobs
Evaluation 256 has completed
Initiating evaluation 258
nonblocking fork: python3 driver.py params.in results.out
Waiting on completed jobs
Evaluation 257 has completed
Initiating evaluation 259
nonblocking fork: python3 driver.py params.in results.out
Waiting on completed jobs
Evaluation 259 has completed
Initiating evaluation 260
nonblocking fork: python3 driver.py params.in results.out
Waiting on completed jobs
Evaluation 258 has completed
Initiating evaluation 261
nonblocking fork: python3 driver.py params.in results.out
Waiting on completed jobs
Evaluation 261 has completed
Initiating evaluation 262
nonblocking fork: python3 driver.py params.in results.out
Waiting on completed jobs
Evaluation 260 has completed
Initiating evaluation 263
nonblocking fork: python3 driver.py params.in results.out
Waiting on completed jobs
Evaluation 263 has completed
Initiating evaluation 264
nonblocking fork: python3 driver.py params.in results.out
Waiting on completed jobs
Evaluation 262 has completed
Initiating evaluation 265
nonblocking fork: python3 driver.py params.in results.out
Waiting on completed jobs
Evaluation 264 has completed
Initiating evaluation 266
nonblocking fork: python3 driver.py params.in results.out
Waiting on completed jobs
Evaluation 265 has completed
Initiating evaluation 267
nonblocking fork: python3 driver.py params.in results.out
Waiting on completed jobs
Evaluation 267 has completed
Initiating evaluation 268
nonblocking fork: python3 driver.py params.in results.out
Waiting on completed jobs
Evaluation 266 has completed
Initiating evaluation 269
nonblocking fork: python3 driver.py params.in results.out
Waiting on completed jobs
Evaluation 268 has completed
Initiating evaluation 270
nonblocking fork: python3 driver.py params.in results.out
Waiting on completed jobs
Evaluation 269 has completed
Initiating evaluation 271
nonblocking fork: python3 driver.py params.in results.out
Waiting on completed jobs
Evaluation 270 has completed
Initiating evaluation 272
nonblocking fork: python3 driver.py params.in results.out
Waiting on completed jobs
Evaluation 271 has completed
Initiating evaluation 273
nonblocking fork: python3 driver.py params.in results.out
Waiting on completed jobs
Evaluation 272 has completed
Initiating evaluation 274
nonblocking fork: python3 driver.py params.in results.out
Waiting on completed jobs
Evaluation 273 has completed
Initiating evaluation 275
nonblocking fork: python3 driver.py params.in results.out
Waiting on completed jobs
Evaluation 274 has completed
Initiating evaluation 276
nonblocking fork: python3 driver.py params.in results.out
Waiting on completed jobs
Evaluation 275 has completed
Initiating evaluation 277
nonblocking fork: python3 driver.py params.in results.out
Waiting on completed jobs
Evaluation 276 has completed
Initiating evaluation 278
nonblocking fork: python3 driver.py params.in results.out
Waiting on completed jobs
Evaluation 277 has completed
Initiating evaluation 279
nonblocking fork: python3 driver.py params.in results.out
Waiting on completed jobs
Evaluation 278 has completed
Initiating evaluation 280
nonblocking fork: python3 driver.py params.in results.out
Waiting on completed jobs
Evaluation 279 has completed
Waiting on completed jobs
Evaluation 280 has completed

Active response data for evaluation 1:
Active set vector = { 1 1 1 1 1 1 1 1 1 }
                      5.5423600000e+00 flow_2.4
                      3.7142000000e+00 density_2.4
                      4.1978000000e-01 speed_2.4
                      8.2886100000e+00 flow_3.6
                      3.2302300000e+00 density_3.6
                      6.0503000000e-01 speed_3.6
                      1.1855670000e+01 flow_5.0
                      2.8374000000e+00 density_5.0
                      7.5941000000e-01 speed_5.0


Active response data for evaluation 2:
Active set vector = { 1 1 1 1 1 1 1 1 1 }
                      7.0852200000e+00 flow_2.4
                      4.4559200000e+00 density_2.4
                      4.4175000000e-01 speed_2.4
                      1.1058450000e+01 flow_3.6
                      3.6807700000e+00 density_3.6
                      7.4023000000e-01 speed_3.6
                      1.4946240000e+01 flow_5.0
                      3.2630900000e+00 density_5.0
                      8.8857000000e-01 speed_5.0


Active response data for evaluation 3:
Active set vector = { 1 1 1 1 1 1 1 1 1 }
                      3.1617000000e+00 flow_2.4
                      2.7697300000e+00 density_2.4
                      3.1632000000e-01 speed_2.4
                      4.8159600000e+00 flow_3.6
                      2.2293800000e+00 density_3.6
                      4.8499000000e-01 speed_3.6
                      6.4686900000e+00 flow_5.0
                      1.9667500000e+00 density_5.0
                      5.8310000000e-01 speed_5.0


Active response data for evaluation 4:
Active set vector = { 1 1 1 1 1 1 1 1 1 }
                      3.0441400000e+00 flow_2.4
                      2.6444600000e+00 density_2.4
                      2.6125000000e-01 speed_2.4
                      3.5035000000e+00 flow_3.6
                      1.1319800000e+00 density_3.6
                      3.7082000000e-01 speed_3.6
                      3.8653400000e+00 flow_5.0
                      1.0060200000e+00 density_5.0
                      2.0495000000e-01 speed_5.0


Active response data for evaluation 5:
Active set vector = { 1 1 1 1 1 1 1 1 1 }
                      7.3145200000e+00 flow_2.4
                      4.6484500000e+00 density_2.4
                      4.4034000000e-01 speed_2.4
                      1.0915490000e+01 flow_3.6
                      3.7182200000e+00 density_3.6
                      7.0204000000e-01 speed_3.6
                      1.4778860000e+01 flow_5.0
                      3.2033400000e+00 density_5.0
                      8.5378000000e-01 speed_5.0


Active response data for evaluation 6:
Active set vector = { 1 1 1 1 1 1 1 1 1 }
                      7.6754400000e+00 flow_2.4
                      3.2491800000e+00 density_2.4
                      6.4445000000e-01 speed_2.4
                      1.1394970000e+01 flow_3.6
                      2.9473000000e+00 density_3.6
                      8.4092000000e-01 speed_3.6
                      1.5405700000e+01 flow_5.0
                      2.8501200000e+00 density_5.0
                      9.3991000000e-01 speed_5.0


Active response data for evaluation 7:
Active set vector = { 1 1 1 1 1 1 1 1 1 }
                      4.2735000000e+00 flow_2.4
                      4.6152500000e+00 density_2.4
                      2.5878000000e-01 speed_2.4
                      6.1008000000e+00 flow_3.6
                      3.8114900000e+00 density_3.6
                      3.8193000000e-01 speed_3.6
                      8.0289900000e+00 flow_5.0
                      3.0341600000e+00 density_5.0
                      4.8473000000e-01 speed_5.0


Active response data for evaluation 8:
Active set vector = { 1 1 1 1 1 1 1 1 1 }
                      3.1277900000e+00 flow_2.4
                      2.8813000000e+00 density_2.4
                      3.1800000000e-01 speed_2.4
                      5.0450500000e+00 flow_3.6
                      2.3000200000e+00 density_3.6
                      5.1205000000e-01 speed_3.6
                      5.8535500000e+00 flow_5.0
                      2.3066200000e+00 density_5.0
                      4.9017000000e-01 speed_5.0


Active response data for evaluation 9:
Active set vector = { 1 1 1 1 1 1 1 1 1 }
                      3.8472100000e+00 flow_2.4
                      3.1842800000e+00 density_2.4
                      4.2137000000e-01 speed_2.4
                      6.8027200000e+00 flow_3.6
                      3.0832800000e+00 density_3.6
                      6.7117000000e-01 speed_3.6
                      1.0370370000e+01 flow_5.0
                      3.0246300000e+00 density_5.0
                      7.5747000000e-01 speed_5.0


Active response data for evaluation 10:
Active set vector = { 1 1 1 1 1 1 1 1 1 }
                      2.8231500000e+00 flow_2.4
                      2.2838600000e+00 density_2.4
                      3.5967000000e-01 speed_2.4
                      4.2735000000e+00 flow_3.6
                      1.8821100000e+00 density_3.6
                      5.7094000000e-01 speed_3.6
                      6.1622800000e+00 flow_5.0
                      1.6489100000e+00 density_5.0
                      7.1376000000e-01 speed_5.0


Active response data for evaluation 11:
Active set vector = { 1 1 1 1 1 1 1 1 1 }
                      4.6388300000e+00 flow_2.4
                      3.8267800000e+00 density_2.4
                      3.4325000000e-01 speed_2.4
                      5.0107800000e+00 flow_3.6
                      2.4588700000e+00 density_3.6
                      4.4206000000e-01 speed_3.6
                      5.3211700000e+00 flow_5.0
                      1.9150700000e+00 density_5.0
                      3.8435000000e-01 speed_5.0


Active response data for evaluation 12:
Active set vector = { 1 1 1 1 1 1 1 1 1 }
                      6.7489100000e+00 flow_2.4
                      6.0628900000e+00 density_2.4
                      3.1568000000e-01 speed_2.4
                      9.6818800000e+00 flow_3.6
                      4.6631900000e+00 density_3.6
                      4.8865000000e-01 speed_3.6
                      1.2089810000e+01 flow_5.0
                      3.1381500000e+00 density_5.0
                      6.3821000000e-01 speed_5.0


Active response data for evaluation 13:
Active set vector = { 1 1 1 1 1 1 1 1 1 }
                      7.8299800000e+00 flow_2.4
                      3.6707300000e+00 density_2.4
                      6.2225000000e-01 speed_2.4
                      1.1916880000e+01 flow_3.6
                      3.3171700000e+00 density_3.6
                      8.8543000000e-01 speed_3.6
                      1.6910870000e+01 flow_5.0
                      3.0546100000e+00 density_5.0
                      1.0556500000e+00 speed_5.0


Active response data for evaluation 14:
Active set vector = { 1 1 1 1 1 1 1 1 1 }
                      8.2163700000e+00 flow_2.4
                      5.5638600000e+00 density_2.4
                      3.9813000000e-01 speed_2.4
                      1.1960280000e+01 flow_3.6
                      4.7083800000e+00 density_3.6
                      5.5950000000e-01 speed_3.6
                      1.5924660000e+01 flow_5.0
                      4.2485400000e+00 density_5.0
                      6.2361000000e-01 speed_5.0


Active response data for evaluation 15:
Active set vector = { 1 1 1 1 1 1 1 1 1 }
                      4.4497600000e+00 flow_2.4
                      3.1880000000e+00 density_2.4
                      3.9591000000e-01 speed_2.4
                      7.2127800000e+00 flow_3.6
                      2.6005800000e+00 density_3.6
                      6.7234000000e-01 speed_3.6
                      9.2518400000e+00 flow_5.0
                      2.4971400000e+00 density_5.0
                      7.5491000000e-01 speed_5.0


Active response data for evaluation 16:
Active set vector = { 1 1 1 1 1 1 1 1 1 }
                      6.2808400000e+00 flow_2.4
                      5.0720000000e+00 density_2.4
                      3.5713000000e-01 speed_2.4
                      9.8870100000e+00 flow_3.6
                      4.3468700000e+00 density_3.6
                      5.5736000000e-01 speed_3.6
                      1.3822360000e+01 flow_5.0
                      3.7675900000e+00 density_5.0
                      7.2538000000e-01 speed_5.0


Active response data for evaluation 17:
Active set vector = { 1 1 1 1 1 1 1 1 1 }
                      4.0650400000e+00 flow_2.4
                      2.2625300000e+00 density_2.4
                      5.3017000000e-01 speed_2.4
                      6.2978000000e+00 flow_3.6
                      2.0131400000e+00 density_3.6
                      8.0593000000e-01 speed_3.6
                      8.6902500000e+00 flow_5.0
                      1.8663700000e+00 density_5.0
                      9.4696000000e-01 speed_5.0


Active response data for evaluation 18:
Active set vector = { 1 1 1 1 1 1 1 1 1 }
                      3.2452500000e+00 flow_2.4
                      3.2757100000e+00 density_2.4
                      2.8328000000e-01 speed_2.4
                      4.0259700000e+00 flow_3.6
                      2.3940300000e+00 density_3.6
                      4.3088000000e-01 speed_3.6
                      4.5321600000e+00 flow_5.0
                      1.8187500000e+00 density_5.0
                      4.3100000000e-01 speed_5.0


Active response data for evaluation 19:
Active set vector = { 1 1 1 1 1 1 1 1 1 }
                      3.4851900000e+00 flow_2.4
                      2.0036000000e+00 density_2.4
                      4.7812000000e-01 speed_2.4
                      3.9548000000e+00 flow_3.6
                      1.1798400000e+00 density_3.6
                      7.1410000000e-01 speed_3.6
                      4.4486800000e+00 flow_5.0
                      1.2207500000e+00 density_5.0
                      5.1066000000e-01 speed_5.0


Active response data for evaluation 20:
Active set vector = { 1 1 1 1 1 1 1 1 1 }
                      2.8248600000e+00 flow_2.4
                      2.3482200000e+00 density_2.4
                      3.3521000000e-01 speed_2.4
                      4.2156000000e+00 flow_3.6
                      1.8922400000e+00 density_3.6
                      5.0234000000e-01 speed_3.6
                      5.6980100000e+00 flow_5.0
                      1.6550500000e+00 density_5.0
                      6.4145000000e-01 speed_5.0


Active response data for evaluation 21:
Active set vector = { 1 1 1 1 1 1 1 1 1 }
                      5.8217700000e+00 flow_2.4
                      2.9763400000e+00 density_2.4
                      5.8071000000e-01 speed_2.4
                      9.2666700000e+00 flow_3.6
                      2.5513300000e+00 density_3.6
                      9.3036000000e-01 speed_3.6
                      1.3517440000e+01 flow_5.0
                      2.3147000000e+00 density_5.0
                      1.1925800000e+00 speed_5.0


Active response data for evaluation 22:
Active set vector = { 1 1 1 1 1 1 1 1 1 }
                      9.2044700000e+00 flow_2.4
                      4.9940200000e+00 density_2.4
                      5.2315000000e-01 speed_2.4
                      1.4856230000e+01 flow_3.6
                      4.3533900000e+00 density_3.6
                      8.3142000000e-01 speed_3.6
                      2.1573210000e+01 flow_5.0
                      3.8563100000e+00 density_5.0
                      1.0042800000e+00 speed_5.0


Active response data for evaluation 23:
Active set vector = { 1 1 1 1 1 1 1 1 1 }
                      5.0614600000e+00 flow_2.4
                      2.8644900000e+00 density_2.4
                      5.3218000000e-01 speed_2.4
                      7.5956300000e+00 flow_3.6
                      2.6397000000e+00 density_3.6
                      7.2932000000e-01 speed_3.6
                      1.0619800000e+01 flow_5.0
                      2.4996000000e+00 density_5.0
                      8.2589000000e-01 speed_5.0


Active response data for evaluation 24:
Active set vector = { 1 1 1 1 1 1 1 1 1 }
                      5.7471300000e+00 flow_2.4
                      2.8738400000e+00 density_2.4
                      6.1672000000e-01 speed_2.4
                      8.9423100000e+00 flow_3.6
                      2.5887700000e+00 density_3.6
                      8.7762000000e-01 speed_3.6
                      1.2785390000e+01 flow_5.0
                      2.4234000000e+00 density_5.0
                      1.0329700000e+00 speed_5.0


Active response data for evaluation 25:
Active set vector = { 1 1 1 1 1 1 1 1 1 }
                      3.4138000000e+00 flow_2.4
                      3.3808500000e+00 density_2.4
                      2.8911000000e-01 speed_2.4
                      5.2316900000e+00 flow_3.6
                      2.8219500000e+00 density_3.6
                      4.5097000000e-01 speed_3.6
                      7.0387100000e+00 flow_5.0
                      2.5115600000e+00 density_5.0
                      5.3207000000e-01 speed_5.0


Active response data for evaluation 26:
Active set vector = { 1 1 1 1 1 1 1 1 1 }
                      3.0864200000e+00 flow_2.4
                      3.0472800000e+00 density_2.4
                      2.8652000000e-01 speed_2.4
                      4.5189500000e+00 flow_3.6
                      1.5579100000e+00 density_3.6
                      6.7132000000e-01 speed_3.6
                      3.9567300000e+00 flow_5.0
                      1.7314700000e+00 density_5.0
                      4.0438000000e-01 speed_5.0


Active response data for evaluation 27:
Active set vector = { 1 1 1 1 1 1 1 1 1 }
                      5.6292700000e+00 flow_2.4
                      3.9038300000e+00 density_2.4
                      4.1308000000e-01 speed_2.4
                      8.1300800000e+00 flow_3.6
                      3.2114900000e+00 density_3.6
                      5.9205000000e-01 speed_3.6
                      1.0954620000e+01 flow_5.0
                      2.7588700000e+00 density_5.0
                      7.3156000000e-01 speed_5.0


Active response data for evaluation 28:
Active set vector = { 1 1 1 1 1 1 1 1 1 }
                      2.4458400000e+00 flow_2.4
                      2.3129200000e+00 density_2.4
                      3.1939000000e-01 speed_2.4
                      3.9988600000e+00 flow_3.6
                      1.9896600000e+00 density_3.6
                      5.0081000000e-01 speed_3.6
                      5.4902000000e+00 flow_5.0
                      1.8207600000e+00 density_5.0
                      6.0629000000e-01 speed_5.0


Active response data for evaluation 29:
Active set vector = { 1 1 1 1 1 1 1 1 1 }
                      2.6070800000e+00 flow_2.4
                      2.9201600000e+00 density_2.4
                      2.5405000000e-01 speed_2.4
                      3.6630000000e+00 flow_3.6
                      1.6944000000e+00 density_3.6
                      5.3329000000e-01 speed_3.6
                      4.0150200000e+00 flow_5.0
                      1.3780100000e+00 density_5.0
                      4.8422000000e-01 speed_5.0


Active response data for evaluation 30:
Active set vector = { 1 1 1 1 1 1 1 1 1 }
                      2.6712500000e+00 flow_2.4
                      2.5525100000e+00 density_2.4
                      2.9798000000e-01 speed_2.4
                      3.4904000000e+00 flow_3.6
                      1.3020500000e+00 density_3.6
                      5.5992000000e-01 speed_3.6
                      3.1145300000e+00 flow_5.0
                      1.5815600000e+00 density_5.0
                      3.5216000000e-01 speed_5.0


Active response data for evaluation 31:
Active set vector = { 1 1 1 1 1 1 1 1 1 }
                      6.0292900000e+00 flow_2.4
                      3.8410100000e+00 density_2.4
                      4.4511000000e-01 speed_2.4
                      9.1324200000e+00 flow_3.6
                      3.3886700000e+00 density_3.6
                      6.4565000000e-01 speed_3.6
                      1.2927050000e+01 flow_5.0
                      3.1417700000e+00 density_5.0
                      7.6298000000e-01 speed_5.0


Active response data for evaluation 32:
Active set vector = { 1 1 1 1 1 1 1 1 1 }
                      3.4238200000e+00 flow_2.4
                      2.5967500000e+00 density_2.4
                      3.6955000000e-01 speed_2.4
                      5.5094800000e+00 flow_3.6
                      2.0536800000e+00 density_3.6
                      6.2505000000e-01 speed_3.6
                      7.1648700000e+00 flow_5.0
                      1.8796700000e+00 density_5.0
                      7.2455000000e-01 speed_5.0


Active response data for evaluation 33:
Active set vector = { 1 1 1 1 1 1 1 1 1 }
                      1.6431100000e+01 flow_2.4
                      7.5892900000e+00 density_2.4
                      6.3788000000e-01 speed_2.4
                      2.1021020000e+01 flow_3.6
                      4.4883100000e+00 density_3.6
                      1.0197100000e+00 speed_3.6
                      2.7182540000e+01 flow_5.0
                      3.2016100000e+00 density_5.0
                      1.2013400000e+00 speed_5.0


Active response data for evaluation 34:
Active set vector = { 1 1 1 1 1 1 1 1 1 }
                      5.1395000000e+00 flow_2.4
                      5.0827000000e+00 density_2.4
                      2.7714000000e-01 speed_2.4
                      7.5757600000e+00 flow_3.6
                      4.0295800000e+00 density_3.6
                      4.1687000000e-01 speed_3.6
                      1.0021790000e+01 flow_5.0
                      3.4926200000e+00 density_5.0
                      4.8972000000e-01 speed_5.0


Active response data for evaluation 35:
Active set vector = { 1 1 1 1 1 1 1 1 1 }
                      4.7208100000e+00 flow_2.4
                      3.1552400000e+00 density_2.4
                      4.1188000000e-01 speed_2.4
                      6.8226100000e+00 flow_3.6
                      2.7943200000e+00 density_3.6
                      5.4966000000e-01 speed_3.6
                      9.2369500000e+00 flow_5.0
                      2.4509700000e+00 density_5.0
                      6.7093000000e-01 speed_5.0


Active response data for evaluation 36:
Active set vector = { 1 1 1 1 1 1 1 1 1 }
                      5.9662800000e+00 flow_2.4
                      3.1802800000e+00 density_2.4
                      5.3686000000e-01 speed_2.4
                      9.2665400000e+00 flow_3.6
                      2.7787100000e+00 density_3.6
                      8.0158000000e-01 speed_3.6
                      1.3055560000e+01 flow_5.0
                      2.4688400000e+00 density_5.0
                      1.0600600000e+00 speed_5.0


Active response data for evaluation 37:
Active set vector = { 1 1 1 1 1 1 1 1 1 }
                      1.7963680000e+01 flow_2.4
                      7.3830300000e+00 density_2.4
                      6.9226000000e-01 speed_2.4
                      2.8413650000e+01 flow_3.6
                      5.9912300000e+00 density_3.6
                      1.1041200000e+00 speed_3.6
                      3.7777780000e+01 flow_5.0
                      4.7727300000e+00 density_5.0
                      1.4027400000e+00 speed_5.0


Active response data for evaluation 38:
Active set vector = { 1 1 1 1 1 1 1 1 1 }
                      1.3496640000e+01 flow_2.4
                      6.7687800000e+00 density_2.4
                      5.7403000000e-01 speed_2.4
                      1.8466670000e+01 flow_3.6
                      4.9060900000e+00 density_3.6
                      8.4479000000e-01 speed_3.6
                      2.3181050000e+01 flow_5.0
                      3.2927500000e+00 density_5.0
                      1.1170300000e+00 speed_5.0


Active response data for evaluation 39:
Active set vector = { 1 1 1 1 1 1 1 1 1 }
                      4.7814200000e+00 flow_2.4
                      5.1564600000e+00 density_2.4
                      2.4951000000e-01 speed_2.4
                      6.9135800000e+00 flow_3.6
                      4.5210800000e+00 density_3.6
                      3.3072000000e-01 speed_3.6
                      9.0439300000e+00 flow_5.0
                      3.9586200000e+00 density_5.0
                      3.8200000000e-01 speed_5.0


Active response data for evaluation 40:
Active set vector = { 1 1 1 1 1 1 1 1 1 }
                      4.5439800000e+00 flow_2.4
                      4.2707800000e+00 density_2.4
                      2.9736000000e-01 speed_2.4
                      6.8326000000e+00 flow_3.6
                      3.5121700000e+00 density_3.6
                      4.6058000000e-01 speed_3.6
                      9.3108000000e+00 flow_5.0
                      2.9868200000e+00 density_5.0
                      5.8723000000e-01 speed_5.0


Active response data for evaluation 41:
Active set vector = { 1 1 1 1 1 1 1 1 1 }
                      4.2618000000e+00 flow_2.4
                      2.4180500000e+00 density_2.4
                      5.5167000000e-01 speed_2.4
                      6.7298300000e+00 flow_3.6
                      2.1610500000e+00 density_3.6
                      7.8697000000e-01 speed_3.6
                      9.8924700000e+00 flow_5.0
                      1.8983800000e+00 density_5.0
                      1.0618400000e+00 speed_5.0


Active response data for evaluation 42:
Active set vector = { 1 1 1 1 1 1 1 1 1 }
                      3.3428800000e+00 flow_2.4
                      2.9718000000e+00 density_2.4
                      3.0866000000e-01 speed_2.4
                      4.7912400000e+00 flow_3.6
                      2.4256400000e+00 density_3.6
                      4.6364000000e-01 speed_3.6
                      6.2387400000e+00 flow_5.0
                      2.2043100000e+00 density_5.0
                      5.4870000000e-01 speed_5.0


Active response data for evaluation 43:
Active set vector = { 1 1 1 1 1 1 1 1 1 }
                      3.0077600000e+00 flow_2.4
                      3.6810900000e+00 density_2.4
                      2.3496000000e-01 speed_2.4
                      4.5960100000e+00 flow_3.6
                      2.7795900000e+00 density_3.6
                      3.9781000000e-01 speed_3.6
                      5.1943200000e+00 flow_5.0
                      2.4966000000e+00 density_5.0
                      3.9138000000e-01 speed_5.0


Active response data for evaluation 44:
Active set vector = { 1 1 1 1 1 1 1 1 1 }
                      8.3932900000e+00 flow_2.4
                      3.8513100000e+00 density_2.4
                      6.1080000000e-01 speed_2.4
                      1.2500000000e+01 flow_3.6
                      3.3841500000e+00 density_3.6
                      8.9024000000e-01 speed_3.6
                      1.8152450000e+01 flow_5.0
                      3.0171000000e+00 density_5.0
                      1.0904800000e+00 speed_5.0


Active response data for evaluation 45:
Active set vector = { 1 1 1 1 1 1 1 1 1 }
                      6.4905000000e+00 flow_2.4
                      2.9600700000e+00 density_2.4
                      6.3438000000e-01 speed_2.4
                      9.9502500000e+00 flow_3.6
                      2.6743900000e+00 density_3.6
                      8.9782000000e-01 speed_3.6
                      1.3789680000e+01 flow_5.0
                      2.4888700000e+00 density_5.0
                      1.0272800000e+00 speed_5.0


Active response data for evaluation 46:
Active set vector = { 1 1 1 1 1 1 1 1 1 }
                      3.1789300000e+00 flow_2.4
                      2.4817700000e+00 density_2.4
                      3.6905000000e-01 speed_2.4
                      4.9122800000e+00 flow_3.6
                      2.1424800000e+00 density_3.6
                      5.6499000000e-01 speed_3.6
                      6.8728500000e+00 flow_5.0
                      1.9120300000e+00 density_5.0
                      7.1646000000e-01 speed_5.0


Active response data for evaluation 47:
Active set vector = { 1 1 1 1 1 1 1 1 1 }
                      3.7560600000e+00 flow_2.4
                      5.0965600000e+00 density_2.4
                      2.0221000000e-01 speed_2.4
                      5.1395000000e+00 flow_3.6
                      4.0309200000e+00 density_3.6
                      3.0290000000e-01 speed_3.6
                      6.6857700000e+00 flow_5.0
                      2.9751700000e+00 density_5.0
                      4.2109000000e-01 speed_5.0


Active response data for evaluation 48:
Active set vector = { 1 1 1 1 1 1 1 1 1 }
                      7.0814400000e+00 flow_2.4
                      3.9615800000e+00 density_2.4
                      4.9920000000e-01 speed_2.4
                      7.2463800000e+00 flow_3.6
                      2.8344400000e+00 density_3.6
                      6.0914000000e-01 speed_3.6
                      8.4089500000e+00 flow_5.0
                      2.2357000000e+00 density_5.0
                      6.2904000000e-01 speed_5.0


Active response data for evaluation 49:
Active set vector = { 1 1 1 1 1 1 1 1 1 }
                      3.7604100000e+00 flow_2.4
                      2.8968300000e+00 density_2.4
                      4.0489000000e-01 speed_2.4
                      5.8626500000e+00 flow_3.6
                      2.6342100000e+00 density_3.6
                      5.5814000000e-01 speed_3.6
                      8.2736000000e+00 flow_5.0
                      2.4712500000e+00 density_5.0
                      6.8268000000e-01 speed_5.0


Active response data for evaluation 50:
Active set vector = { 1 1 1 1 1 1 1 1 1 }
                      1.0181160000e+01 flow_2.4
                      5.5891700000e+00 density_2.4
                      5.0613000000e-01 speed_2.4
                      1.5346530000e+01 flow_3.6
                      4.7139300000e+00 density_3.6
                      7.5192000000e-01 speed_3.6
                      2.1518000000e+01 flow_5.0
                      3.9552700000e+00 density_5.0
                      1.0150300000e+00 speed_5.0


Active response data for evaluation 51:
Active set vector = { 1 1 1 1 1 1 1 1 1 }
                      4.1116000000e+00 flow_2.4
                      2.9987700000e+00 density_2.4
                      3.8794000000e-01 speed_2.4
                      6.0863900000e+00 flow_3.6
                      2.3671800000e+00 density_3.6
                      6.3711000000e-01 speed_3.6
                      7.1029900000e+00 flow_5.0
                      1.9499000000e+00 density_5.0
                      6.9780000000e-01 speed_5.0


Active response data for evaluation 52:
Active set vector = { 1 1 1 1 1 1 1 1 1 }
                      2.2808700000e+00 flow_2.4
                      2.4971200000e+00 density_2.4
                      2.7399000000e-01 speed_2.4
                      3.3262100000e+00 flow_3.6
                      1.0724500000e+00 density_3.6
                      6.2429000000e-01 speed_3.6
                      3.1638400000e+00 flow_5.0
                      1.4567600000e+00 density_5.0
                      3.4440000000e-01 speed_5.0


Active response data for evaluation 53:
Active set vector = { 1 1 1 1 1 1 1 1 1 }
                      4.6204600000e+00 flow_2.4
                      2.4947000000e+00 density_2.4
                      5.7800000000e-01 speed_2.4
                      7.3869600000e+00 flow_3.6
                      2.1715400000e+00 density_3.6
                      8.2714000000e-01 speed_3.6
                      1.0421370000e+01 flow_5.0
                      1.8729900000e+00 density_5.0
                      1.0904700000e+00 speed_5.0


Active response data for evaluation 54:
Active set vector = { 1 1 1 1 1 1 1 1 1 }
                      5.8922600000e+00 flow_2.4
                      2.7540100000e+00 density_2.4
                      5.7335000000e-01 speed_2.4
                      8.6419800000e+00 flow_3.6
                      2.5406000000e+00 density_3.6
                      7.7253000000e-01 speed_3.6
                      1.1712850000e+01 flow_5.0
                      2.4318000000e+00 density_5.0
                      8.3532000000e-01 speed_5.0


Active response data for evaluation 55:
Active set vector = { 1 1 1 1 1 1 1 1 1 }
                      9.6418700000e+00 flow_2.4
                      4.0294600000e+00 density_2.4
                      6.8125000000e-01 speed_2.4
                      1.3041430000e+01 flow_3.6
                      2.9326000000e+00 density_3.6
                      1.0727300000e+00 speed_3.6
                      1.3716810000e+01 flow_5.0
                      2.6092400000e+00 density_5.0
                      9.5564000000e-01 speed_5.0


Active response data for evaluation 56:
Active set vector = { 1 1 1 1 1 1 1 1 1 }
                      5.5754700000e+00 flow_2.4
                      4.7319300000e+00 density_2.4
                      3.1734000000e-01 speed_2.4
                      7.7648400000e+00 flow_3.6
                      4.0908300000e+00 density_3.6
                      4.1537000000e-01 speed_3.6
                      1.0065650000e+01 flow_5.0
                      3.6244500000e+00 density_5.0
                      4.8087000000e-01 speed_5.0


Active response data for evaluation 57:
Active set vector = { 1 1 1 1 1 1 1 1 1 }
                      2.5480600000e+00 flow_2.4
                      2.3522100000e+00 density_2.4
                      3.0319000000e-01 speed_2.4
                      3.8856500000e+00 flow_3.6
                      1.9813700000e+00 density_3.6
                      4.4556000000e-01 speed_3.6
                      5.3333300000e+00 flow_5.0
                      1.6929600000e+00 density_5.0
                      5.8034000000e-01 speed_5.0


Active response data for evaluation 58:
Active set vector = { 1 1 1 1 1 1 1 1 1 }
                      3.9034000000e+00 flow_2.4
                      4.7803900000e+00 density_2.4
                      2.2685000000e-01 speed_2.4
                      5.5555600000e+00 flow_3.6
                      3.6583900000e+00 density_3.6
                      3.6583000000e-01 speed_3.6
                      6.6426900000e+00 flow_5.0
                      2.8738200000e+00 density_5.0
                      4.2509000000e-01 speed_5.0


Active response data for evaluation 59:
Active set vector = { 1 1 1 1 1 1 1 1 1 }
                      4.7619000000e+00 flow_2.4
                      2.4007900000e+00 density_2.4
                      6.0662000000e-01 speed_2.4
                      7.1538500000e+00 flow_3.6
                      2.2108800000e+00 density_3.6
                      8.1521000000e-01 speed_3.6
                      9.8870100000e+00 flow_5.0
                      2.0911400000e+00 density_5.0
                      8.8445000000e-01 speed_5.0


Active response data for evaluation 60:
Active set vector = { 1 1 1 1 1 1 1 1 1 }
                      4.2383100000e+00 flow_2.4
                      4.0495000000e+00 density_2.4
                      2.9281000000e-01 speed_2.4
                      6.0173200000e+00 flow_3.6
                      3.4032800000e+00 density_3.6
                      4.1110000000e-01 speed_3.6
                      8.7179500000e+00 flow_5.0
                      2.9952700000e+00 density_5.0
                      5.2440000000e-01 speed_5.0


Active response data for evaluation 61:
Active set vector = { 1 1 1 1 1 1 1 1 1 }
                      3.1319900000e+00 flow_2.4
                      2.4487400000e+00 density_2.4
                      3.6757000000e-01 speed_2.4
                      4.8784700000e+00 flow_3.6
                      2.0105500000e+00 density_3.6
                      5.8990000000e-01 speed_3.6
                      6.5268100000e+00 flow_5.0
                      1.7802300000e+00 density_5.0
                      7.0309000000e-01 speed_5.0


Active response data for evaluation 62:
Active set vector = { 1 1 1 1 1 1 1 1 1 }
                      5.5292300000e+00 flow_2.4
                      5.4065900000e+00 density_2.4
                      2.9185000000e-01 speed_2.4
                      8.4699500000e+00 flow_3.6
                      4.3649400000e+00 density_3.6
                      4.4806000000e-01 speed_3.6
                      1.1204820000e+01 flow_5.0
                      3.2902600000e+00 density_5.0
                      5.8286000000e-01 speed_5.0


Active response data for evaluation 63:
Active set vector = { 1 1 1 1 1 1 1 1 1 }
                      4.5994100000e+00 flow_2.4
                      6.9454100000e+00 density_2.4
                      1.7778000000e-01 speed_2.4
                      6.6006600000e+00 flow_3.6
                      5.2479300000e+00 density_3.6
                      2.7937000000e-01 speed_3.6
                      8.7064700000e+00 flow_5.0
                      3.8594000000e+00 density_5.0
                      3.8195000000e-01 speed_5.0


Active response data for evaluation 64:
Active set vector = { 1 1 1 1 1 1 1 1 1 }
                      4.5543600000e+00 flow_2.4
                      3.4356700000e+00 density_2.4
                      3.9547000000e-01 speed_2.4
                      7.5757600000e+00 flow_3.6
                      2.8383300000e+00 density_3.6
                      6.8548000000e-01 speed_3.6
                      9.3495900000e+00 flow_5.0
                      2.3467800000e+00 density_5.0
                      8.0394000000e-01 speed_5.0


Active response data for evaluation 65:
Active set vector = { 1 1 1 1 1 1 1 1 1 }
                      3.5515000000e+00 flow_2.4
                      3.5505200000e+00 density_2.4
                      2.8226000000e-01 speed_2.4
                      5.3142900000e+00 flow_3.6
                      2.9906600000e+00 density_3.6
                      4.1432000000e-01 speed_3.6
                      7.6028100000e+00 flow_5.0
                      2.5266300000e+00 density_5.0
                      5.3393000000e-01 speed_5.0


Active response data for evaluation 66:
Active set vector = { 1 1 1 1 1 1 1 1 1 }
                      5.9905900000e+00 flow_2.4
                      4.8637800000e+00 density_2.4
                      3.4409000000e-01 speed_2.4
                      9.2044700000e+00 flow_3.6
                      3.9447400000e+00 density_3.6
                      5.1878000000e-01 speed_3.6
                      1.2101640000e+01 flow_5.0
                      3.4098900000e+00 density_5.0
                      6.1293000000e-01 speed_5.0


Active response data for evaluation 67:
Active set vector = { 1 1 1 1 1 1 1 1 1 }
                      8.2742300000e+00 flow_2.4
                      4.7329300000e+00 density_2.4
                      5.0335000000e-01 speed_2.4
                      1.2999070000e+01 flow_3.6
                      4.0689500000e+00 density_3.6
                      7.9174000000e-01 speed_3.6
                      1.8666670000e+01 flow_5.0
                      3.6632000000e+00 density_5.0
                      9.7992000000e-01 speed_5.0


Active response data for evaluation 68:
Active set vector = { 1 1 1 1 1 1 1 1 1 }
                      6.4067500000e+00 flow_2.4
                      3.5875300000e+00 density_2.4
                      5.0418000000e-01 speed_2.4
                      9.7833700000e+00 flow_3.6
                      3.2105500000e+00 density_3.6
                      7.1128000000e-01 speed_3.6
                      1.4191920000e+01 flow_5.0
                      2.8690100000e+00 density_5.0
                      8.9321000000e-01 speed_5.0


Active response data for evaluation 69:
Active set vector = { 1 1 1 1 1 1 1 1 1 }
                      2.5725800000e+00 flow_2.4
                      2.2216600000e+00 density_2.4
                      3.4258000000e-01 speed_2.4
                      3.8953800000e+00 flow_3.6
                      1.8942900000e+00 density_3.6
                      5.0009000000e-01 speed_3.6
                      5.7471300000e+00 flow_5.0
                      1.6609600000e+00 density_5.0
                      6.7861000000e-01 speed_5.0


Active response data for evaluation 70:
Active set vector = { 1 1 1 1 1 1 1 1 1 }
                      6.9341300000e+00 flow_2.4
                      4.9915200000e+00 density_2.4
                      3.8861000000e-01 speed_2.4
                      1.0079190000e+01 flow_3.6
                      4.0982900000e+00 density_3.6
                      5.9560000000e-01 speed_3.6
                      1.2377120000e+01 flow_5.0
                      2.7683300000e+00 density_5.0
                      7.9531000000e-01 speed_5.0


Active response data for evaluation 71:
Active set vector = { 1 1 1 1 1 1 1 1 1 }
                      4.8209400000e+00 flow_2.4
                      3.3842000000e+00 density_2.4
                      4.1689000000e-01 speed_2.4
                      7.5147600000e+00 flow_3.6
                      2.8218300000e+00 density_3.6
                      6.5305000000e-01 speed_3.6
                      1.0671190000e+01 flow_5.0
                      2.4742000000e+00 density_5.0
                      8.7047000000e-01 speed_5.0


Active response data for evaluation 72:
Active set vector = { 1 1 1 1 1 1 1 1 1 }
                      2.7613400000e+00 flow_2.4
                      3.1845100000e+00 density_2.4
                      2.4131000000e-01 speed_2.4
                      4.4571800000e+00 flow_3.6
                      2.4209400000e+00 density_3.6
                      4.2760000000e-01 speed_3.6
                      5.1955300000e+00 flow_5.0
                      2.2187900000e+00 density_5.0
                      4.4401000000e-01 speed_5.0


Active response data for evaluation 73:
Active set vector = { 1 1 1 1 1 1 1 1 1 }
                      3.2980000000e+00 flow_2.4
                      3.6110300000e+00 density_2.4
                      2.5579000000e-01 speed_2.4
                      5.5292300000e+00 flow_3.6
                      2.6107400000e+00 density_3.6
                      5.0494000000e-01 speed_3.6
                      5.9768600000e+00 flow_5.0
                      2.6643600000e+00 density_5.0
                      4.4507000000e-01 speed_5.0


Active response data for evaluation 74:
Active set vector = { 1 1 1 1 1 1 1 1 1 }
                      4.2462800000e+00 flow_2.4
                      2.6095800000e+00 density_2.4
                      4.6158000000e-01 speed_2.4
                      6.3873600000e+00 flow_3.6
                      2.2824800000e+00 density_3.6
                      6.7352000000e-01 speed_3.6
                      8.9693400000e+00 flow_5.0
                      2.0546200000e+00 density_5.0
                      8.6413000000e-01 speed_5.0


Active response data for evaluation 75:
Active set vector = { 1 1 1 1 1 1 1 1 1 }
                      6.7784300000e+00 flow_2.4
                      4.9498300000e+00 density_2.4
                      3.2541000000e-01 speed_2.4
                      7.6158900000e+00 flow_3.6
                      2.2747900000e+00 density_3.6
                      4.9164000000e-01 speed_3.6
                      9.1355600000e+00 flow_5.0
                      1.4044100000e+00 density_5.0
                      3.3820000000e-01 speed_5.0


Active response data for evaluation 76:
Active set vector = { 1 1 1 1 1 1 1 1 1 }
                      7.0348000000e+00 flow_2.4
                      3.8975500000e+00 density_2.4
                      6.2810000000e-01 speed_2.4
                      1.1935210000e+01 flow_3.6
                      3.1459500000e+00 density_3.6
                      9.3625000000e-01 speed_3.6
                      1.4161550000e+01 flow_5.0
                      2.5371300000e+00 density_5.0
                      1.0310200000e+00 speed_5.0


Active response data for evaluation 77:
Active set vector = { 1 1 1 1 1 1 1 1 1 }
                      1.1058070000e+01 flow_2.4
                      5.7253400000e+00 density_2.4
                      5.4016000000e-01 speed_2.4
                      1.6847170000e+01 flow_3.6
                      4.8978700000e+00 density_3.6
                      8.0581000000e-01 speed_3.6
                      2.3883160000e+01 flow_5.0
                      4.2390100000e+00 density_5.0
                      1.0106800000e+00 speed_5.0


Active response data for evaluation 78:
Active set vector = { 1 1 1 1 1 1 1 1 1 }
                      1.0279000000e+01 flow_2.4
                      6.1130300000e+00 density_2.4
                      5.1351000000e-01 speed_2.4
                      1.5927190000e+01 flow_3.6
                      4.7734500000e+00 density_3.6
                      8.1789000000e-01 speed_3.6
                      1.7283950000e+01 flow_5.0
                      3.1108300000e+00 density_5.0
                      9.6317000000e-01 speed_5.0


Active response data for evaluation 79:
Active set vector = { 1 1 1 1 1 1 1 1 1 }
                      3.7573800000e+00 flow_2.4
                      2.0711700000e+00 density_2.4
                      4.6111000000e-01 speed_2.4
                      4.2462800000e+00 flow_3.6
                      1.3839300000e+00 density_3.6
                      5.8455000000e-01 speed_3.6
                      4.4127000000e+00 flow_5.0
                      1.1565500000e+00 density_5.0
                      3.6075000000e-01 speed_5.0


Active response data for evaluation 80:
Active set vector = { 1 1 1 1 1 1 1 1 1 }
                      7.6252700000e+00 flow_2.4
                      6.1518300000e+00 density_2.4
                      3.7893000000e-01 speed_2.4
                      1.2184510000e+01 flow_3.6
                      5.1776400000e+00 density_3.6
                      5.5856000000e-01 speed_3.6
                      1.8007660000e+01 flow_5.0
                      4.4336200000e+00 density_5.0
                      7.2695000000e-01 speed_5.0


Active response data for evaluation 81:
Active set vector = { 1 1 1 1 1 1 1 1 1 }
                      3.9117100000e+00 flow_2.4
                      2.5234800000e+00 density_2.4
                      4.6822000000e-01 speed_2.4
                      5.8260500000e+00 flow_3.6
                      2.3109600000e+00 density_3.6
                      6.3577000000e-01 speed_3.6
                      8.7570600000e+00 flow_5.0
                      2.0475300000e+00 density_5.0
                      9.0340000000e-01 speed_5.0


Active response data for evaluation 82:
Active set vector = { 1 1 1 1 1 1 1 1 1 }
                      3.1362000000e+00 flow_2.4
                      3.0559800000e+00 density_2.4
                      2.8723000000e-01 speed_2.4
                      5.1481500000e+00 flow_3.6
                      2.3010100000e+00 density_3.6
                      5.3414000000e-01 speed_3.6
                      6.3179300000e+00 flow_5.0
                      2.1872000000e+00 density_5.0
                      5.6264000000e-01 speed_5.0


Active response data for evaluation 83:
Active set vector = { 1 1 1 1 1 1 1 1 1 }
                      3.3096900000e+00 flow_2.4
                      3.5003000000e+00 density_2.4
                      2.6593000000e-01 speed_2.4
                      4.6969700000e+00 flow_3.6
                      2.6794700000e+00 density_3.6
                      4.0051000000e-01 speed_3.6
                      5.5033300000e+00 flow_5.0
                      2.2912500000e+00 density_5.0
                      4.4288000000e-01 speed_5.0


Active response data for evaluation 84:
Active set vector = { 1 1 1 1 1 1 1 1 1 }
                      7.5121200000e+00 flow_2.4
                      3.8925700000e+00 density_2.4
                      5.3712000000e-01 speed_2.4
                      1.1802030000e+01 flow_3.6
                      3.4425900000e+00 density_3.6
                      8.1274000000e-01 speed_3.6
                      1.6849150000e+01 flow_5.0
                      3.1194800000e+00 density_5.0
                      1.0294000000e+00 speed_5.0


Active response data for evaluation 85:
Active set vector = { 1 1 1 1 1 1 1 1 1 }
                      6.9319300000e+00 flow_2.4
                      2.9385300000e+00 density_2.4
                      6.8218000000e-01 speed_2.4
                      1.0534240000e+01 flow_3.6
                      2.6295000000e+00 density_3.6
                      9.7841000000e-01 speed_3.6
                      1.4850430000e+01 flow_5.0
                      2.4281200000e+00 density_5.0
                      1.1452400000e+00 speed_5.0


Active response data for evaluation 86:
Active set vector = { 1 1 1 1 1 1 1 1 1 }
                      3.0782800000e+00 flow_2.4
                      2.5243700000e+00 density_2.4
                      3.5270000000e-01 speed_2.4
                      4.8661800000e+00 flow_3.6
                      2.1367200000e+00 density_3.6
                      5.6686000000e-01 speed_3.6
                      6.7731000000e+00 flow_5.0
                      1.9329700000e+00 density_5.0
                      7.1398000000e-01 speed_5.0


Active response data for evaluation 87:
Active set vector = { 1 1 1 1 1 1 1 1 1 }
                      3.6018600000e+00 flow_2.4
                      5.2060800000e+00 density_2.4
                      1.9092000000e-01 speed_2.4
                      5.1396600000e+00 flow_3.6
                      3.8978800000e+00 density_3.6
                      3.2028000000e-01 speed_3.6
                      6.5897100000e+00 flow_5.0
                      3.0014900000e+00 density_5.0
                      4.0334000000e-01 speed_5.0


Active response data for evaluation 88:
Active set vector = { 1 1 1 1 1 1 1 1 1 }
                      6.4944100000e+00 flow_2.4
                      4.0849800000e+00 density_2.4
                      4.5112000000e-01 speed_2.4
                      7.4074100000e+00 flow_3.6
                      3.1927800000e+00 density_3.6
                      5.6007000000e-01 speed_3.6
                      8.3183700000e+00 flow_5.0
                      2.3419100000e+00 density_5.0
                      5.8537000000e-01 speed_5.0


Active response data for evaluation 89:
Active set vector = { 1 1 1 1 1 1 1 1 1 }
                      3.8033100000e+00 flow_2.4
                      2.8878300000e+00 density_2.4
                      3.9689000000e-01 speed_2.4
                      5.9768600000e+00 flow_3.6
                      2.6114100000e+00 density_3.6
                      5.8072000000e-01 speed_3.6
                      8.4084100000e+00 flow_5.0
                      2.4816900000e+00 density_5.0
                      6.8247000000e-01 speed_5.0


Active response data for evaluation 90:
Active set vector = { 1 1 1 1 1 1 1 1 1 }
                      9.3226000000e+00 flow_2.4
                      5.6734100000e+00 density_2.4
                      4.6515000000e-01 speed_2.4
                      1.4293090000e+01 flow_3.6
                      4.8627600000e+00 density_3.6
                      7.0155000000e-01 speed_3.6
                      2.0248540000e+01 flow_5.0
                      4.2420500000e+00 density_5.0
                      8.8847000000e-01 speed_5.0


Active response data for evaluation 91:
Active set vector = { 1 1 1 1 1 1 1 1 1 }
                      3.8388000000e+00 flow_2.4
                      3.0934800000e+00 density_2.4
                      3.5300000000e-01 speed_2.4
                      5.5489300000e+00 flow_3.6
                      2.5093600000e+00 density_3.6
                      5.4359000000e-01 speed_3.6
                      7.2884000000e+00 flow_5.0
                      1.9891600000e+00 density_5.0
                      7.0790000000e-01 speed_5.0


Active response data for evaluation 92:
Active set vector = { 1 1 1 1 1 1 1 1 1 }
                      2.3894900000e+00 flow_2.4
                      2.6242000000e+00 density_2.4
                      2.7233000000e-01 speed_2.4
                      3.3622600000e+00 flow_3.6
                      1.1821300000e+00 density_3.6
                      5.9733000000e-01 speed_3.6
                      2.8286500000e+00 flow_5.0
                      1.5316400000e+00 density_5.0
                      3.1386000000e-01 speed_5.0


Active response data for evaluation 93:
Active set vector = { 1 1 1 1 1 1 1 1 1 }
                      3.9954300000e+00 flow_2.4
                      2.5890600000e+00 density_2.4
                      5.1254000000e-01 speed_2.4
                      6.6242300000e+00 flow_3.6
                      2.2346700000e+00 density_3.6
                      7.7540000000e-01 speed_3.6
                      9.3982400000e+00 flow_5.0
                      1.9317500000e+00 density_5.0
                      1.0313000000e+00 speed_5.0


Active response data for evaluation 94:
Active set vector = { 1 1 1 1 1 1 1 1 1 }
                      8.5766400000e+00 flow_2.4
                      2.7296400000e+00 density_2.4
                      8.4186000000e-01 speed_2.4
                      1.2927050000e+01 flow_3.6
                      2.5009900000e+00 density_3.6
                      1.1581600000e+00 speed_3.6
                      1.7543860000e+01 flow_5.0
                      2.4016900000e+00 density_5.0
                      1.2691700000e+00 speed_5.0


Active response data for evaluation 95:
Active set vector = { 1 1 1 1 1 1 1 1 1 }
                      7.8168600000e+00 flow_2.4
                      4.3331900000e+00 density_2.4
                      5.2712000000e-01 speed_2.4
                      1.1683420000e+01 flow_3.6
                      3.3597400000e+00 density_3.6
                      8.4838000000e-01 speed_3.6
                      1.3716810000e+01 flow_5.0
                      2.5688000000e+00 density_5.0
                      9.1078000000e-01 speed_5.0


Active response data for evaluation 96:
Active set vector = { 1 1 1 1 1 1 1 1 1 }
                      4.8865600000e+00 flow_2.4
                      4.7829500000e+00 density_2.4
                      2.9276000000e-01 speed_2.4
                      7.5409800000e+00 flow_3.6
                      4.0723600000e+00 density_3.6
                      4.2926000000e-01 speed_3.6
                      1.0101010000e+01 flow_5.0
                      3.7129700000e+00 density_5.0
                      4.6086000000e-01 speed_5.0


Active response data for evaluation 97:
Active set vector = { 1 1 1 1 1 1 1 1 1 }
                      2.5334800000e+00 flow_2.4
                      2.3451700000e+00 density_2.4
                      3.0272000000e-01 speed_2.4
                      3.8888900000e+00 flow_3.6
                      1.9406400000e+00 density_3.6
                      4.7470000000e-01 speed_3.6
                      5.4837400000e+00 flow_5.0
                      1.6997800000e+00 density_5.0
                      5.7133000000e-01 speed_5.0


Active response data for evaluation 98:
Active set vector = { 1 1 1 1 1 1 1 1 1 }
                      4.1891100000e+00 flow_2.4
                      4.5954500000e+00 density_2.4
                      2.5342000000e-01 speed_2.4
                      5.8935400000e+00 flow_3.6
                      3.4993200000e+00 density_3.6
                      4.1339000000e-01 speed_3.6
                      6.4645000000e+00 flow_5.0
                      2.7532700000e+00 density_5.0
                      4.4833000000e-01 speed_5.0


Active response data for evaluation 99:
Active set vector = { 1 1 1 1 1 1 1 1 1 }
                      6.5635300000e+00 flow_2.4
                      2.3833800000e+00 density_2.4
                      8.4097000000e-01 speed_2.4
                      9.7833700000e+00 flow_3.6
                      2.1783500000e+00 density_3.6
                      1.1230500000e+00 speed_3.6
                      1.3716810000e+01 flow_5.0
                      2.0814100000e+00 density_5.0
                      1.2410700000e+00 speed_5.0


Active response data for evaluation 100:
Active set vector = { 1 1 1 1 1 1 1 1 1 }
                      4.3736300000e+00 flow_2.4
                      4.0273900000e+00 density_2.4
                      3.0870000000e-01 speed_2.4
                      6.3945600000e+00 flow_3.6
                      3.3824200000e+00 density_3.6
                      4.2665000000e-01 speed_3.6
                      8.5335800000e+00 flow_5.0
                      2.9253400000e+00 density_5.0
                      5.1312000000e-01 speed_5.0


Active response data for evaluation 101:
Active set vector = { 1 1 1 1 1 1 1 1 1 }
                      3.2956700000e+00 flow_2.4
                      2.3962800000e+00 density_2.4
                      3.9759000000e-01 speed_2.4
                      4.7985000000e+00 flow_3.6
                      2.0222300000e+00 density_3.6
                      5.6044000000e-01 speed_3.6
                      6.7149800000e+00 flow_5.0
                      1.7888200000e+00 density_5.0
                      7.0548000000e-01 speed_5.0


Active response data for evaluation 102:
Active set vector = { 1 1 1 1 1 1 1 1 1 }
                      5.8860800000e+00 flow_2.4
                      5.3083800000e+00 density_2.4
                      3.1438000000e-01 speed_2.4
                      8.3633100000e+00 flow_3.6
                      4.1619600000e+00 density_3.6
                      4.7132000000e-01 speed_3.6
                      1.1259080000e+01 flow_5.0
                      3.2746700000e+00 density_5.0
                      6.0989000000e-01 speed_5.0


Active response data for evaluation 103:
Active set vector = { 1 1 1 1 1 1 1 1 1 }
                      4.6388300000e+00 flow_2.4
                      6.9463800000e+00 density_2.4
                      1.8031000000e-01 speed_2.4
                      6.6006600000e+00 flow_3.6
                      5.3972500000e+00 density_3.6
                      2.7322000000e-01 speed_3.6
                      8.4392000000e+00 flow_5.0
                      3.8810200000e+00 density_5.0
                      3.7710000000e-01 speed_5.0


Active response data for evaluation 104:
Active set vector = { 1 1 1 1 1 1 1 1 1 }
                      5.4381800000e+00 flow_2.4
                      3.2639000000e+00 density_2.4
                      4.8684000000e-01 speed_2.4
                      8.5306600000e+00 flow_3.6
                      2.4694800000e+00 density_3.6
                      8.8043000000e-01 speed_3.6
                      1.0328110000e+01 flow_5.0
                      2.1823200000e+00 density_5.0
                      9.2121000000e-01 speed_5.0


Active response data for evaluation 105:
Active set vector = { 1 1 1 1 1 1 1 1 1 }
                      3.4567900000e+00 flow_2.4
                      3.5638900000e+00 density_2.4
                      2.8203000000e-01 speed_2.4
                      5.2247200000e+00 flow_3.6
                      3.0281000000e+00 density_3.6
                      4.1959000000e-01 speed_3.6
                      7.2361500000e+00 flow_5.0
                      2.5952900000e+00 density_5.0
                      5.4285000000e-01 speed_5.0


Active response data for evaluation 106:
Active set vector = { 1 1 1 1 1 1 1 1 1 }
                      5.6841300000e+00 flow_2.4
                      4.8735700000e+00 density_2.4
                      3.3428000000e-01 speed_2.4
                      9.0237600000e+00 flow_3.6
                      4.0625000000e+00 density_3.6
                      5.2923000000e-01 speed_3.6
                      1.2129140000e+01 flow_5.0
                      3.4586000000e+00 density_5.0
                      6.0521000000e-01 speed_5.0


Active response data for evaluation 107:
Active set vector = { 1 1 1 1 1 1 1 1 1 }
                      9.4612800000e+00 flow_2.4
                      4.5366500000e+00 density_2.4
                      5.9982000000e-01 speed_2.4
                      1.4898180000e+01 flow_3.6
                      3.8072300000e+00 density_3.6
                      9.7137000000e-01 speed_3.6
                      2.1373460000e+01 flow_5.0
                      3.3903900000e+00 density_5.0
                      1.2131000000e+00 speed_5.0


Active response data for evaluation 108:
Active set vector = { 1 1 1 1 1 1 1 1 1 }
                      5.7835800000e+00 flow_2.4
                      3.5998200000e+00 density_2.4
                      4.4846000000e-01 speed_2.4
                      8.5626900000e+00 flow_3.6
                      3.2218100000e+00 density_3.6
                      6.1994000000e-01 speed_3.6
                      1.1709400000e+01 flow_5.0
                      3.0311500000e+00 density_5.0
                      7.1169000000e-01 speed_5.0


Active response data for evaluation 109:
Active set vector = { 1 1 1 1 1 1 1 1 1 }
                      2.5293600000e+00 flow_2.4
                      2.2395900000e+00 density_2.4
                      3.3714000000e-01 speed_2.4
                      4.0091600000e+00 flow_3.6
                      1.8824300000e+00 density_3.6
                      5.1051000000e-01 speed_3.6
                      5.4968700000e+00 flow_5.0
                      1.7118200000e+00 density_5.0
                      5.9201000000e-01 speed_5.0


Active response data for evaluation 110:
Active set vector = { 1 1 1 1 1 1 1 1 1 }
                      7.0005000000e+00 flow_2.4
                      4.9107100000e+00 density_2.4
                      4.0080000000e-01 speed_2.4
                      1.0449440000e+01 flow_3.6
                      3.9333800000e+00 density_3.6
                      6.4379000000e-01 speed_3.6
                      1.2750460000e+01 flow_5.0
                      2.8912000000e+00 density_5.0
                      8.0455000000e-01 speed_5.0


Active response data for evaluation 111:
Active set vector = { 1 1 1 1 1 1 1 1 1 }
                      4.3209900000e+00 flow_2.4
                      3.4242400000e+00 density_2.4
                      3.6603000000e-01 speed_2.4
                      6.6953600000e+00 flow_3.6
                      2.9924800000e+00 density_3.6
                      5.5405000000e-01 speed_3.6
                      9.4993100000e+00 flow_5.0
                      2.6661000000e+00 density_5.0
                      7.2211000000e-01 speed_5.0


Active response data for evaluation 112:
Active set vector = { 1 1 1 1 1 1 1 1 1 }
                      2.9112100000e+00 flow_2.4
                      3.1083000000e+00 density_2.4
                      2.5978000000e-01 speed_2.4
                      4.5189500000e+00 flow_3.6
                      2.3219500000e+00 density_3.6
                      4.4860000000e-01 speed_3.6
                      5.5160100000e+00 flow_5.0
                      2.1375700000e+00 density_5.0
                      4.9647000000e-01 speed_5.0


Active response data for evaluation 113:
Active set vector = { 1 1 1 1 1 1 1 1 1 }
                      3.5732500000e+00 flow_2.4
                      3.5324900000e+00 density_2.4
                      2.8126000000e-01 speed_2.4
                      5.7620800000e+00 flow_3.6
                      2.5296100000e+00 density_3.6
                      5.3488000000e-01 speed_3.6
                      6.3405800000e+00 flow_5.0
                      2.2262100000e+00 density_5.0
                      5.3815000000e-01 speed_5.0


Active response data for evaluation 114:
Active set vector = { 1 1 1 1 1 1 1 1 1 }
                      4.5931800000e+00 flow_2.4
                      2.5681300000e+00 density_2.4
                      4.9680000000e-01 speed_2.4
                      6.8270200000e+00 flow_3.6
                      2.2351300000e+00 density_3.6
                      7.2178000000e-01 speed_3.6
                      9.5980600000e+00 flow_5.0
                      2.0276400000e+00 density_5.0
                      9.2441000000e-01 speed_5.0


Active response data for evaluation 115:
Active set vector = { 1 1 1 1 1 1 1 1 1 }
                      6.7928200000e+00 flow_2.4
                      5.0111600000e+00 density_2.4
                      3.2379000000e-01 speed_2.4
                      7.6434900000e+00 flow_3.6
                      2.4090900000e+00 density_3.6
                      4.8199000000e-01 speed_3.6
                      8.9080500000e+00 flow_5.0
                      1.3855500000e+00 density_5.0
                      3.3326000000e-01 speed_5.0


Active response data for evaluation 116:
Active set vector = { 1 1 1 1 1 1 1 1 1 }
                      7.2475100000e+00 flow_2.4
                      3.5420400000e+00 density_2.4
                      7.2031000000e-01 speed_2.4
                      1.0393470000e+01 flow_3.6
                      2.3444400000e+00 density_3.6
                      1.1942000000e+00 speed_3.6
                      1.5397350000e+01 flow_5.0
                      2.4404800000e+00 density_5.0
                      1.1731500000e+00 speed_5.0


Active response data for evaluation 117:
Active set vector = { 1 1 1 1 1 1 1 1 1 }
                      1.1653810000e+01 flow_2.4
                      5.8063200000e+00 density_2.4
                      5.5105000000e-01 speed_2.4
                      1.7550510000e+01 flow_3.6
                      4.7978400000e+00 density_3.6
                      8.6354000000e-01 speed_3.6
                      2.4514990000e+01 flow_5.0
                      4.1776300000e+00 density_5.0
                      1.0485700000e+00 speed_5.0


Active response data for evaluation 118:
Active set vector = { 1 1 1 1 1 1 1 1 1 }
                      1.2236840000e+01 flow_2.4
                      5.8956700000e+00 density_2.4
                      6.1085000000e-01 speed_2.4
                      1.7811700000e+01 flow_3.6
                      4.0738700000e+00 density_3.6
                      1.0439300000e+00 speed_3.6
                      2.1666670000e+01 flow_5.0
                      3.0856500000e+00 density_5.0
                      1.1504500000e+00 speed_5.0


Active response data for evaluation 119:
Active set vector = { 1 1 1 1 1 1 1 1 1 }
                      3.5531700000e+00 flow_2.4
                      2.2104500000e+00 density_2.4
                      4.1604000000e-01 speed_2.4
                      4.1853500000e+00 flow_3.6
                      1.4965800000e+00 density_3.6
                      6.1620000000e-01 speed_3.6
                      4.3573000000e+00 flow_5.0
                      1.1668800000e+00 density_5.0
                      3.3764000000e-01 speed_5.0


Active response data for evaluation 120:
Active set vector = { 1 1 1 1 1 1 1 1 1 }
                      8.1442700000e+00 flow_2.4
                      6.0101400000e+00 density_2.4
                      4.0858000000e-01 speed_2.4
                      1.2809920000e+01 flow_3.6
                      5.1614000000e+00 density_3.6
                      5.9516000000e-01 speed_3.6
                      1.8674700000e+01 flow_5.0
                      4.4385700000e+00 density_5.0
                      7.5550000000e-01 speed_5.0


Active response data for evaluation 121:
Active set vector = { 1 1 1 1 1 1 1 1 1 }
                      8.7078700000e+00 flow_2.4
                      4.3217600000e+00 density_2.4
                      5.7235000000e-01 speed_2.4
                      1.3304090000e+01 flow_3.6
                      3.7645800000e+00 density_3.6
                      8.4493000000e-01 speed_3.6
                      1.8870520000e+01 flow_5.0
                      3.2260400000e+00 density_5.0
                      1.0873700000e+00 speed_5.0


Active response data for evaluation 122:
Active set vector = { 1 1 1 1 1 1 1 1 1 }
                      4.0229900000e+00 flow_2.4
                      3.8821200000e+00 density_2.4
                      2.8881000000e-01 speed_2.4
                      5.9462900000e+00 flow_3.6
                      3.1075500000e+00 density_3.6
                      4.4198000000e-01 speed_3.6
                      8.0150500000e+00 flow_5.0
                      2.7132300000e+00 density_5.0
                      5.4950000000e-01 speed_5.0


Active response data for evaluation 123:
Active set vector = { 1 1 1 1 1 1 1 1 1 }
                      2.7927400000e+00 flow_2.4
                      3.1623800000e+00 density_2.4
                      2.5323000000e-01 speed_2.4
                      4.2931600000e+00 flow_3.6
                      2.3109200000e+00 density_3.6
                      4.4064000000e-01 speed_3.6
                      4.8895900000e+00 flow_5.0
                      2.2297000000e+00 density_5.0
                      4.3585000000e-01 speed_5.0


Active response data for evaluation 124:
Active set vector = { 1 1 1 1 1 1 1 1 1 }
                      7.8563400000e+00 flow_2.4
                      3.7244900000e+00 density_2.4
                      5.9134000000e-01 speed_2.4
                      1.1898630000e+01 flow_3.6
                      3.2496300000e+00 density_3.6
                      8.6818000000e-01 speed_3.6
                      1.6851170000e+01 flow_5.0
                      2.8807800000e+00 density_5.0
                      1.1328700000e+00 speed_5.0


Active response data for evaluation 125:
Active set vector = { 1 1 1 1 1 1 1 1 1 }
                      6.2249000000e+00 flow_2.4
                      2.8471200000e+00 density_2.4
                      6.3217000000e-01 speed_2.4
                      9.6473000000e+00 flow_3.6
                      2.6001900000e+00 density_3.6
                      8.9797000000e-01 speed_3.6
                      1.3294800000e+01 flow_5.0
                      2.4120000000e+00 density_5.0
                      1.0557200000e+00 speed_5.0


Active response data for evaluation 126:
Active set vector = { 1 1 1 1 1 1 1 1 1 }
                      5.2316900000e+00 flow_2.4
                      3.8455800000e+00 density_2.4
                      3.8863000000e-01 speed_2.4
                      7.8168600000e+00 flow_3.6
                      3.2784900000e+00 density_3.6
                      5.7787000000e-01 speed_3.6
                      1.1218720000e+01 flow_5.0
                      2.8131500000e+00 density_5.0
                      8.0248000000e-01 speed_5.0


Active response data for evaluation 127:
Active set vector = { 1 1 1 1 1 1 1 1 1 }
                      3.6091800000e+00 flow_2.4
                      4.9173400000e+00 density_2.4
                      2.0104000000e-01 speed_2.4
                      4.8895900000e+00 flow_3.6
                      3.8734200000e+00 density_3.6
                      3.0356000000e-01 speed_3.6
                      6.2471500000e+00 flow_5.0
                      2.9896100000e+00 density_5.0
                      4.0242000000e-01 speed_5.0


Active response data for evaluation 128:
Active set vector = { 1 1 1 1 1 1 1 1 1 }
                      6.3752300000e+00 flow_2.4
                      3.5660700000e+00 density_2.4
                      5.0781000000e-01 speed_2.4
                      6.9843700000e+00 flow_3.6
                      2.5593400000e+00 density_3.6
                      6.5775000000e-01 speed_3.6
                      7.9500300000e+00 flow_5.0
                      2.1990400000e+00 density_5.0
                      6.1873000000e-01 speed_5.0


Active response data for evaluation 129:
Active set vector = { 1 1 1 1 1 1 1 1 1 }
                      3.4904000000e+00 flow_2.4
                      2.6860500000e+00 density_2.4
                      4.0354000000e-01 speed_2.4
                      5.4080100000e+00 flow_3.6
                      2.4336800000e+00 density_3.6
                      5.7447000000e-01 speed_3.6
                      7.7519400000e+00 flow_5.0
                      2.2959600000e+00 density_5.0
                      6.9093000000e-01 speed_5.0


Active response data for evaluation 130:
Active set vector = { 1 1 1 1 1 1 1 1 1 }
                      4.7619000000e+00 flow_2.4
                      2.8667900000e+00 density_2.4
                      4.7930000000e-01 speed_2.4
                      7.4547400000e+00 flow_3.6
                      2.4507300000e+00 density_3.6
                      7.3233000000e-01 speed_3.6
                      1.0665140000e+01 flow_5.0
                      2.2078300000e+00 density_5.0
                      9.4914000000e-01 speed_5.0


Active response data for evaluation 131:
Active set vector = { 1 1 1 1 1 1 1 1 1 }
                      5.8860800000e+00 flow_2.4
                      4.7898200000e+00 density_2.4
                      3.4526000000e-01 speed_2.4
                      7.8098500000e+00 flow_3.6
                      3.8837800000e+00 density_3.6
                      4.7402000000e-01 speed_3.6
                      9.3495900000e+00 flow_5.0
                      2.9462500000e+00 density_5.0
                      5.5946000000e-01 speed_5.0


Active response data for evaluation 132:
Active set vector = { 1 1 1 1 1 1 1 1 1 }
                      3.5407200000e+00 flow_2.4
                      3.5576200000e+00 density_2.4
                      2.8813000000e-01 speed_2.4
                      3.5621400000e+00 flow_3.6
                      2.2244200000e+00 density_3.6
                      3.2913000000e-01 speed_3.6
                      4.1970800000e+00 flow_5.0
                      1.7082300000e+00 density_5.0
                      3.0791000000e-01 speed_5.0


Active response data for evaluation 133:
Active set vector = { 1 1 1 1 1 1 1 1 1 }
                      6.0000000000e+00 flow_2.4
                      3.3565000000e+00 density_2.4
                      5.2044000000e-01 speed_2.4
                      9.4276100000e+00 flow_3.6
                      2.7707400000e+00 density_3.6
                      8.4259000000e-01 speed_3.6
                      1.3420540000e+01 flow_5.0
                      2.4968900000e+00 density_5.0
                      1.0368200000e+00 speed_5.0


Active response data for evaluation 134:
Active set vector = { 1 1 1 1 1 1 1 1 1 }
                      6.4545900000e+00 flow_2.4
                      3.0046400000e+00 density_2.4
                      5.5923000000e-01 speed_2.4
                      9.5679000000e+00 flow_3.6
                      2.7618100000e+00 density_3.6
                      7.6142000000e-01 speed_3.6
                      1.2942270000e+01 flow_5.0
                      2.6457400000e+00 density_5.0
                      8.4343000000e-01 speed_5.0


Active response data for evaluation 135:
Active set vector = { 1 1 1 1 1 1 1 1 1 }
                      7.6986800000e+00 flow_2.4
                      3.5404400000e+00 density_2.4
                      6.2568000000e-01 speed_2.4
                      1.0219780000e+01 flow_3.6
                      2.3425800000e+00 density_3.6
                      1.0794900000e+00 speed_3.6
                      1.2365590000e+01 flow_5.0
                      2.3429700000e+00 density_5.0
                      9.8085000000e-01 speed_5.0


Active response data for evaluation 136:
Active set vector = { 1 1 1 1 1 1 1 1 1 }
                      4.3169900000e+00 flow_2.4
                      3.9016700000e+00 density_2.4
                      3.0644000000e-01 speed_2.4
                      6.2668500000e+00 flow_3.6
                      3.3385400000e+00 density_3.6
                      4.1526000000e-01 speed_3.6
                      8.1560300000e+00 flow_5.0
                      2.9184600000e+00 density_5.0
                      4.9007000000e-01 speed_5.0


Active response data for evaluation 137:
Active set vector = { 1 1 1 1 1 1 1 1 1 }
                      3.6389500000e+00 flow_2.4
                      3.3518200000e+00 density_2.4
                      2.9951000000e-01 speed_2.4
                      5.4137700000e+00 flow_3.6
                      2.8101700000e+00 density_3.6
                      4.4641000000e-01 speed_3.6
                      7.1574600000e+00 flow_5.0
                      2.4576100000e+00 density_5.0
                      5.2174000000e-01 speed_5.0


Active response data for evaluation 138:
Active set vector = { 1 1 1 1 1 1 1 1 1 }
                      3.3767500000e+00 flow_2.4
                      3.9039100000e+00 density_2.4
                      2.4225000000e-01 speed_2.4
                      5.3462700000e+00 flow_3.6
                      2.9487700000e+00 density_3.6
                      4.3789000000e-01 speed_3.6
                      5.7772200000e+00 flow_5.0
                      2.3394400000e+00 density_5.0
                      4.9623000000e-01 speed_5.0


Active response data for evaluation 139:
Active set vector = { 1 1 1 1 1 1 1 1 1 }
                      4.7064800000e+00 flow_2.4
                      2.3958200000e+00 density_2.4
                      6.0175000000e-01 speed_2.4
                      7.2802900000e+00 flow_3.6
                      2.1959800000e+00 density_3.6
                      8.0750000000e-01 speed_3.6
                      1.0014310000e+01 flow_5.0
                      2.0721200000e+00 density_5.0
                      8.9360000000e-01 speed_5.0


Active response data for evaluation 140:
Active set vector = { 1 1 1 1 1 1 1 1 1 }
                      2.3628700000e+00 flow_2.4
                      2.3782700000e+00 density_2.4
                      2.8534000000e-01 speed_2.4
                      3.6333100000e+00 flow_3.6
                      1.9523800000e+00 density_3.6
                      4.4273000000e-01 speed_3.6
                      5.3944300000e+00 flow_5.0
                      1.6541100000e+00 density_5.0
                      6.3019000000e-01 speed_5.0


Active response data for evaluation 141:
Active set vector = { 1 1 1 1 1 1 1 1 1 }
                      3.4722200000e+00 flow_2.4
                      2.5739500000e+00 density_2.4
                      3.8564000000e-01 speed_2.4
                      5.0931000000e+00 flow_3.6
                      2.1920900000e+00 density_3.6
                      5.5730000000e-01 speed_3.6
                      7.0320300000e+00 flow_5.0
                      1.9749900000e+00 density_5.0
                      6.7203000000e-01 speed_5.0


Active response data for evaluation 142:
Active set vector = { 1 1 1 1 1 1 1 1 1 }
                      6.4226500000e+00 flow_2.4
                      6.9352200000e+00 density_2.4
                      2.7502000000e-01 speed_2.4
                      1.0640730000e+01 flow_3.6
                      5.1100800000e+00 density_3.6
                      4.9942000000e-01 speed_3.6
                      1.3409960000e+01 flow_5.0
                      3.8492600000e+00 density_5.0
                      5.8863000000e-01 speed_5.0


Active response data for evaluation 143:
Active set vector = { 1 1 1 1 1 1 1 1 1 }
                      2.7645700000e+00 flow_2.4
                      3.5475600000e+00 density_2.4
                      2.1531000000e-01 speed_2.4
                      4.2238500000e+00 flow_3.6
                      2.7370100000e+00 density_3.6
                      3.5729000000e-01 speed_3.6
                      5.2562700000e+00 flow_5.0
                      2.5030000000e+00 density_5.0
                      3.9795000000e-01 speed_5.0


Active response data for evaluation 144:
Active set vector = { 1 1 1 1 1 1 1 1 1 }
                      4.9664200000e+00 flow_2.4
                      3.6987400000e+00 density_2.4
                      3.9453000000e-01 speed_2.4
                      7.9623300000e+00 flow_3.6
                      3.0235000000e+00 density_3.6
                      6.5759000000e-01 speed_3.6
                      1.0342260000e+01 flow_5.0
                      2.2967700000e+00 density_5.0
                      8.2801000000e-01 speed_5.0


Active response data for evaluation 145:
Active set vector = { 1 1 1 1 1 1 1 1 1 }
                      3.0925600000e+00 flow_2.4
                      3.0934200000e+00 density_2.4
                      2.7852000000e-01 speed_2.4
                      4.6342300000e+00 flow_3.6
                      2.6254300000e+00 density_3.6
                      4.0307000000e-01 speed_3.6
                      6.5869700000e+00 flow_5.0
                      2.1827300000e+00 density_5.0
                      5.6771000000e-01 speed_5.0


Active response data for evaluation 146:
Active set vector = { 1 1 1 1 1 1 1 1 1 }
                      3.6630000000e+00 flow_2.4
                      2.9749300000e+00 density_2.4
                      3.4631000000e-01 speed_2.4
                      5.6638200000e+00 flow_3.6
                      2.3346800000e+00 density_3.6
                      5.7176000000e-01 speed_3.6
                      7.7500000000e+00 flow_5.0
                      2.0620400000e+00 density_5.0
                      7.1013000000e-01 speed_5.0


Active response data for evaluation 147:
Active set vector = { 1 1 1 1 1 1 1 1 1 }
                      8.3935000000e+00 flow_2.4
                      4.8426600000e+00 density_2.4
                      5.0367000000e-01 speed_2.4
                      1.3210230000e+01 flow_3.6
                      4.2295600000e+00 density_3.6
                      7.7810000000e-01 speed_3.6
                      1.8800000000e+01 flow_5.0
                      3.8474700000e+00 density_5.0
                      9.2370000000e-01 speed_5.0


Active response data for evaluation 148:
Active set vector = { 1 1 1 1 1 1 1 1 1 }
                      3.2679700000e+00 flow_2.4
                      2.2704400000e+00 density_2.4
                      4.4771000000e-01 speed_2.4
                      5.0890600000e+00 flow_3.6
                      1.9781000000e+00 density_3.6
                      6.4947000000e-01 speed_3.6
                      7.0493500000e+00 flow_5.0
                      1.7633600000e+00 density_5.0
                      8.3516000000e-01 speed_5.0


Active response data for evaluation 149:
Active set vector = { 1 1 1 1 1 1 1 1 1 }
                      2.9838000000e+00 flow_2.4
                      2.4730700000e+00 density_2.4
                      3.4623000000e-01 speed_2.4
                      4.5858000000e+00 flow_3.6
                      2.1154100000e+00 density_3.6
                      5.1724000000e-01 speed_3.6
                      6.4014600000e+00 flow_5.0
                      1.8092000000e+00 density_5.0
                      7.2015000000e-01 speed_5.0


Active response data for evaluation 150:
Active set vector = { 1 1 1 1 1 1 1 1 1 }
                      5.0505100000e+00 flow_2.4
                      3.4907300000e+00 density_2.4
                      4.0757000000e-01 speed_2.4
                      7.7907600000e+00 flow_3.6
                      2.8839300000e+00 density_3.6
                      6.4963000000e-01 speed_3.6
                      1.0132160000e+01 flow_5.0
                      2.6051800000e+00 density_5.0
                      7.7481000000e-01 speed_5.0


Active response data for evaluation 151:
Active set vector = { 1 1 1 1 1 1 1 1 1 }
                      6.7625900000e+00 flow_2.4
                      4.1694900000e+00 density_2.4
                      4.5806000000e-01 speed_2.4
                      1.0256410000e+01 flow_3.6
                      3.5855300000e+00 density_3.6
                      6.8223000000e-01 speed_3.6
                      1.4724920000e+01 flow_5.0
                      3.0985000000e+00 density_5.0
                      9.0126000000e-01 speed_5.0


Active response data for evaluation 152:
Active set vector = { 1 1 1 1 1 1 1 1 1 }
                      2.3194200000e+00 flow_2.4
                      2.3936400000e+00 density_2.4
                      2.7269000000e-01 speed_2.4
                      3.5669000000e+00 flow_3.6
                      1.8483600000e+00 density_3.6
                      4.5350000000e-01 speed_3.6
                      4.9660600000e+00 flow_5.0
                      1.5228300000e+00 density_5.0
                      6.1286000000e-01 speed_5.0


Active response data for evaluation 153:
Active set vector = { 1 1 1 1 1 1 1 1 1 }
                      5.6295400000e+00 flow_2.4
                      7.2616200000e+00 density_2.4
                      2.1288000000e-01 speed_2.4
                      7.9365100000e+00 flow_3.6
                      5.1185400000e+00 density_3.6
                      3.5324000000e-01 speed_3.6
                      9.7833700000e+00 flow_5.0
                      3.6338200000e+00 density_5.0
                      4.3519000000e-01 speed_5.0


Active response data for evaluation 154:
Active set vector = { 1 1 1 1 1 1 1 1 1 }
                      4.9487500000e+00 flow_2.4
                      2.8291500000e+00 density_2.4
                      4.9960000000e-01 speed_2.4
                      7.4703300000e+00 flow_3.6
                      2.4812500000e+00 density_3.6
                      7.3902000000e-01 speed_3.6
                      1.0299630000e+01 flow_5.0
                      2.2990100000e+00 density_5.0
                      8.7943000000e-01 speed_5.0


Active response data for evaluation 155:
Active set vector = { 1 1 1 1 1 1 1 1 1 }
                      5.3211700000e+00 flow_2.4
                      3.8372500000e+00 density_2.4
                      3.5180000000e-01 speed_2.4
                      6.0922500000e+00 flow_3.6
                      2.4061700000e+00 density_3.6
                      4.8727000000e-01 speed_3.6
                      6.7982500000e+00 flow_5.0
                      1.5354500000e+00 density_5.0
                      4.1138000000e-01 speed_5.0


Active response data for evaluation 156:
Active set vector = { 1 1 1 1 1 1 1 1 1 }
                      8.9446600000e+00 flow_2.4
                      4.9287800000e+00 density_2.4
                      5.6448000000e-01 speed_2.4
                      1.3798220000e+01 flow_3.6
                      3.7584500000e+00 density_3.6
                      9.3777000000e-01 speed_3.6
                      1.7361110000e+01 flow_5.0
                      3.1873300000e+00 density_5.0
                      9.6596000000e-01 speed_5.0


Active response data for evaluation 157:
Active set vector = { 1 1 1 1 1 1 1 1 1 }
                      1.1286410000e+01 flow_2.4
                      5.7817400000e+00 density_2.4
                      5.3910000000e-01 speed_2.4
                      1.7028990000e+01 flow_3.6
                      4.9071700000e+00 density_3.6
                      7.8532000000e-01 speed_3.6
                      2.4006910000e+01 flow_5.0
                      4.2065500000e+00 density_5.0
                      1.0256300000e+00 speed_5.0


Active response data for evaluation 158:
Active set vector = { 1 1 1 1 1 1 1 1 1 }
                      1.1708330000e+01 flow_2.4
                      7.2158900000e+00 density_2.4
                      4.7502000000e-01 speed_2.4
                      1.7418550000e+01 flow_3.6
                      5.2621700000e+00 density_3.6
                      7.9901000000e-01 speed_3.6
                      2.2249190000e+01 flow_5.0
                      3.7154900000e+00 density_5.0
                      9.6855000000e-01 speed_5.0


Active response data for evaluation 159:
Active set vector = { 1 1 1 1 1 1 1 1 1 }
                      5.7899100000e+00 flow_2.4
                      4.0232800000e+00 density_2.4
                      3.5409000000e-01 speed_2.4
                      6.4279200000e+00 flow_3.6
                      1.7184100000e+00 density_3.6
                      5.1246000000e-01 speed_3.6
                      7.8037900000e+00 flow_5.0
                      1.3865400000e+00 density_5.0
                      3.1064000000e-01 speed_5.0


Active response data for evaluation 160:
Active set vector = { 1 1 1 1 1 1 1 1 1 }
                      4.2117900000e+00 flow_2.4
                      3.6659500000e+00 density_2.4
                      3.7663000000e-01 speed_2.4
                      6.7928200000e+00 flow_3.6
                      3.2534800000e+00 density_3.6
                      5.3217000000e-01 speed_3.6
                      1.0347380000e+01 flow_5.0
                      2.8851900000e+00 density_5.0
                      7.0570000000e-01 speed_5.0


Active response data for evaluation 161:
Active set vector = { 1 1 1 1 1 1 1 1 1 }
                      3.5087700000e+00 flow_2.4
                      2.3589900000e+00 density_2.4
                      4.2805000000e-01 speed_2.4
                      5.1282100000e+00 flow_3.6
                      1.9942800000e+00 density_3.6
                      6.1347000000e-01 speed_3.6
                      7.1540900000e+00 flow_5.0
                      1.7274100000e+00 density_5.0
                      7.6473000000e-01 speed_5.0


Active response data for evaluation 162:
Active set vector = { 1 1 1 1 1 1 1 1 1 }
                      6.2056700000e+00 flow_2.4
                      3.3475600000e+00 density_2.4
                      5.3325000000e-01 speed_2.4
                      9.8163800000e+00 flow_3.6
                      2.7533200000e+00 density_3.6
                      8.7902000000e-01 speed_3.6
                      1.4220180000e+01 flow_5.0
                      2.3214300000e+00 density_5.0
                      1.2469600000e+00 speed_5.0


Active response data for evaluation 163:
Active set vector = { 1 1 1 1 1 1 1 1 1 }
                      2.8767400000e+00 flow_2.4
                      3.7236900000e+00 density_2.4
                      2.2120000000e-01 speed_2.4
                      4.2892200000e+00 flow_3.6
                      3.0019300000e+00 density_3.6
                      3.4134000000e-01 speed_3.6
                      5.0290500000e+00 flow_5.0
                      2.5987100000e+00 density_5.0
                      3.7561000000e-01 speed_5.0


Active response data for evaluation 164:
Active set vector = { 1 1 1 1 1 1 1 1 1 }
                      6.9196400000e+00 flow_2.4
                      3.8755000000e+00 density_2.4
                      4.9974000000e-01 speed_2.4
                      1.0914110000e+01 flow_3.6
                      3.2804100000e+00 density_3.6
                      7.9713000000e-01 speed_3.6
                      1.5346530000e+01 flow_5.0
                      2.8154400000e+00 density_5.0
                      9.8739000000e-01 speed_5.0


Active response data for evaluation 165:
Active set vector = { 1 1 1 1 1 1 1 1 1 }
                      6.6148800000e+00 flow_2.4
                      2.9808100000e+00 density_2.4
                      6.3350000000e-01 speed_2.4
                      9.8804500000e+00 flow_3.6
                      2.6763200000e+00 density_3.6
                      9.0166000000e-01 speed_3.6
                      1.4048340000e+01 flow_5.0
                      2.4935500000e+00 density_5.0
                      1.0806500000e+00 speed_5.0


Active response data for evaluation 166:
Active set vector = { 1 1 1 1 1 1 1 1 1 }
                      5.6432000000e+00 flow_2.4
                      2.7309500000e+00 density_2.4
                      6.4731000000e-01 speed_2.4
                      8.7227400000e+00 flow_3.6
                      2.5416400000e+00 density_3.6
                      8.6784000000e-01 speed_3.6
                      1.2280700000e+01 flow_5.0
                      2.4320400000e+00 density_5.0
                      9.5640000000e-01 speed_5.0


Active response data for evaluation 167:
Active set vector = { 1 1 1 1 1 1 1 1 1 }
                      4.0474100000e+00 flow_2.4
                      5.1895600000e+00 density_2.4
                      2.1254000000e-01 speed_2.4
                      5.6915500000e+00 flow_3.6
                      4.0204800000e+00 density_3.6
                      3.3634000000e-01 speed_3.6
                      7.1916000000e+00 flow_5.0
                      2.8577000000e+00 density_5.0
                      4.7596000000e-01 speed_5.0


Active response data for evaluation 168:
Active set vector = { 1 1 1 1 1 1 1 1 1 }
                      2.8633000000e+00 flow_2.4
                      2.4863700000e+00 density_2.4
                      3.1445000000e-01 speed_2.4
                      3.0803100000e+00 flow_3.6
                      1.7350600000e+00 density_3.6
                      4.1256000000e-01 speed_3.6
                      3.0392800000e+00 flow_5.0
                      1.5928100000e+00 density_5.0
                      2.8258000000e-01 speed_5.0


Active response data for evaluation 169:
Active set vector = { 1 1 1 1 1 1 1 1 1 }
                      4.7863200000e+00 flow_2.4
                      2.9308800000e+00 density_2.4
                      5.0822000000e-01 speed_2.4
                      7.3196400000e+00 flow_3.6
                      2.6988500000e+00 density_3.6
                      6.6521000000e-01 speed_3.6
                      1.0050610000e+01 flow_5.0
                      2.6113200000e+00 density_5.0
                      7.3688000000e-01 speed_5.0


Active response data for evaluation 170:
Active set vector = { 1 1 1 1 1 1 1 1 1 }
                      4.8560500000e+00 flow_2.4
                      5.4262000000e+00 density_2.4
                      2.4150000000e-01 speed_2.4
                      6.9819800000e+00 flow_3.6
                      4.4937400000e+00 density_3.6
                      3.4523000000e-01 speed_3.6
                      9.5041300000e+00 flow_5.0
                      3.7444800000e+00 density_5.0
                      4.3786000000e-01 speed_5.0


Active response data for evaluation 171:
Active set vector = { 1 1 1 1 1 1 1 1 1 }
                      3.5326800000e+00 flow_2.4
                      2.9614200000e+00 density_2.4
                      3.3477000000e-01 speed_2.4
                      5.5822300000e+00 flow_3.6
                      2.1715500000e+00 density_3.6
                      5.9912000000e-01 speed_3.6
                      7.6859500000e+00 flow_5.0
                      1.5099000000e+00 density_5.0
                      9.6658000000e-01 speed_5.0


Active response data for evaluation 172:
Active set vector = { 1 1 1 1 1 1 1 1 1 }
                      4.2385700000e+00 flow_2.4
                      3.2382700000e+00 density_2.4
                      3.9091000000e-01 speed_2.4
                      5.7613200000e+00 flow_3.6
                      1.9673700000e+00 density_3.6
                      7.0334000000e-01 speed_3.6
                      5.7980000000e+00 flow_5.0
                      1.6909800000e+00 density_5.0
                      5.6169000000e-01 speed_5.0


Active response data for evaluation 173:
Active set vector = { 1 1 1 1 1 1 1 1 1 }
                      6.7678200000e+00 flow_2.4
                      2.5505100000e+00 density_2.4
                      8.7064000000e-01 speed_2.4
                      1.0752690000e+01 flow_3.6
                      2.3768500000e+00 density_3.6
                      1.2312100000e+00 speed_3.6
                      1.4531250000e+01 flow_5.0
                      2.2758100000e+00 density_5.0
                      1.3347600000e+00 speed_5.0


Active response data for evaluation 174:
Active set vector = { 1 1 1 1 1 1 1 1 1 }
                      4.9804300000e+00 flow_2.4
                      2.8219200000e+00 density_2.4
                      4.9398000000e-01 speed_2.4
                      7.6128300000e+00 flow_3.6
                      2.5584600000e+00 density_3.6
                      7.1066000000e-01 speed_3.6
                      1.0351270000e+01 flow_5.0
                      2.4408800000e+00 density_5.0
                      8.1496000000e-01 speed_5.0


Active response data for evaluation 175:
Active set vector = { 1 1 1 1 1 1 1 1 1 }
                      5.6493800000e+00 flow_2.4
                      3.0585200000e+00 density_2.4
                      5.4498000000e-01 speed_2.4
                      6.6141400000e+00 flow_3.6
                      1.9269900000e+00 density_3.6
                      7.7467000000e-01 speed_3.6
                      6.9277100000e+00 flow_5.0
                      1.7376500000e+00 density_5.0
                      6.5292000000e-01 speed_5.0


Active response data for evaluation 176:
Active set vector = { 1 1 1 1 1 1 1 1 1 }
                      9.6219900000e+00 flow_2.4
                      4.7394900000e+00 density_2.4
                      5.8163000000e-01 speed_2.4
                      1.5015970000e+01 flow_3.6
                      4.0320700000e+00 density_3.6
                      8.7403000000e-01 speed_3.6
                      2.0965310000e+01 flow_5.0
                      3.6060200000e+00 density_5.0
                      1.0778700000e+00 speed_5.0


Active response data for evaluation 177:
Active set vector = { 1 1 1 1 1 1 1 1 1 }
                      2.9517200000e+00 flow_2.4
                      2.3929900000e+00 density_2.4
                      3.5433000000e-01 speed_2.4
                      4.6527100000e+00 flow_3.6
                      1.9811800000e+00 density_3.6
                      5.3775000000e-01 speed_3.6
                      6.1974300000e+00 flow_5.0
                      1.8120000000e+00 density_5.0
                      6.3945000000e-01 speed_5.0


Active response data for evaluation 178:
Active set vector = { 1 1 1 1 1 1 1 1 1 }
                      3.3890100000e+00 flow_2.4
                      4.5306300000e+00 density_2.4
                      2.0330000000e-01 speed_2.4
                      4.8611100000e+00 flow_3.6
                      3.2105700000e+00 density_3.6
                      3.7504000000e-01 speed_3.6
                      5.1847700000e+00 flow_5.0
                      2.4582300000e+00 density_5.0
                      3.9048000000e-01 speed_5.0


Active response data for evaluation 179:
Active set vector = { 1 1 1 1 1 1 1 1 1 }
                      3.5461000000e+00 flow_2.4
                      2.3812200000e+00 density_2.4
                      4.6203000000e-01 speed_2.4
                      5.4773100000e+00 flow_3.6
                      2.1602300000e+00 density_3.6
                      6.6061000000e-01 speed_3.6
                      7.9772100000e+00 flow_5.0
                      2.0307200000e+00 density_5.0
                      8.0626000000e-01 speed_5.0


Active response data for evaluation 180:
Active set vector = { 1 1 1 1 1 1 1 1 1 }
                      4.6434500000e+00 flow_2.4
                      4.1098100000e+00 density_2.4
                      3.1722000000e-01 speed_2.4
                      6.9924800000e+00 flow_3.6
                      3.4765100000e+00 density_3.6
                      4.8276000000e-01 speed_3.6
                      9.7430400000e+00 flow_5.0
                      2.8636300000e+00 density_5.0
                      6.2944000000e-01 speed_5.0


Active response data for evaluation 181:
Active set vector = { 1 1 1 1 1 1 1 1 1 }
                      5.0179200000e+00 flow_2.4
                      2.6875900000e+00 density_2.4
                      5.5049000000e-01 speed_2.4
                      7.7907600000e+00 flow_3.6
                      2.3976200000e+00 density_3.6
                      8.1339000000e-01 speed_3.6
                      1.1382110000e+01 flow_5.0
                      2.1728400000e+00 density_5.0
                      1.0637200000e+00 speed_5.0


Active response data for evaluation 182:
Active set vector = { 1 1 1 1 1 1 1 1 1 }
                      7.1067300000e+00 flow_2.4
                      5.6942600000e+00 density_2.4
                      3.9126000000e-01 speed_2.4
                      1.1796810000e+01 flow_3.6
                      4.6047200000e+00 density_3.6
                      6.1120000000e-01 speed_3.6
                      1.6193850000e+01 flow_5.0
                      3.6749100000e+00 density_5.0
                      7.6088000000e-01 speed_5.0


Active response data for evaluation 183:
Active set vector = { 1 1 1 1 1 1 1 1 1 }
                      1.0802470000e+01 flow_2.4
                      7.4719600000e+00 density_2.4
                      4.0360000000e-01 speed_2.4
                      1.6666670000e+01 flow_3.6
                      6.1476900000e+00 density_3.6
                      6.2146000000e-01 speed_3.6
                      2.2906400000e+01 flow_5.0
                      4.9737400000e+00 density_5.0
                      7.7067000000e-01 speed_5.0


Active response data for evaluation 184:
Active set vector = { 1 1 1 1 1 1 1 1 1 }
                      4.7043000000e+00 flow_2.4
                      3.3367500000e+00 density_2.4
                      4.1601000000e-01 speed_2.4
                      7.5512400000e+00 flow_3.6
                      2.7281900000e+00 density_3.6
                      6.8785000000e-01 speed_3.6
                      9.1058500000e+00 flow_5.0
                      2.4349700000e+00 density_5.0
                      7.4355000000e-01 speed_5.0


Active response data for evaluation 185:
Active set vector = { 1 1 1 1 1 1 1 1 1 }
                      4.2270500000e+00 flow_2.4
                      3.6132800000e+00 density_2.4
                      3.3706000000e-01 speed_2.4
                      6.6006600000e+00 flow_3.6
                      3.0011600000e+00 density_3.6
                      5.4187000000e-01 speed_3.6
                      9.0700700000e+00 flow_5.0
                      2.6586100000e+00 density_5.0
                      6.5314000000e-01 speed_5.0


Active response data for evaluation 186:
Active set vector = { 1 1 1 1 1 1 1 1 1 }
                      5.9112200000e+00 flow_2.4
                      4.7789600000e+00 density_2.4
                      3.3785000000e-01 speed_2.4
                      8.5626900000e+00 flow_3.6
                      4.0172000000e+00 density_3.6
                      4.5300000000e-01 speed_3.6
                      1.1666670000e+01 flow_5.0
                      3.4547600000e+00 density_5.0
                      5.8452000000e-01 speed_5.0


Active response data for evaluation 187:
Active set vector = { 1 1 1 1 1 1 1 1 1 }
                      4.7354200000e+00 flow_2.4
                      4.0918100000e+00 density_2.4
                      3.2611000000e-01 speed_2.4
                      6.8126500000e+00 flow_3.6
                      3.3868700000e+00 density_3.6
                      4.8788000000e-01 speed_3.6
                      8.5678500000e+00 flow_5.0
                      3.0103000000e+00 density_5.0
                      5.4444000000e-01 speed_5.0


Active response data for evaluation 188:
Active set vector = { 1 1 1 1 1 1 1 1 1 }
                      5.5555600000e+00 flow_2.4
                      3.6005200000e+00 density_2.4
                      4.4389000000e-01 speed_2.4
                      8.2159600000e+00 flow_3.6
                      3.1534000000e+00 density_3.6
                      6.1894000000e-01 speed_3.6
                      1.1612360000e+01 flow_5.0
                      2.9017900000e+00 density_5.0
                      7.5073000000e-01 speed_5.0


Active response data for evaluation 189:
Active set vector = { 1 1 1 1 1 1 1 1 1 }
                      2.2775300000e+00 flow_2.4
                      2.1940800000e+00 density_2.4
                      3.0278000000e-01 speed_2.4
                      3.5061400000e+00 flow_3.6
                      1.8205700000e+00 density_3.6
                      4.6223000000e-01 speed_3.6
                      4.6113300000e+00 flow_5.0
                      1.6877000000e+00 density_5.0
                      4.8597000000e-01 speed_5.0


Active response data for evaluation 190:
Active set vector = { 1 1 1 1 1 1 1 1 1 }
                      3.4956300000e+00 flow_2.4
                      4.4110900000e+00 density_2.4
                      2.1695000000e-01 speed_2.4
                      5.2552600000e+00 flow_3.6
                      2.9716400000e+00 density_3.6
                      4.3926000000e-01 speed_3.6
                      5.5220900000e+00 flow_5.0
                      2.4464900000e+00 density_5.0
                      4.2385000000e-01 speed_5.0


Active response data for evaluation 191:
Active set vector = { 1 1 1 1 1 1 1 1 1 }
                      4.9174600000e+00 flow_2.4
                      3.3943600000e+00 density_2.4
                      4.2167000000e-01 speed_2.4
                      7.3839700000e+00 flow_3.6
                      2.8763300000e+00 density_3.6
                      6.3570000000e-01 speed_3.6
                      1.0739030000e+01 flow_5.0
                      2.5045300000e+00 density_5.0
                      8.7891000000e-01 speed_5.0


Active response data for evaluation 192:
Active set vector = { 1 1 1 1 1 1 1 1 1 }
                      4.7090500000e+00 flow_2.4
                      3.3748600000e+00 density_2.4
                      3.9569000000e-01 speed_2.4
                      7.9365100000e+00 flow_3.6
                      2.5039400000e+00 density_3.6
                      7.5732000000e-01 speed_3.6
                      9.9928600000e+00 flow_5.0
                      2.4099500000e+00 density_5.0
                      8.1890000000e-01 speed_5.0


Active response data for evaluation 193:
Active set vector = { 1 1 1 1 1 1 1 1 1 }
                      5.9372300000e+00 flow_2.4
                      4.5010400000e+00 density_2.4
                      3.8508000000e-01 speed_2.4
                      9.3896700000e+00 flow_3.6
                      4.0200100000e+00 density_3.6
                      5.8225000000e-01 speed_3.6
                      1.3526570000e+01 flow_5.0
                      3.5750400000e+00 density_5.0
                      7.5086000000e-01 speed_5.0


Active response data for evaluation 194:
Active set vector = { 1 1 1 1 1 1 1 1 1 }
                      4.1079800000e+00 flow_2.4
                      2.5929800000e+00 density_2.4
                      4.4776000000e-01 speed_2.4
                      6.3087200000e+00 flow_3.6
                      2.2620600000e+00 density_3.6
                      6.8902000000e-01 speed_3.6
                      8.3941600000e+00 flow_5.0
                      2.1282200000e+00 density_5.0
                      7.6260000000e-01 speed_5.0


Active response data for evaluation 195:
Active set vector = { 1 1 1 1 1 1 1 1 1 }
                      3.5061400000e+00 flow_2.4
                      5.0274800000e+00 density_2.4
                      1.7056000000e-01 speed_2.4
                      4.0195200000e+00 flow_3.6
                      2.2756300000e+00 density_3.6
                      2.6473000000e-01 speed_3.6
                      4.7185700000e+00 flow_5.0
                      1.2886000000e+00 density_5.0
                      2.1449000000e-01 speed_5.0


Active response data for evaluation 196:
Active set vector = { 1 1 1 1 1 1 1 1 1 }
                      5.3701600000e+00 flow_2.4
                      3.5375600000e+00 density_2.4
                      4.5012000000e-01 speed_2.4
                      6.9135800000e+00 flow_3.6
                      2.4395100000e+00 density_3.6
                      7.5506000000e-01 speed_3.6
                      8.3631000000e+00 flow_5.0
                      2.2736800000e+00 density_5.0
                      6.9596000000e-01 speed_5.0


Active response data for evaluation 197:
Active set vector = { 1 1 1 1 1 1 1 1 1 }
                      1.5273130000e+01 flow_2.4
                      5.7934500000e+00 density_2.4
                      7.2820000000e-01 speed_2.4
                      2.2601630000e+01 flow_3.6
                      5.0962200000e+00 density_3.6
                      1.0013800000e+00 speed_3.6
                      3.0936070000e+01 flow_5.0
                      4.5602500000e+00 density_5.0
                      1.1704500000e+00 speed_5.0


Active response data for evaluation 198:
Active set vector = { 1 1 1 1 1 1 1 1 1 }
                      1.0007120000e+01 flow_2.4
                      6.2401000000e+00 density_2.4
                      4.7252000000e-01 speed_2.4
                      1.5053760000e+01 flow_3.6
                      4.6836200000e+00 density_3.6
                      7.8206000000e-01 speed_3.6
                      1.8843540000e+01 flow_5.0
                      3.4581900000e+00 density_5.0
                      9.0193000000e-01 speed_5.0


Active response data for evaluation 199:
Active set vector = { 1 1 1 1 1 1 1 1 1 }
                      2.2291500000e+00 flow_2.4
                      1.7783600000e+00 density_2.4
                      2.9953000000e-01 speed_2.4
                      2.2898300000e+00 flow_3.6
                      1.1894000000e+00 density_3.6
                      3.2925000000e-01 speed_3.6
                      2.8114900000e+00 flow_5.0
                      8.7705000000e-01 density_5.0
                      2.4966000000e-01 speed_5.0


Active response data for evaluation 200:
Active set vector = { 1 1 1 1 1 1 1 1 1 }
                      8.0738200000e+00 flow_2.4
                      5.9687300000e+00 density_2.4
                      4.0657000000e-01 speed_2.4
                      1.2500000000e+01 flow_3.6
                      5.2168700000e+00 density_3.6
                      5.8604000000e-01 speed_3.6
                      1.7534080000e+01 flow_5.0
                      4.7182500000e+00 density_5.0
                      6.6647000000e-01 speed_5.0


Active response data for evaluation 201:
Active set vector = { 1 1 1 1 1 1 1 1 1 }
                      4.2778300000e+00 flow_2.4
                      2.3055100000e+00 density_2.4
                      5.4663000000e-01 speed_2.4
                      6.6857700000e+00 flow_3.6
                      1.9668400000e+00 density_3.6
                      8.4921000000e-01 speed_3.6
                      9.3708200000e+00 flow_5.0
                      1.7892900000e+00 density_5.0
                      1.0611000000e+00 speed_5.0


Active response data for evaluation 202:
Active set vector = { 1 1 1 1 1 1 1 1 1 }
                      3.2443200000e+00 flow_2.4
                      2.8655400000e+00 density_2.4
                      3.1615000000e-01 speed_2.4
                      4.8359200000e+00 flow_3.6
                      2.3229100000e+00 density_3.6
                      4.6079000000e-01 speed_3.6
                      6.3319800000e+00 flow_5.0
                      2.0964000000e+00 density_5.0
                      5.2443000000e-01 speed_5.0


Active response data for evaluation 203:
Active set vector = { 1 1 1 1 1 1 1 1 1 }
                      2.9724000000e+00 flow_2.4
                      3.7097600000e+00 density_2.4
                      2.2410000000e-01 speed_2.4
                      4.4497600000e+00 flow_3.6
                      2.8892400000e+00 density_3.6
                      3.7653000000e-01 speed_3.6
                      5.5953800000e+00 flow_5.0
                      2.6726000000e+00 density_5.0
                      4.0524000000e-01 speed_5.0


Active response data for evaluation 204:
Active set vector = { 1 1 1 1 1 1 1 1 1 }
                      8.7554700000e+00 flow_2.4
                      4.8642300000e+00 density_2.4
                      5.3010000000e-01 speed_2.4
                      1.4314930000e+01 flow_3.6
                      4.0891200000e+00 density_3.6
                      8.4605000000e-01 speed_3.6
                      1.9409280000e+01 flow_5.0
                      3.6472100000e+00 density_5.0
                      9.8926000000e-01 speed_5.0


Active response data for evaluation 205:
Active set vector = { 1 1 1 1 1 1 1 1 1 }
                      6.7587200000e+00 flow_2.4
                      3.2736400000e+00 density_2.4
                      5.9260000000e-01 speed_2.4
                      1.0582010000e+01 flow_3.6
                      2.9609700000e+00 density_3.6
                      8.6707000000e-01 speed_3.6
                      1.4797010000e+01 flow_5.0
                      2.6477600000e+00 density_5.0
                      1.0700200000e+00 speed_5.0


Active response data for evaluation 206:
Active set vector = { 1 1 1 1 1 1 1 1 1 }
                      3.2956700000e+00 flow_2.4
                      2.6540000000e+00 density_2.4
                      3.5889000000e-01 speed_2.4
                      5.2601800000e+00 flow_3.6
                      2.1975400000e+00 density_3.6
                      5.9975000000e-01 speed_3.6
                      7.4879200000e+00 flow_5.0
                      1.9473500000e+00 density_5.0
                      7.6932000000e-01 speed_5.0


Active response data for evaluation 207:
Active set vector = { 1 1 1 1 1 1 1 1 1 }
                      3.8921300000e+00 flow_2.4
                      4.6534200000e+00 density_2.4
                      2.4074000000e-01 speed_2.4
                      4.9030000000e+00 flow_3.6
                      3.1185800000e+00 density_3.6
                      4.0850000000e-01 speed_3.6
                      5.7400600000e+00 flow_5.0
                      2.2488200000e+00 density_5.0
                      4.1713000000e-01 speed_5.0


Active response data for evaluation 208:
Active set vector = { 1 1 1 1 1 1 1 1 1 }
                      4.3169900000e+00 flow_2.4
                      1.7774600000e+00 density_2.4
                      5.7654000000e-01 speed_2.4
                      4.6965100000e+00 flow_3.6
                      1.0002900000e+00 density_3.6
                      6.3822000000e-01 speed_3.6
                      5.4702900000e+00 flow_5.0
                      1.1811400000e+00 density_5.0
                      3.5927000000e-01 speed_5.0


Active response data for evaluation 209:
Active set vector = { 1 1 1 1 1 1 1 1 1 }
                      3.9314800000e+00 flow_2.4
                      3.2990600000e+00 density_2.4
                      3.7000000000e-01 speed_2.4
                      6.4635300000e+00 flow_3.6
                      2.9033300000e+00 density_3.6
                      5.6281000000e-01 speed_3.6
                      9.2445300000e+00 flow_5.0
                      2.6052300000e+00 density_5.0
                      7.0633000000e-01 speed_5.0


Active response data for evaluation 210:
Active set vector = { 1 1 1 1 1 1 1 1 1 }
                      1.0602590000e+01 flow_2.4
                      6.3796500000e+00 density_2.4
                      4.6867000000e-01 speed_2.4
                      1.6725770000e+01 flow_3.6
                      5.1230400000e+00 density_3.6
                      7.6188000000e-01 speed_3.6
                      2.2303920000e+01 flow_5.0
                      3.9956400000e+00 density_5.0
                      1.0202500000e+00 speed_5.0


Active response data for evaluation 211:
Active set vector = { 1 1 1 1 1 1 1 1 1 }
                      3.7712900000e+00 flow_2.4
                      3.0949000000e+00 density_2.4
                      3.4002000000e-01 speed_2.4
                      5.7747600000e+00 flow_3.6
                      2.5237500000e+00 density_3.6
                      5.2576000000e-01 speed_3.6
                      7.7907600000e+00 flow_5.0
                      2.1449400000e+00 density_5.0
                      7.1857000000e-01 speed_5.0


Active response data for evaluation 212:
Active set vector = { 1 1 1 1 1 1 1 1 1 }
                      2.4862400000e+00 flow_2.4
                      3.1444000000e+00 density_2.4
                      2.1999000000e-01 speed_2.4
                      3.8663400000e+00 flow_3.6
                      2.2328800000e+00 density_3.6
                      4.0784000000e-01 speed_3.6
                      3.8188800000e+00 flow_5.0
                      2.1504500000e+00 density_5.0
                      3.7058000000e-01 speed_5.0


Active response data for evaluation 213:
Active set vector = { 1 1 1 1 1 1 1 1 1 }
                      4.4486800000e+00 flow_2.4
                      2.2163300000e+00 density_2.4
                      5.9729000000e-01 speed_2.4
                      6.7345000000e+00 flow_3.6
                      1.8948300000e+00 density_3.6
                      8.9544000000e-01 speed_3.6
                      9.7484300000e+00 flow_5.0
                      1.7229500000e+00 density_5.0
                      1.1369000000e+00 speed_5.0


Active response data for evaluation 214:
Active set vector = { 1 1 1 1 1 1 1 1 1 }
                      4.9611600000e+00 flow_2.4
                      2.4459600000e+00 density_2.4
                      5.6436000000e-01 speed_2.4
                      7.4310000000e+00 flow_3.6
                      2.2680600000e+00 density_3.6
                      7.6607000000e-01 speed_3.6
                      1.0279000000e+01 flow_5.0
                      2.1730800000e+00 density_5.0
                      8.2988000000e-01 speed_5.0


Active response data for evaluation 215:
Active set vector = { 1 1 1 1 1 1 1 1 1 }
                      9.3147000000e+00 flow_2.4
                      4.3102600000e+00 density_2.4
                      6.1898000000e-01 speed_2.4
                      1.4862000000e+01 flow_3.6
                      3.4812900000e+00 density_3.6
                      9.9886000000e-01 speed_3.6
                      1.7222220000e+01 flow_5.0
                      3.0311000000e+00 density_5.0
                      1.0573900000e+00 speed_5.0


Active response data for evaluation 216:
Active set vector = { 1 1 1 1 1 1 1 1 1 }
                      5.7044300000e+00 flow_2.4
                      4.7836300000e+00 density_2.4
                      3.2321000000e-01 speed_2.4
                      7.8828800000e+00 flow_3.6
                      4.0493300000e+00 density_3.6
                      4.2411000000e-01 speed_3.6
                      1.0259260000e+01 flow_5.0
                      3.6335900000e+00 density_5.0
                      4.6977000000e-01 speed_5.0


Active response data for evaluation 217:
Active set vector = { 1 1 1 1 1 1 1 1 1 }
                      2.5116600000e+00 flow_2.4
                      2.3968300000e+00 density_2.4
                      2.9623000000e-01 speed_2.4
                      3.7184600000e+00 flow_3.6
                      2.0144700000e+00 density_3.6
                      4.2479000000e-01 speed_3.6
                      5.2562700000e+00 flow_5.0
                      1.7532800000e+00 density_5.0
                      5.5843000000e-01 speed_5.0


Active response data for evaluation 218:
Active set vector = { 1 1 1 1 1 1 1 1 1 }
                      3.2563000000e+00 flow_2.4
                      2.9423700000e+00 density_2.4
                      3.3300000000e-01 speed_2.4
                      3.5035000000e+00 flow_3.6
                      1.6596600000e+00 density_3.6
                      4.2453000000e-01 speed_3.6
                      4.0643300000e+00 flow_5.0
                      1.5983800000e+00 density_5.0
                      2.9225000000e-01 speed_5.0


Active response data for evaluation 219:
Active set vector = { 1 1 1 1 1 1 1 1 1 }
                      4.5977000000e+00 flow_2.4
                      3.0385300000e+00 density_2.4
                      5.0661000000e-01 speed_2.4
                      8.6419800000e+00 flow_3.6
                      2.7138900000e+00 density_3.6
                      8.0912000000e-01 speed_3.6
                      1.1695910000e+01 flow_5.0
                      2.6022300000e+00 density_5.0
                      8.9011000000e-01 speed_5.0


Active response data for evaluation 220:
Active set vector = { 1 1 1 1 1 1 1 1 1 }
                      3.8865800000e+00 flow_2.4
                      3.3139400000e+00 density_2.4
                      3.3553000000e-01 speed_2.4
                      5.7835800000e+00 flow_3.6
                      2.8429500000e+00 density_3.6
                      4.9920000000e-01 speed_3.6
                      7.9023000000e+00 flow_5.0
                      2.5030700000e+00 density_5.0
                      6.0507000000e-01 speed_5.0


Active response data for evaluation 221:
Active set vector = { 1 1 1 1 1 1 1 1 1 }
                      3.3096900000e+00 flow_2.4
                      2.4320400000e+00 density_2.4
                      3.9415000000e-01 speed_2.4
                      4.8415200000e+00 flow_3.6
                      2.0796700000e+00 density_3.6
                      5.6983000000e-01 speed_3.6
                      6.7105900000e+00 flow_5.0
                      1.8261800000e+00 density_5.0
                      7.0579000000e-01 speed_5.0


Active response data for evaluation 222:
Active set vector = { 1 1 1 1 1 1 1 1 1 }
                      5.4377700000e+00 flow_2.4
                      5.2250000000e+00 density_2.4
                      2.9716000000e-01 speed_2.4
                      8.1272100000e+00 flow_3.6
                      4.3465000000e+00 density_3.6
                      4.4645000000e-01 speed_3.6
                      1.1151370000e+01 flow_5.0
                      3.5322700000e+00 density_5.0
                      5.9027000000e-01 speed_5.0


Active response data for evaluation 223:
Active set vector = { 1 1 1 1 1 1 1 1 1 }
                      4.6067800000e+00 flow_2.4
                      6.8580900000e+00 density_2.4
                      1.8215000000e-01 speed_2.4
                      6.6857700000e+00 flow_3.6
                      5.0756200000e+00 density_3.6
                      2.9115000000e-01 speed_3.6
                      8.4388200000e+00 flow_5.0
                      4.0259200000e+00 density_5.0
                      3.6026000000e-01 speed_5.0


Active response data for evaluation 224:
Active set vector = { 1 1 1 1 1 1 1 1 1 }
                      4.6204600000e+00 flow_2.4
                      3.4239400000e+00 density_2.4
                      3.9132000000e-01 speed_2.4
                      7.5807300000e+00 flow_3.6
                      3.0225400000e+00 density_3.6
                      6.2354000000e-01 speed_3.6
                      1.0750190000e+01 flow_5.0
                      2.6430200000e+00 density_5.0
                      8.2249000000e-01 speed_5.0


Active response data for evaluation 225:
Active set vector = { 1 1 1 1 1 1 1 1 1 }
                      3.5167000000e+00 flow_2.4
                      3.3587000000e+00 density_2.4
                      2.9353000000e-01 speed_2.4
                      5.1736900000e+00 flow_3.6
                      2.8609000000e+00 density_3.6
                      4.1843000000e-01 speed_3.6
                      7.3343800000e+00 flow_5.0
                      2.4516300000e+00 density_5.0
                      5.2608000000e-01 speed_5.0


Active response data for evaluation 226:
Active set vector = { 1 1 1 1 1 1 1 1 1 }
                      5.9982900000e+00 flow_2.4
                      4.5250300000e+00 density_2.4
                      3.6677000000e-01 speed_2.4
                      8.9942000000e+00 flow_3.6
                      3.7837800000e+00 density_3.6
                      5.2569000000e-01 speed_3.6
                      1.1502940000e+01 flow_5.0
                      3.3506800000e+00 density_5.0
                      6.0285000000e-01 speed_5.0


Active response data for evaluation 227:
Active set vector = { 1 1 1 1 1 1 1 1 1 }
                      8.3482900000e+00 flow_2.4
                      4.6678200000e+00 density_2.4
                      5.4132000000e-01 speed_2.4
                      1.3517440000e+01 flow_3.6
                      4.0709100000e+00 density_3.6
                      8.4177000000e-01 speed_3.6
                      1.7889320000e+01 flow_5.0
                      3.4086500000e+00 density_5.0
                      9.9161000000e-01 speed_5.0


Active response data for evaluation 228:
Active set vector = { 1 1 1 1 1 1 1 1 1 }
                      5.9905900000e+00 flow_2.4
                      3.2694600000e+00 density_2.4
                      5.1399000000e-01 speed_2.4
                      9.3708200000e+00 flow_3.6
                      2.9179800000e+00 density_3.6
                      7.6089000000e-01 speed_3.6
                      1.3108610000e+01 flow_5.0
                      2.7105800000e+00 density_5.0
                      9.0315000000e-01 speed_5.0


Active response data for evaluation 229:
Active set vector = { 1 1 1 1 1 1 1 1 1 }
                      2.7131800000e+00 flow_2.4
                      2.4739600000e+00 density_2.4
                      3.1540000000e-01 speed_2.4
                      4.6995600000e+00 flow_3.6
                      1.9145200000e+00 density_3.6
                      5.8951000000e-01 speed_3.6
                      5.8248300000e+00 flow_5.0
                      1.7875300000e+00 density_5.0
                      6.1869000000e-01 speed_5.0


Active response data for evaluation 230:
Active set vector = { 1 1 1 1 1 1 1 1 1 }
                      7.1574600000e+00 flow_2.4
                      4.9589800000e+00 density_2.4
                      4.0458000000e-01 speed_2.4
                      1.0347380000e+01 flow_3.6
                      3.3999700000e+00 density_3.6
                      7.3492000000e-01 speed_3.6
                      1.1414390000e+01 flow_5.0
                      2.4496100000e+00 density_5.0
                      7.8647000000e-01 speed_5.0


Active response data for evaluation 231:
Active set vector = { 1 1 1 1 1 1 1 1 1 }
                      4.9839200000e+00 flow_2.4
                      3.4909400000e+00 density_2.4
                      4.0683000000e-01 speed_2.4
                      7.5026800000e+00 flow_3.6
                      2.9571800000e+00 density_3.6
                      6.2298000000e-01 speed_3.6
                      1.0903430000e+01 flow_5.0
                      2.5424600000e+00 density_5.0
                      8.3978000000e-01 speed_5.0


Active response data for evaluation 232:
Active set vector = { 1 1 1 1 1 1 1 1 1 }
                      2.7354400000e+00 flow_2.4
                      2.9957500000e+00 density_2.4
                      2.4633000000e-01 speed_2.4
                      4.0615000000e+00 flow_3.6
                      2.4557500000e+00 density_3.6
                      3.7665000000e-01 speed_3.6
                      5.3639800000e+00 flow_5.0
                      2.1693000000e+00 density_5.0
                      4.4058000000e-01 speed_5.0


Active response data for evaluation 233:
Active set vector = { 1 1 1 1 1 1 1 1 1 }
                      3.4321000000e+00 flow_2.4
                      2.8350700000e+00 density_2.4
                      3.6398000000e-01 speed_2.4
                      4.2579100000e+00 flow_3.6
                      1.8420400000e+00 density_3.6
                      5.4682000000e-01 speed_3.6
                      4.2240600000e+00 flow_5.0
                      1.7631100000e+00 density_5.0
                      3.8649000000e-01 speed_5.0


Active response data for evaluation 234:
Active set vector = { 1 1 1 1 1 1 1 1 1 }
                      4.4402200000e+00 flow_2.4
                      3.0301100000e+00 density_2.4
                      4.1859000000e-01 speed_2.4
                      6.9547900000e+00 flow_3.6
                      2.5943300000e+00 density_3.6
                      6.4038000000e-01 speed_3.6
                      9.6273300000e+00 flow_5.0
                      2.3789800000e+00 density_5.0
                      7.8307000000e-01 speed_5.0


Active response data for evaluation 235:
Active set vector = { 1 1 1 1 1 1 1 1 1 }
                      6.8728500000e+00 flow_2.4
                      5.4994700000e+00 density_2.4
                      3.1267000000e-01 speed_2.4
                      7.4193500000e+00 flow_3.6
                      2.1894400000e+00 density_3.6
                      4.7406000000e-01 speed_3.6
                      9.2629500000e+00 flow_5.0
                      1.4552000000e+00 density_5.0
                      3.7288000000e-01 speed_5.0


Active response data for evaluation 236:
Active set vector = { 1 1 1 1 1 1 1 1 1 }
                      7.1465000000e+00 flow_2.4
                      3.8930800000e+00 density_2.4
                      5.3433000000e-01 speed_2.4
                      1.1313870000e+01 flow_3.6
                      3.4219000000e+00 density_3.6
                      8.2675000000e-01 speed_3.6
                      1.6147640000e+01 flow_5.0
                      3.1527100000e+00 density_5.0
                      9.9223000000e-01 speed_5.0


Active response data for evaluation 237:
Active set vector = { 1 1 1 1 1 1 1 1 1 }
                      1.2027490000e+01 flow_2.4
                      6.9215900000e+00 density_2.4
                      4.9042000000e-01 speed_2.4
                      1.9294610000e+01 flow_3.6
                      5.3460700000e+00 density_3.6
                      8.4797000000e-01 speed_3.6
                      2.3883160000e+01 flow_5.0
                      4.2261900000e+00 density_5.0
                      9.3466000000e-01 speed_5.0


Active response data for evaluation 238:
Active set vector = { 1 1 1 1 1 1 1 1 1 }
                      1.0014310000e+01 flow_2.4
                      6.3195900000e+00 density_2.4
                      4.5929000000e-01 speed_2.4
                      1.6260160000e+01 flow_3.6
                      5.3075400000e+00 density_3.6
                      7.5913000000e-01 speed_3.6
                      2.2116900000e+01 flow_5.0
                      4.3463600000e+00 density_5.0
                      9.1979000000e-01 speed_5.0


Active response data for evaluation 239:
Active set vector = { 1 1 1 1 1 1 1 1 1 }
                      5.1979300000e+00 flow_2.4
                      3.7866200000e+00 density_2.4
                      3.7983000000e-01 speed_2.4
                      5.8638100000e+00 flow_3.6
                      2.8090100000e+00 density_3.6
                      5.1082000000e-01 speed_3.6
                      6.1274500000e+00 flow_5.0
                      2.2139000000e+00 density_5.0
                      4.8857000000e-01 speed_5.0


Active response data for evaluation 240:
Active set vector = { 1 1 1 1 1 1 1 1 1 }
                      5.4012300000e+00 flow_2.4
                      3.2103600000e+00 density_2.4
                      4.7157000000e-01 speed_2.4
                      8.0878100000e+00 flow_3.6
                      2.9096600000e+00 density_3.6
                      6.4572000000e-01 speed_3.6
                      1.1218720000e+01 flow_5.0
                      2.7536200000e+00 density_5.0
                      7.1270000000e-01 speed_5.0


Active response data for evaluation 241:
Active set vector = { 1 1 1 1 1 1 1 1 1 }
                      4.4853200000e+00 flow_2.4
                      2.5533600000e+00 density_2.4
                      5.2623000000e-01 speed_2.4
                      6.9547900000e+00 flow_3.6
                      2.2045100000e+00 density_3.6
                      7.8440000000e-01 speed_3.6
                      9.9497100000e+00 flow_5.0
                      1.8897800000e+00 density_5.0
                      1.0537400000e+00 speed_5.0


Active response data for evaluation 242:
Active set vector = { 1 1 1 1 1 1 1 1 1 }
                      3.3357200000e+00 flow_2.4
                      2.9812500000e+00 density_2.4
                      3.0919000000e-01 speed_2.4
                      5.2083300000e+00 flow_3.6
                      2.2155200000e+00 density_3.6
                      5.5492000000e-01 speed_3.6
                      5.8105900000e+00 flow_5.0
                      2.1342300000e+00 density_5.0
                      5.3520000000e-01 speed_5.0


Active response data for evaluation 243:
Active set vector = { 1 1 1 1 1 1 1 1 1 }
                      2.9021600000e+00 flow_2.4
                      3.2348200000e+00 density_2.4
                      2.7219000000e-01 speed_2.4
                      4.8209400000e+00 flow_3.6
                      2.7222500000e+00 density_3.6
                      4.2028000000e-01 speed_3.6
                      6.8526700000e+00 flow_5.0
                      2.3562500000e+00 density_5.0
                      5.1834000000e-01 speed_5.0


Active response data for evaluation 244:
Active set vector = { 1 1 1 1 1 1 1 1 1 }
                      5.0779800000e+00 flow_2.4
                      3.5677400000e+00 density_2.4
                      3.5471000000e-01 speed_2.4
                      5.4064600000e+00 flow_3.6
                      2.0475400000e+00 density_3.6
                      4.6125000000e-01 speed_3.6
                      6.1368700000e+00 flow_5.0
                      1.2875600000e+00 density_5.0
                      3.6433000000e-01 speed_5.0


Active response data for evaluation 245:
Active set vector = { 1 1 1 1 1 1 1 1 1 }
                      7.2884000000e+00 flow_2.4
                      4.7255800000e+00 density_2.4
                      4.3136000000e-01 speed_2.4
                      1.1272140000e+01 flow_3.6
                      3.8855400000e+00 density_3.6
                      7.0911000000e-01 speed_3.6
                      1.5337760000e+01 flow_5.0
                      3.3473300000e+00 density_5.0
                      8.5284000000e-01 speed_5.0


Active response data for evaluation 246:
Active set vector = { 1 1 1 1 1 1 1 1 1 }
                      3.1313100000e+00 flow_2.4
                      2.0028600000e+00 density_2.4
                      4.8628000000e-01 speed_2.4
                      4.8742100000e+00 flow_3.6
                      1.7621500000e+00 density_3.6
                      7.1046000000e-01 speed_3.6
                      6.7639900000e+00 flow_5.0
                      1.6222400000e+00 density_5.0
                      8.6318000000e-01 speed_5.0


Active response data for evaluation 247:
Active set vector = { 1 1 1 1 1 1 1 1 1 }
                      3.9648800000e+00 flow_2.4
                      4.4515500000e+00 density_2.4
                      2.4539000000e-01 speed_2.4
                      5.5621800000e+00 flow_3.6
                      3.7166200000e+00 density_3.6
                      3.4259000000e-01 speed_3.6
                      7.7007700000e+00 flow_5.0
                      3.1110300000e+00 density_5.0
                      4.3337000000e-01 speed_5.0


Active response data for evaluation 248:
Active set vector = { 1 1 1 1 1 1 1 1 1 }
                      6.8685400000e+00 flow_2.4
                      2.8329100000e+00 density_2.4
                      7.1647000000e-01 speed_2.4
                      1.0675880000e+01 flow_3.6
                      2.5533700000e+00 density_3.6
                      1.0319600000e+00 speed_3.6
                      1.4909480000e+01 flow_5.0
                      2.3692000000e+00 density_5.0
                      1.2062900000e+00 speed_5.0


Active response data for evaluation 249:
Active set vector = { 1 1 1 1 1 1 1 1 1 }
                      3.7363200000e+00 flow_2.4
                      2.7465700000e+00 density_2.4
                      4.2661000000e-01 speed_2.4
                      5.7259700000e+00 flow_3.6
                      2.5032800000e+00 density_3.6
                      5.8502000000e-01 speed_3.6
                      8.1585100000e+00 flow_5.0
                      2.3563300000e+00 density_5.0
                      7.0397000000e-01 speed_5.0


Active response data for evaluation 250:
Active set vector = { 1 1 1 1 1 1 1 1 1 }
                      7.2463800000e+00 flow_2.4
                      2.6193200000e+00 density_2.4
                      7.7190000000e-01 speed_2.4
                      1.0839160000e+01 flow_3.6
                      2.4127900000e+00 density_3.6
                      1.0587500000e+00 speed_3.6
                      1.4898180000e+01 flow_5.0
                      2.2853700000e+00 density_5.0
                      1.1780500000e+00 speed_5.0


Active response data for evaluation 251:
Active set vector = { 1 1 1 1 1 1 1 1 1 }
                      3.3597300000e+00 flow_2.4
                      2.1797300000e+00 density_2.4
                      4.2991000000e-01 speed_2.4
                      4.4201500000e+00 flow_3.6
                      9.4831000000e-01 density_3.6
                      8.7074000000e-01 speed_3.6
                      4.3055600000e+00 flow_5.0
                      1.2756000000e+00 density_5.0
                      4.5714000000e-01 speed_5.0


Active response data for evaluation 252:
Active set vector = { 1 1 1 1 1 1 1 1 1 }
                      2.4394500000e+00 flow_2.4
                      2.3413000000e+00 density_2.4
                      3.0941000000e-01 speed_2.4
                      3.3143900000e+00 flow_3.6
                      1.0462100000e+00 density_3.6
                      6.1154000000e-01 speed_3.6
                      3.1049000000e+00 flow_5.0
                      1.5385200000e+00 density_5.0
                      3.2788000000e-01 speed_5.0


Active response data for evaluation 253:
Active set vector = { 1 1 1 1 1 1 1 1 1 }
                      4.6453500000e+00 flow_2.4
                      2.7903100000e+00 density_2.4
                      4.8556000000e-01 speed_2.4
                      6.9924800000e+00 flow_3.6
                      2.3506500000e+00 density_3.6
                      7.3033000000e-01 speed_3.6
                      9.6785500000e+00 flow_5.0
                      2.1081100000e+00 density_5.0
                      8.7934000000e-01 speed_5.0


Active response data for evaluation 254:
Active set vector = { 1 1 1 1 1 1 1 1 1 }
                      1.0435440000e+01 flow_2.4
                      5.3001600000e+00 density_2.4
                      5.5367000000e-01 speed_2.4
                      1.5922110000e+01 flow_3.6
                      4.7694500000e+00 density_3.6
                      7.5139000000e-01 speed_3.6
                      2.1296300000e+01 flow_5.0
                      4.3828200000e+00 density_5.0
                      8.3649000000e-01 speed_5.0


Active response data for evaluation 255:
Active set vector = { 1 1 1 1 1 1 1 1 1 }
                      9.7810700000e+00 flow_2.4
                      4.1807600000e+00 density_2.4
                      6.7366000000e-01 speed_2.4
                      1.5397350000e+01 flow_3.6
                      3.6250600000e+00 density_3.6
                      1.0665800000e+00 speed_3.6
                      2.1666670000e+01 flow_5.0
                      3.1939700000e+00 density_5.0
                      1.3001700000e+00 speed_5.0


Active response data for evaluation 256:
Active set vector = { 1 1 1 1 1 1 1 1 1 }
                      5.4012300000e+00 flow_2.4
                      5.9603600000e+00 density_2.4
                      2.4512000000e-01 speed_2.4
                      7.5390400000e+00 flow_3.6
                      4.8799000000e+00 density_3.6
                      3.4415000000e-01 speed_3.6
                      9.9928600000e+00 flow_5.0
                      4.1193500000e+00 density_5.0
                      4.0982000000e-01 speed_5.0


Active response data for evaluation 257:
Active set vector = { 1 1 1 1 1 1 1 1 1 }
                      2.6655300000e+00 flow_2.4
                      1.8403600000e+00 density_2.4
                      4.3253000000e-01 speed_2.4
                      4.0650400000e+00 flow_3.6
                      1.5824300000e+00 density_3.6
                      6.4378000000e-01 speed_3.6
                      5.7668700000e+00 flow_5.0
                      1.3948700000e+00 density_5.0
                      8.4944000000e-01 speed_5.0


Active response data for evaluation 258:
Active set vector = { 1 1 1 1 1 1 1 1 1 }
                      3.9440200000e+00 flow_2.4
                      4.3221900000e+00 density_2.4
                      2.5546000000e-01 speed_2.4
                      5.7464200000e+00 flow_3.6
                      3.7138900000e+00 density_3.6
                      3.5867000000e-01 speed_3.6
                      8.1442700000e+00 flow_5.0
                      3.2062000000e+00 density_5.0
                      4.4689000000e-01 speed_5.0


Active response data for evaluation 259:
Active set vector = { 1 1 1 1 1 1 1 1 1 }
                      5.9160300000e+00 flow_2.4
                      4.0420200000e+00 density_2.4
                      4.2694000000e-01 speed_2.4
                      9.1293000000e+00 flow_3.6
                      3.5349500000e+00 density_3.6
                      6.4457000000e-01 speed_3.6
                      1.1658250000e+01 flow_5.0
                      3.1522100000e+00 density_5.0
                      7.1796000000e-01 speed_5.0


Active response data for evaluation 260:
Active set vector = { 1 1 1 1 1 1 1 1 1 }
                      4.1443900000e+00 flow_2.4
                      4.5484000000e+00 density_2.4
                      2.5770000000e-01 speed_2.4
                      6.5577700000e+00 flow_3.6
                      3.5293800000e+00 density_3.6
                      4.4353000000e-01 speed_3.6
                      7.5000000000e+00 flow_5.0
                      3.2073800000e+00 density_5.0
                      4.3971000000e-01 speed_5.0


Active response data for evaluation 261:
Active set vector = { 1 1 1 1 1 1 1 1 1 }
                      3.1222200000e+00 flow_2.4
                      2.4063700000e+00 density_2.4
                      3.7518000000e-01 speed_2.4
                      4.9540000000e+00 flow_3.6
                      1.9896600000e+00 density_3.6
                      5.9327000000e-01 speed_3.6
                      6.9444400000e+00 flow_5.0
                      1.7368900000e+00 density_5.0
                      7.7030000000e-01 speed_5.0


Active response data for evaluation 262:
Active set vector = { 1 1 1 1 1 1 1 1 1 }
                      5.3633200000e+00 flow_2.4
                      4.7942700000e+00 density_2.4
                      3.4875000000e-01 speed_2.4
                      8.9080500000e+00 flow_3.6
                      3.9398400000e+00 density_3.6
                      5.6881000000e-01 speed_3.6
                      1.2728940000e+01 flow_5.0
                      3.4373800000e+00 density_5.0
                      6.7038000000e-01 speed_5.0


Active response data for evaluation 263:
Active set vector = { 1 1 1 1 1 1 1 1 1 }
                      4.6666700000e+00 flow_2.4
                      4.0315000000e+00 density_2.4
                      3.2548000000e-01 speed_2.4
                      6.8829900000e+00 flow_3.6
                      3.4662300000e+00 density_3.6
                      4.6314000000e-01 speed_3.6
                      9.1716000000e+00 flow_5.0
                      3.2596300000e+00 density_5.0
                      4.7943000000e-01 speed_5.0


Active response data for evaluation 264:
Active set vector = { 1 1 1 1 1 1 1 1 1 }
                      4.4275800000e+00 flow_2.4
                      2.9940800000e+00 density_2.4
                      4.8148000000e-01 speed_2.4
                      7.4666700000e+00 flow_3.6
                      2.7304900000e+00 density_3.6
                      7.0421000000e-01 speed_3.6
                      1.0228110000e+01 flow_5.0
                      2.6270500000e+00 density_5.0
                      8.2036000000e-01 speed_5.0


Active response data for evaluation 265:
Active set vector = { 1 1 1 1 1 1 1 1 1 }
                      3.4722200000e+00 flow_2.4
                      3.9511400000e+00 density_2.4
                      2.4102000000e-01 speed_2.4
                      5.2671200000e+00 flow_3.6
                      3.2326100000e+00 density_3.6
                      3.7645000000e-01 speed_3.6
                      6.9629600000e+00 flow_5.0
                      2.8135600000e+00 density_5.0
                      4.5930000000e-01 speed_5.0


Active response data for evaluation 266:
Active set vector = { 1 1 1 1 1 1 1 1 1 }
                      5.5031400000e+00 flow_2.4
                      4.8399400000e+00 density_2.4
                      3.1808000000e-01 speed_2.4
                      5.7708300000e+00 flow_3.6
                      3.1639000000e+00 density_3.6
                      4.0593000000e-01 speed_3.6
                      6.7829500000e+00 flow_5.0
                      2.3123600000e+00 density_5.0
                      4.0313000000e-01 speed_5.0


Active response data for evaluation 267:
Active set vector = { 1 1 1 1 1 1 1 1 1 }
                      8.0720100000e+00 flow_2.4
                      4.0024800000e+00 density_2.4
                      5.9893000000e-01 speed_2.4
                      1.2522280000e+01 flow_3.6
                      3.7004800000e+00 density_3.6
                      8.1433000000e-01 speed_3.6
                      1.7617240000e+01 flow_5.0
                      3.4036800000e+00 density_5.0
                      9.8318000000e-01 speed_5.0


Active response data for evaluation 268:
Active set vector = { 1 1 1 1 1 1 1 1 1 }
                      6.8027200000e+00 flow_2.4
                      4.0026500000e+00 density_2.4
                      4.7574000000e-01 speed_2.4
                      1.0727970000e+01 flow_3.6
                      3.4801000000e+00 density_3.6
                      7.2849000000e-01 speed_3.6
                      1.4675050000e+01 flow_5.0
                      3.1902100000e+00 density_5.0
                      8.0857000000e-01 speed_5.0


Active response data for evaluation 269:
Active set vector = { 1 1 1 1 1 1 1 1 1 }
                      2.4432800000e+00 flow_2.4
                      2.6676400000e+00 density_2.4
                      2.5667000000e-01 speed_2.4
                      3.9381200000e+00 flow_3.6
                      1.9983100000e+00 density_3.6
                      4.6911000000e-01 speed_3.6
                      4.5219600000e+00 flow_5.0
                      1.9269500000e+00 density_5.0
                      4.6391000000e-01 speed_5.0


Active response data for evaluation 270:
Active set vector = { 1 1 1 1 1 1 1 1 1 }
                      7.0561500000e+00 flow_2.4
                      4.6645000000e+00 density_2.4
                      4.2674000000e-01 speed_2.4
                      8.5313800000e+00 flow_3.6
                      3.5424300000e+00 density_3.6
                      5.6721000000e-01 speed_3.6
                      9.4751200000e+00 flow_5.0
                      2.3757300000e+00 density_5.0
                      6.2132000000e-01 speed_5.0


Active response data for evaluation 271:
Active set vector = { 1 1 1 1 1 1 1 1 1 }
                      4.8510000000e+00 flow_2.4
                      3.0511100000e+00 density_2.4
                      4.5616000000e-01 speed_2.4
                      7.2689500000e+00 flow_3.6
                      2.6246900000e+00 density_3.6
                      6.8401000000e-01 speed_3.6
                      1.0486890000e+01 flow_5.0
                      2.3694700000e+00 density_5.0
                      8.5974000000e-01 speed_5.0


Active response data for evaluation 272:
Active set vector = { 1 1 1 1 1 1 1 1 1 }
                      2.8386100000e+00 flow_2.4
                      3.1360200000e+00 density_2.4
                      2.5010000000e-01 speed_2.4
                      4.1555400000e+00 flow_3.6
                      2.2018000000e+00 density_3.6
                      4.6348000000e-01 speed_3.6
                      4.4896600000e+00 flow_5.0
                      2.0090600000e+00 density_5.0
                      4.4667000000e-01 speed_5.0


Active response data for evaluation 273:
Active set vector = { 1 1 1 1 1 1 1 1 1 }
                      3.1941600000e+00 flow_2.4
                      3.7031000000e+00 density_2.4
                      2.4204000000e-01 speed_2.4
                      5.3509800000e+00 flow_3.6
                      2.7571800000e+00 density_3.6
                      4.6692000000e-01 speed_3.6
                      6.2082800000e+00 flow_5.0
                      2.6573800000e+00 density_5.0
                      4.5634000000e-01 speed_5.0


Active response data for evaluation 274:
Active set vector = { 1 1 1 1 1 1 1 1 1 }
                      4.4871800000e+00 flow_2.4
                      3.8277100000e+00 density_2.4
                      3.2745000000e-01 speed_2.4
                      6.4014600000e+00 flow_3.6
                      3.3860100000e+00 density_3.6
                      4.0072000000e-01 speed_3.6
                      8.6942900000e+00 flow_5.0
                      2.8047800000e+00 density_5.0
                      5.7113000000e-01 speed_5.0


Active response data for evaluation 275:
Active set vector = { 1 1 1 1 1 1 1 1 1 }
                      9.2556000000e+00 flow_2.4
                      3.5355000000e+00 density_2.4
                      7.2382000000e-01 speed_2.4
                      1.3805220000e+01 flow_3.6
                      3.1735300000e+00 density_3.6
                      1.0149800000e+00 speed_3.6
                      2.0043100000e+01 flow_5.0
                      2.9728700000e+00 density_5.0
                      1.2226200000e+00 speed_5.0


Active response data for evaluation 276:
Active set vector = { 1 1 1 1 1 1 1 1 1 }
                      7.0852200000e+00 flow_2.4
                      3.5714300000e+00 density_2.4
                      6.8685000000e-01 speed_2.4
                      1.2121210000e+01 flow_3.6
                      3.3304000000e+00 density_3.6
                      9.6823000000e-01 speed_3.6
                      1.6607350000e+01 flow_5.0
                      3.0724400000e+00 density_5.0
                      1.1548500000e+00 speed_5.0


Active response data for evaluation 277:
Active set vector = { 1 1 1 1 1 1 1 1 1 }
                      1.1084720000e+01 flow_2.4
                      6.0016100000e+00 density_2.4
                      5.1152000000e-01 speed_2.4
                      1.7031630000e+01 flow_3.6
                      5.0318200000e+00 density_3.6
                      7.7707000000e-01 speed_3.6
                      2.3300170000e+01 flow_5.0
                      4.4174300000e+00 density_5.0
                      8.9724000000e-01 speed_5.0


Active response data for evaluation 278:
Active set vector = { 1 1 1 1 1 1 1 1 1 }
                      1.0301690000e+01 flow_2.4
                      6.0667100000e+00 density_2.4
                      5.0068000000e-01 speed_2.4
                      1.4802980000e+01 flow_3.6
                      4.0053500000e+00 density_3.6
                      8.7934000000e-01 speed_3.6
                      1.8666670000e+01 flow_5.0
                      2.9987200000e+00 density_5.0
                      9.4743000000e-01 speed_5.0


Active response data for evaluation 279:
Active set vector = { 1 1 1 1 1 1 1 1 1 }
                      5.7393800000e+00 flow_2.4
                      3.8151300000e+00 density_2.4
                      4.4282000000e-01 speed_2.4
                      8.7735800000e+00 flow_3.6
                      2.9967000000e+00 density_3.6
                      7.2621000000e-01 speed_3.6
                      1.0839160000e+01 flow_5.0
                      2.5643700000e+00 density_5.0
                      8.1479000000e-01 speed_5.0


Active response data for evaluation 280:
Active set vector = { 1 1 1 1 1 1 1 1 1 }
                      6.6859100000e+00 flow_2.4
                      6.0158500000e+00 density_2.4
                      3.3378000000e-01 speed_2.4
                      8.1585100000e+00 flow_3.6
                      3.2429600000e+00 density_3.6
                      4.6740000000e-01 speed_3.6
                      9.4898000000e+00 flow_5.0
                      2.4094400000e+00 density_5.0
                      4.2670000000e-01 speed_5.0

<<<<< Function evaluation summary: 280 total (280 new, 0 duplicate)

Global sensitivity indices for each response function:
flow_2.4 Sobol' indices:
                                  Main             Total
                      1.1289717793e-01  3.6737923937e-02 desired_speed
                      3.0585792518e-01  1.8976568558e-01 radius
                      4.2289196239e-01  3.2742616665e-01 time_gap
                      5.2612925750e-02  2.6815473386e-02 strength_neighbor
                      7.3156523311e-02  8.0090616813e-02 range_neighbor
density_2.4 Sobol' indices:
                                  Main             Total
                      1.2576824895e-03  4.1263007846e-03 desired_speed
                      5.4248561873e-01  5.3206915659e-01 radius
                      1.1380212379e-01  4.4680737613e-02 time_gap
                      6.5464870863e-02  1.8847264319e-01 strength_neighbor
                      2.6139280248e-01  3.0917806592e-01 range_neighbor
speed_2.4 Sobol' indices:
                                  Main             Total
                      1.1438823344e-01  1.6749865855e-01 desired_speed
                     -1.2092978804e-02  3.0328697504e-02 radius
                      4.8662987528e-01  6.0327430316e-01 time_gap
                     -1.8518161984e-02  7.2824447128e-02 strength_neighbor
                      1.1918584808e-01  4.0646229395e-01 range_neighbor
flow_3.6 Sobol' indices:
                                  Main             Total
                      6.4327699183e-02  3.0150266907e-02 desired_speed
                      2.4417555949e-01  1.6745710878e-01 radius
                      4.1852150275e-01  3.6165739940e-01 time_gap
                      3.9982154795e-02  3.6124660897e-02 strength_neighbor
                      8.2289862880e-02  1.6181824111e-01 range_neighbor
density_3.6 Sobol' indices:
                                  Main             Total
                     -4.2367653424e-02  2.1355561092e-02 desired_speed
                      3.9209119389e-01  4.5300344591e-01 radius
                      1.6045592657e-01  9.6826640644e-02 time_gap
                      1.0508186061e-01  2.1969143243e-01 strength_neighbor
                      2.6375274846e-01  3.4833659263e-01 range_neighbor
speed_3.6 Sobol' indices:
                                  Main             Total
                      1.3555481209e-01  2.1087117643e-01 desired_speed
                      5.7991435561e-04  6.8173768957e-02 radius
                      4.0877766130e-01  6.1615434212e-01 time_gap
                     -6.6334798943e-04  6.4333532748e-02 strength_neighbor
                      3.7174569341e-02  4.0902101820e-01 range_neighbor
flow_5.0 Sobol' indices:
                                  Main             Total
                      7.8667899185e-02  3.3443602354e-02 desired_speed
                      2.7711975912e-01  1.7656322098e-01 radius
                      4.8357303784e-01  3.8327889686e-01 time_gap
                      4.3559524686e-02  4.4652621663e-02 strength_neighbor
                      1.3674503281e-01  2.4545168906e-01 range_neighbor
density_5.0 Sobol' indices:
                                  Main             Total
                     -2.6673687025e-02  1.1655441189e-02 desired_speed
                      2.9169173107e-01  4.0196780637e-01 radius
                      1.3337802164e-01  1.0705569591e-01 time_gap
                      4.5569925147e-02  2.3059499647e-01 strength_neighbor
                      3.8704040904e-01  4.6382131683e-01 range_neighbor
speed_5.0 Sobol' indices:
                                  Main             Total
                      6.6463774136e-02  1.1647266886e-01 desired_speed
                     -1.7992989867e-02  2.4626577607e-02 radius
                      3.5933338148e-01  5.6883566317e-01 time_gap
                      2.1620605458e-02  3.3521753832e-02 strength_neighbor
                      1.9568405773e-01  5.1940984447e-01 range_neighbor

<<<<< Iterator random_sampling completed.
<<<<< Environment execution completed.
DAKOTA execution time in seconds:
  Total CPU        =   0.764896 [parent =   0.764968, child =   -7.2e-05]
  Total wall clock =    2332.47
