Dakota version 6.24 released May 15 2026.
Repository revision 1ab1c9924 (2026-05-11) built May 11 2026 11:08:44.
Running MPI Dakota executable in serial mode.
Start time: Sun Sep  6 18:15:32 2026

------------------
Begin Dakota input
------------------
# CrowdQueue: EGO calibration on baseline-motivation (h0) runs at corridor widths
# 1.2, 3.4, 5.6 m (2.3 and 4.5 m held out). desired_speed fixed at 1.55 m/s.
# Wall repulsion is free here: the 1.2 m corridor exercises it.
# Residuals are already normalised by sigma in the driver, so weights = 1.
# Run: CQ_RESIDUALS=1 JPS_N_SEEDS=2 CQ_RUNS=090_c_12_h0,110_c_12_h0,170_q_12_h0,190_q_34_h0,270_c_34_h0,030_c_56_h0,150_q_56_h0 dakota -i dakota.in -o dakota.out

environment
  tabular_data
    tabular_data_file = 'calib_history.dat'

method
  efficient_global
    seed = 9
    max_iterations = 80
    convergence_tolerance = 1.e-4

variables
  continuous_design = 6
    descriptors    'radius' 'time_gap' 'strength_neighbor' 'range_neighbor' 'strength_geometry' 'range_geometry'
    initial_point   0.13  0.80   2.0   0.25   5.0   0.02
    lower_bounds    0.10  0.10   1.0   0.02   0.5   0.01
    upper_bounds    0.18  1.20  10.0   0.40  10.0   0.20
  continuous_state = 1
    descriptors    'desired_speed'
    initial_state   1.55

interface
  fork
    analysis_drivers = 'python3 driver_cq.py'
    parameters_file  = 'params.in'
    results_file     = 'results.out'
    work_directory named 'runs/run' directory_tag
    link_files = '../driver_cq.py' '../observables_cq.py' '../scenario_cq.py' '../exp_observables_cq.json'
  asynchronous evaluation_concurrency = 1

responses
  calibration_terms = 21
  no_gradients
  no_hessians

----------------
End Dakota input
----------------

Using Dakota parser: standard
Writing new restart file 'dakota.rst'.

>>>>> Executing environment.

>>>>> Running efficient_global iterator.

>>>>> Building global_kriging approximations.

NonD lhs Samples = 28 Seed (user-specified) = 9

---------------------
Begin Evaluation    1
---------------------
Parameters for evaluation 1:
                      1.7439642393e-01 radius
                      4.1235313836e-01 time_gap
                      3.5473932523e+00 strength_neighbor
                      1.9541342964e-01 range_neighbor
                      4.9225153750e+00 strength_geometry
                      1.2541241280e-01 range_geometry
                      1.5500000000e+00 desired_speed

blocking fork: python3 driver_cq.py params.in results.out

Active response data for evaluation 1:
Active set vector = { 1 1 1 1 1 1 1 1 1 1 1 1 1 1 1 1 1 1 1 1 1 }
                     -1.5848500000e+01 least_sq_term_1
                      5.1391100000e+00 least_sq_term_2
                     -1.5398000000e+00 least_sq_term_3
                     -1.3710350000e+01 least_sq_term_4
                     -2.1524900000e+00 least_sq_term_5
                     -6.0644000000e-01 least_sq_term_6
                     -1.5459400000e+01 least_sq_term_7
                      4.4888300000e+00 least_sq_term_8
                     -3.2584000000e+00 least_sq_term_9
                     -1.6439230000e+01 least_sq_term_10
                      1.2764290000e+01 least_sq_term_11
                     -5.3531400000e+00 least_sq_term_12
                     -1.4201370000e+01 least_sq_term_13
                      5.1762300000e+00 least_sq_term_14
                     -1.8039000000e+00 least_sq_term_15
                     -1.5855460000e+01 least_sq_term_16
                      7.2117500000e+00 least_sq_term_17
                      2.7883400000e+00 least_sq_term_18
                     -1.5546720000e+01 least_sq_term_19
                      8.1371600000e+00 least_sq_term_20
                      2.1752900000e+00 least_sq_term_21



---------------------
Begin Evaluation    2
---------------------
Parameters for evaluation 2:
                      1.2575234860e-01 radius
                      7.6097705383e-01 time_gap
                      1.9467734552e+00 strength_neighbor
                      5.3053966934e-02 range_neighbor
                      2.2202076004e+00 strength_geometry
                      8.8157497772e-02 range_geometry
                      1.5500000000e+00 desired_speed

blocking fork: python3 driver_cq.py params.in results.out

Active response data for evaluation 2:
Active set vector = { 1 1 1 1 1 1 1 1 1 1 1 1 1 1 1 1 1 1 1 1 1 }
                      3.6610800000e+00 least_sq_term_1
                     -3.4960000000e-02 least_sq_term_2
                      2.4277200000e+00 least_sq_term_3
                      2.8381400000e+00 least_sq_term_4
                     -1.6721200000e+00 least_sq_term_5
                      2.5607700000e+00 least_sq_term_6
                      4.5025700000e+00 least_sq_term_7
                     -8.7265000000e-01 least_sq_term_8
                      2.5224600000e+00 least_sq_term_9
                      2.6470600000e+00 least_sq_term_10
                     -4.0428000000e-01 least_sq_term_11
                     -1.7638800000e+00 least_sq_term_12
                     -1.3070400000e+01 least_sq_term_13
                      6.5204100000e+00 least_sq_term_14
                     -4.0383500000e+00 least_sq_term_15
                     -5.9553100000e+00 least_sq_term_16
                      3.4529400000e+00 least_sq_term_17
                      1.0347000000e+00 least_sq_term_18
                     -3.1872700000e+00 least_sq_term_19
                      4.2046900000e+00 least_sq_term_20
                     -2.7168700000e+00 least_sq_term_21



---------------------
Begin Evaluation    3
---------------------
Parameters for evaluation 3:
                      1.3548145196e-01 radius
                      7.9298303790e-01 time_gap
                      7.0294464947e+00 strength_neighbor
                      3.5473575049e-02 range_neighbor
                      1.5614065918e+00 strength_geometry
                      5.2184340939e-02 range_geometry
                      1.5500000000e+00 desired_speed

blocking fork: python3 driver_cq.py params.in results.out

Active response data for evaluation 3:
Active set vector = { 1 1 1 1 1 1 1 1 1 1 1 1 1 1 1 1 1 1 1 1 1 }
                      3.5369400000e+00 least_sq_term_1
                     -3.7993000000e-01 least_sq_term_2
                      2.5690500000e+00 least_sq_term_3
                      1.9020000000e+00 least_sq_term_4
                     -2.7608800000e+00 least_sq_term_5
                      3.7730700000e+00 least_sq_term_6
                      3.9163600000e+00 least_sq_term_7
                     -5.2245000000e-01 least_sq_term_8
                      1.3260200000e+00 least_sq_term_9
                      2.2108200000e+00 least_sq_term_10
                      5.8940000000e-01 least_sq_term_11
                     -1.0786000000e+00 least_sq_term_12
                      2.9773500000e+00 least_sq_term_13
                      1.2287000000e-01 least_sq_term_14
                     -4.8328600000e+00 least_sq_term_15
                      1.7541200000e+00 least_sq_term_16
                      1.3567000000e-01 least_sq_term_17
                     -4.5341300000e+00 least_sq_term_18
                      5.7393500000e+00 least_sq_term_19
                     -9.1423000000e-01 least_sq_term_20
                     -3.7222500000e+00 least_sq_term_21



---------------------
Begin Evaluation    4
---------------------
Parameters for evaluation 4:
                      1.0714821313e-01 radius
                      8.2543697568e-01 time_gap
                      7.7739500565e+00 strength_neighbor
                      7.2913954834e-02 range_neighbor
                      5.3405127352e+00 strength_geometry
                      1.4121578854e-01 range_geometry
                      1.5500000000e+00 desired_speed

blocking fork: python3 driver_cq.py params.in results.out

Active response data for evaluation 4:
Active set vector = { 1 1 1 1 1 1 1 1 1 1 1 1 1 1 1 1 1 1 1 1 1 }
                     -1.4974100000e+01 least_sq_term_1
                      7.6637300000e+00 least_sq_term_2
                     -6.1686500000e+00 least_sq_term_3
                     -1.0612500000e+01 least_sq_term_4
                      6.6561200000e+00 least_sq_term_5
                     -6.1979700000e+00 least_sq_term_6
                     -1.4674420000e+01 least_sq_term_7
                      8.2297200000e+00 least_sq_term_8
                     -6.6909200000e+00 least_sq_term_9
                     -1.6434140000e+01 least_sq_term_10
                      1.1238190000e+01 least_sq_term_11
                     -5.2564200000e+00 least_sq_term_12
                     -1.0916830000e+01 least_sq_term_13
                      5.7948100000e+00 least_sq_term_14
                     -6.6709600000e+00 least_sq_term_15
                     -1.0268800000e+01 least_sq_term_16
                      3.7480300000e+00 least_sq_term_17
                     -5.8705600000e+00 least_sq_term_18
                     -1.1552710000e+01 least_sq_term_19
                      4.5436700000e+00 least_sq_term_20
                     -5.7043400000e+00 least_sq_term_21



---------------------
Begin Evaluation    5
---------------------
Parameters for evaluation 5:
                      1.7990829737e-01 radius
                      1.2746493325e-01 time_gap
                      4.7509526961e+00 strength_neighbor
                      2.5129584412e-01 range_neighbor
                      7.6957874842e-01 strength_geometry
                      1.0173955904e-01 range_geometry
                      1.5500000000e+00 desired_speed

blocking fork: python3 driver_cq.py params.in results.out

Active response data for evaluation 5:
Active set vector = { 1 1 1 1 1 1 1 1 1 1 1 1 1 1 1 1 1 1 1 1 1 }
                     -1.6666670000e+01 least_sq_term_1
                     -1.0000000000e+01 least_sq_term_2
                     -1.0000000000e+01 least_sq_term_3
                     -1.6666670000e+01 least_sq_term_4
                     -1.0000000000e+01 least_sq_term_5
                     -1.0000000000e+01 least_sq_term_6
                     -1.6666670000e+01 least_sq_term_7
                     -1.0000000000e+01 least_sq_term_8
                     -1.0000000000e+01 least_sq_term_9
                      6.7905200000e+00 least_sq_term_10
                     -3.9462000000e-01 least_sq_term_11
                      1.5439500000e+01 least_sq_term_12
                     -1.6666670000e+01 least_sq_term_13
                     -1.0000000000e+01 least_sq_term_14
                     -1.0000000000e+01 least_sq_term_15
                     -1.6666670000e+01 least_sq_term_16
                     -1.0000000000e+01 least_sq_term_17
                     -1.0000000000e+01 least_sq_term_18
                      1.3181000000e-01 least_sq_term_19
                     -5.6139100000e+00 least_sq_term_20
                      1.3305600000e+00 least_sq_term_21



---------------------
Begin Evaluation    6
---------------------
Parameters for evaluation 6:
                      1.5241571041e-01 radius
                      9.9586120529e-01 time_gap
                      4.9352871815e+00 strength_neighbor
                      1.3790414841e-01 range_neighbor
                      6.6149012885e+00 strength_geometry
                      3.8596736889e-02 range_geometry
                      1.5500000000e+00 desired_speed

blocking fork: python3 driver_cq.py params.in results.out

Active response data for evaluation 6:
Active set vector = { 1 1 1 1 1 1 1 1 1 1 1 1 1 1 1 1 1 1 1 1 1 }
                      2.1842400000e+00 least_sq_term_1
                     -1.4353700000e+00 least_sq_term_2
                      4.5482800000e+00 least_sq_term_3
                      6.9300000000e-01 least_sq_term_4
                     -2.3471300000e+00 least_sq_term_5
                      2.7013300000e+00 least_sq_term_6
                      3.9444100000e+00 least_sq_term_7
                     -2.9315500000e+00 least_sq_term_8
                      6.5054000000e+00 least_sq_term_9
                      5.0263000000e-01 least_sq_term_10
                     -9.2856000000e-01 least_sq_term_11
                      3.0924800000e+00 least_sq_term_12
                     -1.6067190000e+01 least_sq_term_13
                      2.2196800000e+00 least_sq_term_14
                      2.8365700000e+00 least_sq_term_15
                     -1.6435660000e+01 least_sq_term_16
                      1.5491600000e+00 least_sq_term_17
                      1.4658920000e+01 least_sq_term_18
                     -1.5761420000e+01 least_sq_term_19
                      4.8943000000e+00 least_sq_term_20
                      1.0368700000e+01 least_sq_term_21



---------------------
Begin Evaluation    7
---------------------
Parameters for evaluation 7:
                      1.6090202534e-01 radius
                      2.9242170843e-01 time_gap
                      7.2936550685e+00 strength_neighbor
                      1.0397129587e-01 range_neighbor
                      1.2337413382e+00 strength_geometry
                      1.5639946760e-01 range_geometry
                      1.5500000000e+00 desired_speed

blocking fork: python3 driver_cq.py params.in results.out

Active response data for evaluation 7:
Active set vector = { 1 1 1 1 1 1 1 1 1 1 1 1 1 1 1 1 1 1 1 1 1 }
                     -1.3986060000e+01 least_sq_term_1
                      1.1565600000e+00 least_sq_term_2
                      5.4207400000e+00 least_sq_term_3
                     -1.6666670000e+01 least_sq_term_4
                     -1.0000000000e+01 least_sq_term_5
                     -1.0000000000e+01 least_sq_term_6
                     -1.3638190000e+01 least_sq_term_7
                      6.6007000000e-01 least_sq_term_8
                      5.3157100000e+00 least_sq_term_9
                     -1.4308600000e+01 least_sq_term_10
                     -4.5750000000e-01 least_sq_term_11
                      7.9907800000e+00 least_sq_term_12
                     -1.6666670000e+01 least_sq_term_13
                     -1.0000000000e+01 least_sq_term_14
                     -1.0000000000e+01 least_sq_term_15
                     -1.6666670000e+01 least_sq_term_16
                     -1.0000000000e+01 least_sq_term_17
                     -1.0000000000e+01 least_sq_term_18
                     -1.2767130000e+01 least_sq_term_19
                     -4.7544800000e+00 least_sq_term_20
                     -2.0427400000e+00 least_sq_term_21



---------------------
Begin Evaluation    8
---------------------
Parameters for evaluation 8:
                      1.1430726600e-01 radius
                      2.0107270727e-01 time_gap
                      3.2052674033e+00 strength_neighbor
                      1.6526218169e-01 range_neighbor
                      3.0906407818e+00 strength_geometry
                      2.6383064364e-02 range_geometry
                      1.5500000000e+00 desired_speed

blocking fork: python3 driver_cq.py params.in results.out

Active response data for evaluation 8:
Active set vector = { 1 1 1 1 1 1 1 1 1 1 1 1 1 1 1 1 1 1 1 1 1 }
                      2.3556600000e+01 least_sq_term_1
                     -1.2610600000e+00 least_sq_term_2
                      1.0732710000e+01 least_sq_term_3
                      2.2402760000e+01 least_sq_term_4
                     -1.4058000000e+00 least_sq_term_5
                      1.4198250000e+01 least_sq_term_6
                      2.6136360000e+01 least_sq_term_7
                     -1.0517800000e+00 least_sq_term_8
                      1.0461710000e+01 least_sq_term_9
                      2.8039900000e+01 least_sq_term_10
                     -3.7863800000e+00 least_sq_term_11
                      1.4457600000e+01 least_sq_term_12
                      3.6799630000e+01 least_sq_term_13
                     -6.5833000000e-01 least_sq_term_14
                      5.9741900000e+00 least_sq_term_15
                      1.0370110000e+01 least_sq_term_16
                      3.0379900000e+00 least_sq_term_17
                      2.2071290000e+01 least_sq_term_18
                      4.5602610000e+01 least_sq_term_19
                     -1.5212600000e+00 least_sq_term_20
                      1.2119800000e+01 least_sq_term_21



---------------------
Begin Evaluation    9
---------------------
Parameters for evaluation 9:
                      1.5761936100e-01 radius
                      1.1638302713e+00 time_gap
                      2.6744714810e+00 strength_neighbor
                      2.9769446825e-01 range_neighbor
                      3.8487903756e+00 strength_geometry
                      3.2526910819e-02 range_geometry
                      1.5500000000e+00 desired_speed

blocking fork: python3 driver_cq.py params.in results.out

Active response data for evaluation 9:
Active set vector = { 1 1 1 1 1 1 1 1 1 1 1 1 1 1 1 1 1 1 1 1 1 }
                      1.1202000000e+00 least_sq_term_1
                     -2.3983900000e+00 least_sq_term_2
                      6.1478600000e+00 least_sq_term_3
                     -5.9532000000e-01 least_sq_term_4
                     -3.3748500000e+00 least_sq_term_5
                      4.4991300000e+00 least_sq_term_6
                      3.2102000000e+00 least_sq_term_7
                     -3.8510200000e+00 least_sq_term_8
                      8.5760100000e+00 least_sq_term_9
                      1.9783000000e-01 least_sq_term_10
                     -5.6090000000e-01 least_sq_term_11
                      6.5638200000e+00 least_sq_term_12
                     -1.4508550000e+01 least_sq_term_13
                      2.6853900000e+00 least_sq_term_14
                     -1.5234000000e+00 least_sq_term_15
                     -6.1851000000e+00 least_sq_term_16
                      1.7619400000e+00 least_sq_term_17
                     -2.1611000000e-01 least_sq_term_18
                     -4.5963000000e+00 least_sq_term_19
                      2.0877000000e+00 least_sq_term_20
                      1.3415800000e+00 least_sq_term_21



---------------------
Begin Evaluation   10
---------------------
Parameters for evaluation 10:
                      1.3753579091e-01 radius
                      3.0177170276e-01 time_gap
                      9.5166619796e+00 strength_neighbor
                      1.0113976497e-01 range_neighbor
                      9.7345691818e+00 strength_geometry
                      1.2192585557e-01 range_geometry
                      1.5500000000e+00 desired_speed

blocking fork: python3 driver_cq.py params.in results.out

Active response data for evaluation 10:
Active set vector = { 1 1 1 1 1 1 1 1 1 1 1 1 1 1 1 1 1 1 1 1 1 }
                     -1.5951710000e+01 least_sq_term_1
                      1.1867910000e+01 least_sq_term_2
                     -5.9245500000e+00 least_sq_term_3
                     -1.1673350000e+01 least_sq_term_4
                      4.9509400000e+00 least_sq_term_5
                     -3.4057200000e+00 least_sq_term_6
                     -1.5888700000e+01 least_sq_term_7
                      1.2749580000e+01 least_sq_term_8
                     -6.1669000000e+00 least_sq_term_9
                     -1.6666670000e+01 least_sq_term_10
                      7.7804000000e+00 least_sq_term_11
                      4.8529090000e+01 least_sq_term_12
                     -1.3510750000e+01 least_sq_term_13
                      8.3600300000e+00 least_sq_term_14
                     -5.6097300000e+00 least_sq_term_15
                     -1.4792280000e+01 least_sq_term_16
                      1.0202990000e+01 least_sq_term_17
                     -6.2191800000e+00 least_sq_term_18
                     -1.6382120000e+01 least_sq_term_19
                      1.2779800000e+01 least_sq_term_20
                     -5.4178200000e+00 least_sq_term_21



---------------------
Begin Evaluation   11
---------------------
Parameters for evaluation 11:
                      1.2090349803e-01 radius
                      3.6191388805e-01 time_gap
                      1.1674915152e+00 strength_neighbor
                      8.6098398251e-02 range_neighbor
                      8.7591660616e+00 strength_geometry
                      4.7653037197e-02 range_geometry
                      1.5500000000e+00 desired_speed

blocking fork: python3 driver_cq.py params.in results.out

Active response data for evaluation 11:
Active set vector = { 1 1 1 1 1 1 1 1 1 1 1 1 1 1 1 1 1 1 1 1 1 }
                     -1.6550120000e+01 least_sq_term_1
                      3.2225900000e+00 least_sq_term_2
                      1.3261670000e+01 least_sq_term_3
                     -1.6555630000e+01 least_sq_term_4
                     -2.6299800000e+00 least_sq_term_5
                      2.3242130000e+01 least_sq_term_6
                      1.4462810000e+01 least_sq_term_7
                      3.7645000000e-01 least_sq_term_8
                      4.0536000000e+00 least_sq_term_9
                      1.0739710000e+01 least_sq_term_10
                     -3.2012200000e+00 least_sq_term_11
                      1.1344100000e+00 least_sq_term_12
                     -1.6666670000e+01 least_sq_term_13
                      1.6850400000e+00 least_sq_term_14
                      4.1600920000e+01 least_sq_term_15
                     -1.6435700000e+01 least_sq_term_16
                      4.8072600000e+00 least_sq_term_17
                      4.1252390000e+01 least_sq_term_18
                     -1.6527420000e+01 least_sq_term_19
                      4.3714200000e+00 least_sq_term_20
                      5.7388220000e+01 least_sq_term_21



---------------------
Begin Evaluation   12
---------------------
Parameters for evaluation 12:
                      1.4970253101e-01 radius
                      6.7728151936e-01 time_gap
                      8.4443082260e+00 strength_neighbor
                      2.6486790195e-02 range_neighbor
                      9.4721095299e+00 strength_geometry
                      9.4250876662e-02 range_geometry
                      1.5500000000e+00 desired_speed

blocking fork: python3 driver_cq.py params.in results.out

Active response data for evaluation 12:
Active set vector = { 1 1 1 1 1 1 1 1 1 1 1 1 1 1 1 1 1 1 1 1 1 }
                     -1.6025450000e+01 least_sq_term_1
                      1.6272730000e+01 least_sq_term_2
                     -8.9682100000e+00 least_sq_term_3
                     -1.5286350000e+01 least_sq_term_4
                      8.2260800000e+00 least_sq_term_5
                     -9.0529900000e+00 least_sq_term_6
                     -1.5673660000e+01 least_sq_term_7
                      1.8354190000e+01 least_sq_term_8
                     -9.3032300000e+00 least_sq_term_9
                     -1.6666670000e+01 least_sq_term_10
                      7.7804000000e+00 least_sq_term_11
                      2.8176730000e+01 least_sq_term_12
                     -1.6412870000e+01 least_sq_term_13
                      1.2086970000e+01 least_sq_term_14
                     -6.5280400000e+00 least_sq_term_15
                     -1.6242900000e+01 least_sq_term_16
                      1.4319360000e+01 least_sq_term_17
                     -7.3700700000e+00 least_sq_term_18
                     -1.6516850000e+01 least_sq_term_19
                      1.4044490000e+01 least_sq_term_20
                     -5.8860400000e+00 least_sq_term_21



---------------------
Begin Evaluation   13
---------------------
Parameters for evaluation 13:
                      1.5569901290e-01 radius
                      4.7529861627e-01 time_gap
                      6.4792964396e+00 strength_neighbor
                      3.3761780249e-01 range_neighbor
                      6.9705923974e+00 strength_geometry
                      2.1736334426e-02 range_geometry
                      1.5500000000e+00 desired_speed

blocking fork: python3 driver_cq.py params.in results.out

Active response data for evaluation 13:
Active set vector = { 1 1 1 1 1 1 1 1 1 1 1 1 1 1 1 1 1 1 1 1 1 }
                     -1.6550160000e+01 least_sq_term_1
                      3.2225900000e+00 least_sq_term_2
                      4.6640300000e+00 least_sq_term_3
                     -1.6167110000e+01 least_sq_term_4
                     -1.1069100000e+00 least_sq_term_5
                     -5.5502900000e+00 least_sq_term_6
                     -1.6540480000e+01 least_sq_term_7
                     -7.3500000000e-03 least_sq_term_8
                      1.0594610000e+01 least_sq_term_9
                     -1.4533900000e+01 least_sq_term_10
                      1.5188000000e-01 least_sq_term_11
                      1.0049060000e+01 least_sq_term_12
                     -1.2470340000e+01 least_sq_term_13
                     -1.4459700000e+00 least_sq_term_14
                      2.5760100000e+00 least_sq_term_15
                     -1.2392300000e+01 least_sq_term_16
                     -1.0794500000e+00 least_sq_term_17
                      1.5743430000e+01 least_sq_term_18
                     -9.1461200000e+00 least_sq_term_19
                     -2.3418000000e+00 least_sq_term_20
                      1.1387950000e+01 least_sq_term_21



---------------------
Begin Evaluation   14
---------------------
Parameters for evaluation 14:
                      1.1284506657e-01 radius
                      8.7648286541e-01 time_gap
                      2.1221006082e+00 strength_neighbor
                      2.7294501844e-01 range_neighbor
                      3.3786691184e+00 strength_geometry
                      1.5070019661e-01 range_geometry
                      1.5500000000e+00 desired_speed

blocking fork: python3 driver_cq.py params.in results.out

Active response data for evaluation 14:
Active set vector = { 1 1 1 1 1 1 1 1 1 1 1 1 1 1 1 1 1 1 1 1 1 }
                     -1.4335710000e+01 least_sq_term_1
                      1.8612800000e+00 least_sq_term_2
                      1.4029700000e+00 least_sq_term_3
                     -1.0171010000e+01 least_sq_term_4
                     -6.9773000000e-01 least_sq_term_5
                      1.0998900000e+00 least_sq_term_6
                     -1.4014970000e+01 least_sq_term_7
                      4.1895000000e-01 least_sq_term_8
                      2.2887000000e+00 least_sq_term_9
                     -1.4865220000e+01 least_sq_term_10
                      1.6770500000e+00 least_sq_term_11
                      2.5967300000e+00 least_sq_term_12
                     -1.0432120000e+01 least_sq_term_13
                      3.1660900000e+00 least_sq_term_14
                     -3.6296300000e+00 least_sq_term_15
                     -8.6982100000e+00 least_sq_term_16
                      1.2256800000e+00 least_sq_term_17
                     -4.1720000000e-02 least_sq_term_18
                     -1.1508520000e+01 least_sq_term_19
                      3.6993400000e+00 least_sq_term_20
                      5.4160000000e-02 least_sq_term_21



---------------------
Begin Evaluation   15
---------------------
Parameters for evaluation 15:
                      1.0002964045e-01 radius
                      1.0862465627e+00 time_gap
                      7.5400756282e+00 strength_neighbor
                      3.7515792637e-01 range_neighbor
                      8.9949547719e-01 strength_geometry
                      1.3506103194e-01 range_geometry
                      1.5500000000e+00 desired_speed

blocking fork: python3 driver_cq.py params.in results.out

Active response data for evaluation 15:
Active set vector = { 1 1 1 1 1 1 1 1 1 1 1 1 1 1 1 1 1 1 1 1 1 }
                     -1.6666670000e+01 least_sq_term_1
                     -1.0000000000e+01 least_sq_term_2
                     -1.0000000000e+01 least_sq_term_3
                     -1.6666670000e+01 least_sq_term_4
                     -1.0000000000e+01 least_sq_term_5
                     -1.0000000000e+01 least_sq_term_6
                     -1.6666670000e+01 least_sq_term_7
                     -1.0000000000e+01 least_sq_term_8
                     -1.0000000000e+01 least_sq_term_9
                     -1.6666670000e+01 least_sq_term_10
                     -1.0000000000e+01 least_sq_term_11
                     -1.0000000000e+01 least_sq_term_12
                     -1.6666670000e+01 least_sq_term_13
                     -1.0000000000e+01 least_sq_term_14
                     -1.0000000000e+01 least_sq_term_15
                     -1.6666670000e+01 least_sq_term_16
                     -1.0000000000e+01 least_sq_term_17
                     -1.0000000000e+01 least_sq_term_18
                     -1.6666670000e+01 least_sq_term_19
                     -1.0000000000e+01 least_sq_term_20
                     -1.0000000000e+01 least_sq_term_21



---------------------
Begin Evaluation   16
---------------------
Parameters for evaluation 16:
                      1.2326317455e-01 radius
                      2.2317741642e-01 time_gap
                      9.8694242022e+00 strength_neighbor
                      3.8968039653e-01 range_neighbor
                      6.4295929193e+00 strength_geometry
                      1.3380233068e-02 range_geometry
                      1.5500000000e+00 desired_speed

blocking fork: python3 driver_cq.py params.in results.out

Active response data for evaluation 16:
Active set vector = { 1 1 1 1 1 1 1 1 1 1 1 1 1 1 1 1 1 1 1 1 1 }
                     -1.6550160000e+01 least_sq_term_1
                      3.2225900000e+00 least_sq_term_2
                      5.0224200000e+00 least_sq_term_3
                     -1.6444630000e+01 least_sq_term_4
                     -3.1066300000e+00 least_sq_term_5
                     -5.4035300000e+00 least_sq_term_6
                     -1.6540480000e+01 least_sq_term_7
                      1.6580900000e+00 least_sq_term_8
                      1.2899600000e+01 least_sq_term_9
                     -1.6329910000e+01 least_sq_term_10
                      2.8577200000e+00 least_sq_term_11
                      1.6402450000e+01 least_sq_term_12
                     -1.1451230000e+01 least_sq_term_13
                     -2.9317100000e+00 least_sq_term_14
                      2.9687600000e+00 least_sq_term_15
                     -1.2278240000e+01 least_sq_term_16
                     -2.4667500000e+00 least_sq_term_17
                      5.6464400000e+00 least_sq_term_18
                     -1.4159820000e+01 least_sq_term_19
                     -1.1896700000e+00 least_sq_term_20
                      6.3387100000e+00 least_sq_term_21



---------------------
Begin Evaluation   17
---------------------
Parameters for evaluation 17:
                      1.6536731166e-01 radius
                      9.2266345906e-01 time_gap
                      3.8834862164e+00 strength_neighbor
                      1.7321246396e-01 range_neighbor
                      2.6554539650e+00 strength_geometry
                      5.7749525110e-02 range_geometry
                      1.5500000000e+00 desired_speed

blocking fork: python3 driver_cq.py params.in results.out

Active response data for evaluation 17:
Active set vector = { 1 1 1 1 1 1 1 1 1 1 1 1 1 1 1 1 1 1 1 1 1 }
                      1.5610700000e+00 least_sq_term_1
                     -1.1978000000e+00 least_sq_term_2
                      3.6152800000e+00 least_sq_term_3
                     -1.3558230000e+01 least_sq_term_4
                     -2.6383100000e+00 least_sq_term_5
                      5.1845200000e+00 least_sq_term_6
                      3.8601300000e+00 least_sq_term_7
                     -2.9173500000e+00 least_sq_term_8
                      6.3111900000e+00 least_sq_term_9
                      3.0138000000e-01 least_sq_term_10
                     -8.2832000000e-01 least_sq_term_11
                      4.4798300000e+00 least_sq_term_12
                      1.8033200000e+00 least_sq_term_13
                      5.9807000000e-01 least_sq_term_14
                     -1.7374900000e+00 least_sq_term_15
                     -1.6435700000e+01 least_sq_term_16
                      1.5786900000e+00 least_sq_term_17
                      1.5838990000e+01 least_sq_term_18
                     -1.3184930000e+01 least_sq_term_19
                      5.5596100000e+00 least_sq_term_20
                      2.1639600000e+00 least_sq_term_21



---------------------
Begin Evaluation   18
---------------------
Parameters for evaluation 18:
                      1.0389846007e-01 radius
                      5.6920134274e-01 time_gap
                      1.3431795022e+00 strength_neighbor
                      2.4592515541e-01 range_neighbor
                      7.9314653837e+00 strength_geometry
                      7.6616931106e-02 range_geometry
                      1.5500000000e+00 desired_speed

blocking fork: python3 driver_cq.py params.in results.out

Active response data for evaluation 18:
Active set vector = { 1 1 1 1 1 1 1 1 1 1 1 1 1 1 1 1 1 1 1 1 1 }
                     -1.3986060000e+01 least_sq_term_1
                      9.0546000000e-01 least_sq_term_2
                      2.6223900000e+00 least_sq_term_3
                     -9.8379000000e+00 least_sq_term_4
                     -2.2690000000e-01 least_sq_term_5
                      1.5074800000e+00 least_sq_term_6
                     -1.3638190000e+01 least_sq_term_7
                      4.0144000000e-01 least_sq_term_8
                      2.4215600000e+00 least_sq_term_9
                     -1.4304650000e+01 least_sq_term_10
                     -3.2020200000e+00 least_sq_term_11
                      1.6656900000e+00 least_sq_term_12
                     -1.4748340000e+01 least_sq_term_13
                      7.5837900000e+00 least_sq_term_14
                      3.3804100000e+00 least_sq_term_15
                     -8.1207900000e+00 least_sq_term_16
                     -1.9787000000e-01 least_sq_term_17
                     -8.6505000000e-01 least_sq_term_18
                     -8.8688900000e+00 least_sq_term_19
                     -1.0650600000e+00 least_sq_term_20
                     -1.3712000000e-01 least_sq_term_21



---------------------
Begin Evaluation   19
---------------------
Parameters for evaluation 19:
                      1.6678271766e-01 radius
                      7.1147702418e-01 time_gap
                      6.4341605550e+00 strength_neighbor
                      2.8016583478e-01 range_neighbor
                      7.4129880779e+00 strength_geometry
                      1.9358318060e-01 range_geometry
                      1.5500000000e+00 desired_speed

blocking fork: python3 driver_cq.py params.in results.out

Active response data for evaluation 19:
Active set vector = { 1 1 1 1 1 1 1 1 1 1 1 1 1 1 1 1 1 1 1 1 1 }
                     -1.6666670000e+01 least_sq_term_1
                      4.8754200000e+00 least_sq_term_2
                      3.7422000000e+00 least_sq_term_3
                     -1.3192750000e+01 least_sq_term_4
                      1.1232000000e-01 least_sq_term_5
                     -3.9787500000e+00 least_sq_term_6
                     -1.6666670000e+01 least_sq_term_7
                      3.3235300000e+00 least_sq_term_8
                      1.1462520000e+01 least_sq_term_9
                     -1.6666670000e+01 least_sq_term_10
                      7.7804000000e+00 least_sq_term_11
                      3.9742800000e+01 least_sq_term_12
                     -1.6545450000e+01 least_sq_term_13
                      1.4253700000e+00 least_sq_term_14
                     -5.0677400000e+00 least_sq_term_15
                     -1.6666670000e+01 least_sq_term_16
                      1.4631500000e+00 least_sq_term_17
                      3.8637550000e+01 least_sq_term_18
                     -1.6666670000e+01 least_sq_term_19
                      1.0549400000e+00 least_sq_term_20
                      4.4097980000e+01 least_sq_term_21



---------------------
Begin Evaluation   20
---------------------
Parameters for evaluation 20:
                      1.7352759442e-01 radius
                      1.0814891134e+00 time_gap
                      5.3655629468e+00 strength_neighbor
                      3.6842898005e-01 range_neighbor
                      8.5764392619e+00 strength_geometry
                      1.8063892013e-01 range_geometry
                      1.5500000000e+00 desired_speed

blocking fork: python3 driver_cq.py params.in results.out

Active response data for evaluation 20:
Active set vector = { 1 1 1 1 1 1 1 1 1 1 1 1 1 1 1 1 1 1 1 1 1 }
                     -1.6666670000e+01 least_sq_term_1
                      4.8754200000e+00 least_sq_term_2
                      2.1500900000e+00 least_sq_term_3
                     -1.6549080000e+01 least_sq_term_4
                     -9.9220000000e-01 least_sq_term_5
                     -8.0908300000e+00 least_sq_term_6
                     -1.6666670000e+01 least_sq_term_7
                      3.3235300000e+00 least_sq_term_8
                      9.9653100000e+00 least_sq_term_9
                     -1.6666670000e+01 least_sq_term_10
                      7.7804000000e+00 least_sq_term_11
                      3.6786350000e+01 least_sq_term_12
                     -1.6544430000e+01 least_sq_term_13
                     -1.3263000000e-01 least_sq_term_14
                     -3.9049800000e+00 least_sq_term_15
                     -1.6666670000e+01 least_sq_term_16
                      1.4631500000e+00 least_sq_term_17
                      3.3578940000e+01 least_sq_term_18
                     -1.6666670000e+01 least_sq_term_19
                      1.0549400000e+00 least_sq_term_20
                      3.1963500000e+01 least_sq_term_21



---------------------
Begin Evaluation   21
---------------------
Parameters for evaluation 21:
                      1.3393491774e-01 radius
                      5.8661160294e-01 time_gap
                      4.2739241136e+00 strength_neighbor
                      3.4623774820e-01 range_neighbor
                      8.9836913049e+00 strength_geometry
                      1.0896216619e-01 range_geometry
                      1.5500000000e+00 desired_speed

blocking fork: python3 driver_cq.py params.in results.out

Active response data for evaluation 21:
Active set vector = { 1 1 1 1 1 1 1 1 1 1 1 1 1 1 1 1 1 1 1 1 1 }
                     -1.4918450000e+01 least_sq_term_1
                      1.6497300000e+00 least_sq_term_2
                      2.3458000000e+00 least_sq_term_3
                     -1.0837240000e+01 least_sq_term_4
                     -3.4279200000e+00 least_sq_term_5
                      7.4561900000e+00 least_sq_term_6
                     -1.4646330000e+01 least_sq_term_7
                      1.1739500000e+00 least_sq_term_8
                      2.3084900000e+00 least_sq_term_9
                     -1.6440460000e+01 least_sq_term_10
                      9.6546300000e+00 least_sq_term_11
                     -6.4249200000e+00 least_sq_term_12
                     -1.3549390000e+01 least_sq_term_13
                      7.6757000000e-01 least_sq_term_14
                      1.0457600000e+00 least_sq_term_15
                     -1.1527590000e+01 least_sq_term_16
                      1.3932000000e-01 least_sq_term_17
                      2.2331300000e+00 least_sq_term_18
                     -1.2974790000e+01 least_sq_term_19
                      1.0167400000e+00 least_sq_term_20
                      1.5361000000e+00 least_sq_term_21



---------------------
Begin Evaluation   22
---------------------
Parameters for evaluation 22:
                      1.2919588193e-01 radius
                      1.6684654621e-01 time_gap
                      6.0767448919e+00 strength_neighbor
                      3.0879630627e-01 range_neighbor
                      5.8536609633e+00 strength_geometry
                      1.6306004046e-01 range_geometry
                      1.5500000000e+00 desired_speed

blocking fork: python3 driver_cq.py params.in results.out

Active response data for evaluation 22:
Active set vector = { 1 1 1 1 1 1 1 1 1 1 1 1 1 1 1 1 1 1 1 1 1 }
                     -1.5268090000e+01 least_sq_term_1
                      2.5173600000e+00 least_sq_term_2
                      4.0904400000e+00 least_sq_term_3
                     -1.1004740000e+01 least_sq_term_4
                     -1.9411500000e+00 least_sq_term_5
                      1.3082710000e+01 least_sq_term_6
                     -1.5024590000e+01 least_sq_term_7
                      2.6236300000e+00 least_sq_term_8
                      3.2757000000e+00 least_sq_term_9
                     -1.6553580000e+01 least_sq_term_10
                      7.7804000000e+00 least_sq_term_11
                      1.2605500000e+00 least_sq_term_12
                     -1.1990760000e+01 least_sq_term_13
                     -1.3050000000e-02 least_sq_term_14
                      2.5257800000e+00 least_sq_term_15
                     -1.2971150000e+01 least_sq_term_16
                      7.1887000000e-01 least_sq_term_17
                      3.6117000000e+00 least_sq_term_18
                     -1.4855560000e+01 least_sq_term_19
                      2.5574800000e+00 least_sq_term_20
                      2.0357600000e+00 least_sq_term_21



---------------------
Begin Evaluation   23
---------------------
Parameters for evaluation 23:
                      1.4595445615e-01 radius
                      9.3974036704e-01 time_gap
                      4.2080533912e+00 strength_neighbor
                      2.0072735522e-01 range_neighbor
                      6.2371437141e+00 strength_geometry
                      1.1746095813e-01 range_geometry
                      1.5500000000e+00 desired_speed

blocking fork: python3 driver_cq.py params.in results.out

Active response data for evaluation 23:
Active set vector = { 1 1 1 1 1 1 1 1 1 1 1 1 1 1 1 1 1 1 1 1 1 }
                     -1.4796260000e+01 least_sq_term_1
                      3.7214500000e+00 least_sq_term_2
                     -4.1655800000e+00 least_sq_term_3
                     -1.1977450000e+01 least_sq_term_4
                      1.0453800000e+00 least_sq_term_5
                     -4.2373500000e+00 least_sq_term_6
                     -1.4498980000e+01 least_sq_term_7
                      3.8139100000e+00 least_sq_term_8
                     -4.8496600000e+00 least_sq_term_9
                     -1.6095470000e+01 least_sq_term_10
                      1.0321770000e+01 least_sq_term_11
                     -3.8786000000e+00 least_sq_term_12
                     -1.2687430000e+01 least_sq_term_13
                      5.0652400000e+00 least_sq_term_14
                     -5.3195900000e+00 least_sq_term_15
                     -1.0170130000e+01 least_sq_term_16
                      2.7497900000e+00 least_sq_term_17
                     -3.1718300000e+00 least_sq_term_18
                     -1.1329720000e+01 least_sq_term_19
                      3.4521900000e+00 least_sq_term_20
                     -2.6049000000e+00 least_sq_term_21



---------------------
Begin Evaluation   24
---------------------
Parameters for evaluation 24:
                      1.4070886050e-01 radius
                      1.1280928532e+00 time_gap
                      8.9105299893e+00 strength_neighbor
                      2.1053545820e-01 range_neighbor
                      4.3523336086e+00 strength_geometry
                      8.2804509568e-02 range_geometry
                      1.5500000000e+00 desired_speed

blocking fork: python3 driver_cq.py params.in results.out

Active response data for evaluation 24:
Active set vector = { 1 1 1 1 1 1 1 1 1 1 1 1 1 1 1 1 1 1 1 1 1 }
                     -1.4219160000e+01 least_sq_term_1
                     -1.1181300000e+00 least_sq_term_2
                      4.3305600000e+00 least_sq_term_3
                     -1.0061090000e+01 least_sq_term_4
                     -3.2803900000e+00 least_sq_term_5
                      3.4757900000e+00 least_sq_term_6
                     -1.3890560000e+01 least_sq_term_7
                     -2.7041500000e+00 least_sq_term_8
                      6.1685600000e+00 least_sq_term_9
                     -1.4421640000e+01 least_sq_term_10
                      2.0987400000e+00 least_sq_term_11
                      7.6278000000e+00 least_sq_term_12
                     -8.8734800000e+00 least_sq_term_13
                     -7.2958000000e-01 least_sq_term_14
                      3.7060000000e-01 least_sq_term_15
                     -8.2362700000e+00 least_sq_term_16
                     -7.9301000000e-01 least_sq_term_17
                      4.1895900000e+00 least_sq_term_18
                     -9.0068500000e+00 least_sq_term_19
                     -4.9025000000e-01 least_sq_term_20
                      5.7112300000e+00 least_sq_term_21



---------------------
Begin Evaluation   25
---------------------
Parameters for evaluation 25:
                      1.7128846866e-01 radius
                      1.0363473363e+00 time_gap
                      9.1754999489e+00 strength_neighbor
                      1.4747345813e-01 range_neighbor
                      4.1295891309e+00 strength_geometry
                      6.5862084073e-02 range_geometry
                      1.5500000000e+00 desired_speed

blocking fork: python3 driver_cq.py params.in results.out

Active response data for evaluation 25:
Active set vector = { 1 1 1 1 1 1 1 1 1 1 1 1 1 1 1 1 1 1 1 1 1 }
                     -1.4102610000e+01 least_sq_term_1
                     -1.5778900000e+00 least_sq_term_2
                      3.9290300000e+00 least_sq_term_3
                     -1.0338630000e+01 least_sq_term_4
                     -4.5597300000e+00 least_sq_term_5
                      6.4576100000e+00 least_sq_term_6
                     -1.3764380000e+01 least_sq_term_7
                     -2.7100100000e+00 least_sq_term_8
                      4.8937000000e+00 least_sq_term_9
                     -1.4421640000e+01 least_sq_term_10
                      2.1290300000e+00 least_sq_term_11
                      5.2608700000e+00 least_sq_term_12
                     -8.9334300000e+00 least_sq_term_13
                      9.7280000000e-02 least_sq_term_14
                     -1.1657800000e+00 least_sq_term_15
                     -8.2348600000e+00 least_sq_term_16
                      3.1924000000e-01 least_sq_term_17
                      2.3021800000e+00 least_sq_term_18
                     -8.9372200000e+00 least_sq_term_19
                      4.7973000000e-01 least_sq_term_20
                      3.4387500000e+00 least_sq_term_21



---------------------
Begin Evaluation   26
---------------------
Parameters for evaluation 26:
                      1.0999751533e-01 radius
                      4.3580791294e-01 time_gap
                      5.7807359834e+00 strength_neighbor
                      2.3696499515e-01 range_neighbor
                      1.9042149160e+00 strength_geometry
                      1.7491070794e-01 range_geometry
                      1.5500000000e+00 desired_speed

blocking fork: python3 driver_cq.py params.in results.out

Active response data for evaluation 26:
Active set vector = { 1 1 1 1 1 1 1 1 1 1 1 1 1 1 1 1 1 1 1 1 1 }
                     -1.6666670000e+01 least_sq_term_1
                     -1.0000000000e+01 least_sq_term_2
                     -1.0000000000e+01 least_sq_term_3
                     -1.6666670000e+01 least_sq_term_4
                     -1.0000000000e+01 least_sq_term_5
                     -1.0000000000e+01 least_sq_term_6
                     -1.6666670000e+01 least_sq_term_7
                     -1.0000000000e+01 least_sq_term_8
                     -1.0000000000e+01 least_sq_term_9
                     -1.4421640000e+01 least_sq_term_10
                      1.0909200000e+00 least_sq_term_11
                      1.1139800000e+01 least_sq_term_12
                     -1.6666670000e+01 least_sq_term_13
                     -1.0000000000e+01 least_sq_term_14
                     -1.0000000000e+01 least_sq_term_15
                     -1.6666670000e+01 least_sq_term_16
                     -1.0000000000e+01 least_sq_term_17
                     -1.0000000000e+01 least_sq_term_18
                     -9.0068500000e+00 least_sq_term_19
                      1.5000000000e-02 least_sq_term_20
                      8.0792400000e+00 least_sq_term_21



---------------------
Begin Evaluation   27
---------------------
Parameters for evaluation 27:
                      1.4325318080e-01 radius
                      5.2045250568e-01 time_gap
                      2.4944951500e+00 strength_neighbor
                      3.1929152076e-01 range_neighbor
                      8.0320184497e+00 strength_geometry
                      1.6698700969e-01 range_geometry
                      1.5500000000e+00 desired_speed

blocking fork: python3 driver_cq.py params.in results.out

Active response data for evaluation 27:
Active set vector = { 1 1 1 1 1 1 1 1 1 1 1 1 1 1 1 1 1 1 1 1 1 }
                     -1.6666670000e+01 least_sq_term_1
                      4.8754200000e+00 least_sq_term_2
                      6.4488600000e+00 least_sq_term_3
                     -1.4908000000e+01 least_sq_term_4
                      3.7632700000e+00 least_sq_term_5
                     -8.2676600000e+00 least_sq_term_6
                     -1.6666670000e+01 least_sq_term_7
                      3.3235300000e+00 least_sq_term_8
                      1.4005030000e+01 least_sq_term_9
                     -1.6666670000e+01 least_sq_term_10
                      7.7804000000e+00 least_sq_term_11
                      4.7959550000e+01 least_sq_term_12
                     -1.6541190000e+01 least_sq_term_13
                      6.6187200000e+00 least_sq_term_14
                     -4.4515100000e+00 least_sq_term_15
                     -1.6666670000e+01 least_sq_term_16
                      1.2468700000e+00 least_sq_term_17
                      4.4192010000e+01 least_sq_term_18
                     -1.6666670000e+01 least_sq_term_19
                      1.0549400000e+00 least_sq_term_20
                      5.7755310000e+01 least_sq_term_21



---------------------
Begin Evaluation   28
---------------------
Parameters for evaluation 28:
                      1.1752522724e-01 radius
                      6.3544664744e-01 time_gap
                      8.2204218738e+00 strength_neighbor
                      1.2761787140e-01 range_neighbor
                      4.8432495058e+00 strength_geometry
                      1.9301613063e-01 range_geometry
                      1.5500000000e+00 desired_speed

blocking fork: python3 driver_cq.py params.in results.out

Active response data for evaluation 28:
Active set vector = { 1 1 1 1 1 1 1 1 1 1 1 1 1 1 1 1 1 1 1 1 1 }
                     -1.5944170000e+01 least_sq_term_1
                      1.2231420000e+01 least_sq_term_2
                     -5.4401500000e+00 least_sq_term_3
                     -1.4101420000e+01 least_sq_term_4
                     -2.0356900000e+00 least_sq_term_5
                     -7.2294600000e+00 least_sq_term_6
                     -1.5481140000e+01 least_sq_term_7
                      1.2241180000e+01 least_sq_term_8
                     -6.3694300000e+00 least_sq_term_9
                     -1.6666670000e+01 least_sq_term_10
                      7.7804000000e+00 least_sq_term_11
                      3.3449260000e+01 least_sq_term_12
                     -1.3498380000e+01 least_sq_term_13
                      8.6090100000e+00 least_sq_term_14
                     -6.1220200000e+00 least_sq_term_15
                     -1.5192690000e+01 least_sq_term_16
                      1.0503140000e+01 least_sq_term_17
                     -5.8513200000e+00 least_sq_term_18
                     -1.6523900000e+01 least_sq_term_19
                      6.8541000000e+00 least_sq_term_20
                      2.4544330000e+01 least_sq_term_21



>>>>> Appending 28 points to global_kriging approximations.

<<<<< global_kriging approximation updates completed.
Constructing global approximations with no anchor, 28 DACE samples, and 0 reused points.

<<<<< global_kriging approximation builds completed.

>>>>> Initiating global iteration 1 (acquisition batch 1)
Beginning Approximate Fn Evaluations...
NCSU DIRECT succeeded with code 4
(volume of best hyperrectangle is less than the prescribed percentage of the original)

Results of EGO iteration:
Final point =
                      1.0751714678e-01 radius
                      7.7373113855e-01 time_gap
                      5.0925925926e+00 strength_neighbor
                      2.8975308642e-01 range_neighbor
                      5.7712620027e+00 strength_geometry
                      2.0816186557e-02 range_geometry
                      1.5500000000e+00 desired_speed
Expected Improvement    =
                      4.4219866983e-02

---------------------
Begin Evaluation   29
---------------------
Parameters for evaluation 29:
                      1.0751714678e-01 radius
                      7.7373113855e-01 time_gap
                      5.0925925926e+00 strength_neighbor
                      2.8975308642e-01 range_neighbor
                      5.7712620027e+00 strength_geometry
                      2.0816186557e-02 range_geometry
                      1.5500000000e+00 desired_speed

blocking fork: python3 driver_cq.py params.in results.out

Active response data for evaluation 29:
Active set vector = { 1 1 1 1 1 1 1 1 1 1 1 1 1 1 1 1 1 1 1 1 1 }
                     -1.5035540000e+01 least_sq_term_1
                      3.1920600000e+00 least_sq_term_2
                     -2.0957800000e+00 least_sq_term_3
                     -1.2836600000e+01 least_sq_term_4
                      3.1416500000e+00 least_sq_term_5
                     -6.2138300000e+00 least_sq_term_6
                     -1.5467900000e+01 least_sq_term_7
                      3.6140300000e+00 least_sq_term_8
                     -1.5924400000e+00 least_sq_term_9
                     -1.4533900000e+01 least_sq_term_10
                      1.2184000000e+00 least_sq_term_11
                      1.0855230000e+01 least_sq_term_12
                     -8.9933800000e+00 least_sq_term_13
                     -8.2647000000e-01 least_sq_term_14
                      2.5072400000e+00 least_sq_term_15
                     -8.5827300000e+00 least_sq_term_16
                     -3.9767000000e-01 least_sq_term_17
                      5.3257200000e+00 least_sq_term_18
                     -9.0068500000e+00 least_sq_term_19
                     -6.4600000000e-01 least_sq_term_20
                      7.7737100000e+00 least_sq_term_21



>>>>> Appending to global_kriging approximations.

<<<<< global_kriging approximation updates completed.

>>>>> Initiating global iteration 2 (acquisition batch 1)
NCSU DIRECT succeeded with code 4
(volume of best hyperrectangle is less than the prescribed percentage of the original)

Results of EGO iteration:
Final point =
                      1.1004115226e-01 radius
                      9.6234567901e-01 time_gap
                      4.7222222222e+00 strength_neighbor
                      2.3085048011e-01 range_neighbor
                      3.8295610425e+00 strength_geometry
                      4.0884773663e-02 range_geometry
                      1.5500000000e+00 desired_speed
Expected Improvement    =
                      5.9182883108e+01

---------------------
Begin Evaluation   30
---------------------
Parameters for evaluation 30:
                      1.1004115226e-01 radius
                      9.6234567901e-01 time_gap
                      4.7222222222e+00 strength_neighbor
                      2.3085048011e-01 range_neighbor
                      3.8295610425e+00 strength_geometry
                      4.0884773663e-02 range_geometry
                      1.5500000000e+00 desired_speed

blocking fork: python3 driver_cq.py params.in results.out

Active response data for evaluation 30:
Active set vector = { 1 1 1 1 1 1 1 1 1 1 1 1 1 1 1 1 1 1 1 1 1 }
                      1.3625300000e+00 least_sq_term_1
                      3.2528000000e-01 least_sq_term_2
                      2.2536300000e+00 least_sq_term_3
                      1.0942000000e-01 least_sq_term_4
                     -4.0268000000e-01 least_sq_term_5
                      1.7750000000e-01 least_sq_term_6
                      3.5305200000e+00 least_sq_term_7
                     -4.7951000000e-01 least_sq_term_8
                      2.3175600000e+00 least_sq_term_9
                      2.2388600000e+00 least_sq_term_10
                     -9.8283000000e-01 least_sq_term_11
                      7.5624300000e+00 least_sq_term_12
                      4.1988100000e+00 least_sq_term_13
                     -5.4730000000e-02 least_sq_term_14
                      3.3704000000e-01 least_sq_term_15
                      3.5023600000e+00 least_sq_term_16
                     -5.9730000000e-02 least_sq_term_17
                      3.3131600000e+00 least_sq_term_18
                      7.2890600000e+00 least_sq_term_19
                     -3.3039000000e-01 least_sq_term_20
                      4.6313500000e+00 least_sq_term_21



>>>>> Appending to global_kriging approximations.

<<<<< global_kriging approximation updates completed.

>>>>> Initiating global iteration 3 (acquisition batch 1)
NCSU DIRECT succeeded with code 4
(volume of best hyperrectangle is less than the prescribed percentage of the original)

Results of EGO iteration:
Final point =
                      1.1377229081e-01 radius
                      9.1556927298e-01 time_gap
                      5.9691358025e+00 strength_neighbor
                      1.5161865569e-01 range_neighbor
                      3.7122770919e+00 strength_geometry
                      7.0596707819e-02 range_geometry
                      1.5500000000e+00 desired_speed
Expected Improvement    =
                      1.3567321714e+02

---------------------
Begin Evaluation   31
---------------------
Parameters for evaluation 31:
                      1.1377229081e-01 radius
                      9.1556927298e-01 time_gap
                      5.9691358025e+00 strength_neighbor
                      1.5161865569e-01 range_neighbor
                      3.7122770919e+00 strength_geometry
                      7.0596707819e-02 range_geometry
                      1.5500000000e+00 desired_speed

blocking fork: python3 driver_cq.py params.in results.out

Active response data for evaluation 31:
Active set vector = { 1 1 1 1 1 1 1 1 1 1 1 1 1 1 1 1 1 1 1 1 1 }
                      3.0257900000e+00 least_sq_term_1
                     -5.2201000000e-01 least_sq_term_2
                      2.5272700000e+00 least_sq_term_3
                      2.0693200000e+00 least_sq_term_4
                     -3.2740000000e-02 least_sq_term_5
                     -5.8980000000e-02 least_sq_term_6
                      5.0195800000e+00 least_sq_term_7
                     -1.4131100000e+00 least_sq_term_8
                      3.7171300000e+00 least_sq_term_9
                      2.6227300000e+00 least_sq_term_10
                     -1.5310100000e+00 least_sq_term_11
                      4.3418900000e+00 least_sq_term_12
                      4.2435100000e+00 least_sq_term_13
                      9.9535000000e-01 least_sq_term_14
                     -1.0906300000e+00 least_sq_term_15
                      3.3993400000e+00 least_sq_term_16
                      6.2973000000e-01 least_sq_term_17
                      5.5431000000e-01 least_sq_term_18
                      7.5623500000e+00 least_sq_term_19
                      8.0290000000e-02 least_sq_term_20
                      1.8112800000e+00 least_sq_term_21



>>>>> Appending to global_kriging approximations.

<<<<< global_kriging approximation updates completed.

>>>>> Initiating global iteration 4 (acquisition batch 1)
NCSU DIRECT succeeded with code 4
(volume of best hyperrectangle is less than the prescribed percentage of the original)

Results of EGO iteration:
Final point =
                      1.0652949246e-01 radius
                      9.7139917695e-01 time_gap
                      4.6604938272e+00 strength_neighbor
                      2.0895747599e-01 range_neighbor
                      4.7287379973e+00 strength_geometry
                      4.2709190672e-02 range_geometry
                      1.5500000000e+00 desired_speed
Expected Improvement    =
                      1.1200358196e+02

---------------------
Begin Evaluation   32
---------------------
Parameters for evaluation 32:
                      1.0652949246e-01 radius
                      9.7139917695e-01 time_gap
                      4.6604938272e+00 strength_neighbor
                      2.0895747599e-01 range_neighbor
                      4.7287379973e+00 strength_geometry
                      4.2709190672e-02 range_geometry
                      1.5500000000e+00 desired_speed

blocking fork: python3 driver_cq.py params.in results.out

Active response data for evaluation 32:
Active set vector = { 1 1 1 1 1 1 1 1 1 1 1 1 1 1 1 1 1 1 1 1 1 }
                      1.7385600000e+00 least_sq_term_1
                      5.9320000000e-01 least_sq_term_2
                      1.8164200000e+00 least_sq_term_3
                      9.5663000000e-01 least_sq_term_4
                     -2.3487000000e-01 least_sq_term_5
                      7.1530000000e-02 least_sq_term_6
                      4.2019300000e+00 least_sq_term_7
                     -9.3938000000e-01 least_sq_term_8
                      2.8402100000e+00 least_sq_term_9
                      2.4930500000e+00 least_sq_term_10
                     -1.4090700000e+00 least_sq_term_11
                      5.6860600000e+00 least_sq_term_12
                      4.4147700000e+00 least_sq_term_13
                      3.4755000000e-01 least_sq_term_14
                     -3.8421000000e-01 least_sq_term_15
                      3.6111300000e+00 least_sq_term_16
                      4.0738000000e-01 least_sq_term_17
                      2.0891800000e+00 least_sq_term_18
                      7.7324900000e+00 least_sq_term_19
                     -7.0930000000e-02 least_sq_term_20
                      3.6471200000e+00 least_sq_term_21



>>>>> Appending to global_kriging approximations.

<<<<< global_kriging approximation updates completed.

>>>>> Initiating global iteration 5 (acquisition batch 1)
NCSU DIRECT succeeded with code 4
(volume of best hyperrectangle is less than the prescribed percentage of the original)

Results of EGO iteration:
Final point =
                      1.0663923182e-01 radius
                      1.0015775034e+00 time_gap
                      4.3395061728e+00 strength_neighbor
                      2.0947873800e-01 range_neighbor
                      5.5757887517e+00 strength_geometry
                      4.5054869684e-02 range_geometry
                      1.5500000000e+00 desired_speed
Expected Improvement    =
                      1.1858037085e+02

---------------------
Begin Evaluation   33
---------------------
Parameters for evaluation 33:
                      1.0663923182e-01 radius
                      1.0015775034e+00 time_gap
                      4.3395061728e+00 strength_neighbor
                      2.0947873800e-01 range_neighbor
                      5.5757887517e+00 strength_geometry
                      4.5054869684e-02 range_geometry
                      1.5500000000e+00 desired_speed

blocking fork: python3 driver_cq.py params.in results.out

Active response data for evaluation 33:
Active set vector = { 1 1 1 1 1 1 1 1 1 1 1 1 1 1 1 1 1 1 1 1 1 }
                      2.7942900000e+00 least_sq_term_1
                     -2.4797000000e-01 least_sq_term_2
                      2.6629200000e+00 least_sq_term_3
                      4.0793000000e-01 least_sq_term_4
                     -5.1294000000e-01 least_sq_term_5
                      2.7352000000e-01 least_sq_term_6
                      4.5839600000e+00 least_sq_term_7
                     -1.0332800000e+00 least_sq_term_8
                      3.0270700000e+00 least_sq_term_9
                      2.3977300000e+00 least_sq_term_10
                     -1.5059600000e+00 least_sq_term_11
                      5.8234700000e+00 least_sq_term_12
                      4.2661100000e+00 least_sq_term_13
                      4.9978000000e-01 least_sq_term_14
                     -5.1058000000e-01 least_sq_term_15
                      3.5024000000e+00 least_sq_term_16
                      4.2044000000e-01 least_sq_term_17
                      1.6255200000e+00 least_sq_term_18
                      7.4553200000e+00 least_sq_term_19
                     -1.0838000000e-01 least_sq_term_20
                      2.5368400000e+00 least_sq_term_21



>>>>> Appending to global_kriging approximations.

<<<<< global_kriging approximation updates completed.

>>>>> Initiating global iteration 6 (acquisition batch 1)
NCSU DIRECT succeeded with code 4
(volume of best hyperrectangle is less than the prescribed percentage of the original)

Results of EGO iteration:
Final point =
                      1.1421124829e-01 radius
                      9.6989026063e-01 time_gap
                      5.8333333333e+00 strength_neighbor
                      1.9123456790e-01 range_neighbor
                      4.0120027435e+00 strength_geometry
                      8.2846364883e-02 range_geometry
                      1.5500000000e+00 desired_speed
Expected Improvement    =
                      1.3272753435e+02

---------------------
Begin Evaluation   34
---------------------
Parameters for evaluation 34:
                      1.1421124829e-01 radius
                      9.6989026063e-01 time_gap
                      5.8333333333e+00 strength_neighbor
                      1.9123456790e-01 range_neighbor
                      4.0120027435e+00 strength_geometry
                      8.2846364883e-02 range_geometry
                      1.5500000000e+00 desired_speed

blocking fork: python3 driver_cq.py params.in results.out

Active response data for evaluation 34:
Active set vector = { 1 1 1 1 1 1 1 1 1 1 1 1 1 1 1 1 1 1 1 1 1 }
                      2.3467400000e+00 least_sq_term_1
                     -3.7195000000e-01 least_sq_term_2
                      2.9988800000e+00 least_sq_term_3
                     -4.0798200000e+00 least_sq_term_4
                     -6.2634000000e-01 least_sq_term_5
                      6.3781000000e-01 least_sq_term_6
                      4.9808400000e+00 least_sq_term_7
                     -2.3217900000e+00 least_sq_term_8
                      5.6846300000e+00 least_sq_term_9
                      1.4869400000e+00 least_sq_term_10
                     -9.7388000000e-01 least_sq_term_11
                      4.3789300000e+00 least_sq_term_12
                      3.5958100000e+00 least_sq_term_13
                      5.1688000000e-01 least_sq_term_14
                     -6.0633000000e-01 least_sq_term_15
                      2.9105900000e+00 least_sq_term_16
                      4.1218000000e-01 least_sq_term_17
                      2.2557200000e+00 least_sq_term_18
                      6.6607800000e+00 least_sq_term_19
                      4.3440000000e-02 least_sq_term_20
                      2.9778900000e+00 least_sq_term_21



>>>>> Appending to global_kriging approximations.

<<<<< global_kriging approximation updates completed.

>>>>> Initiating global iteration 7 (acquisition batch 1)
NCSU DIRECT succeeded with code 4
(volume of best hyperrectangle is less than the prescribed percentage of the original)

Results of EGO iteration:
Final point =
                      1.1223593964e-01 radius
                      9.5631001372e-01 time_gap
                      5.6604938272e+00 strength_neighbor
                      1.8914951989e-01 range_neighbor
                      4.0771604938e+00 strength_geometry
                      1.0004801097e-01 range_geometry
                      1.5500000000e+00 desired_speed
Expected Improvement    =
                      7.6039961924e+01

---------------------
Begin Evaluation   35
---------------------
Parameters for evaluation 35:
                      1.1223593964e-01 radius
                      9.5631001372e-01 time_gap
                      5.6604938272e+00 strength_neighbor
                      1.8914951989e-01 range_neighbor
                      4.0771604938e+00 strength_geometry
                      1.0004801097e-01 range_geometry
                      1.5500000000e+00 desired_speed

blocking fork: python3 driver_cq.py params.in results.out

Active response data for evaluation 35:
Active set vector = { 1 1 1 1 1 1 1 1 1 1 1 1 1 1 1 1 1 1 1 1 1 }
                     -1.3986060000e+01 least_sq_term_1
                      1.3429000000e-01 least_sq_term_2
                      2.2580600000e+00 least_sq_term_3
                     -9.8945500000e+00 least_sq_term_4
                     -9.8508000000e-01 least_sq_term_5
                      1.2375200000e+00 least_sq_term_6
                     -1.3638190000e+01 least_sq_term_7
                     -1.8778500000e+00 least_sq_term_8
                      5.0205700000e+00 least_sq_term_9
                     -1.4421640000e+01 least_sq_term_10
                      8.2054000000e-01 least_sq_term_11
                      5.7622500000e+00 least_sq_term_12
                     -8.8734800000e+00 least_sq_term_13
                      1.1028100000e+00 least_sq_term_14
                     -9.9953000000e-01 least_sq_term_15
                     -8.2362700000e+00 least_sq_term_16
                      7.7924000000e-01 least_sq_term_17
                      1.4733400000e+00 least_sq_term_18
                     -9.0068500000e+00 least_sq_term_19
                      4.7900000000e-01 least_sq_term_20
                      2.8053500000e+00 least_sq_term_21



>>>>> Appending to global_kriging approximations.

<<<<< global_kriging approximation updates completed.

>>>>> Initiating global iteration 8 (acquisition batch 1)
NCSU DIRECT succeeded with code 4
(volume of best hyperrectangle is less than the prescribed percentage of the original)

Results of EGO iteration:
Final point =
                      1.1234567901e-01 radius
                      9.5631001372e-01 time_gap
                      4.9938271605e+00 strength_neighbor
                      2.6525377229e-01 range_neighbor
                      4.7808641975e+00 strength_geometry
                      4.4272976680e-02 range_geometry
                      1.5500000000e+00 desired_speed
Expected Improvement    =
                      1.1338989641e+02

---------------------
Begin Evaluation   36
---------------------
Parameters for evaluation 36:
                      1.1234567901e-01 radius
                      9.5631001372e-01 time_gap
                      4.9938271605e+00 strength_neighbor
                      2.6525377229e-01 range_neighbor
                      4.7808641975e+00 strength_geometry
                      4.4272976680e-02 range_geometry
                      1.5500000000e+00 desired_speed

blocking fork: python3 driver_cq.py params.in results.out

Active response data for evaluation 36:
Active set vector = { 1 1 1 1 1 1 1 1 1 1 1 1 1 1 1 1 1 1 1 1 1 }
                      1.1202000000e+00 least_sq_term_1
                      3.3781000000e-01 least_sq_term_2
                      1.7872700000e+00 least_sq_term_3
                     -9.4646000000e-01 least_sq_term_4
                     -1.1966600000e+00 least_sq_term_5
                      3.6869000000e-01 least_sq_term_6
                      3.8602800000e+00 least_sq_term_7
                     -1.3853000000e+00 least_sq_term_8
                      3.3937100000e+00 least_sq_term_9
                      1.7501800000e+00 least_sq_term_10
                     -7.0766000000e-01 least_sq_term_11
                      9.6606500000e+00 least_sq_term_12
                      3.9420400000e+00 least_sq_term_13
                     -7.9582000000e-01 least_sq_term_14
                      1.3520900000e+00 least_sq_term_15
                      3.0599700000e+00 least_sq_term_16
                     -6.4370000000e-01 least_sq_term_17
                      5.1669300000e+00 least_sq_term_18
                      7.1253100000e+00 least_sq_term_19
                     -5.6482000000e-01 least_sq_term_20
                      6.6421900000e+00 least_sq_term_21



>>>>> Appending to global_kriging approximations.

<<<<< global_kriging approximation updates completed.

>>>>> Initiating global iteration 9 (acquisition batch 1)
NCSU DIRECT succeeded with code 4
(volume of best hyperrectangle is less than the prescribed percentage of the original)

Results of EGO iteration:
Final point =
                      1.2803840878e-01 radius
                      8.1899862826e-01 time_gap
                      5.9814814815e+00 strength_neighbor
                      7.9684499314e-02 range_neighbor
                      2.2527434842e+00 strength_geometry
                      6.3820301783e-02 range_geometry
                      1.5500000000e+00 desired_speed
Expected Improvement    =
                      1.1951666910e+02

---------------------
Begin Evaluation   37
---------------------
Parameters for evaluation 37:
                      1.2803840878e-01 radius
                      8.1899862826e-01 time_gap
                      5.9814814815e+00 strength_neighbor
                      7.9684499314e-02 range_neighbor
                      2.2527434842e+00 strength_geometry
                      6.3820301783e-02 range_geometry
                      1.5500000000e+00 desired_speed

blocking fork: python3 driver_cq.py params.in results.out

Active response data for evaluation 37:
Active set vector = { 1 1 1 1 1 1 1 1 1 1 1 1 1 1 1 1 1 1 1 1 1 }
                      3.6940400000e+00 least_sq_term_1
                     -8.8609000000e-01 least_sq_term_2
                      3.0473700000e+00 least_sq_term_3
                      2.9098600000e+00 least_sq_term_4
                     -9.3716000000e-01 least_sq_term_5
                      1.6413800000e+00 least_sq_term_6
                      5.3613800000e+00 least_sq_term_7
                     -7.2375000000e-01 least_sq_term_8
                      2.6030600000e+00 least_sq_term_9
                      2.4956500000e+00 least_sq_term_10
                     -1.5088200000e+00 least_sq_term_11
                      1.2142100000e+00 least_sq_term_12
                      4.3350400000e+00 least_sq_term_13
                      2.4627000000e-01 least_sq_term_14
                     -3.0510900000e+00 least_sq_term_15
                      3.5420000000e+00 least_sq_term_16
                     -3.0747000000e-01 least_sq_term_17
                     -1.6833900000e+00 least_sq_term_18
                      7.5986900000e+00 least_sq_term_19
                     -8.6131000000e-01 least_sq_term_20
                     -1.6057900000e+00 least_sq_term_21



>>>>> Appending to global_kriging approximations.

<<<<< global_kriging approximation updates completed.

>>>>> Initiating global iteration 10 (acquisition batch 1)
NCSU DIRECT succeeded with code 4
(volume of best hyperrectangle is less than the prescribed percentage of the original)

Results of EGO iteration:
Final point =
                      1.4438957476e-01 radius
                      8.3257887517e-01 time_gap
                      6.9938271605e+00 strength_neighbor
                      6.7174211248e-02 range_neighbor
                      2.3048696845e+00 strength_geometry
                      5.2352537723e-02 range_geometry
                      1.5500000000e+00 desired_speed
Expected Improvement    =
                      1.0854704116e+02

---------------------
Begin Evaluation   38
---------------------
Parameters for evaluation 38:
                      1.4438957476e-01 radius
                      8.3257887517e-01 time_gap
                      6.9938271605e+00 strength_neighbor
                      6.7174211248e-02 range_neighbor
                      2.3048696845e+00 strength_geometry
                      5.2352537723e-02 range_geometry
                      1.5500000000e+00 desired_speed

blocking fork: python3 driver_cq.py params.in results.out

Active response data for evaluation 38:
Active set vector = { 1 1 1 1 1 1 1 1 1 1 1 1 1 1 1 1 1 1 1 1 1 }
                      2.4566500000e+00 least_sq_term_1
                     -1.0687000000e-01 least_sq_term_2
                      1.7031900000e+00 least_sq_term_3
                      1.9725200000e+00 least_sq_term_4
                     -2.5439900000e+00 least_sq_term_5
                      3.1967400000e+00 least_sq_term_6
                      4.8264800000e+00 least_sq_term_7
                     -1.7012100000e+00 least_sq_term_8
                      4.3537500000e+00 least_sq_term_9
                      1.4010300000e+00 least_sq_term_10
                     -7.3569000000e-01 least_sq_term_11
                      8.1118000000e-01 least_sq_term_12
                      2.4679700000e+00 least_sq_term_13
                      6.7321000000e-01 least_sq_term_14
                     -3.4899200000e+00 least_sq_term_15
                     -6.5832400000e+00 least_sq_term_16
                      3.1924900000e+00 least_sq_term_17
                      5.0727000000e-01 least_sq_term_18
                      6.0787100000e+00 least_sq_term_19
                     -4.0620000000e-01 least_sq_term_20
                     -1.2474000000e+00 least_sq_term_21



>>>>> Appending to global_kriging approximations.

<<<<< global_kriging approximation updates completed.

>>>>> Initiating global iteration 11 (acquisition batch 1)
NCSU DIRECT succeeded with code 4
(volume of best hyperrectangle is less than the prescribed percentage of the original)

Results of EGO iteration:
Final point =
                      1.0005486968e-01 radius
                      1.0770233196e+00 time_gap
                      1.3395061728e+00 strength_neighbor
                      1.8862825789e-01 range_neighbor
                      2.6045953361e+00 strength_geometry
                      3.6454046639e-02 range_geometry
                      1.5500000000e+00 desired_speed
Expected Improvement    =
                      1.2681123270e+01

---------------------
Begin Evaluation   39
---------------------
Parameters for evaluation 39:
                      1.0005486968e-01 radius
                      1.0770233196e+00 time_gap
                      1.3395061728e+00 strength_neighbor
                      1.8862825789e-01 range_neighbor
                      2.6045953361e+00 strength_geometry
                      3.6454046639e-02 range_geometry
                      1.5500000000e+00 desired_speed

blocking fork: python3 driver_cq.py params.in results.out

Active response data for evaluation 39:
Active set vector = { 1 1 1 1 1 1 1 1 1 1 1 1 1 1 1 1 1 1 1 1 1 }
                      3.9139900000e+00 least_sq_term_1
                     -1.3959000000e+00 least_sq_term_2
                      3.3161000000e+00 least_sq_term_3
                     -4.0185100000e+00 least_sq_term_4
                     -1.0150000000e-02 least_sq_term_5
                      1.1192600000e+00 least_sq_term_6
                      5.6874400000e+00 least_sq_term_7
                     -1.7023600000e+00 least_sq_term_8
                      3.5924400000e+00 least_sq_term_9
                      3.1594800000e+00 least_sq_term_10
                     -3.7952000000e+00 least_sq_term_11
                      4.3520000000e-01 least_sq_term_12
                     -3.8389900000e+00 least_sq_term_13
                      1.1749300000e+00 least_sq_term_14
                     -3.8873000000e+00 least_sq_term_15
                      3.6522000000e+00 least_sq_term_16
                     -1.5798900000e+00 least_sq_term_17
                     -3.3924100000e+00 least_sq_term_18
                      7.6327200000e+00 least_sq_term_19
                     -2.5279300000e+00 least_sq_term_20
                     -2.7682800000e+00 least_sq_term_21



>>>>> Appending to global_kriging approximations.

<<<<< global_kriging approximation updates completed.

>>>>> Initiating global iteration 12 (acquisition batch 1)
NCSU DIRECT succeeded with code 4
(volume of best hyperrectangle is less than the prescribed percentage of the original)

Results of EGO iteration:
Final point =
                      1.1640603567e-01 radius
                      1.0634430727e+00 time_gap
                      4.0061728395e+00 strength_neighbor
                      3.1998628258e-01 range_neighbor
                      4.7287379973e+00 strength_geometry
                      3.5411522634e-02 range_geometry
                      1.5500000000e+00 desired_speed
Expected Improvement    =
                      6.0296499060e+01

---------------------
Begin Evaluation   40
---------------------
Parameters for evaluation 40:
                      1.1640603567e-01 radius
                      1.0634430727e+00 time_gap
                      4.0061728395e+00 strength_neighbor
                      3.1998628258e-01 range_neighbor
                      4.7287379973e+00 strength_geometry
                      3.5411522634e-02 range_geometry
                      1.5500000000e+00 desired_speed

blocking fork: python3 driver_cq.py params.in results.out

Active response data for evaluation 40:
Active set vector = { 1 1 1 1 1 1 1 1 1 1 1 1 1 1 1 1 1 1 1 1 1 }
                     -1.6433650000e+01 least_sq_term_1
                      2.9249100000e+00 least_sq_term_2
                      6.5724000000e-01 least_sq_term_3
                     -1.2670010000e+01 least_sq_term_4
                      2.5325600000e+00 least_sq_term_5
                     -7.0890300000e+00 least_sq_term_6
                     -1.5783360000e+01 least_sq_term_7
                      7.4751000000e-01 least_sq_term_8
                      1.8390000000e+00 least_sq_term_9
                      1.2578600000e+00 least_sq_term_10
                     -5.7776000000e-01 least_sq_term_11
                      8.3306300000e+00 least_sq_term_12
                      3.0776300000e+00 least_sq_term_13
                     -1.4395300000e+00 least_sq_term_14
                      1.5433300000e+00 least_sq_term_15
                      2.2742600000e+00 least_sq_term_16
                     -1.2713100000e+00 least_sq_term_17
                      5.9939200000e+00 least_sq_term_18
                      6.2687500000e+00 least_sq_term_19
                     -1.2189700000e+00 least_sq_term_20
                      7.6527300000e+00 least_sq_term_21



>>>>> Appending to global_kriging approximations.

<<<<< global_kriging approximation updates completed.

>>>>> Initiating global iteration 13 (acquisition batch 1)
NCSU DIRECT succeeded with code 4
(volume of best hyperrectangle is less than the prescribed percentage of the original)

Results of EGO iteration:
Final point =
                      1.2672153635e-01 radius
                      7.9938271605e-01 time_gap
                      5.8086419753e+00 strength_neighbor
                      9.8449931413e-02 range_neighbor
                      2.0572702332e+00 strength_geometry
                      3.6714677641e-02 range_geometry
                      1.5500000000e+00 desired_speed
Expected Improvement    =
                      7.1326958259e+01

---------------------
Begin Evaluation   41
---------------------
Parameters for evaluation 41:
                      1.2672153635e-01 radius
                      7.9938271605e-01 time_gap
                      5.8086419753e+00 strength_neighbor
                      9.8449931413e-02 range_neighbor
                      2.0572702332e+00 strength_geometry
                      3.6714677641e-02 range_geometry
                      1.5500000000e+00 desired_speed

blocking fork: python3 driver_cq.py params.in results.out

Active response data for evaluation 41:
Active set vector = { 1 1 1 1 1 1 1 1 1 1 1 1 1 1 1 1 1 1 1 1 1 }
                      3.8201400000e+00 least_sq_term_1
                     -1.0290000000e-01 least_sq_term_2
                      1.0393900000e+00 least_sq_term_3
                      2.0941900000e+00 least_sq_term_4
                      2.7820000000e-02 least_sq_term_5
                     -2.5371000000e-01 least_sq_term_6
                      5.3986000000e+00 least_sq_term_7
                     -9.7483000000e-01 least_sq_term_8
                      2.3781500000e+00 least_sq_term_9
                      3.4040000000e+00 least_sq_term_10
                     -1.6233500000e+00 least_sq_term_11
                      2.8177600000e+00 least_sq_term_12
                      4.8615600000e+00 least_sq_term_13
                      3.2945000000e-01 least_sq_term_14
                     -2.1248600000e+00 least_sq_term_15
                      4.0997300000e+00 least_sq_term_16
                     -1.6669000000e-01 least_sq_term_17
                     -5.2117000000e-01 least_sq_term_18
                      8.3715500000e+00 least_sq_term_19
                     -8.7662000000e-01 least_sq_term_20
                      1.7109000000e-01 least_sq_term_21



>>>>> Appending to global_kriging approximations.

<<<<< global_kriging approximation updates completed.

>>>>> Initiating global iteration 14 (acquisition batch 1)
NCSU DIRECT succeeded with code 4
(volume of best hyperrectangle is less than the prescribed percentage of the original)

Results of EGO iteration:
Final point =
                      1.0301783265e-01 radius
                      9.2914951989e-01 time_gap
                      3.8827160494e+00 strength_neighbor
                      1.6621399177e-01 range_neighbor
                      6.1361454047e+00 strength_geometry
                      5.2352537723e-02 range_geometry
                      1.5500000000e+00 desired_speed
Expected Improvement    =
                      1.1123191956e+02

---------------------
Begin Evaluation   42
---------------------
Parameters for evaluation 42:
                      1.0301783265e-01 radius
                      9.2914951989e-01 time_gap
                      3.8827160494e+00 strength_neighbor
                      1.6621399177e-01 range_neighbor
                      6.1361454047e+00 strength_geometry
                      5.2352537723e-02 range_geometry
                      1.5500000000e+00 desired_speed

blocking fork: python3 driver_cq.py params.in results.out

Active response data for evaluation 42:
Active set vector = { 1 1 1 1 1 1 1 1 1 1 1 1 1 1 1 1 1 1 1 1 1 }
                      3.7867600000e+00 least_sq_term_1
                     -2.3581000000e-01 least_sq_term_2
                      1.4390600000e+00 least_sq_term_3
                      2.9685300000e+00 least_sq_term_4
                     -2.5702000000e-01 least_sq_term_5
                      5.2696000000e-01 least_sq_term_6
                      5.3933000000e+00 least_sq_term_7
                     -1.1984800000e+00 least_sq_term_8
                      2.9126200000e+00 least_sq_term_9
                      3.1250000000e+00 least_sq_term_10
                     -2.2983300000e+00 least_sq_term_11
                      2.7388400000e+00 least_sq_term_12
                     -4.3379400000e+00 least_sq_term_13
                      3.9116800000e+00 least_sq_term_14
                     -1.7457900000e+00 least_sq_term_15
                      4.0997500000e+00 least_sq_term_16
                      3.3590000000e-01 least_sq_term_17
                     -7.8188000000e-01 least_sq_term_18
                      8.2574500000e+00 least_sq_term_19
                     -5.0977000000e-01 least_sq_term_20
                      6.9057000000e-01 least_sq_term_21



>>>>> Appending to global_kriging approximations.

<<<<< global_kriging approximation updates completed.

>>>>> Initiating global iteration 15 (acquisition batch 1)
NCSU DIRECT succeeded with code 4
(volume of best hyperrectangle is less than the prescribed percentage of the original)

Results of EGO iteration:
Final point =
                      1.0477366255e-01 radius
                      9.5027434842e-01 time_gap
                      6.6604938272e+00 strength_neighbor
                      1.6048010974e-01 range_neighbor
                      4.7287379973e+00 strength_geometry
                      3.6454046639e-02 range_geometry
                      1.5500000000e+00 desired_speed
Expected Improvement    =
                      1.0921636351e+02

---------------------
Begin Evaluation   43
---------------------
Parameters for evaluation 43:
                      1.0477366255e-01 radius
                      9.5027434842e-01 time_gap
                      6.6604938272e+00 strength_neighbor
                      1.6048010974e-01 range_neighbor
                      4.7287379973e+00 strength_geometry
                      3.6454046639e-02 range_geometry
                      1.5500000000e+00 desired_speed

blocking fork: python3 driver_cq.py params.in results.out

Active response data for evaluation 43:
Active set vector = { 1 1 1 1 1 1 1 1 1 1 1 1 1 1 1 1 1 1 1 1 1 }
                      1.9990500000e+00 least_sq_term_1
                      7.6992000000e-01 least_sq_term_2
                      7.1809000000e-01 least_sq_term_3
                      1.9341000000e+00 least_sq_term_4
                     -9.7980000000e-02 least_sq_term_5
                      2.7048000000e-01 least_sq_term_6
                      3.5300800000e+00 least_sq_term_7
                      1.8166000000e-01 least_sq_term_8
                      1.1251900000e+00 least_sq_term_9
                      2.4610700000e+00 least_sq_term_10
                     -1.5120200000e+00 least_sq_term_11
                      4.9866100000e+00 least_sq_term_12
                      4.8982500000e+00 least_sq_term_13
                      9.0204000000e-01 least_sq_term_14
                     -9.6318000000e-01 least_sq_term_15
                      4.3209900000e+00 least_sq_term_16
                      4.2669000000e-01 least_sq_term_17
                      1.1780300000e+00 least_sq_term_18
                      8.1780800000e+00 least_sq_term_19
                     -3.0290000000e-02 least_sq_term_20
                      2.3291000000e+00 least_sq_term_21



>>>>> Appending to global_kriging approximations.

<<<<< global_kriging approximation updates completed.

>>>>> Initiating global iteration 16 (acquisition batch 1)
NCSU DIRECT succeeded with code 4
(volume of best hyperrectangle is less than the prescribed percentage of the original)

Results of EGO iteration:
Final point =
                      1.0641975309e-01 radius
                      1.0377914952e+00 time_gap
                      8.3518518519e+00 strength_neighbor
                      7.9684499314e-02 range_neighbor
                      4.0250342936e+00 strength_geometry
                      4.9746227709e-02 range_geometry
                      1.5500000000e+00 desired_speed
Expected Improvement    =
                      1.2290989398e+02

---------------------
Begin Evaluation   44
---------------------
Parameters for evaluation 44:
                      1.0641975309e-01 radius
                      1.0377914952e+00 time_gap
                      8.3518518519e+00 strength_neighbor
                      7.9684499314e-02 range_neighbor
                      4.0250342936e+00 strength_geometry
                      4.9746227709e-02 range_geometry
                      1.5500000000e+00 desired_speed

blocking fork: python3 driver_cq.py params.in results.out

Active response data for evaluation 44:
Active set vector = { 1 1 1 1 1 1 1 1 1 1 1 1 1 1 1 1 1 1 1 1 1 }
                      3.4754400000e+00 least_sq_term_1
                     -1.2735800000e+00 least_sq_term_2
                      3.0119900000e+00 least_sq_term_3
                      2.3648100000e+00 least_sq_term_4
                     -7.2695000000e-01 least_sq_term_5
                      6.8889000000e-01 least_sq_term_6
                      4.7653300000e+00 least_sq_term_7
                     -1.0276100000e+00 least_sq_term_8
                      2.3859100000e+00 least_sq_term_9
                      2.3663800000e+00 least_sq_term_10
                     -2.1234000000e+00 least_sq_term_11
                      8.0743000000e-01 least_sq_term_12
                      4.1313500000e+00 least_sq_term_13
                     -1.5307000000e-01 least_sq_term_14
                     -3.1459000000e+00 least_sq_term_15
                      3.4925500000e+00 least_sq_term_16
                     -5.5793000000e-01 least_sq_term_17
                     -1.9986800000e+00 least_sq_term_18
                      7.4100800000e+00 least_sq_term_19
                     -1.3378100000e+00 least_sq_term_20
                     -1.0779600000e+00 least_sq_term_21



>>>>> Appending to global_kriging approximations.

<<<<< global_kriging approximation updates completed.

>>>>> Initiating global iteration 17 (acquisition batch 1)
NCSU DIRECT succeeded with code 4
(volume of best hyperrectangle is less than the prescribed percentage of the original)

Results of EGO iteration:
Final point =
                      1.0894375857e-01 radius
                      9.5631001372e-01 time_gap
                      8.0061728395e+00 strength_neighbor
                      1.7142661180e-01 range_neighbor
                      4.6635802469e+00 strength_geometry
                      3.2023319616e-02 range_geometry
                      1.5500000000e+00 desired_speed
Expected Improvement    =
                      3.7532469585e+01

---------------------
Begin Evaluation   45
---------------------
Parameters for evaluation 45:
                      1.0894375857e-01 radius
                      9.5631001372e-01 time_gap
                      8.0061728395e+00 strength_neighbor
                      1.7142661180e-01 range_neighbor
                      4.6635802469e+00 strength_geometry
                      3.2023319616e-02 range_geometry
                      1.5500000000e+00 desired_speed

blocking fork: python3 driver_cq.py params.in results.out

Active response data for evaluation 45:
Active set vector = { 1 1 1 1 1 1 1 1 1 1 1 1 1 1 1 1 1 1 1 1 1 }
                      8.1831000000e-01 least_sq_term_1
                      1.0953900000e+00 least_sq_term_2
                      4.0767000000e-01 least_sq_term_3
                      1.2840400000e+00 least_sq_term_4
                     -3.0076000000e-01 least_sq_term_5
                      1.8880000000e-02 least_sq_term_6
                      2.2623800000e+00 least_sq_term_7
                      8.4618000000e-01 least_sq_term_8
                      3.4025000000e-01 least_sq_term_9
                      2.0093300000e+00 least_sq_term_10
                     -8.7329000000e-01 least_sq_term_11
                      7.4730400000e+00 least_sq_term_12
                      4.3688100000e+00 least_sq_term_13
                      5.9272000000e-01 least_sq_term_14
                     -4.8610000000e-02 least_sq_term_15
                      3.3534500000e+00 least_sq_term_16
                      5.2516000000e-01 least_sq_term_17
                      2.7249200000e+00 least_sq_term_18
                      7.1250900000e+00 least_sq_term_19
                      9.0310000000e-02 least_sq_term_20
                      3.7793200000e+00 least_sq_term_21



>>>>> Appending to global_kriging approximations.

<<<<< global_kriging approximation updates completed.

>>>>> Initiating global iteration 18 (acquisition batch 1)
NCSU DIRECT succeeded with code 4
(volume of best hyperrectangle is less than the prescribed percentage of the original)

Results of EGO iteration:
Final point =
                      1.0894375857e-01 radius
                      1.0196844993e+00 time_gap
                      8.5493827160e+00 strength_neighbor
                      7.1865569273e-02 range_neighbor
                      4.2465706447e+00 strength_geometry
                      6.1735253772e-02 range_geometry
                      1.5500000000e+00 desired_speed
Expected Improvement    =
                      1.1441560262e+02

---------------------
Begin Evaluation   46
---------------------
Parameters for evaluation 46:
                      1.0894375857e-01 radius
                      1.0196844993e+00 time_gap
                      8.5493827160e+00 strength_neighbor
                      7.1865569273e-02 range_neighbor
                      4.2465706447e+00 strength_geometry
                      6.1735253772e-02 range_geometry
                      1.5500000000e+00 desired_speed

blocking fork: python3 driver_cq.py params.in results.out

Active response data for evaluation 46:
Active set vector = { 1 1 1 1 1 1 1 1 1 1 1 1 1 1 1 1 1 1 1 1 1 }
                      2.9965800000e+00 least_sq_term_1
                      1.2018000000e-01 least_sq_term_2
                      1.7571700000e+00 least_sq_term_3
                      2.2336100000e+00 least_sq_term_4
                     -3.8686000000e-01 least_sq_term_5
                      2.7554000000e-01 least_sq_term_6
                      3.9740000000e+00 least_sq_term_7
                     -1.0711700000e+00 least_sq_term_8
                      1.7443100000e+00 least_sq_term_9
                      2.1804800000e+00 least_sq_term_10
                     -1.6438600000e+00 least_sq_term_11
                      7.5400000000e-01 least_sq_term_12
                      3.8553100000e+00 least_sq_term_13
                     -6.3980000000e-02 least_sq_term_14
                     -3.3984400000e+00 least_sq_term_15
                      3.2022100000e+00 least_sq_term_16
                     -3.6243000000e-01 least_sq_term_17
                     -2.2126600000e+00 least_sq_term_18
                      6.7398400000e+00 least_sq_term_19
                     -1.1211800000e+00 least_sq_term_20
                     -1.5805400000e+00 least_sq_term_21



>>>>> Appending to global_kriging approximations.

<<<<< global_kriging approximation updates completed.

>>>>> Initiating global iteration 19 (acquisition batch 1)
NCSU DIRECT succeeded with code 4
(volume of best hyperrectangle is less than the prescribed percentage of the original)

Results of EGO iteration:
Final point =
                      1.0159122085e-01 radius
                      1.0604252401e+00 time_gap
                      8.9938271605e+00 strength_neighbor
                      6.8737997257e-02 range_neighbor
                      6.0579561043e+00 strength_geometry
                      4.5054869684e-02 range_geometry
                      1.5500000000e+00 desired_speed
Expected Improvement    =
                      7.2645669796e+01

---------------------
Begin Evaluation   47
---------------------
Parameters for evaluation 47:
                      1.0159122085e-01 radius
                      1.0604252401e+00 time_gap
                      8.9938271605e+00 strength_neighbor
                      6.8737997257e-02 range_neighbor
                      6.0579561043e+00 strength_geometry
                      4.5054869684e-02 range_geometry
                      1.5500000000e+00 desired_speed

blocking fork: python3 driver_cq.py params.in results.out

Active response data for evaluation 47:
Active set vector = { 1 1 1 1 1 1 1 1 1 1 1 1 1 1 1 1 1 1 1 1 1 }
                      3.2039200000e+00 least_sq_term_1
                     -1.0523000000e+00 least_sq_term_2
                      2.4711400000e+00 least_sq_term_3
                      2.5426600000e+00 least_sq_term_4
                     -6.3990000000e-01 least_sq_term_5
                      5.5181000000e-01 least_sq_term_6
                      4.8571400000e+00 least_sq_term_7
                     -1.2505000000e+00 least_sq_term_8
                      2.8750800000e+00 least_sq_term_9
                      2.3988000000e+00 least_sq_term_10
                     -1.9068500000e+00 least_sq_term_11
                      9.0651000000e-01 least_sq_term_12
                      3.8763200000e+00 least_sq_term_13
                     -5.0002000000e-01 least_sq_term_14
                     -3.4409800000e+00 least_sq_term_15
                      3.2988500000e+00 least_sq_term_16
                     -6.8807000000e-01 least_sq_term_17
                     -2.7391800000e+00 least_sq_term_18
                      7.5623500000e+00 least_sq_term_19
                     -1.5754800000e+00 least_sq_term_20
                     -1.7226800000e+00 least_sq_term_21



>>>>> Appending to global_kriging approximations.

<<<<< global_kriging approximation updates completed.

>>>>> Initiating global iteration 20 (acquisition batch 1)
NCSU DIRECT succeeded with code 4
(volume of best hyperrectangle is less than the prescribed percentage of the original)

Results of EGO iteration:
Final point =
                      1.0927297668e-01 radius
                      8.9444444444e-01 time_gap
                      8.8456790123e+00 strength_neighbor
                      9.6886145405e-02 range_neighbor
                      4.7157064472e+00 strength_geometry
                      3.1241426612e-02 range_geometry
                      1.5500000000e+00 desired_speed
Expected Improvement    =
                      6.5430521543e+01

---------------------
Begin Evaluation   48
---------------------
Parameters for evaluation 48:
                      1.0927297668e-01 radius
                      8.9444444444e-01 time_gap
                      8.8456790123e+00 strength_neighbor
                      9.6886145405e-02 range_neighbor
                      4.7157064472e+00 strength_geometry
                      3.1241426612e-02 range_geometry
                      1.5500000000e+00 desired_speed

blocking fork: python3 driver_cq.py params.in results.out

Active response data for evaluation 48:
Active set vector = { 1 1 1 1 1 1 1 1 1 1 1 1 1 1 1 1 1 1 1 1 1 }
                      3.4464500000e+00 least_sq_term_1
                      5.0236000000e-01 least_sq_term_2
                      1.5144000000e-01 least_sq_term_3
                      2.0904200000e+00 least_sq_term_4
                      3.4756000000e-01 least_sq_term_5
                     -3.6189000000e-01 least_sq_term_6
                      5.3636400000e+00 least_sq_term_7
                     -7.2281000000e-01 least_sq_term_8
                      1.5909700000e+00 least_sq_term_9
                      3.3333300000e+00 least_sq_term_10
                     -2.1327700000e+00 least_sq_term_11
                      2.4601800000e+00 least_sq_term_12
                      4.9701000000e+00 least_sq_term_13
                      4.3235000000e-01 least_sq_term_14
                     -2.1352300000e+00 least_sq_term_15
                      4.2256100000e+00 least_sq_term_16
                     -1.1695000000e-01 least_sq_term_17
                     -5.3031000000e-01 least_sq_term_18
                      8.4043800000e+00 least_sq_term_19
                     -7.6256000000e-01 least_sq_term_20
                      4.9899000000e-01 least_sq_term_21



>>>>> Appending to global_kriging approximations.

<<<<< global_kriging approximation updates completed.

>>>>> Initiating global iteration 21 (acquisition batch 1)
NCSU DIRECT succeeded with code 4
(volume of best hyperrectangle is less than the prescribed percentage of the original)

Results of EGO iteration:
Final point =
                      1.0411522634e-01 radius
                      8.7482853224e-01 time_gap
                      7.3395061728e+00 strength_neighbor
                      1.4849108368e-01 range_neighbor
                      6.3707133059e+00 strength_geometry
                      3.3847736626e-02 range_geometry
                      1.5500000000e+00 desired_speed
Expected Improvement    =
                      5.4437460187e+01

---------------------
Begin Evaluation   49
---------------------
Parameters for evaluation 49:
                      1.0411522634e-01 radius
                      8.7482853224e-01 time_gap
                      7.3395061728e+00 strength_neighbor
                      1.4849108368e-01 range_neighbor
                      6.3707133059e+00 strength_geometry
                      3.3847736626e-02 range_geometry
                      1.5500000000e+00 desired_speed

blocking fork: python3 driver_cq.py params.in results.out

Active response data for evaluation 49:
Active set vector = { 1 1 1 1 1 1 1 1 1 1 1 1 1 1 1 1 1 1 1 1 1 }
                      2.3195000000e+00 least_sq_term_1
                      9.7848000000e-01 least_sq_term_2
                      9.1555000000e-01 least_sq_term_3
                      2.2723000000e+00 least_sq_term_4
                      3.7912000000e-01 least_sq_term_5
                      2.9110000000e-02 least_sq_term_6
                      4.1216300000e+00 least_sq_term_7
                      4.4715000000e-01 least_sq_term_8
                      1.0924200000e+00 least_sq_term_9
                      2.9575200000e+00 least_sq_term_10
                     -1.5210400000e+00 least_sq_term_11
                      4.2559400000e+00 least_sq_term_12
                      5.5053800000e+00 least_sq_term_13
                      1.0460400000e+00 least_sq_term_14
                     -5.3745000000e-01 least_sq_term_15
                      4.5580300000e+00 least_sq_term_16
                      5.8495000000e-01 least_sq_term_17
                      1.4239500000e+00 least_sq_term_18
                      8.6201100000e+00 least_sq_term_19
                     -6.6290000000e-02 least_sq_term_20
                      2.3936200000e+00 least_sq_term_21



>>>>> Appending to global_kriging approximations.

<<<<< global_kriging approximation updates completed.

>>>>> Initiating global iteration 22 (acquisition batch 1)
NCSU DIRECT succeeded with code 4
(volume of best hyperrectangle is less than the prescribed percentage of the original)

Results of EGO iteration:
Final point =
                      1.0916323731e-01 radius
                      1.0181755830e+00 time_gap
                      5.3518518519e+00 strength_neighbor
                      1.3233196159e-01 range_neighbor
                      6.2013031550e+00 strength_geometry
                      4.1145404664e-02 range_geometry
                      1.5500000000e+00 desired_speed
Expected Improvement    =
                      2.4155743049e+01

---------------------
Begin Evaluation   50
---------------------
Parameters for evaluation 50:
                      1.0916323731e-01 radius
                      1.0181755830e+00 time_gap
                      5.3518518519e+00 strength_neighbor
                      1.3233196159e-01 range_neighbor
                      6.2013031550e+00 strength_geometry
                      4.1145404664e-02 range_geometry
                      1.5500000000e+00 desired_speed

blocking fork: python3 driver_cq.py params.in results.out

Active response data for evaluation 50:
Active set vector = { 1 1 1 1 1 1 1 1 1 1 1 1 1 1 1 1 1 1 1 1 1 }
                      2.6531000000e+00 least_sq_term_1
                     -2.8987000000e-01 least_sq_term_2
                      1.0420000000e+00 least_sq_term_3
                      2.0802900000e+00 least_sq_term_4
                     -4.8740000000e-01 least_sq_term_5
                      5.0912000000e-01 least_sq_term_6
                      4.7355400000e+00 least_sq_term_7
                     -1.2412600000e+00 least_sq_term_8
                      3.0782900000e+00 least_sq_term_9
                      2.3335400000e+00 least_sq_term_10
                     -1.8264800000e+00 least_sq_term_11
                      2.1568800000e+00 least_sq_term_12
                      4.1532800000e+00 least_sq_term_13
                      7.7068000000e-01 least_sq_term_14
                     -2.3215500000e+00 least_sq_term_15
                     -5.8178200000e+00 least_sq_term_16
                      3.6673200000e+00 least_sq_term_17
                      3.7626000000e+00 least_sq_term_18
                      7.4253800000e+00 least_sq_term_19
                     -5.2407000000e-01 least_sq_term_20
                      3.8014000000e-01 least_sq_term_21



>>>>> Appending to global_kriging approximations.

<<<<< global_kriging approximation updates completed.

>>>>> Initiating global iteration 23 (acquisition batch 1)
NCSU DIRECT succeeded with code 4
(volume of best hyperrectangle is less than the prescribed percentage of the original)

Results of EGO iteration:
Final point =
                      1.3857338820e-01 radius
                      3.0445816187e-01 time_gap
                      2.6481481481e+00 strength_neighbor
                      1.3024691358e-01 range_neighbor
                      2.6045953361e+00 strength_geometry
                      1.0838820302e-01 range_geometry
                      1.5500000000e+00 desired_speed
Expected Improvement    =
                      6.0279590694e-68

---------------------
Begin Evaluation   51
---------------------
Parameters for evaluation 51:
                      1.3857338820e-01 radius
                      3.0445816187e-01 time_gap
                      2.6481481481e+00 strength_neighbor
                      1.3024691358e-01 range_neighbor
                      2.6045953361e+00 strength_geometry
                      1.0838820302e-01 range_geometry
                      1.5500000000e+00 desired_speed

blocking fork: python3 driver_cq.py params.in results.out

Active response data for evaluation 51:
Active set vector = { 1 1 1 1 1 1 1 1 1 1 1 1 1 1 1 1 1 1 1 1 1 }
                     -1.3986060000e+01 least_sq_term_1
                      5.7122000000e-01 least_sq_term_2
                      4.2589000000e+00 least_sq_term_3
                     -1.2336230000e+01 least_sq_term_4
                      1.9755400000e+00 least_sq_term_5
                      4.9968400000e+00 least_sq_term_6
                     -1.3638190000e+01 least_sq_term_7
                      1.6207500000e+00 least_sq_term_8
                      4.0273200000e+00 least_sq_term_9
                     -1.4305840000e+01 least_sq_term_10
                     -1.9265800000e+00 least_sq_term_11
                      5.0686600000e+00 least_sq_term_12
                     -1.0192330000e+01 least_sq_term_13
                      3.4279800000e+00 least_sq_term_14
                     -1.7295000000e+00 least_sq_term_15
                     -9.2179000000e+00 least_sq_term_16
                      3.2802900000e+00 least_sq_term_17
                     -9.7575000000e-01 least_sq_term_18
                     -1.4647260000e+01 least_sq_term_19
                      5.9045500000e+00 least_sq_term_20
                      1.9462830000e+01 least_sq_term_21



>>>>> Appending to global_kriging approximations.

<<<<< global_kriging approximation updates completed.

>>>>> Initiating global iteration 24 (acquisition batch 1)
NCSU DIRECT succeeded with code 4
(volume of best hyperrectangle is less than the prescribed percentage of the original)

Results of EGO iteration:
Final point =
                      1.1761316872e-01 radius
                      1.0242112483e+00 time_gap
                      8.9567901235e+00 strength_neighbor
                      1.0470507545e-01 range_neighbor
                      3.4125514403e+00 strength_geometry
                      4.9746227709e-02 range_geometry
                      1.5500000000e+00 desired_speed
Expected Improvement    =
                      4.9377058035e+01

---------------------
Begin Evaluation   52
---------------------
Parameters for evaluation 52:
                      1.1761316872e-01 radius
                      1.0242112483e+00 time_gap
                      8.9567901235e+00 strength_neighbor
                      1.0470507545e-01 range_neighbor
                      3.4125514403e+00 strength_geometry
                      4.9746227709e-02 range_geometry
                      1.5500000000e+00 desired_speed

blocking fork: python3 driver_cq.py params.in results.out

Active response data for evaluation 52:
Active set vector = { 1 1 1 1 1 1 1 1 1 1 1 1 1 1 1 1 1 1 1 1 1 }
                      2.2928900000e+00 least_sq_term_1
                     -5.8572000000e-01 least_sq_term_2
                      2.2853700000e+00 least_sq_term_3
                      1.7154200000e+00 least_sq_term_4
                     -6.9919000000e-01 least_sq_term_5
                      5.0983000000e-01 least_sq_term_6
                      4.4351100000e+00 least_sq_term_7
                     -1.7286200000e+00 least_sq_term_8
                      4.1356700000e+00 least_sq_term_9
                      1.9607800000e+00 least_sq_term_10
                     -1.2703900000e+00 least_sq_term_11
                      2.6349200000e+00 least_sq_term_12
                      3.5013200000e+00 least_sq_term_13
                      9.7234000000e-01 least_sq_term_14
                     -2.0997500000e+00 least_sq_term_15
                      2.9012900000e+00 least_sq_term_16
                      5.1235000000e-01 least_sq_term_17
                     -5.6037000000e-01 least_sq_term_18
                      6.8616200000e+00 least_sq_term_19
                     -1.9415000000e-01 least_sq_term_20
                      3.4270000000e-01 least_sq_term_21



>>>>> Appending to global_kriging approximations.

<<<<< global_kriging approximation updates completed.

>>>>> Initiating global iteration 25 (acquisition batch 1)
NCSU DIRECT succeeded with code 4
(volume of best hyperrectangle is less than the prescribed percentage of the original)

Results of EGO iteration:
Final point =
                      1.1772290809e-01 radius
                      9.9705075446e-01 time_gap
                      8.9938271605e+00 strength_neighbor
                      1.4692729767e-01 range_neighbor
                      3.6731824417e+00 strength_geometry
                      3.8799725652e-02 range_geometry
                      1.5500000000e+00 desired_speed
Expected Improvement    =
                      2.0881672782e+01

---------------------
Begin Evaluation   53
---------------------
Parameters for evaluation 53:
                      1.1772290809e-01 radius
                      9.9705075446e-01 time_gap
                      8.9938271605e+00 strength_neighbor
                      1.4692729767e-01 range_neighbor
                      3.6731824417e+00 strength_geometry
                      3.8799725652e-02 range_geometry
                      1.5500000000e+00 desired_speed

blocking fork: python3 driver_cq.py params.in results.out

Active response data for evaluation 53:
Active set vector = { 1 1 1 1 1 1 1 1 1 1 1 1 1 1 1 1 1 1 1 1 1 }
                      1.5115400000e+00 least_sq_term_1
                      6.3139000000e-01 least_sq_term_2
                      1.5468200000e+00 least_sq_term_3
                      3.0429000000e-01 least_sq_term_4
                     -2.1694000000e-01 least_sq_term_5
                     -4.1114000000e-01 least_sq_term_6
                      3.3430700000e+00 least_sq_term_7
                     -6.3780000000e-01 least_sq_term_8
                      1.6503400000e+00 least_sq_term_9
                      1.9607800000e+00 least_sq_term_10
                     -8.8340000000e-01 least_sq_term_11
                      6.2273600000e+00 least_sq_term_12
                      3.5123100000e+00 least_sq_term_13
                      8.6538000000e-01 least_sq_term_14
                     -5.7798000000e-01 least_sq_term_15
                      2.8552300000e+00 least_sq_term_16
                      7.6528000000e-01 least_sq_term_17
                      1.9020100000e+00 least_sq_term_18
                      6.7320900000e+00 least_sq_term_19
                      2.4967000000e-01 least_sq_term_20
                      2.7453800000e+00 least_sq_term_21



>>>>> Appending to global_kriging approximations.

<<<<< global_kriging approximation updates completed.

>>>>> Initiating global iteration 26 (acquisition batch 1)
NCSU DIRECT succeeded with code 4
(volume of best hyperrectangle is less than the prescribed percentage of the original)

Results of EGO iteration:
Final point =
                      1.0466392318e-01 radius
                      8.3257887517e-01 time_gap
                      6.9938271605e+00 strength_neighbor
                      6.5610425240e-02 range_neighbor
                      6.5922496571e+00 strength_geometry
                      5.0788751715e-02 range_geometry
                      1.5500000000e+00 desired_speed
Expected Improvement    =
                      4.5644451972e+01

---------------------
Begin Evaluation   54
---------------------
Parameters for evaluation 54:
                      1.0466392318e-01 radius
                      8.3257887517e-01 time_gap
                      6.9938271605e+00 strength_neighbor
                      6.5610425240e-02 range_neighbor
                      6.5922496571e+00 strength_geometry
                      5.0788751715e-02 range_geometry
                      1.5500000000e+00 desired_speed

blocking fork: python3 driver_cq.py params.in results.out

Active response data for evaluation 54:
Active set vector = { 1 1 1 1 1 1 1 1 1 1 1 1 1 1 1 1 1 1 1 1 1 }
                      4.7119600000e+00 least_sq_term_1
                     -1.3287400000e+00 least_sq_term_2
                      3.5012100000e+00 least_sq_term_3
                      3.6267300000e+00 least_sq_term_4
                      5.3660000000e-02 least_sq_term_5
                      5.3111000000e-01 least_sq_term_6
                      6.4063800000e+00 least_sq_term_7
                     -8.4624000000e-01 least_sq_term_8
                      2.3517400000e+00 least_sq_term_9
                      3.2315900000e+00 least_sq_term_10
                     -2.5253600000e+00 least_sq_term_11
                      6.8722000000e-01 least_sq_term_12
                      5.3905000000e+00 least_sq_term_13
                     -6.4453000000e-01 least_sq_term_14
                     -3.2866900000e+00 least_sq_term_15
                      4.6346000000e+00 least_sq_term_16
                     -8.6693000000e-01 least_sq_term_17
                     -2.8958500000e+00 least_sq_term_18
                      8.6391600000e+00 least_sq_term_19
                     -1.7316400000e+00 least_sq_term_20
                     -1.8726700000e+00 least_sq_term_21



>>>>> Appending to global_kriging approximations.

<<<<< global_kriging approximation updates completed.

>>>>> Initiating global iteration 27 (acquisition batch 1)
NCSU DIRECT succeeded with code 4
(volume of best hyperrectangle is less than the prescribed percentage of the original)

Results of EGO iteration:
Final point =
                      1.2661179698e-01 radius
                      9.1406035665e-01 time_gap
                      9.8703703704e+00 strength_neighbor
                      1.6100137174e-01 range_neighbor
                      4.0250342936e+00 strength_geometry
                      3.7757201646e-02 range_geometry
                      1.5500000000e+00 desired_speed
Expected Improvement    =
                      4.9841227663e+01

---------------------
Begin Evaluation   55
---------------------
Parameters for evaluation 55:
                      1.2661179698e-01 radius
                      9.1406035665e-01 time_gap
                      9.8703703704e+00 strength_neighbor
                      1.6100137174e-01 range_neighbor
                      4.0250342936e+00 strength_geometry
                      3.7757201646e-02 range_geometry
                      1.5500000000e+00 desired_speed

blocking fork: python3 driver_cq.py params.in results.out

Active response data for evaluation 55:
Active set vector = { 1 1 1 1 1 1 1 1 1 1 1 1 1 1 1 1 1 1 1 1 1 }
                      1.7135300000e+00 least_sq_term_1
                     -6.5150000000e-02 least_sq_term_2
                      3.1956000000e+00 least_sq_term_3
                      2.0033000000e-01 least_sq_term_4
                     -5.6995000000e-01 least_sq_term_5
                     -7.3700000000e-03 least_sq_term_6
                      2.8025600000e+00 least_sq_term_7
                     -1.1769700000e+00 least_sq_term_8
                      2.7183900000e+00 least_sq_term_9
                      1.7799400000e+00 least_sq_term_10
                     -3.4853000000e-01 least_sq_term_11
                      7.4867300000e+00 least_sq_term_12
                      3.2107800000e+00 least_sq_term_13
                      5.4785000000e-01 least_sq_term_14
                      2.6971000000e-01 least_sq_term_15
                      2.6010300000e+00 least_sq_term_16
                      3.4460000000e-01 least_sq_term_17
                      3.7677500000e+00 least_sq_term_18
                      6.4219400000e+00 least_sq_term_19
                      2.7851000000e-01 least_sq_term_20
                      5.1262500000e+00 least_sq_term_21



>>>>> Appending to global_kriging approximations.

<<<<< global_kriging approximation updates completed.

>>>>> Initiating global iteration 28 (acquisition batch 1)
NCSU DIRECT succeeded with code 4
(volume of best hyperrectangle is less than the prescribed percentage of the original)

Results of EGO iteration:
Final point =
                      1.2375857339e-01 radius
                      1.0377914952e+00 time_gap
                      9.0061728395e+00 strength_neighbor
                      6.2482853224e-02 range_neighbor
                      2.9564471879e+00 strength_geometry
                      7.2421124829e-02 range_geometry
                      1.5500000000e+00 desired_speed
Expected Improvement    =
                      8.0741332807e+01

---------------------
Begin Evaluation   56
---------------------
Parameters for evaluation 56:
                      1.2375857339e-01 radius
                      1.0377914952e+00 time_gap
                      9.0061728395e+00 strength_neighbor
                      6.2482853224e-02 range_neighbor
                      2.9564471879e+00 strength_geometry
                      7.2421124829e-02 range_geometry
                      1.5500000000e+00 desired_speed

blocking fork: python3 driver_cq.py params.in results.out

Active response data for evaluation 56:
Active set vector = { 1 1 1 1 1 1 1 1 1 1 1 1 1 1 1 1 1 1 1 1 1 }
                      2.4568100000e+00 least_sq_term_1
                     -3.0464000000e-01 least_sq_term_2
                      2.6244100000e+00 least_sq_term_3
                      1.2133700000e+00 least_sq_term_4
                     -1.9474900000e+00 least_sq_term_5
                      2.1777000000e+00 least_sq_term_6
                      4.0294600000e+00 least_sq_term_7
                     -1.5863500000e+00 least_sq_term_8
                      3.7965600000e+00 least_sq_term_9
                      1.0077900000e+00 least_sq_term_10
                     -5.3684000000e-01 least_sq_term_11
                      1.5380000000e-01 least_sq_term_12
                      2.5569200000e+00 least_sq_term_13
                      2.3740000000e-01 least_sq_term_14
                     -3.8494500000e+00 least_sq_term_15
                      1.5068800000e+00 least_sq_term_16
                     -1.7250000000e-02 least_sq_term_17
                     -3.0541200000e+00 least_sq_term_18
                      5.9336900000e+00 least_sq_term_19
                     -5.5482000000e-01 least_sq_term_20
                     -2.2707200000e+00 least_sq_term_21



>>>>> Appending to global_kriging approximations.

<<<<< global_kriging approximation updates completed.

>>>>> Initiating global iteration 29 (acquisition batch 1)
NCSU DIRECT succeeded with code 4
(volume of best hyperrectangle is less than the prescribed percentage of the original)

Results of EGO iteration:
Final point =
                      1.0631001372e-01 radius
                      6.9526748971e-01 time_gap
                      8.6728395062e+00 strength_neighbor
                      3.7462277092e-02 range_neighbor
                      7.7911522634e+00 strength_geometry
                      2.5246913580e-02 range_geometry
                      1.5500000000e+00 desired_speed
Expected Improvement    =
                      9.7318426962e+01

---------------------
Begin Evaluation   57
---------------------
Parameters for evaluation 57:
                      1.0631001372e-01 radius
                      6.9526748971e-01 time_gap
                      8.6728395062e+00 strength_neighbor
                      3.7462277092e-02 range_neighbor
                      7.7911522634e+00 strength_geometry
                      2.5246913580e-02 range_geometry
                      1.5500000000e+00 desired_speed

blocking fork: python3 driver_cq.py params.in results.out

Active response data for evaluation 57:
Active set vector = { 1 1 1 1 1 1 1 1 1 1 1 1 1 1 1 1 1 1 1 1 1 }
                      6.1118400000e+00 least_sq_term_1
                     -4.1248000000e-01 least_sq_term_2
                      3.4617500000e+00 least_sq_term_3
                      5.0852600000e+00 least_sq_term_4
                     -7.3861000000e-01 least_sq_term_5
                      2.2954800000e+00 least_sq_term_6
                      7.9520700000e+00 least_sq_term_7
                     -1.7824000000e-01 least_sq_term_8
                      2.4321500000e+00 least_sq_term_9
                      5.3413800000e+00 least_sq_term_10
                     -3.6081900000e+00 least_sq_term_11
                      1.2624100000e+00 least_sq_term_12
                      6.6862600000e+00 least_sq_term_13
                     -1.0411400000e+00 least_sq_term_14
                     -4.0303400000e+00 least_sq_term_15
                      5.7430900000e+00 least_sq_term_16
                     -1.2657700000e+00 least_sq_term_17
                     -3.4138100000e+00 least_sq_term_18
                      1.0526370000e+01 least_sq_term_19
                     -2.3192300000e+00 least_sq_term_20
                     -2.7397000000e+00 least_sq_term_21



>>>>> Appending to global_kriging approximations.

<<<<< global_kriging approximation updates completed.

>>>>> Initiating global iteration 30 (acquisition batch 1)
NCSU DIRECT succeeded with code 4
(volume of best hyperrectangle is less than the prescribed percentage of the original)

Results of EGO iteration:
Final point =
                      1.1234567901e-01 radius
                      8.3710562414e-01 time_gap
                      9.0061728395e+00 strength_neighbor
                      2.1208504801e-01 range_neighbor
                      5.4194101509e+00 strength_geometry
                      3.4108367627e-02 range_geometry
                      1.5500000000e+00 desired_speed
Expected Improvement    =
                      3.8979629206e-59

---------------------
Begin Evaluation   58
---------------------
Parameters for evaluation 58:
                      1.1234567901e-01 radius
                      8.3710562414e-01 time_gap
                      9.0061728395e+00 strength_neighbor
                      2.1208504801e-01 range_neighbor
                      5.4194101509e+00 strength_geometry
                      3.4108367627e-02 range_geometry
                      1.5500000000e+00 desired_speed

blocking fork: python3 driver_cq.py params.in results.out

Active response data for evaluation 58:
Active set vector = { 1 1 1 1 1 1 1 1 1 1 1 1 1 1 1 1 1 1 1 1 1 }
                     -6.0964000000e-01 least_sq_term_1
                      8.7834000000e-01 least_sq_term_2
                      1.4500500000e+00 least_sq_term_3
                      7.9730000000e-01 least_sq_term_4
                     -1.3666200000e+00 least_sq_term_5
                      1.4201900000e+00 least_sq_term_6
                      7.1184000000e-01 least_sq_term_7
                      6.7076000000e-01 least_sq_term_8
                      8.1642000000e-01 least_sq_term_9
                     -1.4533900000e+01 least_sq_term_10
                      1.4148300000e+00 least_sq_term_11
                      8.5593900000e+00 least_sq_term_12
                     -2.4313200000e+00 least_sq_term_13
                     -3.5518000000e-01 least_sq_term_14
                      1.5874500000e+00 least_sq_term_15
                      3.3962900000e+00 least_sq_term_16
                     -5.0681000000e-01 least_sq_term_17
                      5.7647300000e+00 least_sq_term_18
                      6.9948900000e+00 least_sq_term_19
                     -4.0908000000e-01 least_sq_term_20
                      7.5365400000e+00 least_sq_term_21



>>>>> Appending to global_kriging approximations.

<<<<< global_kriging approximation updates completed.

>>>>> Initiating global iteration 31 (acquisition batch 1)
NCSU DIRECT succeeded with code 4
(volume of best hyperrectangle is less than the prescribed percentage of the original)

Results of EGO iteration:
Final point =
                      1.3561042524e-01 radius
                      7.1035665295e-01 time_gap
                      9.9074074074e+00 strength_neighbor
                      5.4142661180e-02 range_neighbor
                      6.0058299040e+00 strength_geometry
                      4.5054869684e-02 range_geometry
                      1.5500000000e+00 desired_speed
Expected Improvement    =
                      3.1615684222e-12

---------------------
Begin Evaluation   59
---------------------
Parameters for evaluation 59:
                      1.3561042524e-01 radius
                      7.1035665295e-01 time_gap
                      9.9074074074e+00 strength_neighbor
                      5.4142661180e-02 range_neighbor
                      6.0058299040e+00 strength_geometry
                      4.5054869684e-02 range_geometry
                      1.5500000000e+00 desired_speed

blocking fork: python3 driver_cq.py params.in results.out

Active response data for evaluation 59:
Active set vector = { 1 1 1 1 1 1 1 1 1 1 1 1 1 1 1 1 1 1 1 1 1 }
                      4.6090100000e+00 least_sq_term_1
                     -1.5425100000e+00 least_sq_term_2
                      5.2406500000e+00 least_sq_term_3
                      9.3021000000e-01 least_sq_term_4
                     -6.3287000000e-01 least_sq_term_5
                      3.9462000000e-01 least_sq_term_6
                      6.3008100000e+00 least_sq_term_7
                     -8.9829000000e-01 least_sq_term_8
                      3.3379900000e+00 least_sq_term_9
                      2.8056300000e+00 least_sq_term_10
                     -8.0873000000e-01 least_sq_term_11
                      8.7975000000e-01 least_sq_term_12
                      1.2202700000e+00 least_sq_term_13
                      1.4013300000e+00 least_sq_term_14
                     -3.5449100000e+00 least_sq_term_15
                      8.6678000000e-01 least_sq_term_16
                      7.3887000000e-01 least_sq_term_17
                     -2.3570600000e+00 least_sq_term_18
                      6.5765200000e+00 least_sq_term_19
                     -9.4340000000e-02 least_sq_term_20
                     -1.6212800000e+00 least_sq_term_21



>>>>> Appending to global_kriging approximations.

<<<<< global_kriging approximation updates completed.

Stopping criteria not met: distConvergenceCntr (0) < distConvergenceLimit (1)
Stopping criteria met:     eifConvergenceCntr (2) >= eifConvergenceLimit (2)
Stopping criteria not met: globalIterCount (31) < maxIterations (80)
<<<<< Function evaluation summary: 59 total (59 new, 0 duplicate)
<<<<< Best parameters          =
                      1.2375857339e-01 radius
                      1.0377914952e+00 time_gap
                      9.0061728395e+00 strength_neighbor
                      6.2482853224e-02 range_neighbor
                      2.9564471879e+00 strength_geometry
                      7.2421124829e-02 range_geometry
                      1.5500000000e+00 desired_speed
<<<<< Best residual terms =
                      2.4568100000e+00
                     -3.0464000000e-01
                      2.6244100000e+00
                      1.2133700000e+00
                     -1.9474900000e+00
                      2.1777000000e+00
                      4.0294600000e+00
                     -1.5863500000e+00
                      3.7965600000e+00
                      1.0077900000e+00
                     -5.3684000000e-01
                      1.5380000000e-01
                      2.5569200000e+00
                      2.3740000000e-01
                     -3.8494500000e+00
                      1.5068800000e+00
                     -1.7250000000e-02
                     -3.0541200000e+00
                      5.9336900000e+00
                     -5.5482000000e-01
                     -2.2707200000e+00
<<<<< Best residual norm =  1.1454335155e+01; 0.5 * norm^2 =  6.5600896923e+01
<<<<< Best evaluation ID: 56


<<<<< Iterator efficient_global completed.
<<<<< Environment execution completed.
DAKOTA execution time in seconds:
  Total CPU        =     11.308 [parent =    11.3081, child =   -8.9e-05]
  Total wall clock =    518.618
