Dakota version 6.24 released May 15 2026.
Repository revision 1ab1c9924 (2026-05-11) built May 11 2026 11:08:44.
Running MPI Dakota executable in serial mode.
Start time: Sun Sep  6 19:17:44 2026

------------------
Begin Dakota input
------------------
# Exploratory calibration on every usable low-motivation (h-) run.
# This condition has 9 runs and 27 residuals. Desired speed is free only to
# test whether a static parameter absorbs the motivation condition.
# Reproduce: CQ_RESIDUALS=1 CQ_RUNS=040_c_56_h-,060_c_45_h-,100_c_12_h-,120_c_12_h-,160_q_56_h-,180_q_12_h-,240_q_23_h-,260_q_45_h-,280_c_34_h- JPS_N_SEEDS=1 JPS_WORKERS=3 dakota -i dakota.in -o dakota.out

environment
  tabular_data
    tabular_data_file = 'motivation_history.dat'

method
  efficient_global
    seed = 5
    max_iterations = 60
    convergence_tolerance = 1.e-4

variables
  continuous_design = 7
    descriptors    'desired_speed' 'radius' 'time_gap' 'strength_neighbor' 'range_neighbor' 'strength_geometry' 'range_geometry'
    initial_point  1.55 0.12376 1.03779 9.00617 0.06248 2.95645 0.07242
    lower_bounds   0.80 0.10  0.10  1.0  0.02 0.50 0.01
    upper_bounds   1.80 0.20  2.00 10.0  0.40 10.0 0.20

interface
  fork
    analysis_drivers = 'python3 driver_cq.py'
    parameters_file = 'params.in'
    results_file = 'results.out'
    work_directory named 'runs/run' directory_tag
    link_files = '../driver_cq.py' '../observables_cq.py' '../scenario_cq.py' '../exp_observables_cq.json'
  asynchronous evaluation_concurrency = 1

responses
  calibration_terms = 27
  no_gradients
  no_hessians

----------------
End Dakota input
----------------

Using Dakota parser: standard
Writing new restart file 'dakota.rst'.

>>>>> Executing environment.

>>>>> Running efficient_global iterator.

>>>>> Building global_kriging approximations.

NonD lhs Samples = 36 Seed (user-specified) = 5

---------------------
Begin Evaluation    1
---------------------
Parameters for evaluation 1:
                      8.0616647698e-01 desired_speed
                      1.9323107640e-01 radius
                      1.9636350514e+00 time_gap
                      2.3188360232e+00 strength_neighbor
                      1.2509162418e-01 range_neighbor
                      3.6589473511e+00 strength_geometry
                      6.3214453529e-02 range_geometry

blocking fork: python3 driver_cq.py params.in results.out

Active response data for evaluation 1:
Active set vector = { 1 1 1 1 1 1 1 1 1 1 1 1 1 1 1 1 1 1 1 1 1 1 1 1 1 1 1 }
                     -1.5209250000e+01 least_sq_term_1
                      2.5743800000e+00 least_sq_term_2
                     -3.9691700000e+00 least_sq_term_3
                     -1.5743100000e+01 least_sq_term_4
                      5.0482000000e+00 least_sq_term_5
                     -4.2353100000e+00 least_sq_term_6
                     -1.3629500000e+01 least_sq_term_7
                      1.1597800000e+00 least_sq_term_8
                     -4.7844800000e+00 least_sq_term_9
                     -1.6387940000e+01 least_sq_term_10
                      1.1062680000e+01 least_sq_term_11
                     -9.5853800000e+00 least_sq_term_12
                     -1.5595530000e+01 least_sq_term_13
                      6.6769400000e+00 least_sq_term_14
                     -4.4818800000e+00 least_sq_term_15
                     -1.3618260000e+01 least_sq_term_16
                     -7.2174000000e-01 least_sq_term_17
                     -3.9754300000e+00 least_sq_term_18
                     -1.6289430000e+01 least_sq_term_19
                      3.9363000000e-01 least_sq_term_20
                     -3.7482200000e+00 least_sq_term_21
                     -1.6289920000e+01 least_sq_term_22
                      6.1291100000e+00 least_sq_term_23
                     -4.6432900000e+00 least_sq_term_24
                     -1.5458120000e+01 least_sq_term_25
                      6.2131800000e+00 least_sq_term_26
                     -6.9150500000e+00 least_sq_term_27



---------------------
Begin Evaluation    2
---------------------
Parameters for evaluation 2:
                      1.0524950287e+00 desired_speed
                      1.6665552476e-01 radius
                      7.9665428521e-01 time_gap
                      9.9612638077e+00 strength_neighbor
                      2.8899841423e-01 range_neighbor
                      7.8856420752e+00 strength_geometry
                      1.8988278733e-01 range_geometry

blocking fork: python3 driver_cq.py params.in results.out

Active response data for evaluation 2:
Active set vector = { 1 1 1 1 1 1 1 1 1 1 1 1 1 1 1 1 1 1 1 1 1 1 1 1 1 1 1 }
                     -1.6546270000e+01 least_sq_term_1
                      8.5500000000e-02 least_sq_term_2
                      3.5620330000e+01 least_sq_term_3
                     -1.6666670000e+01 least_sq_term_4
                      4.2607100000e+00 least_sq_term_5
                      3.1086810000e+01 least_sq_term_6
                     -1.6533810000e+01 least_sq_term_7
                      7.8376800000e+00 least_sq_term_8
                     -4.8684700000e+00 least_sq_term_9
                     -1.1933070000e+01 least_sq_term_10
                      5.3461400000e+00 least_sq_term_11
                     -5.2540600000e+00 least_sq_term_12
                     -1.6666670000e+01 least_sq_term_13
                      2.3078700000e+00 least_sq_term_14
                      2.8896320000e+01 least_sq_term_15
                     -1.6539260000e+01 least_sq_term_16
                      2.9548800000e+00 least_sq_term_17
                     -5.0958500000e+00 least_sq_term_18
                     -1.6540960000e+01 least_sq_term_19
                      1.2402600000e+00 least_sq_term_20
                     -3.2253400000e+00 least_sq_term_21
                     -1.6666670000e+01 least_sq_term_22
                      6.3077200000e+00 least_sq_term_23
                      2.0510850000e+01 least_sq_term_24
                     -1.6531930000e+01 least_sq_term_25
                      2.4114700000e+00 least_sq_term_26
                     -2.6334000000e+00 least_sq_term_27



---------------------
Begin Evaluation    3
---------------------
Parameters for evaluation 3:
                      1.3577983686e+00 desired_speed
                      1.2848218945e-01 radius
                      6.7013178015e-01 time_gap
                      5.2316706552e+00 strength_neighbor
                      1.1118815330e-01 range_neighbor
                      4.1998255029e+00 strength_geometry
                      5.3965225518e-02 range_geometry

blocking fork: python3 driver_cq.py params.in results.out

Active response data for evaluation 3:
Active set vector = { 1 1 1 1 1 1 1 1 1 1 1 1 1 1 1 1 1 1 1 1 1 1 1 1 1 1 1 }
                      3.9987200000e+00 least_sq_term_1
                     -5.5084000000e-01 least_sq_term_2
                      1.8327800000e+00 least_sq_term_3
                      5.8960900000e+00 least_sq_term_4
                     -1.4834600000e+00 least_sq_term_5
                      5.9861000000e-01 least_sq_term_6
                      4.8511000000e+00 least_sq_term_7
                      4.5205800000e+00 least_sq_term_8
                     -3.7095900000e+00 least_sq_term_9
                      6.5476200000e+00 least_sq_term_10
                      4.6628600000e+00 least_sq_term_11
                     -5.4339000000e-01 least_sq_term_12
                     -1.5605580000e+01 least_sq_term_13
                      9.6825000000e+00 least_sq_term_14
                      1.0224610000e+01 least_sq_term_15
                      4.0037200000e+00 least_sq_term_16
                      2.3714900000e+00 least_sq_term_17
                     -1.4560800000e+00 least_sq_term_18
                     -1.4685760000e+01 least_sq_term_19
                      6.5418300000e+00 least_sq_term_20
                      3.1013100000e+00 least_sq_term_21
                      4.9415200000e+00 least_sq_term_22
                     -8.0370000000e-01 least_sq_term_23
                     -7.2920000000e-01 least_sq_term_24
                     -1.2265030000e+01 least_sq_term_25
                      1.1768450000e+01 least_sq_term_26
                     -3.1813300000e+00 least_sq_term_27



---------------------
Begin Evaluation    4
---------------------
Parameters for evaluation 4:
                      1.6086361324e+00 desired_speed
                      1.3285153959e-01 radius
                      9.4456130580e-01 time_gap
                      1.5628112786e+00 strength_neighbor
                      2.5587474158e-01 range_neighbor
                      2.3076336193e+00 strength_geometry
                      7.2066070267e-02 range_geometry

blocking fork: python3 driver_cq.py params.in results.out

Active response data for evaluation 4:
Active set vector = { 1 1 1 1 1 1 1 1 1 1 1 1 1 1 1 1 1 1 1 1 1 1 1 1 1 1 1 }
                     -1.4864410000e+01 least_sq_term_1
                      4.8275800000e+00 least_sq_term_2
                      9.2444200000e+00 least_sq_term_3
                     -1.6405260000e+01 least_sq_term_4
                      2.7950300000e+00 least_sq_term_5
                      2.2179180000e+01 least_sq_term_6
                      5.8232900000e+00 least_sq_term_7
                      5.3583200000e+00 least_sq_term_8
                     -2.8127400000e+00 least_sq_term_9
                     -1.5414910000e+01 least_sq_term_10
                      6.7052300000e+00 least_sq_term_11
                     -4.8702000000e-01 least_sq_term_12
                      5.6099600000e+00 least_sq_term_13
                      5.0758000000e-01 least_sq_term_14
                     -2.6842700000e+00 least_sq_term_15
                      4.6589800000e+00 least_sq_term_16
                      8.0814000000e-01 least_sq_term_17
                      1.0951300000e+00 least_sq_term_18
                      4.6701700000e+00 least_sq_term_19
                     -6.4260000000e-02 least_sq_term_20
                     -4.6403000000e-01 least_sq_term_21
                     -1.2291870000e+01 least_sq_term_22
                      4.1065000000e-01 least_sq_term_23
                     -1.9840800000e+00 least_sq_term_24
                     -9.2047200000e+00 least_sq_term_25
                      6.0749000000e+00 least_sq_term_26
                     -3.7670400000e+00 least_sq_term_27



---------------------
Begin Evaluation    5
---------------------
Parameters for evaluation 5:
                      1.5266197185e+00 desired_speed
                      1.7077056034e-01 radius
                      8.8758956277e-01 time_gap
                      6.9210581884e+00 strength_neighbor
                      3.7349977377e-02 range_neighbor
                      2.5562859039e+00 strength_geometry
                      1.3011746755e-01 range_geometry

blocking fork: python3 driver_cq.py params.in results.out

Active response data for evaluation 5:
Active set vector = { 1 1 1 1 1 1 1 1 1 1 1 1 1 1 1 1 1 1 1 1 1 1 1 1 1 1 1 }
                     -1.0188090000e+01 least_sq_term_1
                      3.9211300000e+00 least_sq_term_2
                     -6.6345800000e+00 least_sq_term_3
                     -1.2350500000e+01 least_sq_term_4
                      1.6509300000e+00 least_sq_term_5
                     -7.6347000000e+00 least_sq_term_6
                     -1.4382670000e+01 least_sq_term_7
                      1.4316590000e+01 least_sq_term_8
                     -8.6822400000e+00 least_sq_term_9
                     -9.7124700000e+00 least_sq_term_10
                      1.2707450000e+01 least_sq_term_11
                     -8.1110600000e+00 least_sq_term_12
                     -1.4486760000e+01 least_sq_term_13
                      1.2293590000e+01 least_sq_term_14
                     -7.7488500000e+00 least_sq_term_15
                     -1.4357370000e+01 least_sq_term_16
                      1.0550750000e+01 least_sq_term_17
                     -8.3342000000e+00 least_sq_term_18
                     -1.3599650000e+01 least_sq_term_19
                      7.9284800000e+00 least_sq_term_20
                     -7.6282600000e+00 least_sq_term_21
                     -1.3059310000e+01 least_sq_term_22
                      3.4437600000e+00 least_sq_term_23
                     -7.5665600000e+00 least_sq_term_24
                     -9.8560600000e+00 least_sq_term_25
                      1.1491400000e+01 least_sq_term_26
                     -8.0653800000e+00 least_sq_term_27



---------------------
Begin Evaluation    6
---------------------
Parameters for evaluation 6:
                      1.2997450259e+00 desired_speed
                      1.6163448514e-01 radius
                      4.1274229513e-01 time_gap
                      9.4589535416e+00 strength_neighbor
                      2.5216344085e-01 range_neighbor
                      5.3585595661e+00 strength_geometry
                      8.7376678713e-02 range_geometry

blocking fork: python3 driver_cq.py params.in results.out

Active response data for evaluation 6:
Active set vector = { 1 1 1 1 1 1 1 1 1 1 1 1 1 1 1 1 1 1 1 1 1 1 1 1 1 1 1 }
                     -8.3707400000e+00 least_sq_term_1
                     -3.0621500000e+00 least_sq_term_2
                      1.3903720000e+01 least_sq_term_3
                     -1.1956700000e+01 least_sq_term_4
                     -1.6489800000e+00 least_sq_term_5
                      8.9117600000e+00 least_sq_term_6
                     -1.4033620000e+01 least_sq_term_7
                      5.4146200000e+00 least_sq_term_8
                     -2.3071100000e+00 least_sq_term_9
                     -8.4579700000e+00 least_sq_term_10
                      6.9052000000e-01 least_sq_term_11
                      1.8887600000e+00 least_sq_term_12
                     -9.8999800000e+00 least_sq_term_13
                     -6.9950000000e-01 least_sq_term_14
                      7.2427300000e+00 least_sq_term_15
                     -1.4184280000e+01 least_sq_term_16
                      3.5004300000e+00 least_sq_term_17
                     -9.6618000000e-01 least_sq_term_18
                     -1.2208130000e+01 least_sq_term_19
                     -1.1419000000e+00 least_sq_term_20
                      5.1805300000e+00 least_sq_term_21
                     -1.2160840000e+01 least_sq_term_22
                     -1.2801100000e+00 least_sq_term_23
                      6.5034400000e+00 least_sq_term_24
                     -8.6610100000e+00 least_sq_term_25
                      5.6521000000e-01 least_sq_term_26
                      2.0422300000e+00 least_sq_term_27



---------------------
Begin Evaluation    7
---------------------
Parameters for evaluation 7:
                      1.7966084187e+00 desired_speed
                      1.0716621614e-01 radius
                      1.7904253323e+00 time_gap
                      9.5471669327e+00 strength_neighbor
                      2.4001530239e-01 range_neighbor
                      9.8876027236e+00 strength_geometry
                      7.6113231570e-02 range_geometry

blocking fork: python3 driver_cq.py params.in results.out

Active response data for evaluation 7:
Active set vector = { 1 1 1 1 1 1 1 1 1 1 1 1 1 1 1 1 1 1 1 1 1 1 1 1 1 1 1 }
                     -7.8986300000e+00 least_sq_term_1
                     -2.0884700000e+00 least_sq_term_2
                      7.7341500000e+00 least_sq_term_3
                     -1.1440370000e+01 least_sq_term_4
                     -8.0218000000e-01 least_sq_term_5
                      4.5871800000e+00 least_sq_term_6
                     -1.3905670000e+01 least_sq_term_7
                      2.4437000000e-01 least_sq_term_8
                     -1.5593000000e-01 least_sq_term_9
                     -8.3244200000e+00 least_sq_term_10
                     -2.3162100000e+00 least_sq_term_11
                      3.4592300000e+00 least_sq_term_12
                     -9.5139300000e+00 least_sq_term_13
                      1.0993000000e-01 least_sq_term_14
                      3.6110500000e+00 least_sq_term_15
                     -1.3940610000e+01 least_sq_term_16
                     -1.1212700000e+00 least_sq_term_17
                      3.1618000000e-01 least_sq_term_18
                     -1.1844670000e+01 least_sq_term_19
                     -9.9229000000e-01 least_sq_term_20
                      2.3119700000e+00 least_sq_term_21
                     -1.1668580000e+01 least_sq_term_22
                     -5.3682000000e-01 least_sq_term_23
                      3.2629500000e+00 least_sq_term_24
                     -8.0083800000e+00 least_sq_term_25
                      1.5311300000e+00 least_sq_term_26
                     -4.7491000000e-01 least_sq_term_27



---------------------
Begin Evaluation    8
---------------------
Parameters for evaluation 8:
                      9.9218363623e-01 desired_speed
                      1.1277758111e-01 radius
                      6.1302953305e-01 time_gap
                      2.6579415128e+00 strength_neighbor
                      3.9284013341e-01 range_neighbor
                      2.9927393381e+00 strength_geometry
                      8.3538145797e-02 range_geometry

blocking fork: python3 driver_cq.py params.in results.out

Active response data for evaluation 8:
Active set vector = { 1 1 1 1 1 1 1 1 1 1 1 1 1 1 1 1 1 1 1 1 1 1 1 1 1 1 1 }
                     -1.6064500000e+01 least_sq_term_1
                      2.1577200000e+00 least_sq_term_2
                      2.2847230000e+01 least_sq_term_3
                      3.2765700000e+00 least_sq_term_4
                     -1.8866000000e+00 least_sq_term_5
                      5.7941700000e+00 least_sq_term_6
                      1.8811000000e-01 least_sq_term_7
                      6.3512100000e+00 least_sq_term_8
                     -4.2860700000e+00 least_sq_term_9
                      8.7128000000e-01 least_sq_term_10
                      6.1585500000e+00 least_sq_term_11
                     -3.9014300000e+00 least_sq_term_12
                      3.7369200000e+00 least_sq_term_13
                     -7.0708000000e-01 least_sq_term_14
                      3.2035000000e+00 least_sq_term_15
                     -1.5422970000e+01 least_sq_term_16
                      8.7671200000e+00 least_sq_term_17
                     -2.2381100000e+00 least_sq_term_18
                      1.6541400000e+00 least_sq_term_19
                     -1.1108800000e+00 least_sq_term_20
                      4.3272000000e-01 least_sq_term_21
                      2.4289400000e+00 least_sq_term_22
                     -1.4433800000e+00 least_sq_term_23
                      3.7665500000e+00 least_sq_term_24
                      3.9272000000e+00 least_sq_term_25
                      9.8029000000e-01 least_sq_term_26
                     -2.7454000000e-01 least_sq_term_27



---------------------
Begin Evaluation    9
---------------------
Parameters for evaluation 9:
                      1.7199748711e+00 desired_speed
                      1.8895259192e-01 radius
                      3.4487807839e-01 time_gap
                      5.9340786605e+00 strength_neighbor
                      3.6169929989e-01 range_neighbor
                      7.9489790150e-01 strength_geometry
                      5.1456752675e-02 range_geometry

blocking fork: python3 driver_cq.py params.in results.out

Active response data for evaluation 9:
Active set vector = { 1 1 1 1 1 1 1 1 1 1 1 1 1 1 1 1 1 1 1 1 1 1 1 1 1 1 1 }
                     -1.6546640000e+01 least_sq_term_1
                     -3.0240000000e-01 least_sq_term_2
                      8.3688660000e+01 least_sq_term_3
                     -1.1569330000e+01 least_sq_term_4
                     -2.8952100000e+00 least_sq_term_5
                      1.5153790000e+01 least_sq_term_6
                     -1.6535190000e+01 least_sq_term_7
                      1.0385930000e+01 least_sq_term_8
                      1.5403700000e+00 least_sq_term_9
                     -1.4581800000e+01 least_sq_term_10
                      6.7461900000e+00 least_sq_term_11
                     -7.9378700000e+00 least_sq_term_12
                     -9.5139300000e+00 least_sq_term_13
                     -2.3068100000e+00 least_sq_term_14
                      9.1404800000e+00 least_sq_term_15
                     -1.6542710000e+01 least_sq_term_16
                      2.9548800000e+00 least_sq_term_17
                      6.7942600000e+00 least_sq_term_18
                     -1.1968310000e+01 least_sq_term_19
                     -2.0513600000e+00 least_sq_term_20
                      7.2168400000e+00 least_sq_term_21
                     -1.2668200000e+01 least_sq_term_22
                     -1.5093700000e+00 least_sq_term_23
                      7.4693100000e+00 least_sq_term_24
                     -1.3868440000e+01 least_sq_term_25
                      1.2467900000e+00 least_sq_term_26
                     -1.2906400000e+00 least_sq_term_27



---------------------
Begin Evaluation   10
---------------------
Parameters for evaluation 10:
                      1.1546085517e+00 desired_speed
                      1.5433704755e-01 radius
                      1.2117378640e+00 time_gap
                      4.1588390507e+00 strength_neighbor
                      1.3850284361e-01 range_neighbor
                      5.5788933997e+00 strength_geometry
                      3.3262785809e-02 range_geometry

blocking fork: python3 driver_cq.py params.in results.out

Active response data for evaluation 10:
Active set vector = { 1 1 1 1 1 1 1 1 1 1 1 1 1 1 1 1 1 1 1 1 1 1 1 1 1 1 1 }
                     -1.6065110000e+01 least_sq_term_1
                      1.9309800000e+00 least_sq_term_2
                      1.1234830000e+01 least_sq_term_3
                     -1.6404830000e+01 least_sq_term_4
                      3.2909800000e+00 least_sq_term_5
                      7.8927400000e+00 least_sq_term_6
                     -5.0505000000e-01 least_sq_term_7
                      3.3356100000e+00 least_sq_term_8
                     -3.5094000000e+00 least_sq_term_9
                      3.4069000000e-01 least_sq_term_10
                      3.6099300000e+00 least_sq_term_11
                     -2.7938200000e+00 least_sq_term_12
                     -1.5870050000e+01 least_sq_term_13
                      6.8988900000e+00 least_sq_term_14
                      4.3851400000e+00 least_sq_term_15
                     -1.2820500000e+00 least_sq_term_16
                     -1.0018000000e-01 least_sq_term_17
                     -1.1972200000e+00 least_sq_term_18
                     -1.9168700000e+00 least_sq_term_19
                      7.0182000000e-01 least_sq_term_20
                     -3.0698200000e+00 least_sq_term_21
                     -1.5539450000e+01 least_sq_term_22
                      8.0874800000e+00 least_sq_term_23
                     -2.2790000000e-02 least_sq_term_24
                     -1.6399630000e+01 least_sq_term_25
                      4.2214800000e+00 least_sq_term_26
                      2.9360900000e+00 least_sq_term_27



---------------------
Begin Evaluation   11
---------------------
Parameters for evaluation 11:
                      9.0642577333e-01 desired_speed
                      1.7690254335e-01 radius
                      1.0275912790e+00 time_gap
                      9.0127857008e+00 strength_neighbor
                      9.7254716985e-02 range_neighbor
                      9.5672177881e+00 strength_geometry
                      1.1961908911e-01 range_geometry

blocking fork: python3 driver_cq.py params.in results.out

Active response data for evaluation 11:
Active set vector = { 1 1 1 1 1 1 1 1 1 1 1 1 1 1 1 1 1 1 1 1 1 1 1 1 1 1 1 }
                     -1.6535300000e+01 least_sq_term_1
                      8.2314800000e+00 least_sq_term_2
                     -7.1384200000e+00 least_sq_term_3
                     -1.6666670000e+01 least_sq_term_4
                      4.2607100000e+00 least_sq_term_5
                      1.5060900000e+01 least_sq_term_6
                     -1.6666670000e+01 least_sq_term_7
                      1.0385930000e+01 least_sq_term_8
                     -5.9578400000e+00 least_sq_term_9
                     -1.6109400000e+01 least_sq_term_10
                      1.3750530000e+01 least_sq_term_11
                     -8.8880000000e+00 least_sq_term_12
                     -1.6666670000e+01 least_sq_term_13
                      2.3078700000e+00 least_sq_term_14
                      1.1603900000e+01 least_sq_term_15
                     -1.6666670000e+01 least_sq_term_16
                      7.2731700000e+00 least_sq_term_17
                     -5.4739100000e+00 least_sq_term_18
                     -1.6529420000e+01 least_sq_term_19
                      9.0219700000e+00 least_sq_term_20
                     -7.4970900000e+00 least_sq_term_21
                     -1.6666670000e+01 least_sq_term_22
                      6.3077200000e+00 least_sq_term_23
                      8.3888500000e+00 least_sq_term_24
                     -1.6100510000e+01 least_sq_term_25
                      1.3384210000e+01 least_sq_term_26
                     -9.0038200000e+00 least_sq_term_27



---------------------
Begin Evaluation   12
---------------------
Parameters for evaluation 12:
                      8.7974256399e-01 desired_speed
                      1.1740505312e-01 radius
                      1.8909969744e+00 time_gap
                      8.7892577779e+00 strength_neighbor
                      2.7439762122e-01 range_neighbor
                      7.2686709685e-01 strength_geometry
                      1.6620496920e-01 range_geometry

blocking fork: python3 driver_cq.py params.in results.out

Active response data for evaluation 12:
Active set vector = { 1 1 1 1 1 1 1 1 1 1 1 1 1 1 1 1 1 1 1 1 1 1 1 1 1 1 1 }
                     -1.6666670000e+01 least_sq_term_1
                     -1.0000000000e+01 least_sq_term_2
                     -1.0000000000e+01 least_sq_term_3
                     -1.6666670000e+01 least_sq_term_4
                     -1.0000000000e+01 least_sq_term_5
                     -1.0000000000e+01 least_sq_term_6
                     -1.6666670000e+01 least_sq_term_7
                     -1.0000000000e+01 least_sq_term_8
                     -1.0000000000e+01 least_sq_term_9
                     -1.6666670000e+01 least_sq_term_10
                     -1.0000000000e+01 least_sq_term_11
                     -1.0000000000e+01 least_sq_term_12
                     -1.6666670000e+01 least_sq_term_13
                     -1.0000000000e+01 least_sq_term_14
                     -1.0000000000e+01 least_sq_term_15
                     -1.6666670000e+01 least_sq_term_16
                     -1.0000000000e+01 least_sq_term_17
                     -1.0000000000e+01 least_sq_term_18
                     -1.6666670000e+01 least_sq_term_19
                     -1.0000000000e+01 least_sq_term_20
                     -1.0000000000e+01 least_sq_term_21
                     -1.6666670000e+01 least_sq_term_22
                     -1.0000000000e+01 least_sq_term_23
                     -1.0000000000e+01 least_sq_term_24
                     -1.6666670000e+01 least_sq_term_25
                     -1.0000000000e+01 least_sq_term_26
                     -1.0000000000e+01 least_sq_term_27



---------------------
Begin Evaluation   13
---------------------
Parameters for evaluation 13:
                      1.3052144785e+00 desired_speed
                      1.8549865162e-01 radius
                      1.7425261692e+00 time_gap
                      7.3560514274e+00 strength_neighbor
                      3.1283359556e-01 range_neighbor
                      6.8475733313e+00 strength_geometry
                      3.0215026324e-02 range_geometry

blocking fork: python3 driver_cq.py params.in results.out

Active response data for evaluation 13:
Active set vector = { 1 1 1 1 1 1 1 1 1 1 1 1 1 1 1 1 1 1 1 1 1 1 1 1 1 1 1 }
                     -8.0129500000e+00 least_sq_term_1
                     -3.8252300000e+00 least_sq_term_2
                      6.1238400000e+00 least_sq_term_3
                     -1.1562490000e+01 least_sq_term_4
                     -2.7268900000e+00 least_sq_term_5
                      4.2416000000e+00 least_sq_term_6
                     -1.4955190000e+01 least_sq_term_7
                      3.7425300000e+00 least_sq_term_8
                     -5.7060300000e+00 least_sq_term_9
                     -1.5971250000e+01 least_sq_term_10
                      6.2352400000e+00 least_sq_term_11
                     -8.7246000000e+00 least_sq_term_12
                     -9.5043400000e+00 least_sq_term_13
                     -1.8051700000e+00 least_sq_term_14
                      1.4515000000e+00 least_sq_term_15
                     -1.4804250000e+01 least_sq_term_16
                      1.5049100000e+00 least_sq_term_17
                     -5.1753800000e+00 least_sq_term_18
                     -1.1836580000e+01 least_sq_term_19
                     -2.9876600000e+00 least_sq_term_20
                     -5.2892000000e-01 least_sq_term_21
                     -1.1785360000e+01 least_sq_term_22
                     -2.4847700000e+00 least_sq_term_23
                      2.3459300000e+00 least_sq_term_24
                     -8.1301600000e+00 least_sq_term_25
                     -1.3308600000e+00 least_sq_term_26
                     -2.4346900000e+00 least_sq_term_27



---------------------
Begin Evaluation   14
---------------------
Parameters for evaluation 14:
                      1.2526889027e+00 desired_speed
                      1.4988337083e-01 radius
                      1.6184617437e+00 time_gap
                      7.5088772585e+00 strength_neighbor
                      1.9884847868e-01 range_neighbor
                      6.2411472780e+00 strength_geometry
                      1.9404550757e-02 range_geometry

blocking fork: python3 driver_cq.py params.in results.out

Active response data for evaluation 14:
Active set vector = { 1 1 1 1 1 1 1 1 1 1 1 1 1 1 1 1 1 1 1 1 1 1 1 1 1 1 1 }
                     -3.8644500000e+00 least_sq_term_1
                     -9.7173000000e-01 least_sq_term_2
                      2.3195200000e+00 least_sq_term_3
                     -1.2004800000e+00 least_sq_term_4
                     -5.3561000000e-01 least_sq_term_5
                      2.7270600000e+00 least_sq_term_6
                     -1.3901970000e+01 least_sq_term_7
                      6.1824200000e+00 least_sq_term_8
                     -5.9618500000e+00 least_sq_term_9
                     -8.4552200000e+00 least_sq_term_10
                      6.2946700000e+00 least_sq_term_11
                     -6.8931100000e+00 least_sq_term_12
                     -2.3246700000e+00 least_sq_term_13
                      9.9131000000e-01 least_sq_term_14
                     -8.3099000000e-01 least_sq_term_15
                     -1.8370100000e+00 least_sq_term_16
                     -2.1968500000e+00 least_sq_term_17
                      1.1969100000e+00 least_sq_term_18
                     -2.3333300000e+00 least_sq_term_19
                     -5.0019000000e-01 least_sq_term_20
                     -1.5928700000e+00 least_sq_term_21
                     -1.8094100000e+00 least_sq_term_22
                     -2.2519000000e-01 least_sq_term_23
                      7.4088000000e-01 least_sq_term_24
                     -1.1095000000e+00 least_sq_term_25
                      2.6906700000e+00 least_sq_term_26
                     -3.4191200000e+00 least_sq_term_27



---------------------
Begin Evaluation   15
---------------------
Parameters for evaluation 15:
                      1.4316233415e+00 desired_speed
                      1.3424323317e-01 radius
                      1.4374694849e+00 time_gap
                      1.3685791421e+00 strength_neighbor
                      2.3857820870e-02 range_neighbor
                      8.0082771949e+00 strength_geometry
                      1.2402802699e-01 range_geometry

blocking fork: python3 driver_cq.py params.in results.out

Active response data for evaluation 15:
Active set vector = { 1 1 1 1 1 1 1 1 1 1 1 1 1 1 1 1 1 1 1 1 1 1 1 1 1 1 1 }
                     -1.6666670000e+01 least_sq_term_1
                      8.6131000000e-01 least_sq_term_2
                      9.1860700000e+00 least_sq_term_3
                     -1.6666670000e+01 least_sq_term_4
                      4.2607100000e+00 least_sq_term_5
                      7.4988900000e+00 least_sq_term_6
                     -1.6666670000e+01 least_sq_term_7
                      1.0385930000e+01 least_sq_term_8
                     -4.7765900000e+00 least_sq_term_9
                     -1.6666670000e+01 least_sq_term_10
                      5.6516300000e+00 least_sq_term_11
                     -4.8062300000e+00 least_sq_term_12
                     -1.6666670000e+01 least_sq_term_13
                      2.3078700000e+00 least_sq_term_14
                      9.9971400000e+00 least_sq_term_15
                     -1.6666670000e+01 least_sq_term_16
                      7.2731700000e+00 least_sq_term_17
                     -4.1812400000e+00 least_sq_term_18
                     -1.6666670000e+01 least_sq_term_19
                      3.7562000000e-01 least_sq_term_20
                     -1.3176900000e+00 least_sq_term_21
                     -1.6666670000e+01 least_sq_term_22
                      6.3077200000e+00 least_sq_term_23
                      3.4187500000e+00 least_sq_term_24
                     -1.6666670000e+01 least_sq_term_25
                      4.4800500000e+00 least_sq_term_26
                      5.1109000000e-01 least_sq_term_27



---------------------
Begin Evaluation   16
---------------------
Parameters for evaluation 16:
                      1.4616520221e+00 desired_speed
                      1.7279043207e-01 radius
                      1.2073552946e+00 time_gap
                      7.8915878438e+00 strength_neighbor
                      1.8817738882e-01 range_neighbor
                      1.3865835074e+00 strength_geometry
                      1.3658009309e-01 range_geometry

blocking fork: python3 driver_cq.py params.in results.out

Active response data for evaluation 16:
Active set vector = { 1 1 1 1 1 1 1 1 1 1 1 1 1 1 1 1 1 1 1 1 1 1 1 1 1 1 1 }
                     -1.6666670000e+01 least_sq_term_1
                     -1.0000000000e+01 least_sq_term_2
                     -1.0000000000e+01 least_sq_term_3
                     -1.1435120000e+01 least_sq_term_4
                     -1.9920000000e-01 least_sq_term_5
                      2.5620200000e+00 least_sq_term_6
                     -1.3772250000e+01 least_sq_term_7
                      5.5321300000e+00 least_sq_term_8
                     -3.3437800000e+00 least_sq_term_9
                     -1.6666670000e+01 least_sq_term_10
                     -1.0000000000e+01 least_sq_term_11
                     -1.0000000000e+01 least_sq_term_12
                     -9.3741500000e+00 least_sq_term_13
                      1.0254800000e+00 least_sq_term_14
                      1.3955800000e+00 least_sq_term_15
                     -1.3813830000e+01 least_sq_term_16
                      1.7791000000e+00 least_sq_term_17
                     -1.1641800000e+00 least_sq_term_18
                     -1.1839820000e+01 least_sq_term_19
                     -6.6660000000e-02 least_sq_term_20
                     -3.1218000000e-01 least_sq_term_21
                     -1.1663550000e+01 least_sq_term_22
                      4.6655000000e-01 least_sq_term_23
                      1.6654100000e+00 least_sq_term_24
                     -1.6666670000e+01 least_sq_term_25
                     -1.0000000000e+01 least_sq_term_26
                     -1.0000000000e+01 least_sq_term_27



---------------------
Begin Evaluation   17
---------------------
Parameters for evaluation 17:
                      1.5011816780e+00 desired_speed
                      1.1948494653e-01 radius
                      1.4096136585e+00 time_gap
                      1.0278634529e+00 strength_neighbor
                      8.7049891008e-02 range_neighbor
                      8.6021652694e+00 strength_geometry
                      1.5387769094e-01 range_geometry

blocking fork: python3 driver_cq.py params.in results.out

Active response data for evaluation 17:
Active set vector = { 1 1 1 1 1 1 1 1 1 1 1 1 1 1 1 1 1 1 1 1 1 1 1 1 1 1 1 }
                     -1.6666670000e+01 least_sq_term_1
                      8.6131000000e-01 least_sq_term_2
                      1.1673960000e+01 least_sq_term_3
                     -1.6666670000e+01 least_sq_term_4
                      4.2607100000e+00 least_sq_term_5
                      1.3284240000e+01 least_sq_term_6
                     -1.6666670000e+01 least_sq_term_7
                      1.0385930000e+01 least_sq_term_8
                     -4.1936600000e+00 least_sq_term_9
                     -1.6666670000e+01 least_sq_term_10
                      5.6516300000e+00 least_sq_term_11
                     -2.7876000000e+00 least_sq_term_12
                     -1.6666670000e+01 least_sq_term_13
                      2.3078700000e+00 least_sq_term_14
                      1.1071190000e+01 least_sq_term_15
                     -1.6666670000e+01 least_sq_term_16
                      7.2731700000e+00 least_sq_term_17
                     -4.0817700000e+00 least_sq_term_18
                     -1.6666670000e+01 least_sq_term_19
                      3.7562000000e-01 least_sq_term_20
                      2.1852000000e+00 least_sq_term_21
                     -1.6666670000e+01 least_sq_term_22
                      6.3077200000e+00 least_sq_term_23
                      5.1251000000e+00 least_sq_term_24
                     -1.6666670000e+01 least_sq_term_25
                      4.4800500000e+00 least_sq_term_26
                      4.5205200000e+00 least_sq_term_27



---------------------
Begin Evaluation   18
---------------------
Parameters for evaluation 18:
                      9.1685330983e-01 desired_speed
                      1.2301301634e-01 radius
                      9.2843509369e-01 time_gap
                      3.2041650493e+00 strength_neighbor
                      2.0034277531e-01 range_neighbor
                      6.5170365147e+00 strength_geometry
                      1.8651793503e-01 range_geometry

blocking fork: python3 driver_cq.py params.in results.out

Active response data for evaluation 18:
Active set vector = { 1 1 1 1 1 1 1 1 1 1 1 1 1 1 1 1 1 1 1 1 1 1 1 1 1 1 1 }
                     -1.6666670000e+01 least_sq_term_1
                      8.6131000000e-01 least_sq_term_2
                      3.6405120000e+01 least_sq_term_3
                     -1.6666670000e+01 least_sq_term_4
                      4.2607100000e+00 least_sq_term_5
                      1.8461520000e+01 least_sq_term_6
                     -1.6666670000e+01 least_sq_term_7
                      1.0385930000e+01 least_sq_term_8
                     -2.3791000000e+00 least_sq_term_9
                     -1.2625130000e+01 least_sq_term_10
                      2.7936440000e+01 least_sq_term_11
                     -8.5290500000e+00 least_sq_term_12
                     -1.6666670000e+01 least_sq_term_13
                      2.3078700000e+00 least_sq_term_14
                      2.0870520000e+01 least_sq_term_15
                     -1.6666670000e+01 least_sq_term_16
                      7.2731700000e+00 least_sq_term_17
                     -1.5294800000e+00 least_sq_term_18
                     -1.6666670000e+01 least_sq_term_19
                      3.7562000000e-01 least_sq_term_20
                      1.0985670000e+01 least_sq_term_21
                     -1.6666670000e+01 least_sq_term_22
                      6.3077200000e+00 least_sq_term_23
                      1.5373850000e+01 least_sq_term_24
                     -1.6666670000e+01 least_sq_term_25
                      4.4800500000e+00 least_sq_term_26
                      1.1801410000e+01 least_sq_term_27



---------------------
Begin Evaluation   19
---------------------
Parameters for evaluation 19:
                      1.2032893886e+00 desired_speed
                      1.0423243135e-01 radius
                      3.0140884986e-01 time_gap
                      4.8255004908e+00 strength_neighbor
                      3.2094263394e-01 range_neighbor
                      9.0320682614e+00 strength_geometry
                      1.7537396861e-01 range_geometry

blocking fork: python3 driver_cq.py params.in results.out

Active response data for evaluation 19:
Active set vector = { 1 1 1 1 1 1 1 1 1 1 1 1 1 1 1 1 1 1 1 1 1 1 1 1 1 1 1 }
                     -1.6542270000e+01 least_sq_term_1
                      2.8008300000e+00 least_sq_term_2
                      1.6329400000e+00 least_sq_term_3
                     -1.6666670000e+01 least_sq_term_4
                      4.2607100000e+00 least_sq_term_5
                      4.9879110000e+01 least_sq_term_6
                     -1.6401230000e+01 least_sq_term_7
                      1.5546110000e+01 least_sq_term_8
                     -6.7015600000e+00 least_sq_term_9
                     -1.0960410000e+01 least_sq_term_10
                      8.1971100000e+00 least_sq_term_11
                     -4.5192700000e+00 least_sq_term_12
                     -1.6666670000e+01 least_sq_term_13
                      2.3078700000e+00 least_sq_term_14
                      4.3861070000e+01 least_sq_term_15
                     -1.6291030000e+01 least_sq_term_16
                      1.1796010000e+01 least_sq_term_17
                     -7.4725500000e+00 least_sq_term_18
                     -1.6541690000e+01 least_sq_term_19
                      5.5634300000e+00 least_sq_term_20
                     -4.3116500000e+00 least_sq_term_21
                     -1.6666670000e+01 least_sq_term_22
                      6.3077200000e+00 least_sq_term_23
                      4.1603200000e+01 least_sq_term_24
                     -1.5594210000e+01 least_sq_term_25
                      7.4525500000e+00 least_sq_term_26
                     -5.1366700000e+00 least_sq_term_27



---------------------
Begin Evaluation   20
---------------------
Parameters for evaluation 20:
                      1.7003954174e+00 desired_speed
                      1.9604906351e-01 radius
                      7.7927549649e-01 time_gap
                      2.2412288244e+00 strength_neighbor
                      3.4681164372e-01 range_neighbor
                      8.3084555330e+00 strength_geometry
                      1.9812599568e-01 range_geometry

blocking fork: python3 driver_cq.py params.in results.out

Active response data for evaluation 20:
Active set vector = { 1 1 1 1 1 1 1 1 1 1 1 1 1 1 1 1 1 1 1 1 1 1 1 1 1 1 1 }
                     -1.6666670000e+01 least_sq_term_1
                      8.6131000000e-01 least_sq_term_2
                      4.4170880000e+01 least_sq_term_3
                     -1.6666670000e+01 least_sq_term_4
                      4.2607100000e+00 least_sq_term_5
                      1.9068590000e+01 least_sq_term_6
                     -1.6666670000e+01 least_sq_term_7
                      1.0385930000e+01 least_sq_term_8
                     -6.6818500000e+00 least_sq_term_9
                     -1.6527680000e+01 least_sq_term_10
                      7.3907000000e+00 least_sq_term_11
                     -8.4393100000e+00 least_sq_term_12
                     -1.6666670000e+01 least_sq_term_13
                      2.3078700000e+00 least_sq_term_14
                      2.7155950000e+01 least_sq_term_15
                     -1.6666670000e+01 least_sq_term_16
                      7.2731700000e+00 least_sq_term_17
                     -6.4965500000e+00 least_sq_term_18
                     -1.6666670000e+01 least_sq_term_19
                      3.7562000000e-01 least_sq_term_20
                      8.8647400000e+00 least_sq_term_21
                     -1.6666670000e+01 least_sq_term_22
                      6.3077200000e+00 least_sq_term_23
                      1.1505160000e+01 least_sq_term_24
                     -1.6666670000e+01 least_sq_term_25
                      4.4800500000e+00 least_sq_term_26
                      2.5696000000e+00 least_sq_term_27



---------------------
Begin Evaluation   21
---------------------
Parameters for evaluation 21:
                      1.4013738578e+00 desired_speed
                      1.7972178781e-01 radius
                      4.6868573240e-01 time_gap
                      4.3459756528e+00 strength_neighbor
                      7.4643181360e-02 range_neighbor
                      6.0377444317e+00 strength_geometry
                      5.8252698121e-02 range_geometry

blocking fork: python3 driver_cq.py params.in results.out

Active response data for evaluation 21:
Active set vector = { 1 1 1 1 1 1 1 1 1 1 1 1 1 1 1 1 1 1 1 1 1 1 1 1 1 1 1 }
                     -1.6545950000e+01 least_sq_term_1
                      2.4129200000e+00 least_sq_term_2
                      1.9770560000e+01 least_sq_term_3
                     -1.5354380000e+01 least_sq_term_4
                      8.3213900000e+00 least_sq_term_5
                      3.2157800000e+00 least_sq_term_6
                     -1.3764480000e+01 least_sq_term_7
                      7.5658700000e+00 least_sq_term_8
                     -4.5806400000e+00 least_sq_term_9
                     -1.6527580000e+01 least_sq_term_10
                      9.1297700000e+00 least_sq_term_11
                     -4.6639400000e+00 least_sq_term_12
                     -1.5068070000e+01 least_sq_term_13
                      1.2683400000e+01 least_sq_term_14
                     -1.6549300000e+00 least_sq_term_15
                     -1.3792640000e+01 least_sq_term_16
                      5.1194700000e+00 least_sq_term_17
                     -3.9475300000e+00 least_sq_term_18
                     -1.3930990000e+01 least_sq_term_19
                      6.7533600000e+00 least_sq_term_20
                     -7.5111300000e+00 least_sq_term_21
                     -1.6415920000e+01 least_sq_term_22
                      9.0731900000e+00 least_sq_term_23
                      7.8898900000e+00 least_sq_term_24
                     -1.4525370000e+01 least_sq_term_25
                      1.2823830000e+01 least_sq_term_26
                     -3.3861100000e+00 least_sq_term_27



---------------------
Begin Evaluation   22
---------------------
Parameters for evaluation 22:
                      1.6022204732e+00 desired_speed
                      1.3928934526e-01 radius
                      1.0747785530e+00 time_gap
                      6.2062026787e+00 strength_neighbor
                      3.7901945489e-01 range_neighbor
                      7.4113760790e+00 strength_geometry
                      3.7661206312e-02 range_geometry

blocking fork: python3 driver_cq.py params.in results.out

Active response data for evaluation 22:
Active set vector = { 1 1 1 1 1 1 1 1 1 1 1 1 1 1 1 1 1 1 1 1 1 1 1 1 1 1 1 }
                     -8.0187400000e+00 least_sq_term_1
                     -3.8408700000e+00 least_sq_term_2
                      1.3934120000e+01 least_sq_term_3
                     -1.1569330000e+01 least_sq_term_4
                     -2.5986300000e+00 least_sq_term_5
                      1.0584750000e+01 least_sq_term_6
                     -1.6403630000e+01 least_sq_term_7
                      9.3241600000e+00 least_sq_term_8
                     -4.5869300000e+00 least_sq_term_9
                     -1.6249410000e+01 least_sq_term_10
                      9.2385700000e+00 least_sq_term_11
                     -8.9938900000e+00 least_sq_term_12
                     -9.6440400000e+00 least_sq_term_13
                     -1.8588700000e+00 least_sq_term_14
                      7.8654200000e+00 least_sq_term_15
                     -1.6542670000e+01 least_sq_term_16
                      2.9548800000e+00 least_sq_term_17
                     -2.1202400000e+00 least_sq_term_18
                     -1.1841440000e+01 least_sq_term_19
                     -2.7696900000e+00 least_sq_term_20
                      3.7534900000e+00 least_sq_term_21
                     -1.1790260000e+01 least_sq_term_22
                     -2.3437800000e+00 least_sq_term_23
                      8.6431000000e+00 least_sq_term_24
                     -8.1387300000e+00 least_sq_term_25
                     -1.3060900000e+00 least_sq_term_26
                      1.8535600000e+00 least_sq_term_27



---------------------
Begin Evaluation   23
---------------------
Parameters for evaluation 23:
                      1.2301843888e+00 desired_speed
                      1.2525934176e-01 radius
                      1.1333741849e+00 time_gap
                      7.0902621041e+00 strength_neighbor
                      4.3689736960e-02 range_neighbor
                      5.0002061352e+00 strength_geometry
                      1.4863316861e-02 range_geometry

blocking fork: python3 driver_cq.py params.in results.out

Active response data for evaluation 23:
Active set vector = { 1 1 1 1 1 1 1 1 1 1 1 1 1 1 1 1 1 1 1 1 1 1 1 1 1 1 1 }
                     -4.1509000000e-01 least_sq_term_1
                     -1.6316900000e+00 least_sq_term_2
                     -3.4271100000e+00 least_sq_term_3
                      6.9632000000e-01 least_sq_term_4
                     -2.4138000000e+00 least_sq_term_5
                     -4.3070400000e+00 least_sq_term_6
                      1.4124300000e+00 least_sq_term_7
                      4.0214800000e+00 least_sq_term_8
                     -3.3358100000e+00 least_sq_term_9
                      2.6641900000e+00 least_sq_term_10
                      4.8846300000e+00 least_sq_term_11
                     -2.8167800000e+00 least_sq_term_12
                      1.2467200000e+00 least_sq_term_13
                     -3.7215000000e-01 least_sq_term_14
                     -5.5725500000e+00 least_sq_term_15
                      1.8983000000e-01 least_sq_term_16
                      1.9292800000e+00 least_sq_term_17
                     -2.2786700000e+00 least_sq_term_18
                      1.1478000000e-01 least_sq_term_19
                      1.5560000000e-01 least_sq_term_20
                     -3.8964800000e+00 least_sq_term_21
                      1.1353000000e-01 least_sq_term_22
                     -1.8965600000e+00 least_sq_term_23
                     -4.9423400000e+00 least_sq_term_24
                      1.3099200000e+00 least_sq_term_25
                      2.5871700000e+00 least_sq_term_26
                     -5.9270900000e+00 least_sq_term_27



---------------------
Begin Evaluation   24
---------------------
Parameters for evaluation 24:
                      1.6409468463e+00 desired_speed
                      1.8289826462e-01 radius
                      1.3232435456e+00 time_gap
                      4.7029755987e+00 strength_neighbor
                      7.0614812220e-02 range_neighbor
                      4.5866094475e+00 strength_geometry
                      1.1009388706e-01 range_geometry

blocking fork: python3 driver_cq.py params.in results.out

Active response data for evaluation 24:
Active set vector = { 1 1 1 1 1 1 1 1 1 1 1 1 1 1 1 1 1 1 1 1 1 1 1 1 1 1 1 }
                     -1.6282830000e+01 least_sq_term_1
                      6.0108200000e+00 least_sq_term_2
                     -5.0829300000e+00 least_sq_term_3
                     -1.4512910000e+01 least_sq_term_4
                      8.2867000000e+00 least_sq_term_5
                     -8.3588900000e+00 least_sq_term_6
                     -1.6257450000e+01 least_sq_term_7
                      1.6493950000e+01 least_sq_term_8
                     -9.0611900000e+00 least_sq_term_9
                     -1.6527630000e+01 least_sq_term_10
                      7.3907000000e+00 least_sq_term_11
                     -8.2495900000e+00 least_sq_term_12
                     -1.6389020000e+01 least_sq_term_13
                      1.5211160000e+01 least_sq_term_14
                     -8.4668000000e+00 least_sq_term_15
                     -1.6404070000e+01 least_sq_term_16
                      1.1390740000e+01 least_sq_term_17
                     -8.9543800000e+00 least_sq_term_18
                     -1.6006220000e+01 least_sq_term_19
                      1.0087900000e+01 least_sq_term_20
                     -8.2267000000e+00 least_sq_term_21
                     -1.4973710000e+01 least_sq_term_22
                      9.6568800000e+00 least_sq_term_23
                     -8.4958200000e+00 least_sq_term_24
                     -1.6526520000e+01 least_sq_term_25
                      7.9276800000e+00 least_sq_term_26
                     -7.1661700000e+00 least_sq_term_27



---------------------
Begin Evaluation   25
---------------------
Parameters for evaluation 25:
                      1.1709482790e+00 desired_speed
                      1.6673418489e-01 radius
                      2.3276105423e-01 time_gap
                      8.6990356813e+00 strength_neighbor
                      5.3083652322e-02 range_neighbor
                      2.7469447409e+00 strength_geometry
                      1.8086127105e-01 range_geometry

blocking fork: python3 driver_cq.py params.in results.out

Active response data for evaluation 25:
Active set vector = { 1 1 1 1 1 1 1 1 1 1 1 1 1 1 1 1 1 1 1 1 1 1 1 1 1 1 1 }
                     -1.5088330000e+01 least_sq_term_1
                      9.5004500000e+00 least_sq_term_2
                      8.4880000000e-02 least_sq_term_3
                     -1.5869650000e+01 least_sq_term_4
                      1.0883080000e+01 least_sq_term_5
                     -3.3245600000e+00 least_sq_term_6
                     -1.5339920000e+01 least_sq_term_7
                      2.2415120000e+01 least_sq_term_8
                     -5.4575500000e+00 least_sq_term_9
                     -9.7078200000e+00 least_sq_term_10
                      1.3089770000e+01 least_sq_term_11
                     -5.1165600000e+00 least_sq_term_12
                     -1.5191850000e+01 least_sq_term_13
                      1.4725490000e+01 least_sq_term_14
                     -6.0785400000e+00 least_sq_term_15
                     -1.5135100000e+01 least_sq_term_16
                      1.8801470000e+01 least_sq_term_17
                     -6.3573900000e+00 least_sq_term_18
                     -1.4161120000e+01 least_sq_term_19
                      1.0584050000e+01 least_sq_term_20
                     -4.4393700000e+00 least_sq_term_21
                     -1.5780430000e+01 least_sq_term_22
                      1.1050610000e+01 least_sq_term_23
                     -5.6988700000e+00 least_sq_term_24
                     -1.3704460000e+01 least_sq_term_25
                      1.6557530000e+01 least_sq_term_26
                     -5.9183900000e+00 least_sq_term_27



---------------------
Begin Evaluation   26
---------------------
Parameters for evaluation 26:
                      1.6667820764e+00 desired_speed
                      1.0174663308e-01 radius
                      1.7089269181e+00 time_gap
                      8.1365895884e+00 strength_neighbor
                      1.6662393163e-01 range_neighbor
                      1.0570986702e+00 strength_geometry
                      1.7347573335e-01 range_geometry

blocking fork: python3 driver_cq.py params.in results.out

Active response data for evaluation 26:
Active set vector = { 1 1 1 1 1 1 1 1 1 1 1 1 1 1 1 1 1 1 1 1 1 1 1 1 1 1 1 }
                     -1.6666670000e+01 least_sq_term_1
                     -1.0000000000e+01 least_sq_term_2
                     -1.0000000000e+01 least_sq_term_3
                     -1.6666670000e+01 least_sq_term_4
                     -1.0000000000e+01 least_sq_term_5
                     -1.0000000000e+01 least_sq_term_6
                      3.7340600000e+00 least_sq_term_7
                      4.0604600000e+00 least_sq_term_8
                     -2.5104200000e+00 least_sq_term_9
                     -1.6666670000e+01 least_sq_term_10
                     -1.0000000000e+01 least_sq_term_11
                     -1.0000000000e+01 least_sq_term_12
                     -1.6666670000e+01 least_sq_term_13
                     -1.0000000000e+01 least_sq_term_14
                     -1.0000000000e+01 least_sq_term_15
                     -1.6666670000e+01 least_sq_term_16
                     -1.0000000000e+01 least_sq_term_17
                     -1.0000000000e+01 least_sq_term_18
                     -1.6666670000e+01 least_sq_term_19
                     -1.0000000000e+01 least_sq_term_20
                     -1.0000000000e+01 least_sq_term_21
                     -1.6666670000e+01 least_sq_term_22
                     -1.0000000000e+01 least_sq_term_23
                     -1.0000000000e+01 least_sq_term_24
                     -1.6666670000e+01 least_sq_term_25
                     -1.0000000000e+01 least_sq_term_26
                     -1.0000000000e+01 least_sq_term_27



---------------------
Begin Evaluation   27
---------------------
Parameters for evaluation 27:
                      1.0947706628e+00 desired_speed
                      1.3842636874e-01 radius
                      1.0008667009e-01 time_gap
                      2.8064970956e+00 strength_neighbor
                      2.6650096649e-01 range_neighbor
                      1.6817839146e+00 strength_geometry
                      2.5588605452e-02 range_geometry

blocking fork: python3 driver_cq.py params.in results.out

Active response data for evaluation 27:
Active set vector = { 1 1 1 1 1 1 1 1 1 1 1 1 1 1 1 1 1 1 1 1 1 1 1 1 1 1 1 }
                     -1.5222930000e+01 least_sq_term_1
                      3.9934900000e+00 least_sq_term_2
                      2.9323290000e+01 least_sq_term_3
                      2.2022020000e+01 least_sq_term_4
                     -1.9730100000e+00 least_sq_term_5
                      1.0570680000e+01 least_sq_term_6
                     -1.5085780000e+01 least_sq_term_7
                      1.4116840000e+01 least_sq_term_8
                     -4.3023800000e+00 least_sq_term_9
                     -1.4578310000e+01 least_sq_term_10
                      1.4917030000e+01 least_sq_term_11
                     -8.8018600000e+00 least_sq_term_12
                     -1.3479140000e+01 least_sq_term_13
                      6.8736900000e+00 least_sq_term_14
                      6.2279600000e+00 least_sq_term_15
                     -1.6045240000e+01 least_sq_term_16
                      1.4476690000e+01 least_sq_term_17
                     -2.6220500000e+00 least_sq_term_18
                     -1.6170770000e+01 least_sq_term_19
                      4.5042500000e+00 least_sq_term_20
                      2.7961630000e+01 least_sq_term_21
                      1.9773180000e+01 least_sq_term_22
                     -1.4547400000e+00 least_sq_term_23
                      8.3829200000e+00 least_sq_term_24
                     -1.3328740000e+01 least_sq_term_25
                      7.8112100000e+00 least_sq_term_26
                      5.3486800000e+00 least_sq_term_27



---------------------
Begin Evaluation   28
---------------------
Parameters for evaluation 28:
                      8.2931055891e-01 desired_speed
                      1.4490448015e-01 radius
                      5.3589681748e-01 time_gap
                      8.3037448055e+00 strength_neighbor
                      1.3076382557e-01 range_neighbor
                      4.0653271790e+00 strength_geometry
                      1.4671807383e-01 range_geometry

blocking fork: python3 driver_cq.py params.in results.out

Active response data for evaluation 28:
Active set vector = { 1 1 1 1 1 1 1 1 1 1 1 1 1 1 1 1 1 1 1 1 1 1 1 1 1 1 1 }
                     -1.0016100000e+01 least_sq_term_1
                      2.6433100000e+00 least_sq_term_2
                      1.2077000000e+00 least_sq_term_3
                     -1.3625930000e+01 least_sq_term_4
                      5.2929400000e+00 least_sq_term_5
                     -1.4021700000e+00 least_sq_term_6
                     -1.4286560000e+01 least_sq_term_7
                      1.1849340000e+01 least_sq_term_8
                     -5.0793400000e+00 least_sq_term_9
                     -8.7202900000e+00 least_sq_term_10
                      1.0384290000e+01 least_sq_term_11
                     -4.6685400000e+00 least_sq_term_12
                     -1.1726020000e+01 least_sq_term_13
                      6.6653700000e+00 least_sq_term_14
                     -2.4705100000e+00 least_sq_term_15
                     -1.4290060000e+01 least_sq_term_16
                      8.7281200000e+00 least_sq_term_17
                     -4.5803200000e+00 least_sq_term_18
                     -1.2800130000e+01 least_sq_term_19
                      4.9594300000e+00 least_sq_term_20
                     -2.7981700000e+00 least_sq_term_21
                     -1.3771440000e+01 least_sq_term_22
                      5.7341100000e+00 least_sq_term_23
                     -1.2324800000e+00 least_sq_term_24
                     -9.8228700000e+00 least_sq_term_25
                      8.3511300000e+00 least_sq_term_26
                     -4.4336300000e+00 least_sq_term_27



---------------------
Begin Evaluation   29
---------------------
Parameters for evaluation 29:
                      9.4899269154e-01 desired_speed
                      1.8782256898e-01 radius
                      1.6408722893e+00 time_gap
                      3.4857633834e+00 strength_neighbor
                      3.4759332922e-01 range_neighbor
                      7.2946178521e+00 strength_geometry
                      1.1092334499e-01 range_geometry

blocking fork: python3 driver_cq.py params.in results.out

Active response data for evaluation 29:
Active set vector = { 1 1 1 1 1 1 1 1 1 1 1 1 1 1 1 1 1 1 1 1 1 1 1 1 1 1 1 }
                     -1.6543800000e+01 least_sq_term_1
                      8.5500000000e-02 least_sq_term_2
                      2.1888000000e+00 least_sq_term_3
                     -1.6533100000e+01 least_sq_term_4
                      2.1216000000e+00 least_sq_term_5
                     -2.6644800000e+00 least_sq_term_6
                     -1.5335880000e+01 least_sq_term_7
                      1.0027180000e+01 least_sq_term_8
                     -8.8338800000e+00 least_sq_term_9
                     -1.6527400000e+01 least_sq_term_10
                      9.1297700000e+00 least_sq_term_11
                     -8.5031300000e+00 least_sq_term_12
                     -1.5718510000e+01 least_sq_term_13
                      4.1190300000e+00 least_sq_term_14
                     -6.8066400000e+00 least_sq_term_15
                     -1.6538510000e+01 least_sq_term_16
                      5.1140200000e+00 least_sq_term_17
                     -7.6867400000e+00 least_sq_term_18
                     -1.4492690000e+01 least_sq_term_19
                      2.0582000000e+00 least_sq_term_20
                     -7.3383500000e+00 least_sq_term_21
                     -1.6414230000e+01 least_sq_term_22
                      3.6940300000e+00 least_sq_term_23
                     -6.3631200000e+00 least_sq_term_24
                     -1.6125340000e+01 least_sq_term_25
                      5.8489100000e+00 least_sq_term_26
                     -6.3169800000e+00 least_sq_term_27



---------------------
Begin Evaluation   30
---------------------
Parameters for evaluation 30:
                      1.4789252562e+00 desired_speed
                      1.0970037777e-01 radius
                      1.8990110779e+00 time_gap
                      5.7281566913e+00 strength_neighbor
                      2.2912016868e-01 range_neighbor
                      2.0035328983e+00 strength_geometry
                      1.5092486216e-01 range_geometry

blocking fork: python3 driver_cq.py params.in results.out

Active response data for evaluation 30:
Active set vector = { 1 1 1 1 1 1 1 1 1 1 1 1 1 1 1 1 1 1 1 1 1 1 1 1 1 1 1 }
                     -7.8927600000e+00 least_sq_term_1
                     -1.2075100000e+00 least_sq_term_2
                      3.5020200000e+00 least_sq_term_3
                     -1.1436870000e+01 least_sq_term_4
                      9.2040000000e-02 least_sq_term_5
                      1.9307500000e+00 least_sq_term_6
                     -1.3772250000e+01 least_sq_term_7
                      4.8438500000e+00 least_sq_term_8
                     -3.0446400000e+00 least_sq_term_9
                     -1.6666670000e+01 least_sq_term_10
                     -1.0000000000e+01 least_sq_term_11
                     -1.0000000000e+01 least_sq_term_12
                     -9.3765900000e+00 least_sq_term_13
                      1.3700600000e+00 least_sq_term_14
                     -5.9840000000e-02 least_sq_term_15
                     -1.3813830000e+01 least_sq_term_16
                      4.0214000000e-01 least_sq_term_17
                      2.5263000000e-01 least_sq_term_18
                     -1.1592290000e+01 least_sq_term_19
                     -2.0038000000e-01 least_sq_term_20
                     -9.0031000000e-01 least_sq_term_21
                     -1.1663550000e+01 least_sq_term_22
                      3.2815000000e-01 least_sq_term_23
                     -1.0048000000e-01 least_sq_term_24
                     -7.9996800000e+00 least_sq_term_25
                      2.8228700000e+00 least_sq_term_26
                     -2.5209700000e+00 least_sq_term_27



---------------------
Begin Evaluation   31
---------------------
Parameters for evaluation 31:
                      1.3502300468e+00 desired_speed
                      1.1592186416e-01 radius
                      1.8924359090e-01 time_gap
                      6.5235506831e+00 strength_neighbor
                      1.5282583061e-01 range_neighbor
                      8.8141825080e+00 strength_geometry
                      1.0039804893e-01 range_geometry

blocking fork: python3 driver_cq.py params.in results.out

Active response data for evaluation 31:
Active set vector = { 1 1 1 1 1 1 1 1 1 1 1 1 1 1 1 1 1 1 1 1 1 1 1 1 1 1 1 }
                     -9.0845100000e+00 least_sq_term_1
                      1.2204800000e+00 least_sq_term_2
                      7.2254500000e+00 least_sq_term_3
                     -1.2601320000e+01 least_sq_term_4
                      4.5511000000e-01 least_sq_term_5
                      1.3953200000e+00 least_sq_term_6
                     -1.4295330000e+01 least_sq_term_7
                      1.1876410000e+01 least_sq_term_8
                     -1.3869400000e+00 least_sq_term_9
                     -8.7362300000e+00 least_sq_term_10
                      6.3913000000e-01 least_sq_term_11
                     -8.0000000000e-04 least_sq_term_12
                     -1.0563380000e+01 least_sq_term_13
                      3.2964100000e+00 least_sq_term_14
                      1.6756300000e+00 least_sq_term_15
                     -1.4305230000e+01 least_sq_term_16
                      9.0848700000e+00 least_sq_term_17
                     -8.6963000000e-01 least_sq_term_18
                     -1.2690180000e+01 least_sq_term_19
                      4.7681000000e+00 least_sq_term_20
                      9.7933000000e-01 least_sq_term_21
                     -1.2910550000e+01 least_sq_term_22
                      2.5139300000e+00 least_sq_term_23
                      1.3123500000e+00 least_sq_term_24
                     -9.1872000000e+00 least_sq_term_25
                      6.9407100000e+00 least_sq_term_26
                     -5.4639000000e-01 least_sq_term_27



---------------------
Begin Evaluation   32
---------------------
Parameters for evaluation 32:
                      1.7526688870e+00 desired_speed
                      1.5858485748e-01 radius
                      4.6974712821e-01 time_gap
                      3.6415204999e+00 strength_neighbor
                      1.7769260425e-01 range_neighbor
                      3.2567437321e+00 strength_geometry
                      1.6182758227e-01 range_geometry

blocking fork: python3 driver_cq.py params.in results.out

Active response data for evaluation 32:
Active set vector = { 1 1 1 1 1 1 1 1 1 1 1 1 1 1 1 1 1 1 1 1 1 1 1 1 1 1 1 }
                     -1.0042880000e+01 least_sq_term_1
                      2.5014500000e+00 least_sq_term_2
                      9.8526000000e-01 least_sq_term_3
                     -1.3648420000e+01 least_sq_term_4
                      5.0483400000e+00 least_sq_term_5
                      6.0100000000e-02 least_sq_term_6
                     -1.4423310000e+01 least_sq_term_7
                      1.2453920000e+01 least_sq_term_8
                     -4.6443300000e+00 least_sq_term_9
                     -9.0196100000e+00 least_sq_term_10
                      6.6897900000e+00 least_sq_term_11
                     -2.3603300000e+00 least_sq_term_12
                     -1.1749260000e+01 least_sq_term_13
                      6.5320600000e+00 least_sq_term_14
                     -1.6897600000e+00 least_sq_term_15
                     -1.4418190000e+01 least_sq_term_16
                      7.4531000000e+00 least_sq_term_17
                     -3.0798100000e+00 least_sq_term_18
                     -1.2814450000e+01 least_sq_term_19
                      4.9040000000e+00 least_sq_term_20
                     -2.3462900000e+00 least_sq_term_21
                     -1.3786010000e+01 least_sq_term_22
                      5.7428500000e+00 least_sq_term_23
                     -6.8003000000e-01 least_sq_term_24
                     -9.8458600000e+00 least_sq_term_25
                      8.7146300000e+00 least_sq_term_26
                     -4.4495300000e+00 least_sq_term_27



---------------------
Begin Evaluation   33
---------------------
Parameters for evaluation 33:
                      1.5712325723e+00 desired_speed
                      1.9824489500e-01 radius
                      1.5010629818e+00 time_gap
                      6.4818255143e+00 strength_neighbor
                      2.9849154011e-01 range_neighbor
                      6.7350338633e+00 strength_geometry
                      9.2945440606e-02 range_geometry

blocking fork: python3 driver_cq.py params.in results.out

Active response data for evaluation 33:
Active set vector = { 1 1 1 1 1 1 1 1 1 1 1 1 1 1 1 1 1 1 1 1 1 1 1 1 1 1 1 }
                     -1.2102480000e+01 least_sq_term_1
                     -1.8609200000e+00 least_sq_term_2
                     -1.8178200000e+00 least_sq_term_3
                     -1.5224610000e+01 least_sq_term_4
                      5.6499000000e-01 least_sq_term_5
                     -5.2248100000e+00 least_sq_term_6
                     -1.4430820000e+01 least_sq_term_7
                      4.0332100000e+00 least_sq_term_8
                     -6.3973600000e+00 least_sq_term_9
                     -1.6527630000e+01 least_sq_term_10
                      9.1297700000e+00 least_sq_term_11
                     -8.2185500000e+00 least_sq_term_12
                     -1.4015730000e+01 least_sq_term_13
                      1.4562500000e+00 least_sq_term_14
                     -4.3894700000e+00 least_sq_term_15
                     -1.4424240000e+01 least_sq_term_16
                      1.8278100000e+00 least_sq_term_17
                     -5.8826500000e+00 least_sq_term_18
                     -1.6044500000e+01 least_sq_term_19
                      6.5304000000e-01 least_sq_term_20
                     -3.4705100000e+00 least_sq_term_21
                     -1.5291730000e+01 least_sq_term_22
                      9.4185000000e-01 least_sq_term_23
                     -5.6857400000e+00 least_sq_term_24
                     -1.0935040000e+01 least_sq_term_25
                      9.5974000000e-01 least_sq_term_26
                     -5.2783100000e+00 least_sq_term_27



---------------------
Begin Evaluation   34
---------------------
Parameters for evaluation 34:
                      1.0216512499e+00 desired_speed
                      1.4414558616e-01 radius
                      7.1576145415e-01 time_gap
                      3.8443186590e+00 strength_neighbor
                      3.3004595100e-01 range_neighbor
                      9.2656718732e+00 strength_geometry
                      4.6409125533e-02 range_geometry

blocking fork: python3 driver_cq.py params.in results.out

Active response data for evaluation 34:
Active set vector = { 1 1 1 1 1 1 1 1 1 1 1 1 1 1 1 1 1 1 1 1 1 1 1 1 1 1 1 }
                     -1.3414990000e+01 least_sq_term_1
                      1.1300400000e+00 least_sq_term_2
                      2.0668000000e-01 least_sq_term_3
                     -1.1555640000e+01 least_sq_term_4
                     -1.3517600000e+00 least_sq_term_5
                      5.3591800000e+00 least_sq_term_6
                     -1.3766430000e+01 least_sq_term_7
                      6.5032100000e+00 least_sq_term_8
                     -4.4638100000e+00 least_sq_term_9
                     -8.1711900000e+00 least_sq_term_10
                      4.3040200000e+00 least_sq_term_11
                     -2.8674800000e+00 least_sq_term_12
                     -9.4923200000e+00 least_sq_term_13
                     -3.3890000000e-01 least_sq_term_14
                      2.2847500000e+00 least_sq_term_15
                     -1.3806160000e+01 least_sq_term_16
                      3.4811000000e+00 least_sq_term_17
                     -3.0294600000e+00 least_sq_term_18
                     -1.6170440000e+01 least_sq_term_19
                      1.9650200000e+00 least_sq_term_20
                      9.7215900000e+00 least_sq_term_21
                     -1.1778800000e+01 least_sq_term_22
                     -1.0548500000e+00 least_sq_term_23
                      3.2536400000e+00 least_sq_term_24
                     -1.6132420000e+01 least_sq_term_25
                      5.9414400000e+00 least_sq_term_26
                      3.4916900000e+00 least_sq_term_27



---------------------
Begin Evaluation   35
---------------------
Parameters for evaluation 35:
                      1.1165760168e+00 desired_speed
                      1.5822285201e-01 radius
                      1.2821665314e+00 time_gap
                      5.2987827457e+00 strength_neighbor
                      3.6994477734e-01 range_neighbor
                      3.8779034993e+00 strength_geometry
                      9.9157417114e-02 range_geometry

blocking fork: python3 driver_cq.py params.in results.out

Active response data for evaluation 35:
Active set vector = { 1 1 1 1 1 1 1 1 1 1 1 1 1 1 1 1 1 1 1 1 1 1 1 1 1 1 1 }
                     -1.4741680000e+01 least_sq_term_1
                     -7.3726000000e-01 least_sq_term_2
                      1.2543100000e+00 least_sq_term_3
                     -1.1820990000e+01 least_sq_term_4
                     -2.2063900000e+00 least_sq_term_5
                      4.2892400000e+00 least_sq_term_6
                     -1.3900110000e+01 least_sq_term_7
                      3.3484900000e+00 least_sq_term_8
                     -3.9664200000e+00 least_sq_term_9
                     -8.4524800000e+00 least_sq_term_10
                      1.1399800000e+00 least_sq_term_11
                     -2.4936100000e+00 least_sq_term_12
                     -9.7626700000e+00 least_sq_term_13
                     -1.5483300000e+00 least_sq_term_14
                      2.8385600000e+00 least_sq_term_15
                     -1.3932370000e+01 least_sq_term_16
                     -1.3340000000e-02 least_sq_term_17
                     -1.6905300000e+00 least_sq_term_18
                     -1.1955690000e+01 least_sq_term_19
                     -2.0104900000e+00 least_sq_term_20
                     -1.2574000000e-01 least_sq_term_21
                     -1.2032570000e+01 least_sq_term_22
                     -1.9914400000e+00 least_sq_term_23
                      2.6710600000e+00 least_sq_term_24
                     -8.2550900000e+00 least_sq_term_25
                     -8.0190000000e-01 least_sq_term_26
                     -1.3724400000e+00 least_sq_term_27



---------------------
Begin Evaluation   36
---------------------
Parameters for evaluation 36:
                      1.0357891997e+00 desired_speed
                      1.5267758480e-01 radius
                      1.5571259697e+00 time_gap
                      1.7655528886e+00 strength_neighbor
                      2.1117897558e-01 range_neighbor
                      4.8733299216e+00 strength_geometry
                      1.4041414772e-01 range_geometry

blocking fork: python3 driver_cq.py params.in results.out

Active response data for evaluation 36:
Active set vector = { 1 1 1 1 1 1 1 1 1 1 1 1 1 1 1 1 1 1 1 1 1 1 1 1 1 1 1 }
                     -1.6543000000e+01 least_sq_term_1
                      3.1887300000e+00 least_sq_term_2
                      2.8590400000e+00 least_sq_term_3
                     -1.6529250000e+01 least_sq_term_4
                      1.1391060000e+01 least_sq_term_5
                     -2.7758200000e+00 least_sq_term_6
                     -1.6514640000e+01 least_sq_term_7
                      2.0578890000e+01 least_sq_term_8
                     -9.6684900000e+00 least_sq_term_9
                     -1.6527400000e+01 least_sq_term_10
                      7.3907000000e+00 least_sq_term_11
                     -7.2293900000e+00 least_sq_term_12
                     -1.6390470000e+01 least_sq_term_13
                      1.2110550000e+01 least_sq_term_14
                     -4.1145600000e+00 least_sq_term_15
                     -1.6517590000e+01 least_sq_term_16
                      1.5909750000e+01 least_sq_term_17
                     -9.8059200000e+00 least_sq_term_18
                     -1.4237770000e+01 least_sq_term_19
                      1.0819540000e+01 least_sq_term_20
                     -8.9047000000e+00 least_sq_term_21
                     -1.6276120000e+01 least_sq_term_22
                      1.1024830000e+01 least_sq_term_23
                     -6.9219400000e+00 least_sq_term_24
                     -1.5972300000e+01 least_sq_term_25
                      1.3238580000e+01 least_sq_term_26
                     -7.4745600000e+00 least_sq_term_27



>>>>> Appending 36 points to global_kriging approximations.

<<<<< global_kriging approximation updates completed.
Constructing global approximations with no anchor, 36 DACE samples, and 0 reused points.

<<<<< global_kriging approximation builds completed.

>>>>> Initiating global iteration 1 (acquisition batch 1)
Beginning Approximate Fn Evaluations...
NCSU DIRECT succeeded with code 4
(volume of best hyperrectangle is less than the prescribed percentage of the original)

Results of EGO iteration:
Final point =
                      1.2465020576e+00 desired_speed
                      1.2942386831e-01 radius
                      1.0969135802e+00 time_gap
                      6.8703703704e+00 strength_neighbor
                      9.8971193416e-02 range_neighbor
                      5.5627572016e+00 strength_geometry
                      1.8731138546e-02 range_geometry
Expected Improvement    =
                      1.2632030103e+02

---------------------
Begin Evaluation   37
---------------------
Parameters for evaluation 37:
                      1.2465020576e+00 desired_speed
                      1.2942386831e-01 radius
                      1.0969135802e+00 time_gap
                      6.8703703704e+00 strength_neighbor
                      9.8971193416e-02 range_neighbor
                      5.5627572016e+00 strength_geometry
                      1.8731138546e-02 range_geometry

blocking fork: python3 driver_cq.py params.in results.out

Active response data for evaluation 37:
Active set vector = { 1 1 1 1 1 1 1 1 1 1 1 1 1 1 1 1 1 1 1 1 1 1 1 1 1 1 1 }
                     -1.4070000000e-01 least_sq_term_1
                     -6.2457000000e-01 least_sq_term_2
                      5.3700000000e-03 least_sq_term_3
                      1.1772900000e+00 least_sq_term_4
                     -1.0865600000e+00 least_sq_term_5
                     -1.6661400000e+00 least_sq_term_6
                      6.9767000000e-01 least_sq_term_7
                      5.6028000000e+00 least_sq_term_8
                     -4.6129700000e+00 least_sq_term_9
                      8.2703000000e-01 least_sq_term_10
                      9.9569200000e+00 least_sq_term_11
                     -5.2666500000e+00 least_sq_term_12
                      5.5240000000e-02 least_sq_term_13
                      9.6637000000e-01 least_sq_term_14
                     -3.0984500000e+00 least_sq_term_15
                      3.7620000000e-02 least_sq_term_16
                      1.4522300000e+00 least_sq_term_17
                     -2.1092800000e+00 least_sq_term_18
                      1.8442000000e-01 least_sq_term_19
                      5.1774000000e-01 least_sq_term_20
                     -2.1699800000e+00 least_sq_term_21
                      6.0776000000e-01 least_sq_term_22
                     -9.0970000000e-01 least_sq_term_23
                     -2.4674400000e+00 least_sq_term_24
                      1.4157600000e+00 least_sq_term_25
                      4.2998500000e+00 least_sq_term_26
                     -4.2480200000e+00 least_sq_term_27



>>>>> Appending to global_kriging approximations.

<<<<< global_kriging approximation updates completed.

>>>>> Initiating global iteration 2 (acquisition batch 1)
NCSU DIRECT succeeded with code 4
(volume of best hyperrectangle is less than the prescribed percentage of the original)

Results of EGO iteration:
Final point =
                      1.3617283951e+00 desired_speed
                      1.1707818930e-01 radius
                      1.4722222222e+00 time_gap
                      9.4629629630e+00 strength_neighbor
                      1.9436213992e-01 range_neighbor
                      6.3837448560e+00 strength_geometry
                      3.8278463649e-02 range_geometry
Expected Improvement    =
                      1.0938881356e-48

---------------------
Begin Evaluation   38
---------------------
Parameters for evaluation 38:
                      1.3617283951e+00 desired_speed
                      1.1707818930e-01 radius
                      1.4722222222e+00 time_gap
                      9.4629629630e+00 strength_neighbor
                      1.9436213992e-01 range_neighbor
                      6.3837448560e+00 strength_geometry
                      3.8278463649e-02 range_geometry

blocking fork: python3 driver_cq.py params.in results.out

Active response data for evaluation 38:
Active set vector = { 1 1 1 1 1 1 1 1 1 1 1 1 1 1 1 1 1 1 1 1 1 1 1 1 1 1 1 }
                     -2.1645000000e-01 least_sq_term_1
                     -1.2700900000e+00 least_sq_term_2
                      5.0536400000e+00 least_sq_term_3
                      9.8174000000e-01 least_sq_term_4
                     -5.9983000000e-01 least_sq_term_5
                      3.8047000000e+00 least_sq_term_6
                     -2.2026000000e-01 least_sq_term_7
                      3.4300700000e+00 least_sq_term_8
                     -2.9069600000e+00 least_sq_term_9
                     -1.7182000000e-01 least_sq_term_10
                      4.0861900000e+00 least_sq_term_11
                     -3.0272100000e+00 least_sq_term_12
                      1.3353100000e+00 least_sq_term_13
                      9.3661000000e-01 least_sq_term_14
                      1.9627500000e+00 least_sq_term_15
                     -1.3774100000e+00 least_sq_term_16
                      1.3121400000e+00 least_sq_term_17
                     -1.7962600000e+00 least_sq_term_18
                      1.6114000000e-01 least_sq_term_19
                     -1.8729000000e-01 least_sq_term_20
                     -4.3357000000e-01 least_sq_term_21
                      9.0700000000e-02 least_sq_term_22
                     -1.9643000000e-01 least_sq_term_23
                      2.2688900000e+00 least_sq_term_24
                      1.5846100000e+00 least_sq_term_25
                      3.0050900000e+00 least_sq_term_26
                     -1.9327500000e+00 least_sq_term_27



>>>>> Appending to global_kriging approximations.

<<<<< global_kriging approximation updates completed.

>>>>> Initiating global iteration 3 (acquisition batch 1)
NCSU DIRECT succeeded with code 4
(volume of best hyperrectangle is less than the prescribed percentage of the original)

Results of EGO iteration:
Final point =
                      1.3809327846e+00 desired_speed
                      1.1543209877e-01 radius
                      1.6442386831e+00 time_gap
                      9.9444444444e+00 strength_neighbor
                      1.9436213992e-01 range_neighbor
                      5.6800411523e+00 strength_geometry
                      4.0884773663e-02 range_geometry
Expected Improvement    =
                      5.1983416218e+01

---------------------
Begin Evaluation   39
---------------------
Parameters for evaluation 39:
                      1.3809327846e+00 desired_speed
                      1.1543209877e-01 radius
                      1.6442386831e+00 time_gap
                      9.9444444444e+00 strength_neighbor
                      1.9436213992e-01 range_neighbor
                      5.6800411523e+00 strength_geometry
                      4.0884773663e-02 range_geometry

blocking fork: python3 driver_cq.py params.in results.out

Active response data for evaluation 39:
Active set vector = { 1 1 1 1 1 1 1 1 1 1 1 1 1 1 1 1 1 1 1 1 1 1 1 1 1 1 1 }
                     -4.0282000000e-01 least_sq_term_1
                     -1.2491800000e+00 least_sq_term_2
                      5.2950000000e+00 least_sq_term_3
                      7.9042000000e-01 least_sq_term_4
                     -5.7713000000e-01 least_sq_term_5
                      3.7090400000e+00 least_sq_term_6
                     -2.9240000000e-01 least_sq_term_7
                      3.8341000000e+00 least_sq_term_8
                     -2.7221700000e+00 least_sq_term_9
                     -6.4201000000e-01 least_sq_term_10
                      3.7987600000e+00 least_sq_term_11
                     -2.9792800000e+00 least_sq_term_12
                      1.1415500000e+00 least_sq_term_13
                      9.7060000000e-01 least_sq_term_14
                      1.1484600000e+00 least_sq_term_15
                     -1.9549400000e+00 least_sq_term_16
                      6.8006000000e-01 least_sq_term_17
                     -1.2219400000e+00 least_sq_term_18
                      9.1700000000e-02 least_sq_term_19
                     -2.9423000000e-01 least_sq_term_20
                      7.4190000000e-02 least_sq_term_21
                     -4.4980000000e-02 least_sq_term_22
                     -2.2476000000e-01 least_sq_term_23
                      2.6413100000e+00 least_sq_term_24
                      1.3551300000e+00 least_sq_term_25
                      3.0444000000e+00 least_sq_term_26
                     -2.1107000000e+00 least_sq_term_27



>>>>> Appending to global_kriging approximations.

<<<<< global_kriging approximation updates completed.

>>>>> Initiating global iteration 4 (acquisition batch 1)
NCSU DIRECT succeeded with code 4
(volume of best hyperrectangle is less than the prescribed percentage of the original)

Results of EGO iteration:
Final point =
                      1.3370370370e+00 desired_speed
                      1.1337448560e-01 radius
                      1.7537037037e+00 time_gap
                      9.9814814815e+00 strength_neighbor
                      1.8914951989e-01 range_neighbor
                      4.7417695473e+00 strength_geometry
                      4.6358024691e-02 range_geometry
Expected Improvement    =
                      4.4506028089e+01

---------------------
Begin Evaluation   40
---------------------
Parameters for evaluation 40:
                      1.3370370370e+00 desired_speed
                      1.1337448560e-01 radius
                      1.7537037037e+00 time_gap
                      9.9814814815e+00 strength_neighbor
                      1.8914951989e-01 range_neighbor
                      4.7417695473e+00 strength_geometry
                      4.6358024691e-02 range_geometry

blocking fork: python3 driver_cq.py params.in results.out

Active response data for evaluation 40:
Active set vector = { 1 1 1 1 1 1 1 1 1 1 1 1 1 1 1 1 1 1 1 1 1 1 1 1 1 1 1 }
                     -1.0853800000e+00 least_sq_term_1
                     -1.1612300000e+00 least_sq_term_2
                      4.0448800000e+00 least_sq_term_3
                      4.1998000000e-01 least_sq_term_4
                     -6.6726000000e-01 least_sq_term_5
                      3.3139000000e+00 least_sq_term_6
                     -7.1225000000e-01 least_sq_term_7
                      3.4475400000e+00 least_sq_term_8
                     -3.0121700000e+00 least_sq_term_9
                     -1.2934200000e+00 least_sq_term_10
                      2.3777100000e+00 least_sq_term_11
                     -2.5531900000e+00 least_sq_term_12
                      6.8319000000e-01 least_sq_term_13
                      1.0712200000e+00 least_sq_term_14
                      1.0044800000e+00 least_sq_term_15
                     -1.4184280000e+01 least_sq_term_16
                      2.0953600000e+00 least_sq_term_17
                     -2.3120200000e+00 least_sq_term_18
                     -6.5703000000e-01 least_sq_term_19
                     -6.3510000000e-02 least_sq_term_20
                     -1.3240000000e-01 least_sq_term_21
                     -2.6631000000e-01 least_sq_term_22
                     -1.9407000000e-01 least_sq_term_23
                      1.7868700000e+00 least_sq_term_24
                      5.6090000000e-01 least_sq_term_25
                      3.1578600000e+00 least_sq_term_26
                     -2.7669500000e+00 least_sq_term_27



>>>>> Appending to global_kriging approximations.

<<<<< global_kriging approximation updates completed.

>>>>> Initiating global iteration 5 (acquisition batch 1)
NCSU DIRECT succeeded with code 4
(volume of best hyperrectangle is less than the prescribed percentage of the original)

Results of EGO iteration:
Final point =
                      1.4893004115e+00 desired_speed
                      1.1543209877e-01 radius
                      1.4800411523e+00 time_gap
                      8.9938271605e+00 strength_neighbor
                      1.9279835391e-01 range_neighbor
                      6.2664609053e+00 strength_geometry
                      4.1666666667e-02 range_geometry
Expected Improvement    =
                      2.8411421585e+01

---------------------
Begin Evaluation   41
---------------------
Parameters for evaluation 41:
                      1.4893004115e+00 desired_speed
                      1.1543209877e-01 radius
                      1.4800411523e+00 time_gap
                      8.9938271605e+00 strength_neighbor
                      1.9279835391e-01 range_neighbor
                      6.2664609053e+00 strength_geometry
                      4.1666666667e-02 range_geometry

blocking fork: python3 driver_cq.py params.in results.out

Active response data for evaluation 41:
Active set vector = { 1 1 1 1 1 1 1 1 1 1 1 1 1 1 1 1 1 1 1 1 1 1 1 1 1 1 1 }
                      1.1589400000e+00 least_sq_term_1
                     -1.1221700000e+00 least_sq_term_2
                      5.5042600000e+00 least_sq_term_3
                      2.5335300000e+00 least_sq_term_4
                     -7.8571000000e-01 least_sq_term_5
                      4.1915400000e+00 least_sq_term_6
                      2.8795800000e+00 least_sq_term_7
                      3.6127900000e+00 least_sq_term_8
                     -1.8268600000e+00 least_sq_term_9
                     -8.1825500000e+00 least_sq_term_10
                      3.0912500000e+00 least_sq_term_11
                     -1.8740200000e+00 least_sq_term_12
                      2.5925900000e+00 least_sq_term_13
                      9.3527000000e-01 least_sq_term_14
                      1.5373700000e+00 least_sq_term_15
                     -7.5269000000e-01 least_sq_term_16
                      5.5480000000e-01 least_sq_term_17
                     -4.7870000000e-01 least_sq_term_18
                      1.9622800000e+00 least_sq_term_19
                     -2.3040000000e-02 least_sq_term_20
                      2.4184000000e-01 least_sq_term_21
                      1.9667200000e+00 least_sq_term_22
                     -3.1659000000e-01 least_sq_term_23
                      2.2121700000e+00 least_sq_term_24
                      2.8433200000e+00 least_sq_term_25
                      3.2416500000e+00 least_sq_term_26
                     -1.9087800000e+00 least_sq_term_27



>>>>> Appending to global_kriging approximations.

<<<<< global_kriging approximation updates completed.

>>>>> Initiating global iteration 6 (acquisition batch 1)
NCSU DIRECT succeeded with code 1
(maximum function evaluations exceeded)

Results of EGO iteration:
Final point =
                      1.3000000000e+00 desired_speed
                      1.5000000000e-01 radius
                      1.0500000000e+00 time_gap
                      5.5000000000e+00 strength_neighbor
                      2.1000000000e-01 range_neighbor
                      5.2500000000e+00 strength_geometry
                      1.0500000000e-01 range_geometry
Expected Improvement    =
                      0.0000000000e+00

---------------------
Begin Evaluation   42
---------------------
Parameters for evaluation 42:
                      1.3000000000e+00 desired_speed
                      1.5000000000e-01 radius
                      1.0500000000e+00 time_gap
                      5.5000000000e+00 strength_neighbor
                      2.1000000000e-01 range_neighbor
                      5.2500000000e+00 strength_geometry
                      1.0500000000e-01 range_geometry

blocking fork: python3 driver_cq.py params.in results.out

Active response data for evaluation 42:
Active set vector = { 1 1 1 1 1 1 1 1 1 1 1 1 1 1 1 1 1 1 1 1 1 1 1 1 1 1 1 }
                     -1.5943830000e+01 least_sq_term_1
                      3.3103100000e+00 least_sq_term_2
                      9.1826200000e+00 least_sq_term_3
                     -1.2597220000e+01 least_sq_term_4
                      1.8660300000e+00 least_sq_term_5
                     -1.0034000000e+00 least_sq_term_6
                     -1.4033620000e+01 least_sq_term_7
                      7.2558900000e+00 least_sq_term_8
                     -5.0070300000e+00 least_sq_term_9
                     -8.4579700000e+00 least_sq_term_10
                      3.4951800000e+00 least_sq_term_11
                     -3.3505500000e+00 least_sq_term_12
                     -1.0563380000e+01 least_sq_term_13
                      2.9674700000e+00 least_sq_term_14
                     -1.5915400000e+00 least_sq_term_15
                     -1.4050510000e+01 least_sq_term_16
                      3.1912800000e+00 least_sq_term_17
                     -3.4409000000e+00 least_sq_term_18
                     -1.5296980000e+01 least_sq_term_19
                      3.6447600000e+00 least_sq_term_20
                     -7.7386000000e-01 least_sq_term_21
                     -1.2786650000e+01 least_sq_term_22
                      2.3113200000e+00 least_sq_term_23
                     -2.2177500000e+00 least_sq_term_24
                     -1.3996320000e+01 least_sq_term_25
                      8.7383000000e+00 least_sq_term_26
                     -4.3065400000e+00 least_sq_term_27



>>>>> Appending to global_kriging approximations.

<<<<< global_kriging approximation updates completed.

>>>>> Initiating global iteration 7 (acquisition batch 1)
NCSU DIRECT succeeded with code 1
(maximum function evaluations exceeded)

Results of EGO iteration:
Final point =
                      1.3000000000e+00 desired_speed
                      1.5000000000e-01 radius
                      1.0500000000e+00 time_gap
                      5.5000000000e+00 strength_neighbor
                      2.1000000000e-01 range_neighbor
                      5.2500000000e+00 strength_geometry
                      1.0500000000e-01 range_geometry
Expected Improvement    =
                      0.0000000000e+00

---------------------
Begin Evaluation   43
---------------------
Parameters for evaluation 43:
                      1.3000000000e+00 desired_speed
                      1.5000000000e-01 radius
                      1.0500000000e+00 time_gap
                      5.5000000000e+00 strength_neighbor
                      2.1000000000e-01 range_neighbor
                      5.2500000000e+00 strength_geometry
                      1.0500000000e-01 range_geometry

Duplication detected: analysis_drivers not invoked.

Active response data retrieved from database:
Active set vector = { 1 1 1 1 1 1 1 1 1 1 1 1 1 1 1 1 1 1 1 1 1 1 1 1 1 1 1 }
                     -1.5943830000e+01 least_sq_term_1
                      3.3103100000e+00 least_sq_term_2
                      9.1826200000e+00 least_sq_term_3
                     -1.2597220000e+01 least_sq_term_4
                      1.8660300000e+00 least_sq_term_5
                     -1.0034000000e+00 least_sq_term_6
                     -1.4033620000e+01 least_sq_term_7
                      7.2558900000e+00 least_sq_term_8
                     -5.0070300000e+00 least_sq_term_9
                     -8.4579700000e+00 least_sq_term_10
                      3.4951800000e+00 least_sq_term_11
                     -3.3505500000e+00 least_sq_term_12
                     -1.0563380000e+01 least_sq_term_13
                      2.9674700000e+00 least_sq_term_14
                     -1.5915400000e+00 least_sq_term_15
                     -1.4050510000e+01 least_sq_term_16
                      3.1912800000e+00 least_sq_term_17
                     -3.4409000000e+00 least_sq_term_18
                     -1.5296980000e+01 least_sq_term_19
                      3.6447600000e+00 least_sq_term_20
                     -7.7386000000e-01 least_sq_term_21
                     -1.2786650000e+01 least_sq_term_22
                      2.3113200000e+00 least_sq_term_23
                     -2.2177500000e+00 least_sq_term_24
                     -1.3996320000e+01 least_sq_term_25
                      8.7383000000e+00 least_sq_term_26
                     -4.3065400000e+00 least_sq_term_27



>>>>> Appending to global_kriging approximations.

<<<<< global_kriging approximation updates completed.

Stopping criteria met:     distConvergenceCntr (1) >= distConvergenceLimit (1)
Stopping criteria met:     eifConvergenceCntr (2) >= eifConvergenceLimit (2)
Stopping criteria not met: globalIterCount (7) < maxIterations (60)
<<<<< Function evaluation summary: 43 total (42 new, 1 duplicate)
<<<<< Best parameters          =
                      1.3809327846e+00 desired_speed
                      1.1543209877e-01 radius
                      1.6442386831e+00 time_gap
                      9.9444444444e+00 strength_neighbor
                      1.9436213992e-01 range_neighbor
                      5.6800411523e+00 strength_geometry
                      4.0884773663e-02 range_geometry
<<<<< Best residual terms =
                     -4.0282000000e-01
                     -1.2491800000e+00
                      5.2950000000e+00
                      7.9042000000e-01
                     -5.7713000000e-01
                      3.7090400000e+00
                     -2.9240000000e-01
                      3.8341000000e+00
                     -2.7221700000e+00
                     -6.4201000000e-01
                      3.7987600000e+00
                     -2.9792800000e+00
                      1.1415500000e+00
                      9.7060000000e-01
                      1.1484600000e+00
                     -1.9549400000e+00
                      6.8006000000e-01
                     -1.2219400000e+00
                      9.1700000000e-02
                     -2.9423000000e-01
                      7.4190000000e-02
                     -4.4980000000e-02
                     -2.2476000000e-01
                      2.6413100000e+00
                      1.3551300000e+00
                      3.0444000000e+00
                     -2.1107000000e+00
<<<<< Best residual norm =  1.1064373942e+01; 0.5 * norm^2 =  6.1210185360e+01
<<<<< Best evaluation ID: 39


<<<<< Iterator efficient_global completed.
<<<<< Environment execution completed.
DAKOTA execution time in seconds:
  Total CPU        =    31.2438 [parent =    31.2439, child =   -8.6e-05]
  Total wall clock =    614.716
