%eval_id interface desired_speed  radius         time_gap       strength_neighbor range_neighbor flow_2.4       density_2.4    speed_2.4      flow_3.6       density_3.6    speed_3.6      flow_5.0       density_5.0    speed_5.0      
1        NO_ID      0.9212558532   0.2066161784   0.3119409219   2.589773703    0.03037829852  4.16295        2.69481        0.41816        4.3573         1.78538        0.46086        5.21999        1.26576        0.32212        
2        NO_ID      1.086762549    0.2106864118   0.3331710944   8.164957326    0.1083101136   5.06146        3.64611        0.39885        8.13008        3.06553        0.64834        11.43791       2.63709        0.86746        
3        NO_ID      1.062784873    0.1482329527   0.8658282662   4.582433139    0.2132783171   4.64345        4.64854        0.2792         6.98198        3.8089         0.41952        9.20105        3.58053        0.43126        
4        NO_ID      1.390206145    0.2045999845   0.101454556    6.174840772    0.2318087453   8.51582        3.00677        0.82195        12.97322       2.71655        1.10791        18.15824       2.55952        1.22604        
5        NO_ID      1.252749201    0.1906700983   0.3201769534   5.115766976    0.138278168    6.70029        4.15956        0.46344        10.63022       3.44846        0.7845         14.862         3.14626        0.94265        
6        NO_ID      1.05215577     0.1499887609   0.3461624958   5.634068848    0.1160525569   8.40814        6.19272        0.3893         12.29221       5.20054        0.56846        18.45238       4.24266        0.80836        
7        NO_ID      1.332575853    0.1456932451   0.5638790351   2.273070813    0.1633785267   7.20165        5.87525        0.34877        10.48689       4.51794        0.55663        13.26628       3.65585        0.63295        
8        NO_ID      1.389363837    0.2125788542   0.954999724    9.29716243     0.2292396514   2.90216        2.31843        0.35152        4.30849        1.98152        0.48771        5.64352        1.81482        0.54238        
9        NO_ID      1.537871385    0.1291156385   0.814411622    6.086411967    0.1312383439   5.48374        6.52897        0.23096        7.89474        5.06538        0.35073        10.40268       4.318          0.42285        
10       NO_ID      1.159736483    0.1776181648   0.1197115753   9.620493977    0.05233452704  10.60606       5.74506        0.52735        16.78657       5.05376        0.79344        23.80952       4.54587        0.94098        
11       NO_ID      1.48377994     0.2199089744   0.7446070771   8.888012479    0.1870205293   3.30267        2.62187        0.35728        4.96454        2.13394        0.53411        6.63801        1.96786        0.60578        
12       NO_ID      1.358930651    0.1376483676   0.7019034649   7.435910753    0.06094182983  5.59552        6.7083         0.22398        7.64803        4.96775        0.35915        9.6875         3.22023        0.4825         
13       NO_ID      1.323063635    0.1893357191   0.9780524754   4.999129572    0.2624184957   3.18544        3.08103        0.2947         4.93827        2.60458        0.42742        6.57709        2.27401        0.50936        
14       NO_ID      0.9969482366   0.1623917477   0.4477822217   6.381703536    0.2736762041   5.66382        3.05657        0.52412        8.45411        2.779          0.72742        11.89258       2.57106        0.87214        
15       NO_ID      1.145588541    0.1920522541   0.6373692185   2.827478051    0.2786526978   4.28922        3.08655        0.43913        6.81265        2.83398        0.61258        9.13556        2.55042        0.7363         
16       NO_ID      0.8383994904   0.1744636538   0.5297092815   8.584135377    0.07675582314  4.7043         4.87304        0.26601        6.99248        4.01598        0.41257        8.94231        3.53236        0.4968         
17       NO_ID      1.494247016    0.1317054511   0.7206890826   3.199544317    0.2474228334   6.55431        5.05084        0.37263        9.83894        4.38792        0.50314        12.90174       3.78974        0.55675        
18       NO_ID      1.162592524    0.2303667988   0.6284361066   6.708157104    0.2837637932   3.25885        2.1851         0.43576        5.14087        1.86501        0.68954        7.2884         1.70467        0.8594         
19       NO_ID      0.9420724288   0.2218070249   0.5480652488   4.817003354    0.1509277095   3.53993        3.10531        0.33164        5.69801        2.5784         0.55403        7.70285        2.37861        0.65618        
20       NO_ID      1.226931379    0.1240120279   0.9216878286   5.489557033    0.2207486099   5.3876         4.787          0.30242        7.73908        4.10005        0.4209         9.84529        3.6703         0.46634        
21       NO_ID      1.318175707    0.1574786259   0.6790305398   9.59978124     0.07574974596  5.05051        5.30251        0.25457        7.11382        4.30392        0.37399        8.73908        3.70461        0.42137        
22       NO_ID      0.8889294696   0.1425404921   0.9692644122   2.127664155    0.2091947454   4.34447        5.73431        0.21312        6.17284        4.68673        0.30851        8.67537        3.83579        0.41256        
23       NO_ID      0.970935515    0.1356871501   0.3677567895   5.570743151    0.2925942263   7.06001        3.34835        0.5632         10.39347       3.02063        0.76202        14.22018       2.83428        0.87324        
24       NO_ID      1.342219579    0.2338588253   0.5860323735   9.824057031    0.2975714455   3.32621        1.74997        0.57828        5.02874        1.55101        0.83527        7.03085        1.42722        0.99361        
25       NO_ID      0.8429090474   0.1337437404   0.6860101473   8.615374021    0.143833251    5.58214        5.55385        0.28578        8.46945        4.61827        0.43668        11.43791       4.11849        0.49433        
26       NO_ID      1.468457509    0.1764634626   0.6495734285   6.615803366    0.05791790759  4.82094        4.2789         0.31012        6.70498        3.09515        0.50824        7.81686        2.3698         0.59021        
27       NO_ID      1.563615648    0.1528337918   0.1862382768   3.805773149    0.2493070001   12.78539       4.49356        0.80726        19.94302       3.9696         1.14788        27.61341       3.71113        1.32622        
28       NO_ID      1.557135657    0.187996154    0.8224523399   4.454076084    0.04268873963  3.76952        3.0435         0.35206        4.11869        1.82759        0.48569        4.2042         1.67594        0.31893        
29       NO_ID      1.011453701    0.1693385364   0.7667740824   2.914631622    0.1049775311   4.34109        4.56784        0.27194        6.14035        3.3417         0.45411        7.40149        2.43649        0.47312        
30       NO_ID      1.000298762    0.2314695786   0.1287243745   9.981954208    0.09810128548  5.9676         3.39286        0.53428        9.28144        3.16555        0.73398        13.08851       2.96076        0.86981        
31       NO_ID      1.514137187    0.2467342394   0.8576022204   6.930768373    0.1752008285   2.50358        2.30908        0.30072        3.91828        1.85208        0.48159        4.98208        1.71532        0.52107        
32       NO_ID      1.449028341    0.2031067239   0.8444936506   5.269197751    0.03087072604  2.88779        2.63561        0.3048         3.15742        1.69866        0.39495        3.42633        1.36398        0.26376        
33       NO_ID      1.120239819    0.1260907558   0.290425664    8.241958276    0.2375469185   8.82168        3.57042        0.67166        12.82051       3.25489        0.86842        17.55051       3.05121        0.99499        
34       NO_ID      1.409759954    0.15536094     0.4575894663   7.509488133    0.1487123874   7.1465         4.81406        0.4093         10.73903       4.01786        0.61783        14.71519       3.46609        0.77521        
35       NO_ID      1.37718422     0.1302241633   0.6038305379   7.272715207    0.140871572    7.11382        5.94341        0.3248         10.32448       4.98423        0.4516         13.18267       4.32897        0.50359        
36       NO_ID      1.046491441    0.228022019    0.7613607048   6.229087245    0.1253344839   2.77778        2.88529        0.26765        4.53359        2.20081        0.49024        5.82077        2.04046        0.57245        
37       NO_ID      0.8270814782   0.1856071002   0.3794736609   3.749181555    0.1125078526   5.35168        4.65247        0.34093        8.77193        3.85285        0.56846        11.70389       3.29296        0.68685        
38       NO_ID      1.307803148    0.1838889624   0.5521608133   9.715964716    0.2527596287   4.64072        2.43057        0.55302        7.02417        2.16925        0.79004        9.95025        1.9734         0.98823        
39       NO_ID      1.261568677    0.2437467741   0.2185864713   2.783524631    0.1808930021   5.38876        2.78979        0.60873        8.73606        2.59541        0.86574        12.2164        2.38344        1.04696        
40       NO_ID      1.426723837    0.2251764011   0.7129998241   5.734000593    0.04900467418  3.34288        2.7522         0.34249        4.66667        1.78625        0.65508        4.98022        1.73549        0.52455        
41       NO_ID      1.458089292    0.1225395014   0.1976681325   5.969674999    0.2421692612   13.31418       4.12659        0.83933        19.85816       3.71368        1.12577        26.78227       3.49035        1.26671        
42       NO_ID      1.28544649     0.159835307    0.6170312826   7.391986042    0.02289751982  4.50016        3.79834        0.31588        4.69484        2.03069        0.41853        5.0216         1.19972        0.30335        
43       NO_ID      1.274546078    0.2495005573   0.78045731     3.607013251    0.1734898073   2.59548        2.37007        0.30728        4.16296        1.90101        0.52731        5.8125         1.62542        0.69758        
44       NO_ID      1.363879713    0.1662858265   0.2278185694   2.020937335    0.1026087169   11.0456        4.7979         0.68535        14.19192       3.33513        0.91051        17.75223       2.6111         0.92344        
45       NO_ID      0.805507979    0.2019733607   0.7404392839   5.026034507    0.08077076698  3.29334        3.60064        0.26081        4.49025        3.0494         0.36693        6.98603        1.96829        0.64568        
46       NO_ID      1.582250545    0.1977174581   0.4224286664   4.008287101    0.2350729042   6.07235        3.35899        0.51547        9.47047        2.80996        0.8344         13.29535       2.42847        1.09773        
47       NO_ID      0.9089629309   0.23907565     0.8975394234   7.156098627    0.1198880628   2.24683        2.61438        0.23984        3.3527         2.14687        0.3699         4.65194        1.84321        0.49754        
48       NO_ID      1.297576652    0.23246132     0.9596589279   6.869496344    0.2945603356   2.6232         2.04414        0.36836        4.07925        1.69308        0.57325        5.42545        1.54449        0.62987        
49       NO_ID      0.8107072488   0.179623026    0.3004725332   7.740589898    0.06558934755  6.12648        5.16494        0.33665        9.29615        4.45364        0.51774        13.1728        3.70662        0.68058        
50       NO_ID      0.9101874801   0.1389518652   0.4008784636   8.97037397     0.2185995805   6.59574        3.57118        0.52038        9.96454        3.25827        0.70162        13.55685       3.04869        0.78545        
51       NO_ID      0.865108276    0.2081443476   0.3851866587   9.362340361    0.2652591323   3.6964         2.20257        0.5147         5.55556        2.01249        0.69326        7.59804        1.89845        0.76401        
52       NO_ID      0.8756931133   0.1731499908   0.50367147     3.065222312    0.1979419638   5.14087        4.45919        0.34793        8.37838        3.85213        0.53974        11.625         3.48994        0.66927        
53       NO_ID      1.545578408    0.218623651    0.917201987    7.953846369    0.06932246057  2.65453        2.9544         0.24849        4.32099        2.14104        0.46562        4.48595        2.2541         0.4012         
54       NO_ID      1.2358662      0.2469126696   0.5806637833   3.295644951    0.2021592406   3.34285        2.43224        0.4009         5.42005        2.01587        0.66356        7.23173        1.88803        0.7507         
55       NO_ID      1.47398991     0.2264465578   0.1350574366   3.554713075    0.09296906364  7.91104        3.58227        0.65393        12.90622       3.14187        1.05123        18.3727        2.77451        1.31192        
56       NO_ID      0.952478883    0.1509972002   0.9916435718   4.295970719    0.2055773354   3.97501        4.74012        0.23993        6.23324        3.80905        0.36581        7.97476        3.40421        0.41464        
57       NO_ID      1.244404537    0.2421611009   0.157217508    8.330996163    0.289094845    4.662          1.88462        0.76655        7.02811        1.70005        1.05038        9.5679         1.63684        1.12341        
58       NO_ID      1.526534109    0.1709638032   0.3529026995   4.683746243    0.1237507624   8.42627        4.88073        0.48588        11.89258       3.96638        0.73894        16.03448       3.47877        0.8439         
59       NO_ID      1.411427173    0.2371179135   0.8376876732   8.031381911    0.1538079269   2.5719         2.54837        0.28084        3.96488        2.07328        0.4433         5.40646        1.83941        0.5425         
60       NO_ID      1.174023606    0.1985294366   0.1471129168   8.749666495    0.2240664025   6.61001        2.66897        0.72303        9.81013        2.44135        0.96079        13.8806        2.34216        1.05457        
61       NO_ID      1.073539051    0.1650005298   0.6686154362   3.912965838    0.1904517912   4.77653        4.64067        0.29227        7.66284        3.81674        0.46544        10.44495       3.30901        0.56418        
62       NO_ID      1.034531723    0.1828699182   0.653367822    7.813946713    0.2792179782   4.00229        2.4795         0.4611         6.18421        2.18439        0.68111        8.4997         2.0306         0.81809        
63       NO_ID      0.9844080984   0.1432106678   0.4744383329   7.084141962    0.2713098979   5.99829        3.12764        0.53402        8.74214        2.83226        0.71295        12.18451       2.69903        0.82062        
64       NO_ID      1.195527719    0.2224172927   0.4124433102   3.335572909    0.1650365095   4.49583        3.16805        0.42047        7.42229        2.58914        0.72843        10.14493       2.445          0.82341        
65       NO_ID      1.433253062    0.1940026944   0.2735282119   2.64789783     0.03850206445  6.72938        2.84501        0.6576         7.31452        1.69964        0.79249        8.10023        1.20668        0.50542        
66       NO_ID      1.184151012    0.240573336    0.4866168316   2.325174151    0.1989871178   3.8292         2.23561        0.56537        5.95238        2.21042        0.68367        8.4854         1.94737        0.88045        
67       NO_ID      1.213063606    0.1464517135   0.4363355874   6.47410824     0.2557896809   7.26563        3.44718        0.58622        11.07143       3.07686        0.85432        15.40154       2.87124        0.98441        
68       NO_ID      1.137658264    0.2131441794   0.8831085143   9.167888304    0.03644583501  2.74187        3.01076        0.25863        3.89774        2.10233        0.44152        3.85892        2.00856        0.36119        
69       NO_ID      1.094926359    0.1814385886   0.4671287376   6.584772195    0.2609015038   5.27307        2.91035        0.52394        8.15912        2.60776        0.76092        11.45069       2.39024        0.93866        
70       NO_ID      1.105908628    0.2146246993   0.260468725    3.443552055    0.08591116381  5.95087        3.67476        0.47102        9.58763        2.92034        0.82049        11.84996       2.30685        0.89916        
71       NO_ID      1.50092217     0.140452661    0.8026218928   8.487721204    0.1568698072   5.15085        4.87419        0.28331        7.44285        4.06477        0.39796        9.90134        3.51341        0.47023        
72       NO_ID      0.9304063074   0.19568079     0.9341124885   9.436770298    0.02455874402  2.73544        3.09304        0.24483        2.85802        2.3788         0.29374        3.15742        1.72112        0.24557        
73       NO_ID      0.8943706194   0.2368793158   0.178211139    5.347066598    0.0469976159   4.66667        3.49436        0.38937        7.21278        3.20381        0.55896        9.41296        2.90079        0.6605         
74       NO_ID      1.570231176    0.1269375078   0.2049576778   7.672668975    0.0650526283   15.70946       8.35678        0.50859        23.6532        6.46626        0.8235         31.51927       4.81298        1.04985        
75       NO_ID      1.119133015    0.2159094918   0.5223855544   4.799828312    0.1696285956   4.13712        3.16494        0.37043        6.25559        2.69052        0.56444        9.04948        2.29428        0.78947        
76       NO_ID      1.202835251    0.1619916919   0.5112195015   9.079896432    0.1349291925   6.03708        4.52681        0.36619        8.87612        3.85175        0.53186        12.14099       3.46308        0.61821        
77       NO_ID      0.9605146721   0.200472607    0.9001069454   4.186005346    0.0960184453   2.8999         3.58911        0.22967        4.48718        2.62883        0.42932        4.90506        2.38183        0.3914         
78       NO_ID      1.593157672    0.1678495882   0.2521687487   5.806467319    0.1929353197   9.87787        4.27343        0.6471         15.49217       3.66758        0.99892        22.2488        3.32398        1.29           
79       NO_ID      1.024568332    0.1206605949   0.7962276039   4.32183979     0.08930020064  5.76844        8.11265        0.2001         8.46945        5.59168        0.3441         10.51454       3.75159        0.41154        
80       NO_ID      0.8512132858   0.1560772404   0.2429557818   2.465112277    0.1843198468   8.27423        5.97977        0.43981        13.42995       5.29986        0.66795        19.1358        4.79655        0.75267        
81       NO_ID      1.581441828    0.204149407    0.1619928194   7.649390262    0.2263091128   8.10105        2.76832        0.86798        12.60163       2.51593        1.22419        17.48428       2.35969        1.38224        
82       NO_ID      0.9454540357   0.1585676346   0.5621456432   6.943508204    0.1452824637   5.52268        4.91705        0.31642        8.37806        4.14668        0.47883        11.38411       3.58456        0.57761        
83       NO_ID      0.804710678    0.1210030169   0.8248026092   2.893945788    0.1190173599   5.46448        8.0119         0.19051        7.78894        6.03022        0.29152        10.57186       4.14656        0.39139        
84       NO_ID      1.30097305     0.1264632656   0.9795502826   9.744500079    0.1969004918   4.82094        4.06291        0.31334        6.86706        3.56097        0.41172        8.82168        3.25539        0.44357        
85       NO_ID      1.017380328    0.2078031839   0.8314522463   7.012433524    0.06746936621  2.99337        3.30941        0.25275        4.60224        2.46552        0.44142        4.93433        2.44054        0.40192        
86       NO_ID      1.027605419    0.2199213489   0.8863755178   7.172314916    0.07486586367  2.57117        3.02155        0.23643        4.11886        2.22065        0.44092        4.49529        2.23197        0.4089         
87       NO_ID      1.357413572    0.2374375461   0.4470041516   3.914895631    0.1595683082   4.11852        2.76088        0.42821        6.75872        2.21957        0.76342        9.06719        2.03265        0.90531        
88       NO_ID      0.8808878101   0.1861076409   0.7833177991   3.848946213    0.07719979174  3.61757        3.97339        0.26297        4.95926        3.08159        0.40107        5.85529        2.06991        0.45551        
89       NO_ID      1.101332427    0.1872615247   0.4855259888   3.673380767    0.135773638    5.42005        4.09223        0.37809        8.34819        3.34551        0.61483        11.16427       2.97008        0.68857        
90       NO_ID      1.519629232    0.1222611904   0.1351946021   6.289969057    0.06271869639  21.90923       9.24316        0.65273        32.2695        7.24095        0.9942         42.66055       5.28247        1.19784        
91       NO_ID      1.141766034    0.1521840128   0.2939100351   9.446666616    0.03698837841  9.00901        6.45506        0.38271        11.99657       4.97436        0.54907        15.40154       3.01692        0.73249        
92       NO_ID      1.039940672    0.2367436666   0.7269245973   9.381093661    0.1911951424   2.74026        2.3711         0.34035        4.13345        2.01549        0.50948        5.7764         1.74473        0.67455        
93       NO_ID      1.085289361    0.1644938668   0.3635380532   2.729064243    0.1220008238   7.55124        5.3081         0.41724        11.70034       4.16787        0.69632        14.48598       3.29581        0.76383        
94       NO_ID      0.934241159    0.2055801819   0.9567088169   2.443803484    0.08741788306  2.76621        3.0441         0.26365        3.90516        1.74212        0.50572        3.83142        1.66442        0.35813        
95       NO_ID      0.855280052    0.1241371126   0.7513864137   6.174838304    0.0480756095   5.69106        7.91783        0.20155        7.29984        4.12394        0.36633        8.31843        2.50638        0.39179        
96       NO_ID      1.165966218    0.2448141571   0.5545602508   5.887203059    0.08171626503  3.18493        2.6309         0.34459        5.16667        2.03583        0.61436        6.90335        1.70632        0.81971        
97       NO_ID      0.9172997375   0.2427944808   0.3797538426   9.924894178    0.2738433107   3.03723        1.8243         0.53316        4.70905        1.67411        0.72835        6.57277        1.60614        0.82649        
98       NO_ID      1.373541645    0.1613220488   0.7000998383   9.294401647    0.09656233827  4.662          4.99216        0.24971        7.26895        3.85053        0.42446        9.01163        3.33587        0.5212         
99       NO_ID      0.8120965107   0.1659819676   0.2361528636   9.04887116     0.05882636654  7.36067        6.15101        0.33686        11.49425       5.25316        0.53434        16.37529       4.34482        0.67855        
100      NO_ID      1.563594094    0.1683349827   0.507862733    4.302145975    0.2692233399   6.66667        3.65981        0.52349        10.01431       3.04566        0.79583        14.76793       2.67857        1.04602        
101      NO_ID      1.155269623    0.2399889556   0.7986616251   2.070959359    0.2203574178   2.62763        2.47297        0.31366        4.45607        1.93831        0.54862        5.51601        1.85575        0.57142        
102      NO_ID      1.503227674    0.2489397983   0.5818789621   5.222147562    0.2989426042   3.34047        2.11193        0.47785        5.4648         1.71183        0.8145         7.66284        1.57406        0.97853        
103      NO_ID      1.410610481    0.1556392747   0.6460951281   6.440672269    0.03282059362  5.60241        4.29281        0.36012        5.92969        2.43224        0.46542        6.14844        1.67998        0.37505        
104      NO_ID      1.42949237     0.1625158306   0.7317168365   3.0979129      0.1551920501   5.02332        4.7596         0.29412        7.03871        3.94363        0.40443        9.35614        3.26807        0.54288        
105      NO_ID      1.529595653    0.1916577181   0.7706826478   5.3274655      0.2626836209   3.91907        2.99618        0.37753        6.19174        2.43541        0.59243        8.25826        2.27582        0.66076        
106      NO_ID      1.247617862    0.1697831059   0.3069651212   9.831883211    0.1773765133   7.24638        3.58167        0.5846         11.5099        3.16446        0.86827        15.70946       2.94613        1.02674        
107      NO_ID      1.226989294    0.1316055638   0.2197541919   4.897598552    0.2359037998   11.92937       4.57198        0.69225        18.01802       4.10714        0.96275        24.25829       3.82254        1.05702        
108      NO_ID      1.556202485    0.2471531576   0.1283175971   3.265965556    0.1161475501   7.05226        2.99039        0.74618        11.27214       2.72719        1.08133        16.84783       2.53546        1.3988         
109      NO_ID      1.381548999    0.2208430179   0.2851292162   8.01038462     0.21312751     5.68366        2.6197         0.63935        8.75547        2.38129        0.91455        12.4552        2.18499        1.12462        
110      NO_ID      0.8451242359   0.1273147114   0.3907444093   4.428124898    0.2780869814   7.63775        4.12494        0.48646        11.39706       3.72948        0.67267        15.40154       3.46863        0.75176        
111      NO_ID      0.9025570531   0.1776855585   0.2655581644   2.511816207    0.1616120112   6.71463        4.83734        0.46608        10.70336       4.42669        0.62997        15.20087       3.85958        0.78691        
112      NO_ID      1.442692308    0.2324719704   0.9915084728   9.613201248    0.05492391567  2.34754        2.57676        0.2536         3.78174        1.84818        0.48049        3.6397         1.95195        0.38783        
113      NO_ID      0.8767335964   0.2026459271   0.9271918577   5.424052959    0.2279213587   2.91353        3.05159        0.27586        4.46371        2.55483        0.42765        6.31484        2.24735        0.52785        
114      NO_ID      1.299592341    0.1425791303   0.2050927565   5.660491789    0.2057992934   11.90476       4.66921        0.69769        18.30709       4.17717        0.9877         24.91039       3.84549        1.12408        
115      NO_ID      1.463140009    0.1313004906   0.4030957663   7.567812505    0.2007869114   9.44669        4.33838        0.59387        14.81481       3.74548        0.92385        18.58466       3.61589        0.87261        
116      NO_ID      1.120895925    0.1532290621   0.5347472667   3.77942342     0.09847887948  6.13228        5.94558        0.2896         9.6473         4.32047        0.53188        11.48148       3.29082        0.58687        
117      NO_ID      1.043166828    0.1405745028   0.9005212625   7.370934002    0.1854316702   4.65735        4.50897        0.28197        6.53595        3.84416        0.38458        8.7406         3.43608        0.42838        
118      NO_ID      1.533596151    0.1934074225   0.6937222785   2.106656999    0.04697322554  3.55233        2.04021        0.44004        3.75473        1.14184        0.50027        4.30157        1.10642        0.26234        
119      NO_ID      1.075492369    0.1291384114   0.8186365967   9.137611613    0.2607382108   4.99109        3.04201        0.45316        7.33753        2.66652        0.66674        9.54329        2.57762        0.64454        
120      NO_ID      1.498534112    0.1571572314   0.7868787192   2.649706753    0.1663112158   4.95208        4.98366        0.2811         6.87285        4.09322        0.39067        9.16005        3.4017         0.48969        
121      NO_ID      1.483264936    0.2249780562   0.5224225057   8.195963857    0.1013593591   3.90843        2.97026        0.36308        5.88608        2.43566        0.56223        7.87827        2.16202        0.70858        
122      NO_ID      0.8204411522   0.2279841181   0.2273706894   7.868367857    0.2889213902   3.48259        2.04112        0.52715        5.22583        1.87081        0.69733        7.07763        1.78599        0.75589        
123      NO_ID      1.284466392    0.190048493    0.6074396092   7.74878881     0.1487327871   4.41084        3.65085        0.33581        6.52275        3.05434        0.48077        9.15354        2.55192        0.65312        
124      NO_ID      1.395059663    0.2147335861   0.5931831878   6.011176231    0.1324804765   4.04741        3.10411        0.36646        6.25841        2.47528        0.6004         7.77217        2.35654        0.63549        
125      NO_ID      1.276664807    0.1802389434   0.4181771343   7.226984922    0.1048291058   6.15894        4.44563        0.38769        9.09682        3.70518        0.58062        12.17277       3.24459        0.71018        
126      NO_ID      1.116223126    0.2237822757   0.2556385433   3.440408518    0.02048091099  3.92157        2.49715        0.42814        4.43178        1.39418        0.56954        4.59318        1.2795         0.3093         
127      NO_ID      1.185542041    0.1723603631   0.6799229516   8.800761749    0.05579302606  4.34513        4.74003        0.24867        7.11009        3.28217        0.50883        7.70077        2.90274        0.48738        
128      NO_ID      1.136843017    0.2418114044   0.6616676073   2.975057341    0.249263197    2.99914        2.49461        0.3581         4.73064        2.06555        0.56849        6.8787         1.86273        0.69943        
129      NO_ID      0.9215433045   0.197771578    0.1999262293   4.622672066    0.1516000428   6.41026        4.34622        0.44414        10.06494       3.91083        0.643          14.72746       3.61173        0.82089        
130      NO_ID      1.210817907    0.2351291487   0.8699334947   4.54916639     0.1142317625   2.60562        2.60513        0.28098        3.84298        2.12959        0.42922        4.71346        1.88516        0.51297        
131      NO_ID      1.173414766    0.1365272425   0.4996955662   8.291833323    0.1915046289   7.15385        4.28928        0.46658        11.15079       3.77418        0.71429        14.30769       3.5161         0.73408        
132      NO_ID      1.574476774    0.1476489115   0.9516818641   3.376260242    0.2916587858   4.82866        3.97636        0.3379         7.01098        3.36216        0.45667        9.24092        2.96231        0.5532         
133      NO_ID      0.8974536584   0.2133325032   0.4139059291   7.914313213    0.1313844536   4.10053        3.41709        0.3523         6.49836        2.96719        0.5435         9.07912        2.70042        0.66647        
134      NO_ID      1.340397942    0.1464620702   0.8910513619   4.075180589    0.0835655306   4.31354        5.89037        0.20367        5.87002        4.25879        0.31756        6.97382        2.91155        0.3774         
135      NO_ID      1.060736837    0.1765376602   0.8613801914   8.998033563    0.2176020478   3.68766        3.01071        0.34621        5.4331         2.56083        0.48464        7.12468        2.34783        0.58241        
136      NO_ID      1.059248084    0.1952562677   0.9407191439   4.15543136     0.2420556365   3.21355        3.23426        0.2835         4.83815        2.6876         0.41469        6.50463        2.42248        0.47423        
137      NO_ID      1.330282941    0.226242047    0.5998986763   4.947228712    0.2805762953   3.78481        2.51288        0.4402         5.84279        2.14218        0.66653        8.20106        1.89826        0.83514        
138      NO_ID      1.329238667    0.1893005838   0.1820735455   7.465877925    0.1832356377   8.50091        3.54373        0.68742        13.22002       3.22639        0.97999        17.87995       3.04185        1.07511        
139      NO_ID      1.007132713    0.209515592    0.3156003429   4.215674125    0.09283386914  5.15521        3.83899        0.39118        8.31843        3.22034        0.63612        11.74724       2.55031        0.861          
140      NO_ID      1.093051114    0.1394443539   0.3364198837   6.57622384     0.2825617842   7.30308        3.11635        0.63098        10.74159       2.84693        0.8654         14.5768        2.68638        0.95848        
141      NO_ID      1.232912822    0.1999057054   0.9682245059   4.784341685    0.2097549227   3.11806        3.15334        0.27557        4.6131         2.58955        0.40742        6.13228        2.30362        0.48885        
142      NO_ID      0.9545595233   0.1749001307   0.2707243819   2.267002233    0.2665296093   6.50069        4.58416        0.48583        10.40268       3.95289        0.71813        15.87838       3.7043         0.83851        
143      NO_ID      1.368887203    0.1980980864   0.1508564861   5.997429607    0.04115999806  8.59327        4.6893         0.51626        12.75046       3.94852        0.75684        16.09195       3.12285        0.90337        
144      NO_ID      1.59505597     0.1827761712   0.710610381    6.728424019    0.06901489123  4.313          4.01876        0.29574        6.33198        2.9924         0.50371        7.32601        2.37741        0.56259        
145      NO_ID      1.311572347    0.1436904895   0.3528432645   2.315900251    0.2548262273   9.49454        5.3272         0.53543        15.75654       4.47886        0.88994        21.54088       3.96797        1.05081        
146      NO_ID      1.206760035    0.170550258    0.6269165723   8.712742375    0.1104573654   4.87847        4.55366        0.28936        6.96517        3.83968        0.4082         9.27767        3.26743        0.50151        
147      NO_ID      1.476052106    0.1847124485   0.4655405961   5.7913823      0.02593083819  5.26217        2.99864        0.46069        5.14243        2.03001        0.50997        5.70608        1.49666        0.36586        
148      NO_ID      1.456955063    0.2171541333   0.4810168813   8.660414948    0.02934718782  4.28528        3.00049        0.40796        5.32567        2.32245        0.56209        5.24934        2.25201        0.41897        
149      NO_ID      1.545564001    0.1506194664   0.6347386174   5.539354145    0.1719068976   6.02151        4.95881        0.32658        8.9719         4.03886        0.50126        11.87447       3.5397         0.57496        
150      NO_ID      1.400944781    0.1341608573   0.1179401809   6.616575104    0.2034578132   14.31493       4.41787        0.85322        21.13636       3.97624        1.11949        28.15041       3.70346        1.21156        
151      NO_ID      0.9936278792   0.1787039494   0.1102318923   3.565966394    0.1779731725   9.18635        5.11332        0.57444        14.85043       4.68393        0.78799        20.74074       4.33154        0.90557        
152      NO_ID      1.262486899    0.2125246374   0.4317328637   8.440286552    0.2463533062   4.53956        2.39588        0.55524        6.92384        2.14471        0.8027         10.12292       1.96429        1.02963        
153      NO_ID      0.978735071    0.2074316887   0.6725069303   5.129558598    0.2318287523   3.45168        3.07254        0.33554        5.71195        2.53362        0.56866        7.67544        2.41409        0.58581        
154      NO_ID      1.43177765     0.1597848463   0.7619382029   8.322012324    0.2391195418   4.79359        3.0673         0.435          7.11382        2.65003        0.63051        10             2.29269        0.79599        
155      NO_ID      0.9855114097   0.1357588087   0.9196881173   6.835477427    0.2537406412   4.61133        3.53335        0.36853        6.82148        3.12552        0.50914        8.93997        2.90631        0.54712        
156      NO_ID      0.8666618379   0.2456500187   0.453490484    8.597938434    0.128410536    3.04812        2.752          0.32548        4.80604        2.34862        0.50645        6.86275        2.09513        0.6746         
157      NO_ID      0.8349432957   0.2191020904   0.175765844    6.398751007    0.1418804616   5.1827         3.666          0.43323        8.11594        3.35038        0.59682        11.88034       3.16359        0.73876        
158      NO_ID      0.9695747117   0.2298960109   0.8501193241   3.169368447    0.03911671388  2.20022        2.13326        0.28995        2.75637        0.93972        0.48466        2.87964        1.09561        0.25857        
159      NO_ID      1.194554266    0.2317411866   0.5460547591   9.500729213    0.2962789906   3.32858        1.79399        0.5671         4.97512        1.61247        0.78358        7.07071        1.48746        0.97238        
160      NO_ID      1.251448968    0.1452817566   0.3286431335   5.064987166    0.1684009538   9.78337        5.56822        0.50492        15.41394       4.6097         0.81077        21.45062       4.00016        1.03661        
161      NO_ID      0.9212558532   0.204149407    0.1619928194   7.649390262    0.2263091128   5.4902         2.81539        0.5836         8.28877        2.5699         0.7786         11.32686       2.43082        0.84334        
162      NO_ID      1.086762549    0.1585676346   0.5621456432   6.943508204    0.1452824637   5.70497        4.88052        0.33204        8.51852        3.98204        0.50873        12.09748       3.50074        0.61794        
163      NO_ID      1.062784873    0.1210030169   0.8248026092   2.893945788    0.1190173599   5.71895        7.99746        0.20029        8.30368        5.18079        0.37511        10.52036       4.06159        0.39209        
164      NO_ID      1.390206145    0.1264632656   0.9795502826   9.744500079    0.1969004918   4.90712        4.07507        0.31887        6.87285        3.58351        0.41449        9.05867        3.17395        0.47846        
165      NO_ID      1.252749201    0.2078031839   0.8314522463   7.012433524    0.06746936621  3.11319        3.27298        0.26251        5.01428        2.31723        0.50984        5.484          2.10652        0.51169        
166      NO_ID      1.05215577     0.2199213489   0.8863755178   7.172314916    0.07486586367  2.58398        3.03008        0.23532        4.00517        2.29269        0.41449        4.79876        2.15887        0.4424         
167      NO_ID      1.332575853    0.2374375461   0.4470041516   3.914895631    0.1595683082   4.28484        2.71579        0.45678        6.98603        2.18637        0.79649        9.25926        2.06047        0.91373        
168      NO_ID      1.389363837    0.1861076409   0.7833177991   3.848946213    0.07719979174  4.07213        3.73521        0.30608        5.18519        2.61495        0.46586        6.06849        2.00858        0.49162        
169      NO_ID      1.537871385    0.1872615247   0.4855259888   3.673380767    0.135773638    5.97364        4.01024        0.42713        8.45411        3.33312        0.61004        10.92896       3.09162        0.65274        
170      NO_ID      1.159736483    0.1222611904   0.1351946021   6.289969057    0.06271869639  18.88441       9.52596        0.54229        29.01235       7.4025         0.86263        37.90323       5.53714        0.97338        
171      NO_ID      1.48377994     0.1521840128   0.2939100351   9.446666616    0.03698837841  10.19523       6.05249        0.4597         12.85583       4.19888        0.66278        15.60403       2.77234        0.80496        
172      NO_ID      1.358930651    0.2367436666   0.7269245973   9.381093661    0.1911951424   2.94985        2.32876        0.36245        4.39837        1.97488        0.52561        6.03708        1.75895        0.62402        
173      NO_ID      1.323063635    0.1644938668   0.3635380532   2.729064243    0.1220008238   8.13008        5.22267        0.45808        12.3131        4.09492        0.74164        15.08197       3.26039        0.78669        
174      NO_ID      0.9969482366   0.2055801819   0.9567088169   2.443803484    0.08741788306  2.90035        2.99046        0.28179        3.79404        1.96907        0.45736        3.9019         1.77915        0.3338         
175      NO_ID      1.145588541    0.1241371126   0.7513864137   6.174838304    0.0480756095   6.22784        7.32048        0.23406        7.99087        4.05189        0.46208        8.80682        2.64752        0.39605        
176      NO_ID      0.8383994904   0.2448141571   0.5545602508   5.887203059    0.08171626503  2.76625        2.78235        0.2873         4.72561        2.15555        0.56398        5.95391        2.04215        0.58882        
177      NO_ID      1.494247016    0.2427944808   0.3797538426   9.924894178    0.2738433107   4.14815        1.79031        0.70837        6.33198        1.61174        0.99441        8.93997        1.51291        1.21534        
178      NO_ID      1.162592524    0.1613220488   0.7000998383   9.294401647    0.09656233827  4.52196        5.04892        0.24303        6.7243         4.08941        0.37844        8.89531        3.35199        0.49288        
179      NO_ID      0.9420724288   0.1659819676   0.2361528636   9.04887116     0.05882636654  8.01724        5.98875        0.37523        12.34568       5.04052        0.57621        17.41294       4.2346         0.75126        
180      NO_ID      1.226931379    0.1683349827   0.507862733    4.302145975    0.2692233399   6.08431        3.60142        0.48662        9.61145        3.14978        0.74097        13.72549       2.79954        0.95442        
181      NO_ID      1.318175707    0.2399889556   0.7986616251   2.070959359    0.2203574178   2.68662        2.49116        0.31624        4.41824        1.95823        0.54137        5.61594        1.88308        0.5739         
182      NO_ID      0.8889294696   0.2489397983   0.5818789621   5.222147562    0.2989426042   2.6621         2.18114        0.38254        4.27742        1.92308        0.56121        6.16469        1.78124        0.7186         
183      NO_ID      0.970935515    0.1556392747   0.6460951281   6.440672269    0.03282059362  5.20833        4.68785        0.31538        5.50964        2.49452        0.41608        6.06849        1.57908        0.34347        
184      NO_ID      1.342219579    0.1625158306   0.7317168365   3.0979129      0.1551920501   4.82592        4.87179        0.27291        7.03871        3.97268        0.40679        9.36027        3.2024         0.53918        
185      NO_ID      0.8429090474   0.1916577181   0.7706826478   5.3274655      0.2626836209   3.41912        3.05658        0.32676        5.32802        2.61425        0.49621        7.45474        2.33937        0.64074        
186      NO_ID      1.468457509    0.1697831059   0.3069651212   9.831883211    0.1773765133   7.99087        3.53907        0.64928        12.15738       3.16799        0.91089        17.03297       2.81999        1.14946        
187      NO_ID      1.563615648    0.1316055638   0.2197541919   4.897598552    0.2359037998   13.93849       4.56125        0.81467        21.35177       4.01376        1.18562        28.49794       3.72918        1.32366        
188      NO_ID      1.557135657    0.2471531576   0.1283175971   3.265965556    0.1161475501   6.80372        2.98518        0.74487        11.75711       2.743          1.09673        17.15686       2.52682        1.4172         
189      NO_ID      1.011453701    0.2208430179   0.2851292162   8.01038462     0.21312751     4.64807        2.6855         0.52562        7.24299        2.42224        0.75089        10.19956       2.29733        0.86972        
190      NO_ID      1.000298762    0.1273147114   0.3907444093   4.428124898    0.2780869814   8.56354        4.0973         0.55318        12.78539       3.67047        0.76118        16.90909       3.45303        0.83064        
191      NO_ID      1.514137187    0.1776855585   0.2655581644   2.511816207    0.1616120112   9.45122        4.61533        0.59794        14.83279       3.81912        0.99423        19.7609        3.44313        1.04912        
192      NO_ID      1.449028341    0.2324719704   0.9915084728   9.613201248    0.05492391567  2.38217        2.56997        0.25567        3.79713        1.82346        0.49173        3.87079        1.84042        0.41276        
193      NO_ID      1.120239819    0.2026459271   0.9271918577   5.424052959    0.2279213587   3.00687        3.01674        0.27999        4.69223        2.4991         0.4271         6.28931        2.26591        0.49695        
194      NO_ID      1.409759954    0.1425791303   0.2050927565   5.660491789    0.2057992934   12.47748       4.65585        0.73648        18.90244       4.13678        1.0408         26.32576       3.80044        1.20135        
195      NO_ID      1.37718422     0.1313004906   0.4030957663   7.567812505    0.2007869114   9.31864        4.41143        0.58266        14.1844        3.88853        0.85072        19.11565       3.55183        0.93933        
196      NO_ID      1.046491441    0.1532290621   0.5347472667   3.77942342     0.09847887948  6.47249        5.79294        0.32002        9.15354        4.42464        0.48896        12.41135       3.22329        0.68193        
197      NO_ID      0.8270814782   0.1405745028   0.9005212625   7.370934002    0.1854316702   4.33705        4.56858        0.27077        6.56353        3.92782        0.39777        8.65801        3.57804        0.4045         
198      NO_ID      1.307803148    0.1934074225   0.6937222785   2.106656999    0.04697322554  3.35731        2.10653        0.40218        3.4339         1.56591        0.41395        3.99142        1.07755        0.23099        
199      NO_ID      1.261568677    0.1291384114   0.8186365967   9.137611613    0.2607382108   5.11696        3.05508        0.45613        7.41918        2.71287        0.60157        10.16703       2.49884        0.70922        
200      NO_ID      1.426723837    0.1571572314   0.7868787192   2.649706753    0.1663112158   4.78142        5.11771        0.25918        6.87285        4.01471        0.40641        9.22619        3.49752        0.49246        
201      NO_ID      1.458089292    0.2249780562   0.5224225057   8.195963857    0.1013593591   3.9635         2.94521        0.37697        6.05469        2.39225        0.59933        7.94872        2.12945        0.73133        
202      NO_ID      1.28544649     0.2279841181   0.2273706894   7.868367857    0.2889213902   5.06146        2.02291        0.75273        7.60043        1.86295        1.01609        10.56818       1.77154        1.15467        
203      NO_ID      1.274546078    0.190048493    0.6074396092   7.74878881     0.1487327871   4.47427        3.65524        0.34066        6.64767        3.04892        0.49678        9.13242        2.6995         0.61106        
204      NO_ID      1.363879713    0.2147335861   0.5931831878   6.011176231    0.1324804765   4.09331        3.09916        0.36833        5.87741        2.56199        0.54688        8.8632         2.04705        0.84022        
205      NO_ID      0.805507979    0.1802389434   0.4181771343   7.226984922    0.1048291058   5.07403        4.68963        0.30983        8.04598        4.04629        0.48938        11.31387       3.4271         0.65892        
206      NO_ID      1.582250545    0.2237822757   0.2556385433   3.440408518    0.02048091099  4.61768        2.00432        0.5941         4.98043        1.26618        0.67275        5.30217        1.11841        0.40622        
207      NO_ID      0.9089629309   0.1723603631   0.6799229516   8.800761749    0.05579302606  4.18155        4.81697        0.23671        6.49954        3.51952        0.42967        7.58808        2.67741        0.4919         
208      NO_ID      1.297576652    0.2418114044   0.6616676073   2.975057341    0.249263197    3.11943        2.41221        0.37651        5.42005        1.95849        0.66482        7.22394        1.82049        0.76048        
209      NO_ID      0.8107072488   0.197771578    0.1999262293   4.622672066    0.1516000428   5.71195        4.39945        0.40026        9.11765        4.00091        0.58606        13.34283       3.72717        0.73204        
210      NO_ID      0.9101874801   0.2351291487   0.8699334947   4.54916639     0.1142317625   2.36652        2.70464        0.25145        3.65154        2.24031        0.39832        4.45829        2.09941        0.43521        
211      NO_ID      0.865108276    0.1365272425   0.4996955662   8.291833323    0.1915046289   6.35574        4.31825        0.41771        9.908          3.84231        0.6019         13.68524       3.58553        0.6975         
212      NO_ID      0.8756931133   0.1476489115   0.9516818641   3.376260242    0.2916587858   4.19664        4.08965        0.29454        6.46732        3.51687        0.42717        9.4086         3.07164        0.561          
213      NO_ID      1.545578408    0.2133325032   0.4139059291   7.914313213    0.1313844536   5.18519        3.19863        0.45607        8.13008        2.63789        0.72587        10.55046       2.36147        0.88011        
214      NO_ID      1.2358662      0.1464620702   0.8910513619   4.075180589    0.0835655306   4.50581        5.74696        0.21693        5.67031        4.37717        0.3047         7.24299        2.80826        0.40838        
215      NO_ID      1.47398991     0.1765376602   0.8613801914   8.998033563    0.2176020478   3.90428        2.965          0.3626         5.57554        2.60201        0.48425        7.55376        2.35881        0.5275         
216      NO_ID      0.952478883    0.1952562677   0.9407191439   4.15543136     0.2420556365   3.02245        3.30767        0.26132        4.69484        2.71608        0.40345        6.76329        2.3912         0.51622        
217      NO_ID      1.244404537    0.226242047    0.5998986763   4.947228712    0.2805762953   3.76344        2.45856        0.44837        5.71956        2.16128        0.66399        8.33333        1.86723        0.84743        
218      NO_ID      1.526534109    0.1893005838   0.1820735455   7.465877925    0.1832356377   9.0998         3.53934        0.74643        14.38214       3.18711        1.08241        20.28658       2.96573        1.25773        
219      NO_ID      1.411427173    0.209515592    0.3156003429   4.215674125    0.09283386914  6.15894        3.6208         0.49962        10.01431       2.86594        0.86644        12.7027        2.48989        0.97601        
220      NO_ID      1.174023606    0.1394443539   0.3364198837   6.57622384     0.2825617842   7.7135         3.14946        0.65549        11.38211       2.81891        0.91602        15.4485        2.68035        1.01743        
221      NO_ID      1.073539051    0.1999057054   0.9682245059   4.784341685    0.2097549227   2.96673        3.20975        0.26106        4.68541        2.59135        0.40777        6              2.43833        0.44358        
222      NO_ID      1.034531723    0.1749001307   0.2707243819   2.267002233    0.2665296093   6.91358        4.38662        0.52203        10.90343       4.02639        0.77157        17.03297       3.5812         0.9304         
223      NO_ID      0.9844080984   0.1980980864   0.1508564861   5.997429607    0.04115999806  7.11382        4.86519        0.41722        11.36919       4.17988        0.67481        14.22018       3.5208         0.7285         
224      NO_ID      1.195527719    0.1827761712   0.710610381    6.728424019    0.06901489123  4.15554        4.11668        0.28169        5.78991        3.31497        0.43063        7.06001        2.56798        0.4906         
225      NO_ID      1.433253062    0.1436904895   0.3528432645   2.315900251    0.2548262273   9.85011        5.4098         0.56055        16.31579       4.45679        0.87961        22.71242       3.98955        1.01881        
226      NO_ID      1.184151012    0.170550258    0.6269165723   8.712742375    0.1104573654   4.80604        4.56404        0.28794        7.24638        3.65033        0.45921        9.08203        3.26023        0.52152        
227      NO_ID      1.213063606    0.1847124485   0.4655405961   5.7913823      0.02593083819  4.90196        3.2853         0.40464        5.03623        1.86211        0.49895        5.47089        1.50991        0.37068        
228      NO_ID      1.137658264    0.2171541333   0.4810168813   8.660414948    0.02934718782  4.12966        3.1246         0.37436        4.61768        2.54464        0.4281         5.24239        2.25829        0.416          
229      NO_ID      1.094926359    0.1506194664   0.6347386174   5.539354145    0.1719068976   5.72597        5.05493        0.32416        8.69159        4.10048        0.49115        11.67086       3.44939        0.63262        
230      NO_ID      1.105908628    0.1341608573   0.1179401809   6.616575104    0.2034578132   11.8266        4.45754        0.70021        17.28395       4.00567        0.90985        22.91667       3.77665        0.97216        
231      NO_ID      1.50092217     0.1787039494   0.1102318923   3.565966394    0.1779731725   13.08194       4.80153        0.84508        20.07407       4.51169        1.13311        29.16667       4.11269        1.32157        
232      NO_ID      0.9304063074   0.2125246374   0.4317328637   8.440286552    0.2463533062   3.9019         2.4266         0.48403        5.99829        2.19558        0.68703        8.45455        2.04174        0.81066        
233      NO_ID      0.8943706194   0.2074316887   0.6725069303   5.129558598    0.2318287523   3.32858        3.09133        0.3234         5.25424        2.60239        0.5042         7.87827        2.24568        0.70069        
234      NO_ID      1.570231176    0.1597848463   0.7619382029   8.322012324    0.2391195418   4.84094        3.0644         0.43074        7.08144        2.66667        0.62288        9.61272        2.35581        0.7031         
235      NO_ID      1.119133015    0.1357588087   0.9196881173   6.835477427    0.2537406412   4.66933        3.52856        0.3691         7.18654        3.06134        0.5514         9.50441        2.76604        0.59874        
236      NO_ID      1.202835251    0.2456500187   0.453490484    8.597938434    0.128410536    3.50679        2.63484        0.38241        5.4902         2.18671        0.62464        7.57329        1.93931        0.77759        
237      NO_ID      0.9605146721   0.2191020904   0.175765844    6.398751007    0.1418804616   5.62249        3.64685        0.46479        9.13556        3.30427        0.67277        12.75046       3.0761         0.83527        
238      NO_ID      1.593157672    0.2298960109   0.8501193241   3.169368447    0.03911671388  2.55708        1.78073        0.38463        2.8757         1.01691        0.50714        3.16917        1.11329        0.27578        
239      NO_ID      1.024568332    0.2317411866   0.5460547591   9.500729213    0.2962789906   3.08846        1.80426        0.52148        4.5977         1.65864        0.71327        6.4905         1.53943        0.83418        
240      NO_ID      0.8512132858   0.1452817566   0.3286431335   5.064987166    0.1684009538   8.1861         5.78578        0.40141        12.76113       5.01553        0.59333        18.09339       4.44075        0.76521        
241      NO_ID      1.581441828    0.2066161784   0.1619928194   7.649390262    0.2263091128   8.23081        2.72588        0.89818        12.3227        2.49432        1.20183        17.22017       2.35032        1.38793        
242      NO_ID      0.9454540357   0.2106864118   0.5621456432   6.943508204    0.1452824637   3.7708         3.34214        0.32277        5.50964        2.83756        0.47927        8.04598        2.48955        0.63568        
243      NO_ID      0.804710678    0.1482329527   0.8248026092   2.893945788    0.1190173599   4.5977         5.79513        0.22423        6.5721         4.10512        0.37336        7.96105        3.32792        0.40644        
244      NO_ID      1.30097305     0.2045999845   0.9795502826   9.744500079    0.1969004918   2.82828        2.6525         0.29729        4.30902        2.27843        0.43096        5.62298        2.04329        0.48822        
245      NO_ID      1.017380328    0.1906700983   0.8314522463   7.012433524    0.06746936621  3.25885        3.86477        0.23495        5.07403        2.86159        0.42603        6.10022        2.23937        0.49374        
246      NO_ID      1.027605419    0.1499887609   0.8863755178   7.172314916    0.07486586367  4.20785        5.69297        0.19977        5.72597        4.33824        0.31381        7.26563        3.35998        0.36689        
247      NO_ID      1.357413572    0.1456932451   0.4470041516   3.914895631    0.1595683082   8.37822        5.69796        0.40578        12.11724       4.66015        0.63366        17.16233       3.79431        0.83877        
248      NO_ID      0.8808878101   0.2125788542   0.7833177991   3.848946213    0.07719979174  3.01854        3.1972         0.272          4.36137        2.35961        0.46843        5.6031         1.63156        0.57068        
249      NO_ID      1.101332427    0.1291156385   0.4855259888   3.673380767    0.135773638    8.40841        7.22893        0.32057        12.8453        5.69756        0.51089        17.09402       4.66762        0.60884        
250      NO_ID      1.519629232    0.1776181648   0.1351946021   6.289969057    0.06271869639  12.0155        5.4225         0.61873        19.10569       4.58936        0.98922        25.54945       4.0281         1.12634        
251      NO_ID      1.141766034    0.2199089744   0.2939100351   9.446666616    0.03698837841  4.80604        3.61074        0.37522        7.20165        3.02278        0.58211        8.22935        2.83395        0.57923        
252      NO_ID      1.039940672    0.1376483676   0.7269245973   9.381093661    0.1911951424   5.33869        4.02441        0.37578        7.67544        3.55999        0.49731        10.28761       3.30061        0.53106        
253      NO_ID      1.085289361    0.1893357191   0.3635380532   2.729064243    0.1220008238   6.34058        4.19921        0.44705        9.68188        3.33185        0.73266        11.00703       3.03989        0.65247        
254      NO_ID      0.934241159    0.1623917477   0.9567088169   2.443803484    0.08741788306  3.73932        4.55007        0.2464         4.34174        2.65825        0.33392        5.25526        2.02575        0.33528        
255      NO_ID      0.855280052    0.1920522541   0.7513864137   6.174838304    0.0480756095   3.47999        3.82771        0.25653        4.80604        2.56944        0.45003        5.04505        2.30947        0.36111        
256      NO_ID      1.165966218    0.1744636538   0.5545602508   5.887203059    0.08171626503  5.21415        4.63508        0.31372        7.43386        3.69397        0.48775        9.34797        3.03145        0.57662        
257      NO_ID      0.9172997375   0.1317054511   0.3797538426   9.924894178    0.2738433107   5.4902         2.71487        0.55621        8.04498        2.46515        0.75144        11.05845       2.33029        0.83376        
258      NO_ID      1.373541645    0.2303667988   0.7000998383   9.294401647    0.09656233827  3.0561         2.75395        0.30422        4.37774        2.32494        0.44078        5.62322        2.04401        0.55332        
259      NO_ID      0.8120965107   0.2218070249   0.2361528636   9.04887116     0.05882636654  4.48718        3.83971        0.34153        7.39567        3.3759         0.54191        10.19737       3.06307        0.64927        
260      NO_ID      1.563594094    0.1240120279   0.507862733    4.302145975    0.2692233399   9.24092        4.38347        0.5718         13.9801        3.84088        0.81647        19.88555       3.31883        1.08261        
261      NO_ID      1.155269623    0.1574786259   0.7986616251   2.070959359    0.2203574178   5.11281        4.76418        0.30002        6.9965         3.92911        0.41838        9.4086         3.59011        0.48406        
262      NO_ID      1.503227674    0.1425404921   0.5818789621   5.222147562    0.2989426042   6.89911        3.29021        0.57674        10.32448       2.89065        0.84256        14.83804       2.57868        1.04885        
263      NO_ID      1.410610481    0.1356871501   0.6460951281   6.440672269    0.03282059362  5.87002        5.24991        0.30718        5.99829        2.68522        0.36519        7.16487        1.63407        0.3564         
264      NO_ID      1.42949237     0.2338588253   0.7317168365   3.0979129      0.1551920501   3.21355        2.56092        0.35885        4.93107        2.10786        0.56337        6.01128        2.00051        0.59205        
265      NO_ID      1.529595653    0.1337437404   0.7706826478   5.3274655      0.2626836209   6.11621        3.88977        0.42154        8.82353        3.403          0.56694        11.46601       3.0843         0.62211        
266      NO_ID      1.247617862    0.1764634626   0.3069651212   9.831883211    0.1773765133   6.98603        3.46599        0.59043        10.96698       3.08529        0.83838        15.05895       2.87603        1.01321        
267      NO_ID      1.226989294    0.1528337918   0.2197541919   4.897598552    0.2359037998   10.279         4.17504        0.67489        15.35088       3.80796        0.91362        21.21212       3.51325        1.07335        
268      NO_ID      1.556202485    0.187996154    0.1283175971   3.265965556    0.1161475501   11.70483       4.85406        0.71557        19.07713       4.21664        1.16578        26.01852       3.71547        1.37599        
269      NO_ID      1.381548999    0.1693385364   0.2851292162   8.01038462     0.21312751     7.99087        3.36355        0.67146        12.4552        3.00555        0.98512        17.34069       2.77734        1.18175        
270      NO_ID      0.8451242359   0.2314695786   0.3907444093   4.428124898    0.2780869814   3.45168        2.64835        0.41238        5.38876        2.4172         0.59729        7.92303        2.25696        0.71053        
271      NO_ID      0.9025570531   0.2467342394   0.2655581644   2.511816207    0.1616120112   3.93068        2.67314        0.48801        6.2724         2.5652         0.70735        9.00901        2.38749        0.79855        
272      NO_ID      1.442692308    0.2031067239   0.9915084728   9.613201248    0.05492391567  2.60765        3.46073        0.21011        4.09716        2.38518        0.42455        4.1779         2.57422        0.32562        
273      NO_ID      0.8767335964   0.1260907558   0.9271918577   5.424052959    0.2279213587   5.01792        4.66856        0.30236        7.56098        4.06395        0.42307        9.91471        3.56269        0.47831        
274      NO_ID      1.299592341    0.15536094     0.2050927565   5.660491789    0.2057992934   10.92896       4.39628        0.69747        16.54804       3.91781        0.96551        22.9064        3.63183        1.1361         
275      NO_ID      1.463140009    0.1302241633   0.4030957663   7.567812505    0.2007869114   9.58763        4.37169        0.61586        14.63542       3.83789        0.8771         19.1358        3.50263        0.97521        
276      NO_ID      1.120895925    0.228022019    0.5347472667   3.77942342     0.09847887948  3.70077        2.95096        0.36142        5.58882        2.39704        0.58907        7.50945        1.83484        0.74221        
277      NO_ID      1.043166828    0.1856071002   0.9005212625   7.370934002    0.1854316702   3.38409        3.4265         0.2771         4.95591        2.97116        0.3765         7.21278        2.50055        0.52697        
278      NO_ID      1.533596151    0.1838889624   0.6937222785   2.106656999    0.04697322554  3.53535        2.44309        0.37541        4.17786        1.18883        0.53685        4.24242        1.17507        0.21925        
279      NO_ID      1.075492369    0.2437467741   0.8186365967   9.137611613    0.2607382108   2.47437        1.92728        0.38288        3.87919        1.6549         0.59096        5.26118        1.49433        0.71065        
280      NO_ID      1.498534112    0.2251764011   0.7868787192   2.649706753    0.1663112158   3.23211        2.70677        0.34028        4.69484        2.1626         0.52659        5.76132        2.14044        0.49822        
281      NO_ID      1.483264936    0.1225395014   0.5224225057   8.195963857    0.1013593591   8.57934        7.16423        0.32371        12.1645        5.75222        0.466          16.2037        4.36172        0.63456        
282      NO_ID      0.8204411522   0.159835307    0.2273706894   7.868367857    0.2889213902   4.74255        2.5901         0.52455        7.11382        2.35595        0.68154        9.51403        2.22409        0.76924        
283      NO_ID      1.284466392    0.2495005573   0.6074396092   7.74878881     0.1487327871   2.95546        2.43287        0.34591        4.59318        2.00766        0.53027        6.36115        1.78376        0.6914         
284      NO_ID      1.395059663    0.1662858265   0.5931831878   6.011176231    0.1324804765   5.56218        4.64349        0.32693        8.00344        3.8491         0.47439        10.77519       3.39203        0.58393        
285      NO_ID      1.276664807    0.2019733607   0.4181771343   7.226984922    0.1048291058   5              3.75019        0.37407        7.49064        3.12758        0.56732        10.93997       2.68913        0.77549        
286      NO_ID      1.116223126    0.1977174581   0.2556385433   3.440408518    0.02048091099  4.65735        2.78735        0.43172        4.87635        1.76111        0.48562        5.46448        1.14453        0.3378         
287      NO_ID      1.185542041    0.23907565     0.6799229516   8.800761749    0.05579302606  2.80617        2.65485        0.29889        4.59486        2.01629        0.5405         4.75214        2.03893        0.47162        
288      NO_ID      1.136843017    0.23246132     0.6616676073   2.975057341    0.249263197    3.34996        2.60391        0.37365        5.27307        2.1614         0.58402        7.2205         2.01855        0.6598         
289      NO_ID      0.9215433045   0.179623026    0.1999262293   4.622672066    0.1516000428   7.60043        4.89895        0.47437        12.19618       4.3961         0.66659        17.03163       4.13442        0.7955         
290      NO_ID      1.210817907    0.1389518652   0.8699334947   4.54916639     0.1142317625   4.61589        6.46827        0.19569        6.73913        5.11991        0.29391        9.08203        3.62921        0.44615        
291      NO_ID      1.173414766    0.2081443476   0.4996955662   8.291833323    0.1915046289   4.36545        2.93124        0.43394        6.71463        2.52104        0.65197        9.19312        2.37306        0.75967        
292      NO_ID      1.574476774    0.1731499908   0.9516818641   3.376260242    0.2916587858   3.9886         3.45248        0.32871        5.95238        2.82598        0.48149        7.90816        2.50606        0.55424        
293      NO_ID      0.8974536584   0.218623651    0.4139059291   7.914313213    0.1313844536   3.91828        3.33503        0.34091        6.17854        2.82585        0.53692        8.8403         2.54574        0.71415        
294      NO_ID      1.340397942    0.2469126696   0.8910513619   4.075180589    0.0835655306   2.43797        2.32998        0.29796        3.90999        1.63575        0.56913        4.69436        1.40399        0.65602        
295      NO_ID      1.060736837    0.2264465578   0.8613801914   8.998033563    0.2176020478   2.66705        2.32305        0.32933        4.08971        1.98359        0.49423        5.57547        1.83068        0.56341        
296      NO_ID      1.059248084    0.1509972002   0.9407191439   4.15543136     0.2420556365   4.46032        4.24817        0.29796        6.26398        3.67651        0.39562        8.61009        3.1791         0.48583        
297      NO_ID      1.330282941    0.2421611009   0.5998986763   4.947228712    0.2805762953   3.38921        2.26849        0.43538        5.47731        1.88285        0.7053         7.74878        1.67054        0.90852        
298      NO_ID      1.329238667    0.1709638032   0.1820735455   7.465877925    0.1832356377   9.80392        3.90836        0.72779        15.04329       3.54658        1.0001         20.87087       3.30958        1.13048        
299      NO_ID      1.007132713    0.2371179135   0.3156003429   4.215674125    0.09283386914  4.2042         3.11592        0.39538        6.88564        2.64838        0.66286        9.60219        2.25139        0.86248        
300      NO_ID      1.093051114    0.1985294366   0.3364198837   6.57622384     0.2825617842   5.11696        2.54635        0.58862        7.78894        2.28052        0.82597        10.92896       2.18291        0.95068        
301      NO_ID      1.232912822    0.1650005298   0.9682245059   4.784341685    0.2097549227   3.80642        4.14047        0.25881        5.50964        3.39981        0.36617        7.49064        3.03371        0.42507        
302      NO_ID      0.9545595233   0.1828699182   0.2707243819   2.267002233    0.2665296093   5.83333        4.32517        0.46464        9.44669        3.76984        0.74702        15.60403       3.56605        0.85327        
303      NO_ID      1.368887203    0.1432106678   0.1508564861   5.997429607    0.04115999806  14.85623       7.66549        0.53509        21.6821        5.14648        0.90426        26.72414       3.22449        1.05067        
304      NO_ID      1.59505597     0.2224172927   0.710610381    6.728424019    0.06901489123  3.36215        2.83066        0.33109        5.28501        2.08407        0.58894        5.33257        2.22161        0.46739        
305      NO_ID      1.311572347    0.1940026944   0.3528432645   2.315900251    0.2548262273   5.40123        3.69426        0.49572        9.36027        3.08612        0.86719        14.45473       2.86099        1.07645        
306      NO_ID      1.206760035    0.240573336    0.6269165723   8.712742375    0.1104573654   3.02144        2.66141        0.31874        4.47665        2.16423        0.48751        6.23324        1.87249        0.65912        
307      NO_ID      1.476052106    0.1464517135   0.4655405961   5.7913823      0.02593083819  6.07639        4.1515         0.37059        6.43154        1.81482        0.50565        7.12821        1.20666        0.32571        
308      NO_ID      1.456955063    0.2131441794   0.4810168813   8.660414948    0.02934718782  4.61589        3.03871        0.43034        5.16537        2.37253        0.53284        5.42005        1.91705        0.455          
309      NO_ID      1.545564001    0.1814385886   0.6347386174   5.539354145    0.1719068976   4.80835        3.87363        0.34953        7.39269        3.16525        0.54074        9.52381        2.97316        0.54722        
310      NO_ID      1.400944781    0.2146246993   0.1179401809   6.616575104    0.2034578132   8.27423        3.05879        0.80064        12.52252       2.81479        1.07567        17.81609       2.63972        1.20558        
311      NO_ID      0.9936278792   0.140452661    0.1102318923   3.565966394    0.1779731725   13.18267       6.61167        0.5816         21.50538       5.90514        0.80448        28.65854       5.21104        0.89969        
312      NO_ID      1.262486899    0.19568079     0.4317328637   8.440286552    0.2463533062   5.06146        2.5443         0.58586        7.61518        2.30259        0.79978        11.03175       2.10935        1.02771        
313      NO_ID      0.978735071    0.2368793158   0.6725069303   5.129558598    0.2318287523   2.84726        2.56239        0.32722        4.59318        2.11476        0.54337        6.47632        1.87587        0.70867        
314      NO_ID      1.43177765     0.1269375078   0.7619382029   8.322012324    0.2391195418   5.97525        3.53672        0.4633         8.4997         3.14344        0.60333        11.1244        2.88058        0.64942        
315      NO_ID      0.9855114097   0.2159094918   0.9196881173   6.835477427    0.2537406412   2.72268        2.48344        0.31161        4.24658        2.08648        0.48467        5.93723        1.90824        0.58495        
316      NO_ID      0.8666618379   0.1619916919   0.453490484    8.597938434    0.128410536    5.78273        4.86452        0.33854        8.90585        4.20272        0.51698        12.3131        3.65038        0.66391        
317      NO_ID      0.8349432957   0.200472607    0.175765844    6.398751007    0.1418804616   6.06849        4.11387        0.44417        9.62733        3.81088        0.62959        13.44861       3.58836        0.732          
318      NO_ID      0.9695747117   0.1678495882   0.8501193241   3.169368447    0.03911671388  3.43896        3.10646        0.29719        3.76344        1.5375         0.39728        4.10437        1.17766        0.20226        
319      NO_ID      1.194554266    0.1206605949   0.5460547591   9.500729213    0.2962789906   6.00601        2.63381        0.6211         8.88889        2.36183        0.85349        11.84996       2.2572         0.95349        
320      NO_ID      1.251448968    0.1560772404   0.3286431335   5.064987166    0.1684009538   8.85515        5.1806         0.48994        14.27115       4.30804        0.80158        19.30556       3.78186        0.99018        
321      NO_ID      1.581441828    0.204149407    0.3119409219   7.649390262    0.2263091128   6.39269        2.76432        0.66954        9.96377        2.46243        0.9929         14.24897       2.22418        1.25131        
322      NO_ID      0.9454540357   0.1585676346   0.3331710944   6.943508204    0.1452824637   7.30308        5.08538        0.41268        11.55116       4.41931        0.62939        16.14764       3.96121        0.77975        
323      NO_ID      0.804710678    0.1210030169   0.8658282662   2.893945788    0.1190173599   5.45171        7.91424        0.19538        8.14427        5.96441        0.31804        9.78337        3.8688         0.39566        
324      NO_ID      1.30097305     0.1264632656   0.101454556    9.744500079    0.1969004918   11.59601       3.95167        0.79639        17.3482        3.55556        1.04324        23.35025       3.35227        1.14447        
325      NO_ID      1.017380328    0.2078031839   0.3201769534   7.012433524    0.06746936621  4.99643        3.95435        0.35823        7.95262        3.24716        0.60901        10.96595       2.80086        0.74806        
326      NO_ID      1.027605419    0.2199213489   0.3461624958   7.172314916    0.07486586367  4.57227        3.49109        0.37137        6.89316        3.01306        0.55784        10.0432        2.55196        0.79374        
327      NO_ID      1.357413572    0.2374375461   0.5638790351   3.914895631    0.1595683082   3.70959        2.60538        0.41334        5.84469        2.13159        0.66403        7.68808        1.93932        0.81637        
328      NO_ID      0.8808878101   0.1861076409   0.954999724    3.848946213    0.07719979174  2.93871        4.0151         0.20793        4.23089        2.92071        0.35561        5.27307        1.93043        0.43259        
329      NO_ID      1.101332427    0.1872615247   0.814411622    3.673380767    0.135773638    3.91256        3.80277        0.2845         5.54226        3.09502        0.43684        6.84262        2.89453        0.44785        
330      NO_ID      1.519629232    0.1222611904   0.1197115753   6.289969057    0.06271869639  22.1169        9.48197        0.6475         34.96241       7.16551        1.06025        45.30744       5.37946        1.24425        
331      NO_ID      1.141766034    0.1521840128   0.7446070771   9.446666616    0.03698837841  5.00356        5.30988        0.26078        5.92969        3.48554        0.3704         6.62879        2.22239        0.39606        
332      NO_ID      1.039940672    0.2367436666   0.7019034649   9.381093661    0.1911951424   2.73192        2.38057        0.3371         4.27742        2.0382         0.51653        6.03113        1.81555        0.67214        
333      NO_ID      1.085289361    0.1644938668   0.9780524754   2.729064243    0.1220008238   3.64462        4.73131        0.21514        5.63607        3.2746         0.42346        6.04085        2.79018        0.39091        
334      NO_ID      0.934241159    0.2055801819   0.4477822217   2.443803484    0.08741788306  4.54841        3.48814        0.3861         6.26398        2.5213         0.60352        7.0922         1.95995        0.5444         
335      NO_ID      0.855280052    0.1241371126   0.6373692185   6.174838304    0.0480756095   6.2724         7.78907        0.22568        9.46586        3.98026        0.53437        10.21152       2.86026        0.452          
336      NO_ID      1.165966218    0.2448141571   0.5297092815   5.887203059    0.08171626503  3.26087        2.65817        0.34839        5.50296        2.05378        0.65904        6.69065        1.83344        0.74118        
337      NO_ID      0.9172997375   0.2427944808   0.7206890826   9.924894178    0.2738433107   2.42803        1.82434        0.40996        3.70959        1.62558        0.59441        5.23756        1.49023        0.71326        
338      NO_ID      1.373541645    0.1613220488   0.6284361066   9.294401647    0.09656233827  5.11135        5.00645        0.28218        7.31452        4.14403        0.4016         9.65636        3.37632        0.54289        
339      NO_ID      0.8120965107   0.1659819676   0.5480652488   9.04887116     0.05882636654  4.90094        5.36012        0.25352        7.39863        4.19558        0.40619        8.54779        3.64679        0.43687        
340      NO_ID      1.563594094    0.1683349827   0.9216878286   4.302145975    0.2692233399   4.20461        3.55177        0.32442        6.14844        2.92552        0.47522        7.89324        2.65883        0.52495        
341      NO_ID      1.155269623    0.2399889556   0.6790305398   2.070959359    0.2203574178   3.1362         2.44399        0.3834         5.08753        1.99941        0.63059        6.07252        1.94746        0.59619        
342      NO_ID      1.503227674    0.2489397983   0.9692644122   5.222147562    0.2989426042   2.46162        1.99632        0.35073        3.69928        1.64107        0.53832        4.9982         1.49246        0.61395        
343      NO_ID      1.410610481    0.1556392747   0.3677567895   6.440672269    0.03282059362  8.28893        5.10575        0.45731        9.02643        2.81819        0.61259        10.44944       1.69002        0.57106        
344      NO_ID      1.42949237     0.1625158306   0.5860323735   3.0979129      0.1551920501   5.96919        4.89721        0.34359        8.72567        3.88997        0.52455        11.41215       3.3231         0.65748        
345      NO_ID      1.529595653    0.1916577181   0.6860101473   5.3274655      0.2626836209   4.3573         2.99041        0.40854        7.20165        2.44552        0.70232        9.15679        2.2369         0.74619        
346      NO_ID      1.247617862    0.1697831059   0.6495734285   9.831883211    0.1773765133   4.851          3.5221         0.38937        6.90512        3.0591         0.507          9.78337        2.75814        0.61453        
347      NO_ID      1.226989294    0.1316055638   0.1862382768   4.897598552    0.2359037998   12.55585       4.55453        0.7174         18.44532       4.10222        0.97045        25             3.8195         1.07575        
348      NO_ID      1.556202485    0.2471531576   0.8224523399   3.265965556    0.1161475501   2.57048        2.39858        0.3026         4.38433        1.70034        0.59816        4.93107        1.57404        0.6459         
349      NO_ID      1.381548999    0.2208430179   0.7667740824   8.01038462     0.21312751     3.18327        2.50097        0.36375        4.75947        2.1151         0.51323        6.91964        1.86903        0.65517        
350      NO_ID      0.8451242359   0.1273147114   0.1287243745   4.428124898    0.2780869814   8.83648        4.03619        0.54059        12.61261       3.6417         0.69227        16.78657       3.44726        0.7719         
351      NO_ID      0.9025570531   0.1776855585   0.8576022204   2.511816207    0.1616120112   3.64992        4.15826        0.25893        4.91746        3.66034        0.33179        6.98198        2.88284        0.43592        
352      NO_ID      1.442692308    0.2324719704   0.8444936506   9.613201248    0.05492391567  2.82639        2.56591        0.30633        4.08612        2.01054        0.47809        4.27035        2.06673        0.42336        
353      NO_ID      0.8767335964   0.2026459271   0.290425664    5.424052959    0.2279213587   5.01253        3.34285        0.45398        7.85634        2.994          0.64751        11.42276       2.79632        0.77262        
354      NO_ID      1.299592341    0.1425791303   0.4575894663   5.660491789    0.2057992934   8.03213        4.66372        0.4841         12.78539       3.88905        0.77032        17.55051       3.47439        0.92491        
355      NO_ID      1.463140009    0.1313004906   0.6038305379   7.567812505    0.2007869114   7.1465         4.37746        0.44766        10.75269       3.81938        0.60273        13.81514       3.47689        0.69147        
356      NO_ID      1.120895925    0.1532290621   0.7613607048   3.77942342     0.09847887948  5.12679        5.38881        0.26401        6.61451        4.13251        0.38839        8.15789        2.99944        0.45592        
357      NO_ID      1.043166828    0.1405745028   0.3794736609   7.370934002    0.1854316702   8.20152        4.58177        0.50276        12.34568       4.06615        0.71519        17.22637       3.67432        0.86467        
358      NO_ID      1.533596151    0.1934074225   0.5521608133   2.106656999    0.04697322554  4.10393        2.22503        0.47622        4.59656        1.25195        0.62733        5.10018        0.87687        0.37132        
359      NO_ID      1.075492369    0.1291384114   0.2185864713   9.137611613    0.2607382108   7.30308        2.98828        0.65482        10.80247       2.70991        0.89487        14.47917       2.57788        0.97086        
360      NO_ID      1.498534112    0.1571572314   0.7129998241   2.649706753    0.1663112158   5.3708         5.06443        0.29296        7.95133        3.91646        0.48367        10.13858       3.33827        0.55116        
361      NO_ID      1.483264936    0.2249780562   0.1976681325   8.195963857    0.1013593591   6.88725        3.33648        0.59701        10.73903       2.92874        0.90385        15.10753       2.68202        1.12287        
362      NO_ID      0.8204411522   0.2279841181   0.6170312826   7.868367857    0.2889213902   2.80955        2.06324        0.41505        4.23857        1.85572        0.57658        5.99829        1.72978        0.69448        
363      NO_ID      1.284466392    0.190048493    0.78045731     7.74878881     0.1487327871   3.69783        3.61498        0.2805         5.36464        2.95746        0.41163        7.33753        2.65811        0.475          
364      NO_ID      1.395059663    0.2147335861   0.2278185694   6.011176231    0.1324804765   6.85131        3.58417        0.55704        10.47297       3.0943         0.83471        15.98174       2.73952        1.16108        
365      NO_ID      1.276664807    0.1802389434   0.7404392839   7.226984922    0.1048291058   3.85675        4.24959        0.24834        6.13228        3.28084        0.42527        7.56348        2.91118        0.50799        
366      NO_ID      1.116223126    0.2237822757   0.4224286664   3.440408518    0.02048091099  2.98492        1.77013        0.41721        3.47999        0.93025        0.50796        3.5542         1.01843        0.2732         
367      NO_ID      1.185542041    0.1723603631   0.8975394234   8.800761749    0.05579302606  3.71846        4.3922         0.23032        5.20253        3.32008        0.37633        5.83333        2.68972        0.38449        
368      NO_ID      1.136843017    0.2418114044   0.9596589279   2.975057341    0.249263197    2.54037        2.34203        0.3161         3.90516        1.78751        0.53283        5.19095        1.73948        0.55159        
369      NO_ID      0.9215433045   0.197771578    0.3004725332   4.622672066    0.1516000428   5.44574        4.1565         0.38615        8.93766        3.62415        0.61684        12.62354       3.25125        0.80562        
370      NO_ID      1.210817907    0.2351291487   0.4008784636   4.54916639     0.1142317625   4.21922        2.91549        0.41932        6.97559        2.38246        0.73001        9.30388        2.1357         0.88427        
371      NO_ID      1.173414766    0.1365272425   0.3851866587   8.291833323    0.1915046289   8.54859        4.29525        0.55273        12.99907       3.80903        0.79236        17.61364       3.49259        0.92076        
372      NO_ID      1.574476774    0.1476489115   0.50367147     3.376260242    0.2916587858   7.93379        4.07173        0.55621        12.20779       3.46086        0.85194        17.54386       3.03438        1.02725        
373      NO_ID      0.8974536584   0.2133325032   0.917201987    7.914313213    0.1313844536   2.53485        3.18481        0.22198        3.70077        2.62494        0.3357         5.14243        2.30717        0.41977        
374      NO_ID      1.340397942    0.1464620702   0.5806637833   4.075180589    0.0835655306   6.24161        6.23492        0.27868        8.46945        4.55325        0.42272        11.20619       3.07099        0.60681        
375      NO_ID      1.060736837    0.1765376602   0.1350574366   8.998033563    0.2176020478   6.95479        3.01419        0.66637        10.25641       2.74162        0.88295        13.88889       2.58902        0.95704        
376      NO_ID      1.059248084    0.1952562677   0.9916435718   4.15543136     0.2420556365   3.07625        3.25393        0.26495        4.51322        2.69859        0.37177        6.25559        2.39793        0.45398        
377      NO_ID      1.330282941    0.226242047    0.157217508    4.947228712    0.2805762953   6.59134        2.60931        0.75181        9.78337        2.40922        1.02977        14.1844        2.29275        1.21096        
378      NO_ID      1.329238667    0.1893005838   0.3529026995   7.465877925    0.1832356377   6.31793        3.5237         0.52249        9.91561        3.02481        0.78892        14.14141       2.70662        1.03852        
379      NO_ID      1.007132713    0.209515592    0.8376876732   4.215674125    0.09283386914  2.90349        3.31309        0.24829        4.62046        2.38219        0.46673        5.20833        2.36264        0.442          
380      NO_ID      1.093051114    0.1394443539   0.1471129168   6.57622384     0.2825617842   8.01833        3.09422        0.67945        11.57982       2.79791        0.90688        15.60045       2.66539        0.99082        
381      NO_ID      1.232912822    0.1999057054   0.6686154362   4.784341685    0.2097549227   3.9818         3.29771        0.33708        6.20259        2.7225         0.52507        8.64198        2.4759         0.60682        
382      NO_ID      0.9545595233   0.1749001307   0.653367822    2.267002233    0.2665296093   4.54693        3.93637        0.36081        7.28682        3.29611        0.60126        9.80392        3.22327        0.56441        
383      NO_ID      1.368887203    0.1980980864   0.4744383329   5.997429607    0.04115999806  5.0576         3.59878        0.39394        6.08431        2.66578        0.55242        7.02811        2.00591        0.5352         
384      NO_ID      1.59505597     0.1827761712   0.4124433102   6.728424019    0.06901489123  6.43887        4.31357        0.41243        10.09339       3.20776        0.74573        11.46601       2.70702        0.73468        
385      NO_ID      1.311572347    0.1436904895   0.2735282119   2.315900251    0.2548262273   10.53424       5.56025        0.5819         17.87532       4.78884        0.9273         25.40984       4.28377        1.11501        
386      NO_ID      1.206760035    0.170550258    0.4866168316   8.712742375    0.1104573654   5.74006        4.6082         0.34185        8.77525        3.86106        0.51904        12.60163       3.11149        0.75937        
387      NO_ID      1.476052106    0.1847124485   0.4363355874   5.7913823      0.02593083819  5.47731        3.14771        0.47425        5.40123        2.06462        0.5093         5.92498        1.51957        0.35938        
388      NO_ID      1.456955063    0.2171541333   0.8831085143   8.660414948    0.02934718782  2.71003        2.62955        0.28658        3.24977        1.8133         0.41227        3.28655        1.6392         0.30607        
389      NO_ID      1.545564001    0.1506194664   0.4671287376   5.539354145    0.1719068976   7.8203         5.00386        0.42883        11.43791       4.18137        0.63664        15.39735       3.63744        0.72633        
390      NO_ID      1.400944781    0.1341608573   0.260468725    6.616575104    0.2034578132   11.90476       4.5379         0.71591        17.67677       4.04582        0.99866        24.47368       3.72663        1.13892        
391      NO_ID      0.9936278792   0.1787039494   0.8026218928   3.565966394    0.1779731725   4.19287        4.01561        0.293          6.06452        3.32704        0.42831        7.57821        3.20361        0.4356         
392      NO_ID      1.262486899    0.2125246374   0.9341124885   8.440286552    0.2463533062   2.94985        2.2921         0.35876        4.4915         1.9806         0.5152         5.70012        1.81909        0.54336        
393      NO_ID      0.978735071    0.2074316887   0.178211139    5.129558598    0.2318287523   6.03708        3.29988        0.57245        9.3147         3.01864        0.79037        12.97852       2.84916        0.84643        
394      NO_ID      1.43177765     0.1597848463   0.2049576778   8.322012324    0.2391195418   8.97436        3.06108        0.8227         13.43931       2.75782        1.11021        18.44532       2.59421        1.25265        
395      NO_ID      0.9855114097   0.1357588087   0.5223855544   6.835477427    0.2537406412   6.34058        3.54502        0.49814        9.67631        3.20066        0.70984        13.37154       3              0.79043        
396      NO_ID      0.8666618379   0.2456500187   0.5112195015   8.597938434    0.128410536    2.83516        2.70719        0.30246        4.46032        2.26995        0.48403        6.54008        2.05407        0.6515         
397      NO_ID      0.8349432957   0.2191020904   0.9001069454   6.398751007    0.1418804616   2.55149        2.99785        0.24163        3.89774        2.44167        0.37863        4.93107        2.30648        0.41354        
398      NO_ID      0.9695747117   0.2298960109   0.2521687487   3.169368447    0.03911671388  4.46999        3.22471        0.40228        5.88483        1.93865        0.66863        6.5493         1.90275        0.50008        
399      NO_ID      1.194554266    0.2317411866   0.7962276039   9.500729213    0.2962789906   2.71476        1.78821        0.44835        4.19675        1.57639        0.67512        5.91466        1.42224        0.82803        
400      NO_ID      1.251448968    0.1452817566   0.2429557818   5.064987166    0.1684009538   11.32686       5.71904        0.56327        17.74809       4.90698        0.83973        26.17702       4.31882        1.11528        
401      NO_ID      1.581441828    0.204149407    0.1619928194   2.589773703    0.2263091128   8.3632         3.6925         0.76656        14.43024       3.38376        1.17357        21.60494       3.21264        1.37335        
402      NO_ID      0.9454540357   0.1585676346   0.5621456432   8.164957326    0.1452824637   5.29101        4.68796        0.31818        8.20152        3.94674        0.50223        11.49711       3.44988        0.65238        
403      NO_ID      0.804710678    0.1210030169   0.8248026092   4.582433139    0.1190173599   5.70497        7.64412        0.2068         8.08696        6.02121        0.30475        10.53424       4.84838        0.36137        
404      NO_ID      1.30097305     0.1264632656   0.9795502826   6.174840772    0.1969004918   4.99109        5.02766        0.26853        7.17949        4.27145        0.37221        9.3254         3.7599         0.40587        
405      NO_ID      1.017380328    0.2078031839   0.8314522463   5.115766976    0.06746936621  3.00107        3.33364        0.25629        4.54398        2.37302        0.47834        4.7546         2.13447        0.40462        
406      NO_ID      1.027605419    0.2199213489   0.8863755178   5.634068848    0.07486586367  2.56269        3.0414         0.23752        4.2739         2.17778        0.46304        4.68697        2.02115        0.44272        
407      NO_ID      1.357413572    0.2374375461   0.4470041516   2.273070813    0.1595683082   4.23857        2.66253        0.48524        6.49836        2.2394         0.74071        8.31843        1.94994        0.83387        
408      NO_ID      0.8808878101   0.1861076409   0.7833177991   9.29716243     0.07719979174  3.37919        4.14784        0.2262         5.20253        3.19321        0.38551        6.47249        2.88781        0.42377        
409      NO_ID      1.101332427    0.1872615247   0.4855259888   6.086411967    0.135773638    5.06146        4.10134        0.35001        7.89174        3.32399        0.57734        10.67887       2.99291        0.68584        
410      NO_ID      1.519629232    0.1222611904   0.1351946021   9.620493977    0.06271869639  20.96531       8.79987        0.63971        32.15962       7.13911        0.96439        42.81346       5.58929        1.19462        
411      NO_ID      1.141766034    0.1521840128   0.2939100351   8.888012479    0.03698837841  8.99676        6.40296        0.39364        11.63757       4.74414        0.54907        15.15152       2.94903        0.72561        
412      NO_ID      1.039940672    0.2367436666   0.7269245973   7.435910753    0.1911951424   2.77943        2.49756        0.31813        4.32499        2.08416        0.50609        5.89483        1.84085        0.61899        
413      NO_ID      1.085289361    0.1644938668   0.3635380532   4.999129572    0.1220008238   7.39567        5.31476        0.39741        11.35442       4.36373        0.64286        15.14658       3.96394        0.70449        
414      NO_ID      0.934241159    0.2055801819   0.9567088169   6.381703536    0.08741788306  2.66362        3.39815        0.21741        3.87919        2.6845         0.35803        4.63056        2.51986        0.359          
415      NO_ID      0.855280052    0.1241371126   0.7513864137   2.827478051    0.0480756095   5.23277        5.07354        0.28895        6.03708        2.28844        0.4253         7.00301        1.70166        0.23004        
416      NO_ID      1.165966218    0.2448141571   0.5545602508   8.584135377    0.08171626503  3.05011        2.64825        0.32613        4.7138         2.15061        0.5289         6.40146        1.93224        0.64597        
417      NO_ID      0.9172997375   0.2427944808   0.3797538426   3.199544317    0.2738433107   3.21617        2.53025        0.42926        5.62249        2.36398        0.62373        8.15789        2.1782         0.77128        
418      NO_ID      1.373541645    0.1613220488   0.7000998383   6.708157104    0.09656233827  4.75221        5.13861        0.25434        6.83698        4.07252        0.39077        8.70927        3.4746         0.47126        
419      NO_ID      0.8120965107   0.1659819676   0.2361528636   4.817003354    0.05882636654  7.81686        6.08457        0.36902        11.73768       4.92277        0.57913        15.45254       3.91443        0.65537        
420      NO_ID      1.563594094    0.1683349827   0.507862733    5.489557033    0.2692233399   6.53185        3.23891        0.57143        10.07246       2.75101        0.87534        14.13374       2.45725        1.12731        
421      NO_ID      1.155269623    0.2399889556   0.7986616251   9.59978124     0.2203574178   2.61731        2.12054        0.35832        4.05797        1.81255        0.54656        5.58894        1.57113        0.69761        
422      NO_ID      1.503227674    0.2489397983   0.5818789621   2.127664155    0.2989426042   3.07422        2.03447        0.51502        5.76285        1.83807        0.79399        7.95262        1.68436        0.93206        
423      NO_ID      1.410610481    0.1556392747   0.6460951281   5.570743151    0.03282059362  5.08906        4.36041        0.31558        5.51615        2.12578        0.45748        6.20828        1.53643        0.35625        
424      NO_ID      1.42949237     0.1625158306   0.7317168365   9.824057031    0.1551920501   4.8011         4.01575        0.32267        6.76399        3.46418        0.43927        8.90805        3.06508        0.49141        
425      NO_ID      1.529595653    0.1916577181   0.7706826478   8.615374021    0.2626836209   3.90929        2.39873        0.47275        5.88608        2.1117         0.63841        8.08781        1.83916        0.79383        
426      NO_ID      1.247617862    0.1697831059   0.3069651212   6.615803366    0.1773765133   7.9096         4.20746        0.53413        12.22222       3.68778        0.81074        17.34568       3.31972        0.99237        
427      NO_ID      1.226989294    0.1316055638   0.2197541919   3.805773149    0.2359037998   12.81337       5.22619        0.66441        19.71631       4.63983        0.94896        26.68593       4.24364        1.08946        
428      NO_ID      1.556202485    0.2471531576   0.1283175971   4.454076084    0.1161475501   7.02811        3.04484        0.70758        11.46362       2.75316        1.0945         17.03297       2.58407        1.36232        
429      NO_ID      1.381548999    0.2208430179   0.2851292162   2.914631622    0.21312751     5.65657        3.04263        0.60458        9.2556         2.75359        0.88444        13.72549       2.54556        1.11562        
430      NO_ID      0.8451242359   0.1273147114   0.3907444093   9.981954208    0.2780869814   5.06696        2.71363        0.51927        7.47588        2.44353        0.70145        10.21978       2.30616        0.76307        
431      NO_ID      0.9025570531   0.1776855585   0.2655581644   6.930768373    0.1616120112   6.68577        4.32736        0.45187        10.39347       3.87778        0.63672        14.53125       3.59813        0.7855         
432      NO_ID      1.442692308    0.2324719704   0.9915084728   5.269197751    0.05492391567  2.57685        2.41899        0.2962         3.53001        1.6506         0.5065         3.7155         1.56808        0.40223        
433      NO_ID      0.8767335964   0.2026459271   0.9271918577   8.241958276    0.2279213587   2.79783        2.67481        0.30406        4.23472        2.29957        0.45635        5.81879        2.05101        0.53954        
434      NO_ID      1.299592341    0.1425791303   0.2050927565   7.509488133    0.2057992934   10.92896       4.00284        0.7502         16.43192       3.64662        1.01041        22.57282       3.41011        1.14166        
435      NO_ID      1.463140009    0.1313004906   0.4030957663   7.272715207    0.2007869114   9.70772        4.44048        0.6066         14.66245       3.8852         0.87984        18.6           3.59419        0.91829        
436      NO_ID      1.120895925    0.1532290621   0.5347472667   6.229087245    0.09847887948  6.18102        5.73035        0.29866        8.95713        4.72735        0.4337         11.90476       4.03808        0.51003        
437      NO_ID      1.043166828    0.1405745028   0.9005212625   3.749181555    0.1854316702   4.8011         5.4768         0.2442         7.11009        4.46429        0.36817        9.36027        3.97069        0.41801        
438      NO_ID      1.533596151    0.1934074225   0.6937222785   9.715964716    0.04697322554  4.04782        3.66164        0.306          5.59552        2.73075        0.49205        6.14035        2.47794        0.45475        
439      NO_ID      1.075492369    0.1291384114   0.8186365967   2.783524631    0.2607382108   5.80339        5.35515        0.31441        8.93997        4.45404        0.45766        11.59601       3.95345        0.47961        
440      NO_ID      1.498534112    0.1571572314   0.7868787192   5.734000593    0.1663112158   4.79124        4.66777        0.27935        7.13558        3.82497        0.41561        9.17826        3.27877        0.50889        
441      NO_ID      1.483264936    0.2249780562   0.5224225057   5.969674999    0.1013593591   4.34918        2.86945        0.42551        6.23886        2.42132        0.60905        7.64576        2.22141        0.70386        
442      NO_ID      0.8204411522   0.2279841181   0.2273706894   7.391986042    0.2889213902   3.58148        2.10629        0.52519        5.41377        1.93035        0.69894        7.44285        1.84884        0.74884        
443      NO_ID      1.284466392    0.190048493    0.6074396092   3.607013251    0.1487327871   4.48718        3.92085        0.32587        7.08841        3.1091         0.5315         9.08497        2.73448        0.62163        
444      NO_ID      1.395059663    0.2147335861   0.5931831878   2.020937335    0.1324804765   4.20042        2.96313        0.414          5.80339        2.26772        0.67749        6.51261        1.8549         0.60816        
445      NO_ID      1.276664807    0.1802389434   0.4181771343   5.026034507    0.1048291058   6.28084        4.53005        0.38885        9.78723        3.48157        0.68081        11.90476       3.37196        0.67115        
446      NO_ID      1.116223126    0.2237822757   0.2556385433   4.008287101    0.02048091099  4.22323        2.68745        0.43228        4.57068        1.58583        0.55497        4.85386        1.44552        0.37374        
447      NO_ID      1.185542041    0.1723603631   0.6799229516   7.156098627    0.05579302606  4.57516        4.46429        0.28252        6.56353        3.36502        0.4616         7.39567        2.65625        0.48038        
448      NO_ID      1.136843017    0.2418114044   0.6616676073   6.869496344    0.249263197    2.97809        2.22098        0.38635        4.57965        1.89058        0.58934        6.76329        1.66865        0.80625        
449      NO_ID      0.9215433045   0.197771578    0.1999262293   7.740589898    0.1516000428   6.20567        3.84154        0.48123        9.95025        3.47682        0.69686        13.87226       3.26972        0.80297        
450      NO_ID      1.210817907    0.2351291487   0.8699334947   8.97037397     0.1142317625   2.34153        2.68744        0.24238        3.83457        2.09213        0.41721        4.70389        1.9277         0.46858        
451      NO_ID      1.173414766    0.1365272425   0.4996955662   9.362340361    0.1915046289   7.09596        4.06716        0.49387        10.85271       3.57806        0.70609        14.22018       3.37979        0.74338        
452      NO_ID      1.574476774    0.1476489115   0.9516818641   3.065222312    0.2916587858   4.70905        4.1354         0.31969        7.10299        3.43302        0.45698        9.25184        3.08214        0.51073        
453      NO_ID      0.8974536584   0.2133325032   0.4139059291   7.953846369    0.1313844536   4.17786        3.42512        0.35366        6.53503        2.91373        0.54344        9.34797        2.57577        0.73858        
454      NO_ID      1.340397942    0.1464620702   0.8910513619   3.295644951    0.0835655306   4.57357        5.51324        0.22953        6.14267        3.61666        0.40389        6.98198        2.4577         0.42838        
455      NO_ID      1.060736837    0.1765376602   0.8613801914   3.554713075    0.2176020478   4.06824        3.90578        0.29111        6.1082         3.1711         0.45175        8.03109        2.92518        0.49121        
456      NO_ID      1.059248084    0.1952562677   0.9407191439   4.295970719    0.2420556365   3.17945        3.19926        0.28749        4.81596        2.68023        0.4235         6.34921        2.40416        0.47579        
457      NO_ID      1.330282941    0.226242047    0.5998986763   8.330996163    0.2805762953   3.56234        2.03661        0.51918        5.33409        1.76906        0.74519        7.63775        1.6229         0.97394        
458      NO_ID      1.329238667    0.1893005838   0.1820735455   4.683746243    0.1832356377   8.92288        4.14327        0.6298         14.06406       3.77352        0.90932        19.84463       3.48629        1.11813        
459      NO_ID      1.007132713    0.209515592    0.3156003429   8.031381911    0.09283386914  5.04505        3.80438        0.37886        7.97842        3.2322         0.60801        11.31387       2.88098        0.77485        
460      NO_ID      1.093051114    0.1394443539   0.3364198837   8.749666495    0.2825617842   6.36856        2.6921         0.65087        9.37082        2.45455        0.88023        12.73973       2.33314        0.96031        
461      NO_ID      1.232912822    0.1999057054   0.9682245059   3.912965838    0.2097549227   2.91667        3.35672        0.24245        4.67865        2.59891        0.41583        6.0705         2.47649        0.44505        
462      NO_ID      0.9545595233   0.1749001307   0.2707243819   7.813946713    0.2665296093   5.41958        2.69167        0.57921        8.17223        2.46084        0.79185        11.15108       2.33852        0.86632        
463      NO_ID      1.368887203    0.1980980864   0.1508564861   7.084141962    0.04115999806  8.50091        4.71161        0.51154        13.19249       3.9702         0.79451        16.37427       3.38349        0.87862        
464      NO_ID      1.59505597     0.1827761712   0.710610381    3.335572909    0.06901489123  4.46999        3.55998        0.35534        5.19553        2.66203        0.46434        5.64972        1.84661        0.42549        
465      NO_ID      1.311572347    0.1436904895   0.3528432645   2.64789783     0.2548262273   9.30693        5.20186        0.54244        15.04329       4.41112        0.87899        21.92982       3.88095        1.06235        
466      NO_ID      1.206760035    0.170550258    0.6269165723   2.325174151    0.1104573654   5.49065        4.35114        0.35965        7.42521        2.84343        0.60299        7.90816        2.33143        0.49819        
467      NO_ID      1.476052106    0.1847124485   0.4655405961   6.47410824     0.02593083819  5.27307        3.18143        0.45631        5.21657        2.27648        0.48239        5.89099        1.50552        0.39285        
468      NO_ID      1.456955063    0.2171541333   0.4810168813   9.167888304    0.02934718782  4.46686        3.01052        0.42238        5.03076        2.29121        0.52128        5.27307        2.12069        0.42633        
469      NO_ID      1.545564001    0.1506194664   0.6347386174   6.584772195    0.1719068976   5.99059        4.70971        0.34958        8.75547        3.87039        0.51144        11.77215       3.35904        0.58251        
470      NO_ID      1.400944781    0.1341608573   0.1179401809   3.443552055    0.2034578132   17.94381       6.15322        0.80297        27.13178       5.46346        1.08528        36.93333       4.9263         1.24599        
471      NO_ID      0.9936278792   0.1787039494   0.1102318923   8.487721204    0.1779731725   7.95003        3.63095        0.62992        11.73768       3.28929        0.82526        16.14764       3.10406        0.90242        
472      NO_ID      1.262486899    0.2125246374   0.4317328637   9.436770298    0.2463533062   4.43178        2.24502        0.59284        6.75413        2.03421        0.82681        9.66184        1.88644        1.00514        
473      NO_ID      0.978735071    0.2074316887   0.6725069303   5.347066598    0.2318287523   3.4774         3.06111        0.3324         5.50931        2.5562         0.52982        8.15851        2.22949        0.73239        
474      NO_ID      1.43177765     0.1597848463   0.7619382029   7.672668975    0.2391195418   4.86911        3.18347        0.42205        6.97559        2.76439        0.59791        9.5092         2.45736        0.68177        
475      NO_ID      0.9855114097   0.1357588087   0.9196881173   4.799828312    0.2537406412   4.84597        4.27516        0.31713        7.11382        3.64101        0.44222        9.37922        3.32107        0.4751         
476      NO_ID      0.8666618379   0.2456500187   0.453490484    9.079896432    0.128410536    3.02834        2.72976        0.32094        4.75465        2.34171        0.51086        6.74374        2.11838        0.66385        
477      NO_ID      0.8349432957   0.2191020904   0.175765844    4.186005346    0.1418804616   4.64072        3.74234        0.40862        8.4854         3.52882        0.60278        12.13299       3.26689        0.75734        
478      NO_ID      0.9695747117   0.2298960109   0.8501193241   5.806467319    0.03911671388  2.39439        2.66136        0.25676        3.60918        1.2972         0.58216        3.45725        1.3292         0.37595        
479      NO_ID      1.194554266    0.2317411866   0.5460547591   4.32183979     0.2962789906   3.53268        2.31089        0.48961        5.88608        2.1108         0.69814        8.53211        1.89822        0.91463        
480      NO_ID      1.251448968    0.1452817566   0.3286431335   2.465112277    0.1684009538   9.85011        6.37363        0.45498        16.25296       4.84414        0.82124        21.52778       4.41162        0.85838        
481      NO_ID      1.581441828    0.204149407    0.1619928194   7.649390262    0.03037829852  8.53284        4.22597        0.57085        11.39706       3.68145        0.73653        13.87226       2.73188        0.84134        
482      NO_ID      0.9454540357   0.1585676346   0.5621456432   6.943508204    0.1083101136   5.5754         5.35035        0.2897         7.93515        4.4941         0.41026        11.16427       3.56077        0.56494        
483      NO_ID      0.804710678    0.1210030169   0.8248026092   2.893945788    0.2132783171   5.9448         6.55148        0.26001        8.86591        5.47708        0.36992        11.93521       4.53808        0.46871        
484      NO_ID      1.30097305     0.1264632656   0.9795502826   9.744500079    0.2318087453   4.79359        3.41714        0.37064        6.81265        3.01411        0.48548        9.04393        2.78288        0.55672        
485      NO_ID      1.017380328    0.2078031839   0.8314522463   7.012433524    0.138278168    2.97809        3.26383        0.2535         4.44022        2.69809        0.38243        6.73913        2.18085        0.58397        
486      NO_ID      1.027605419    0.2199213489   0.8863755178   7.172314916    0.1160525569   2.5198         3.04834        0.2301         3.72737        2.48603        0.35265        5.21415        2.1303         0.49256        
487      NO_ID      1.357413572    0.2374375461   0.4470041516   3.914895631    0.1633785267   3.91828        2.74374        0.42158        6.88889        2.19754        0.7824         9.26667        2.09866        0.87973        
488      NO_ID      0.8808878101   0.1861076409   0.7833177991   3.848946213    0.2292396514   3.70665        3.68183        0.28604        5.64904        3.13282        0.42894        7.88136        2.74112        0.53549        
489      NO_ID      1.101332427    0.1872615247   0.4855259888   3.673380767    0.1312383439   5.50964        4.09451        0.39029        8.11594        3.37178        0.58209        10.49661       3.08036        0.6279         
490      NO_ID      1.519629232    0.1222611904   0.1351946021   6.289969057    0.05233452704  21.52778       9.30711        0.639          31.31991       6.84762        0.99798        40.37356       4.43376        1.23932        
491      NO_ID      1.141766034    0.1521840128   0.2939100351   9.446666616    0.1870205293   8.18662        3.82752        0.6041         12.5448        3.46467        0.8472         17.28395       3.20308        0.95929        
492      NO_ID      1.039940672    0.2367436666   0.7269245973   9.381093661    0.06094182983  2.72745        2.67263        0.28696        4.38763        1.99368        0.53279        5.10576        1.94614        0.54594        
493      NO_ID      1.085289361    0.1644938668   0.3635380532   2.729064243    0.2624184957   7.23173        4.41188        0.48811        11.63757       3.95034        0.72762        16.787         3.55858        0.91451        
494      NO_ID      0.934241159    0.2055801819   0.9567088169   2.443803484    0.2736762041   2.95784        3.0438         0.28512        4.20054        2.55028        0.4026         6.21394        2.31193        0.48501        
495      NO_ID      0.855280052    0.1241371126   0.7513864137   6.174838304    0.2786526978   5.26118        3.50446        0.40266        8.04598        3.1396         0.59168        10.60606       2.93732        0.63795        
496      NO_ID      1.165966218    0.2448141571   0.5545602508   5.887203059    0.07675582314  3.17514        2.64748        0.34242        5.2306         2.02648        0.63432        6.01375        1.95969        0.61304        
497      NO_ID      0.9172997375   0.2427944808   0.3797538426   9.924894178    0.2474228334   3.26112        1.99222        0.51317        4.93827        1.82215        0.71069        6.90335        1.72848        0.79961        
498      NO_ID      1.373541645    0.1613220488   0.7000998383   9.294401647    0.2837637932   4.63797        2.42946        0.54112        7.07071        2.09612        0.80949        9.61145        1.92566        0.97272        
499      NO_ID      0.8120965107   0.1659819676   0.2361528636   9.04887116     0.1509277095   7.00301        4.35714        0.46617        10.7197        3.93424        0.63914        14.67505       3.68451        0.69841        
500      NO_ID      1.563594094    0.1683349827   0.507862733    4.302145975    0.2207486099   6.63822        4.10892        0.45544        10.41667       3.37059        0.70484        13.27603       3.05255        0.76712        
501      NO_ID      1.155269623    0.2399889556   0.7986616251   2.070959359    0.07574974596  2.50896        2.04949        0.36949        3.298          1.2051         0.61234        3.41691        1.12091        0.36098        
502      NO_ID      1.503227674    0.2489397983   0.5818789621   5.222147562    0.2091947454   3.43896        2.30999        0.42555        5.42636        1.88755        0.68383        7.38095        1.6977         0.85591        
503      NO_ID      1.410610481    0.1556392747   0.6460951281   6.440672269    0.2925942263   5.53571        2.87986        0.5262         8.31848        2.54671        0.75539        11.59601       2.2659         0.98243        
504      NO_ID      1.42949237     0.1625158306   0.7317168365   3.0979129      0.2975714455   5.20253        3.86693        0.40379        8.01724        3.15005        0.60858        10.59226       2.8405         0.65765        
505      NO_ID      1.529595653    0.1916577181   0.7706826478   5.3274655      0.143833251    3.74231        3.70021        0.28279        5.71253        2.97699        0.44695        7.88288        2.42171        0.61095        
506      NO_ID      1.247617862    0.1697831059   0.3069651212   9.831883211    0.05791790759  7.66284        5.36095        0.39552        11.50696       4.3785         0.61365        14.62905       3.63225        0.74615        
507      NO_ID      1.226989294    0.1316055638   0.2197541919   4.897598552    0.2493070001   11.67086       4.28841        0.72135        17.28625       3.88095        0.97017        23.36683       3.60893        1.08927        
508      NO_ID      1.556202485    0.2471531576   0.1283175971   3.265965556    0.04268873963  6.96517        2.95588        0.67744        9.64187        2.33542        1.00051        11.11111       1.98565        0.96935        
509      NO_ID      1.381548999    0.2208430179   0.2851292162   8.01038462     0.1049775311   5.68413        3.32269        0.49027        9.06149        2.77651        0.80082        12.62489       2.48059        1.01553        
510      NO_ID      0.8451242359   0.1273147114   0.3907444093   4.428124898    0.09810128548  9.09682        8.0708         0.32115        14.32212       6.14384        0.53938        19.04762       4.518          0.67424        
511      NO_ID      0.9025570531   0.1776855585   0.2655581644   2.511816207    0.1752008285   6.7535         5.05858        0.40432        10.73059       4.29385        0.68534        16.31702       3.95968        0.79099        
512      NO_ID      1.442692308    0.2324719704   0.9915084728   9.613201248    0.03087072604  2.4055         2.38012        0.2862         2.72745        1.86759        0.36896        2.87888        1.94128        0.29245        
513      NO_ID      0.8767335964   0.2026459271   0.9271918577   5.424052959    0.2375469185   2.92032        2.9916         0.27668        4.50145        2.50138        0.43675        6.30631        2.33444        0.4903         
514      NO_ID      1.299592341    0.1425791303   0.2050927565   5.660491789    0.1487123874   12.96296       6.04571        0.59826        19.58333       5.17264        0.8827         28.45528       4.5855         1.13686        
515      NO_ID      1.463140009    0.1313004906   0.4030957663   7.567812505    0.140871572    9.68188        5.9106         0.44781        14.67505       4.92835        0.69183        18.6747        4.28714        0.77118        
516      NO_ID      1.120895925    0.1532290621   0.5347472667   3.77942342     0.1253344839   6.46353        5.67897        0.31785        9.375          4.57567        0.47886        13.53565       3.44792        0.6829         
517      NO_ID      1.043166828    0.1405745028   0.9005212625   7.370934002    0.1125078526   4.28528        6.15416        0.19039        6.21132        4.92124        0.28675        8.37838        3.74486        0.40283        
518      NO_ID      1.533596151    0.1934074225   0.6937222785   2.106656999    0.2527596287   4.32156        3.35257        0.39081        6.28931        2.668          0.61232        9.09682        2.56219        0.67612        
519      NO_ID      1.075492369    0.1291384114   0.8186365967   9.137611613    0.1808930021   5.20253        4.4959         0.32419        7.45474        3.92088        0.43858        10.11519       3.618          0.47197        
520      NO_ID      1.498534112    0.1571572314   0.7868787192   2.649706753    0.04900467418  4.51759        3.0934         0.38609        4.81596        1.75976        0.49092        5.01428        1.46772        0.24675        
521      NO_ID      1.483264936    0.2249780562   0.5224225057   8.195963857    0.2421692612   4.21542        2.25462        0.54483        6.31484        1.98287        0.77389        8.87405        1.77177        1.02257        
522      NO_ID      0.8204411522   0.2279841181   0.2273706894   7.868367857    0.02289751982  4.08282        3.64885        0.32334        5.55556        3.12447        0.43542        6.5035         2.86512        0.435          
523      NO_ID      1.284466392    0.190048493    0.6074396092   7.74878881     0.1734898073   4.57677        3.45045        0.37198        6.7345         2.88384        0.54043        9.29615        2.58059        0.64033        
524      NO_ID      1.395059663    0.2147335861   0.5931831878   6.011176231    0.1026087169   3.94402        3.11168        0.3556         6.18921        2.49456        0.58152        7.72018        2.22633        0.67896        
525      NO_ID      1.276664807    0.1802389434   0.4181771343   7.226984922    0.08077076698  5.99059        4.58379        0.36741        8.90805        3.71756        0.58002        11.49425       3.15593        0.67944        
526      NO_ID      1.116223126    0.2237822757   0.2556385433   3.440408518    0.2350729042   4.95736        3.06842        0.53666        7.88288        2.75054        0.83306        11.91088       2.66117        0.93607        
527      NO_ID      1.185542041    0.1723603631   0.6799229516   8.800761749    0.1198880628   4.36954        4.33249        0.27793        6.45459        3.6104         0.40205        8.48485        3.17118        0.48596        
528      NO_ID      1.136843017    0.2418114044   0.6616676073   2.975057341    0.2945603356   2.96485        2.29773        0.39441        4.74737        2.01837        0.57653        6.7731         1.68427        0.86465        
529      NO_ID      0.9215433045   0.197771578    0.1999262293   4.622672066    0.06558934755  6.30936        4.71303        0.38645        10.64073       3.97994        0.66108        14.22764       3.21971        0.82832        
530      NO_ID      1.210817907    0.2351291487   0.8699334947   4.54916639     0.2185995805   2.75652        2.4855         0.31476        4.56778        1.90996        0.55809        5.87986        1.75086        0.63768        
531      NO_ID      1.173414766    0.1365272425   0.4996955662   8.291833323    0.2652591323   6.2724         3.06855        0.58121        9.47981        2.73017        0.81218        12.82051       2.58806        0.88825        
532      NO_ID      1.574476774    0.1476489115   0.9516818641   3.376260242    0.1979419638   4.47546        5.13393        0.24436        6.65716        4.12927        0.364          8.59813        3.52312        0.44012        
533      NO_ID      0.8974536584   0.2133325032   0.4139059291   7.914313213    0.06932246057  4.01314        3.67631        0.31501        6.41026        3.02665        0.53242        8.74214        2.72229        0.64019        
534      NO_ID      1.340397942    0.1464620702   0.8910513619   4.075180589    0.2021592406   4.89168        4.90539        0.27739        6.7443         4.14634        0.37172        9.18635        3.5581         0.45292        
535      NO_ID      1.060736837    0.1765376602   0.8613801914   8.998033563    0.09296906364  3.38409        4.43232        0.2078         5.00715        3.46731        0.33871        6.5493         2.90863        0.44804        
536      NO_ID      1.059248084    0.1952562677   0.9407191439   4.15543136     0.2055773354   3.27234        3.34325        0.2727         4.84375        2.72726        0.41571        6.53595        2.55794        0.46179        
537      NO_ID      1.330282941    0.226242047    0.5998986763   4.947228712    0.289094845    3.63165        2.49708        0.4433         5.86498        2.06926        0.70439        8.75547        1.79106        0.97043        
538      NO_ID      1.329238667    0.1893005838   0.1820735455   7.465877925    0.1237507624   8.87199        4.33654        0.57994        14.09091       3.82445        0.87108        19.69058       3.38836        1.08992        
539      NO_ID      1.007132713    0.209515592    0.3156003429   4.215674125    0.1538079269   5.21415        3.71034        0.40788        8.5003         3.18442        0.67095        12.23684       2.84355        0.86837        
540      NO_ID      1.093051114    0.1394443539   0.3364198837   6.57622384     0.2240664025   8.64312        4.02664        0.592          12.98883       3.64455        0.83938        17.61364       3.3659         0.92165        
541      NO_ID      1.232912822    0.1999057054   0.9682245059   4.784341685    0.1904517912   3.08642        3.28357        0.25991        4.52474        2.65941        0.38248        5.92217        2.35176        0.47941        
542      NO_ID      0.9545595233   0.1749001307   0.2707243819   2.267002233    0.2792179782   6.61001        4.37563        0.50368        10.01431       3.92284        0.75284        16.2037        3.67338        0.87242        
543      NO_ID      1.368887203    0.1980980864   0.1508564861   5.997429607    0.2713098979   7.65027        2.73673        0.80975        11.4532        2.47938        1.10665        15.97463       2.35468        1.2034         
544      NO_ID      1.59505597     0.1827761712   0.710610381    6.728424019    0.1650365095   4.32099        3.79031        0.31276        6.82261        2.98462        0.51968        8.57934        2.73974        0.55725        
545      NO_ID      1.311572347    0.1436904895   0.3528432645   2.315900251    0.03850206445  7.08144        3.33387        0.52001        8.1167         1.51755        0.66058        8.51716        1.02294        0.26716        
546      NO_ID      1.206760035    0.170550258    0.6269165723   8.712742375    0.1989871178   4.99109        3.37187        0.41691        7.38397        2.90454        0.59679        10.30169       2.61525        0.75932        
547      NO_ID      1.476052106    0.1847124485   0.4655405961   5.7913823      0.2557896809   5.82605        3.09138        0.5347         9.1293         2.64348        0.83747        12.47772       2.3481         1.03788        
548      NO_ID      1.456955063    0.2171541333   0.4810168813   8.660414948    0.03644583501  4.5045         3.13077        0.40531        5.46416        2.51174        0.54461        6.21658        2.19984        0.54473        
549      NO_ID      1.545564001    0.1506194664   0.6347386174   5.539354145    0.2609015038   6.12423        3.58009        0.47068        9.36255        3.05027        0.71183        12.11724       2.82068        0.73069        
550      NO_ID      1.400944781    0.1341608573   0.1179401809   6.616575104    0.08591116381  18.97019       7.90124        0.66571        29.375         6.70253        0.97975        39.65517       5.61966        1.16064        
551      NO_ID      0.9936278792   0.1787039494   0.1102318923   3.565966394    0.1568698072   9.72803        5.27625        0.59526        14.81481       4.83104        0.81368        21.25382       4.48875        0.88533        
552      NO_ID      1.262486899    0.2125246374   0.4317328637   8.440286552    0.02455874402  4.54841        3.02772        0.42187        4.94681        2.44212        0.4836         5.26018        1.9883         0.41084        
553      NO_ID      0.978735071    0.2074316887   0.6725069303   5.129558598    0.0469976159   3.48982        3.28516        0.3023         4.90196        1.9195         0.57044        5.03584        1.94779        0.44232        
554      NO_ID      1.43177765     0.1597848463   0.7619382029   8.322012324    0.0650526283   4.63423        5.13039        0.24212        6.89316        3.62068        0.44107        7.71554        3.21957        0.43028        
555      NO_ID      0.9855114097   0.1357588087   0.9196881173   6.835477427    0.1696285956   4.52196        5.19309        0.24097        6.857          4.2476         0.36627        8.87199        3.86589        0.38122        
556      NO_ID      0.8666618379   0.2456500187   0.453490484    8.597938434    0.1349291925   3.01659        2.72344        0.3235         4.81596        2.3183         0.50971        6.76782        2.10369        0.67962        
557      NO_ID      0.8349432957   0.2191020904   0.175765844    6.398751007    0.0960184453   5.25526        3.95388        0.39148        8.42359        3.58398        0.58769        12.22515       3.34774        0.71417        
558      NO_ID      0.9695747117   0.2298960109   0.8501193241   3.169368447    0.1929353197   2.63653        2.73806        0.27433        4.25403        2.16465        0.48947        5.76208        1.9729         0.56767        
559      NO_ID      1.194554266    0.2317411866   0.5460547591   9.500729213    0.08930020064  3.4339         2.86108        0.33708        5.47089        2.29634        0.56388        7.15746        2.04386        0.68646        
560      NO_ID      1.251448968    0.1452817566   0.3286431335   5.064987166    0.1843198468   9.69634        5.24019        0.52827        15.14658       4.50719        0.80216        20.87087       4.01105        0.96645        
